{
	"format_version": "1.12.0",
	"minecraft:geometry": [
		{
			"description": {
				"identifier": "geometry.chatot",
				"texture_width": 64,
				"texture_height": 32,
				"visible_bounds_width": 3,
				"visible_bounds_height": 2.5,
				"visible_bounds_offset": [0, 0.75, 0]
			},
			"bones": [
				{
					"name": "chatot",
					"pivot": [0, 0, 0]
				},
				{
					"name": "body",
					"parent": "chatot",
					"pivot": [0, 0, 0]
				},
				{
					"name": "torso",
					"parent": "body",
					"pivot": [0, 5.5, -0.75],
					"rotation": [-30, 0, 0],
					"cubes": [
						{"origin": [-2.5, 3, -2.15], "size": [5, 5, 4], "uv": [14, 12]},
						{"origin": [-2, 3.5, 1.25], "size": [4, 4, 3], "inflate": 0.01, "uv": [0, 19]}
					]
				},
				{
					"name": "neck",
					"parent": "torso",
					"pivot": [0, 3.1, -2.2],
					"rotation": [35, 0, 0],
					"cubes": [
						{"origin": [-2, 3.025, -2.175], "size": [4, 4, 3], "uv": [0, 12]}
					]
				},
				{
					"name": "neck_fluff",
					"parent": "neck",
					"pivot": [0, 6.8, -1.025],
					"rotation": [10, 0, 0],
					"cubes": [
						{"origin": [-3.75, 6.8, -5.025], "size": [8, 0, 8], "uv": [8, 0]}
					]
				},
				{
					"name": "head",
					"parent": "neck",
					"pivot": [0, 6.6, -1.15],
					"rotation": [-5, 0, 0],
					"cubes": [
						{"origin": [-2, 6.46284, -3.17119], "size": [4, 4, 4], "inflate": 0.01, "uv": [0, 0]}
					]
				},
				{
					"name": "beak",
					"parent": "head",
					"pivot": [0, 9.41284, -2.89619],
					"rotation": [10, 0, 0],
					"cubes": [
						{"origin": [-1, 7.41284, -4.89619], "size": [2, 2, 2], "inflate": 0.01, "uv": [0, 8]},
						{"origin": [-1, 7.01284, -4.89619], "size": [2, 1, 0], "uv": [8, 11]}
					]
				},
				{
					"name": "jaw",
					"parent": "head",
					"pivot": [0, 7.46284, -2.49619],
					"rotation": [-5, 0, 0],
					"cubes": [
						{"origin": [-1, 6.94784, -4.47119], "size": [2, 1, 2], "uv": [8, 8]}
					]
				},
				{
					"name": "eyes",
					"parent": "head",
					"pivot": [0, 7.76284, 2.40381]
				},
				{
					"name": "eye_left",
					"parent": "eyes",
					"pivot": [2.02, 8.46284, -2.17119],
					"cubes": [
						{"origin": [2.02, 7.46284, -2.67119], "size": [0, 2, 1], "uv": [6, 7]}
					]
				},
				{
					"name": "pupil_left",
					"parent": "eye_left",
					"pivot": [2.03, 8.61284, -2.27119],
					"cubes": [
						{"origin": [2.03, 8.11284, -2.77119], "size": [0, 1, 1], "uv": [0, 7]}
					]
				},
				{
					"name": "eyelid_left",
					"parent": "eye_left",
					"pivot": [1.42, 8.46284, -2.17119],
					"cubes": [
						{"origin": [0.93, 7.46284, -2.67119], "size": [1, 2, 1], "inflate": 0.01, "uv": [0, 1]}
					]
				},
				{
					"name": "eye_right",
					"parent": "eyes",
					"pivot": [-2.02, 8.46284, -2.17119],
					"cubes": [
						{"origin": [-2.02, 7.46284, -2.67119], "size": [0, 2, 1], "uv": [8, 7], "mirror": true}
					]
				},
				{
					"name": "pupil_right",
					"parent": "eye_right",
					"pivot": [-2.03, 8.61284, -2.27119],
					"cubes": [
						{"origin": [-2.03, 8.11284, -2.77119], "size": [0, 1, 1], "uv": [0, 8], "mirror": true}
					]
				},
				{
					"name": "eyelid_right",
					"parent": "eye_right",
					"pivot": [-1.42, 8.46284, -2.17119],
					"cubes": [
						{"origin": [-1.93, 7.46284, -2.67119], "size": [1, 2, 1], "inflate": 0.01, "uv": [12, 1], "mirror": true}
					]
				},
				{
					"name": "head_note",
					"parent": "head",
					"pivot": [0, 8.46284, 0.82881],
					"rotation": [-15, 0, 0],
					"cubes": [
						{"origin": [0, 8.46284, -0.17119], "size": [0, 7, 1], "uv": [16, 8]},
						{"origin": [0, 11.46284, 0.82881], "size": [0, 4, 6], "uv": [18, 2]}
					]
				},
				{
					"name": "wings",
					"parent": "torso",
					"pivot": [0, 6.3, -1.25]
				},
				{
					"name": "wing_left",
					"parent": "wings",
					"pivot": [2.5, 6.05, -1.75],
					"cubes": [
						{"origin": [2.5, 6.05, -3.75], "size": [3, 0, 5], "uv": [11, 21], "mirror": true}
					]
				},
				{
					"name": "wing_left2",
					"parent": "wing_left",
					"pivot": [5.5, 6.05, 1.25],
					"cubes": [
						{"origin": [5.5, 6.05, -3.75], "size": [4, 0, 5], "inflate": 0.005, "uv": [17, 21]}
					]
				},
				{
					"name": "wing_left3",
					"parent": "wing_left2",
					"pivot": [9.5, 6.05, -3.75],
					"cubes": [
						{"origin": [9.5, 6.05, -3.75], "size": [5, 0, 5], "inflate": 0.01, "uv": [25, 21]}
					]
				},
				{
					"name": "wing_right",
					"parent": "wings",
					"pivot": [-2.5, 6.05, -1.75],
					"cubes": [
						{"origin": [-5.5, 6.05, -3.75], "size": [3, 0, 5], "uv": [11, 26]}
					]
				},
				{
					"name": "wing_right2",
					"parent": "wing_right",
					"pivot": [-5.5, 6.05, 1.25],
					"cubes": [
						{"origin": [-9.5, 6.05, -3.75], "size": [4, 0, 5], "inflate": 0.005, "uv": [17, 26], "mirror": true}
					]
				},
				{
					"name": "wing_right3",
					"parent": "wing_right2",
					"pivot": [-9.5, 6.05, -3.75],
					"cubes": [
						{"origin": [-14.5, 6.05, -3.75], "size": [5, 0, 5], "inflate": 0.01, "uv": [25, 26], "mirror": true}
					]
				},
				{
					"name": "tail",
					"parent": "torso",
					"pivot": [0, 5, 4.25],
					"rotation": [30, 0, 0],
					"cubes": [
						{"origin": [-0.5, 5, 4.25], "size": [1, 1, 8], "uv": [6, 23]},
						{"origin": [-1, 4.5, 8.75], "size": [2, 2, 2], "uv": [0, 26]}
					]
				},
				{
					"name": "tail_fur",
					"parent": "tail",
					"pivot": [0, 5, 3.25],
					"cubes": [
						{"origin": [0.5, 5, 4.25], "size": [0, 1, 2], "pivot": [0, 5.35, 4.05], "rotation": [0, 5, 0], "uv": [6, 24]},
						{"origin": [-0.5, 5, 4.25], "size": [0, 1, 2], "pivot": [0, 5.35, 4.05], "rotation": [0, -5, 0], "uv": [6, 25], "mirror": true},
						{"origin": [-0.5, 6, 4.25], "size": [1, 0, 2], "pivot": [0, 6.1, 4.05], "rotation": [5, 0, 0], "uv": [-2, 30]},
						{"origin": [-0.5, 4.925, 3.25], "size": [1, 0, 2], "pivot": [0, -6.1, 4.05], "rotation": [-5, 0, 0], "uv": [0, 30]}
					]
				},
				{
					"name": "legs",
					"parent": "body",
					"pivot": [0, 2.5, 0]
				},
				{
					"name": "leg_left",
					"parent": "legs",
					"pivot": [1.5, 3.15, 0],
					"rotation": [-5, 0, 0],
					"cubes": [
						{"origin": [1, 1.9, -0.5], "size": [1, 1, 1], "inflate": 0.01, "uv": [32, 0]}
					]
				},
				{
					"name": "leg_left2",
					"parent": "leg_left",
					"pivot": [1.5, 1.9, 0.5],
					"rotation": [-5, 0, 0],
					"cubes": [
						{"origin": [1, 0.9, -0.5], "size": [1, 1, 1], "uv": [32, 2]}
					]
				},
				{
					"name": "foot_left",
					"parent": "leg_left2",
					"pivot": [1.5, 0.9, -0.5],
					"rotation": [10, 0, 0],
					"cubes": [
						{"origin": [1, -0.1, -1.45], "size": [1, 1, 2], "inflate": 0.01, "uv": [32, 4]}
					]
				},
				{
					"name": "toe_back_left",
					"parent": "foot_left",
					"pivot": [1.5, 0.9, 0.55],
					"cubes": [
						{"origin": [1.5, -0.1, 0.55], "size": [0, 1, 1], "inflate": 0.005, "uv": [38, 3]}
					]
				},
				{
					"name": "claw_back_left",
					"parent": "toe_back_left",
					"pivot": [1.5, 0.9, 1.55],
					"rotation": [-45, 0, 0],
					"cubes": [
						{"origin": [1.5, -0.1, 1.55], "size": [0, 1, 1], "uv": [38, 4]}
					]
				},
				{
					"name": "toe_inner_left",
					"parent": "foot_left",
					"pivot": [1.05, 0.9, -1.25],
					"rotation": [0, 15, 0],
					"cubes": [
						{"origin": [1.05, -0.1, -2.25], "size": [0, 1, 1], "inflate": 0.005, "uv": [36, 1]}
					]
				},
				{
					"name": "claw_inner_left",
					"parent": "toe_inner_left",
					"pivot": [1.05, 0.9, -2.25],
					"rotation": [45, 0, 0],
					"cubes": [
						{"origin": [1.05, -0.1, -3.25], "size": [0, 1, 1], "uv": [36, 0]}
					]
				},
				{
					"name": "toe_center_left",
					"parent": "foot_left",
					"pivot": [1.5, 0.9, -1.45],
					"cubes": [
						{"origin": [1.5, -0.1, -2.45], "size": [0, 1, 1], "inflate": 0.005, "uv": [38, -1]}
					]
				},
				{
					"name": "claw_center_left",
					"parent": "toe_center_left",
					"pivot": [1.5, 0.9, -2.45],
					"rotation": [45, 0, 0],
					"cubes": [
						{"origin": [1.5, -0.1, -3.45], "size": [0, 1, 1], "uv": [38, 0]}
					]
				},
				{
					"name": "toe_outer_left",
					"parent": "foot_left",
					"pivot": [1.95, 0.9, -1.25],
					"rotation": [0, -15, 0],
					"cubes": [
						{"origin": [1.95, -0.1, -2.25], "size": [0, 1, 1], "inflate": 0.005, "uv": [40, -1]}
					]
				},
				{
					"name": "claw_outer_left",
					"parent": "toe_outer_left",
					"pivot": [1.95, 0.9, -2.25],
					"rotation": [45, 0, 0],
					"cubes": [
						{"origin": [1.95, -0.1, -3.25], "size": [0, 1, 1], "uv": [40, 0]}
					]
				},
				{
					"name": "leg_right",
					"parent": "legs",
					"pivot": [-1.5, 3.15, 0],
					"rotation": [-5, 0, 0],
					"cubes": [
						{"origin": [-2, 1.9, -0.5], "size": [1, 1, 1], "inflate": 0.01, "uv": [31, 7], "mirror": true}
					]
				},
				{
					"name": "leg_right2",
					"parent": "leg_right",
					"pivot": [-1.5, 1.9, 0.5],
					"rotation": [-5, 0, 0],
					"cubes": [
						{"origin": [-2, 0.9, -0.5], "size": [1, 1, 1], "uv": [30, 9], "mirror": true}
					]
				},
				{
					"name": "foot_right",
					"parent": "leg_right2",
					"pivot": [-1.5, 0.9, -0.5],
					"rotation": [10, 0, 0],
					"cubes": [
						{"origin": [-2, -0.1, -1.45], "size": [1, 1, 2], "inflate": 0.01, "uv": [28, 11], "mirror": true}
					]
				},
				{
					"name": "toe_back_right",
					"parent": "foot_right",
					"pivot": [-1.5, 0.9, 0.55],
					"cubes": [
						{"origin": [-1.5, -0.1, 0.55], "size": [0, 1, 1], "inflate": 0.005, "uv": [38, 5], "mirror": true}
					]
				},
				{
					"name": "claw_back_right",
					"parent": "toe_back_right",
					"pivot": [-1.5, 0.9, 1.55],
					"rotation": [-45, 0, 0],
					"cubes": [
						{"origin": [-1.5, -0.1, 1.55], "size": [0, 1, 1], "uv": [38, 6], "mirror": true}
					]
				},
				{
					"name": "toe_inner_right",
					"parent": "foot_right",
					"pivot": [-1.05, 0.9, -1.25],
					"rotation": [0, -15, 0],
					"cubes": [
						{"origin": [-1.05, -0.1, -2.25], "size": [0, 1, 1], "inflate": 0.005, "uv": [36, -1], "mirror": true}
					]
				},
				{
					"name": "claw_inner_right",
					"parent": "toe_inner_right",
					"pivot": [-1.05, 0.9, -2.25],
					"rotation": [45, 0, 0],
					"cubes": [
						{"origin": [-1.05, -0.1, -3.25], "size": [0, 1, 1], "uv": [40, 2], "mirror": true}
					]
				},
				{
					"name": "toe_center_right",
					"parent": "foot_right",
					"pivot": [-1.5, 0.9, -1.45],
					"cubes": [
						{"origin": [-1.5, -0.1, -2.45], "size": [0, 1, 1], "inflate": 0.005, "uv": [38, 1], "mirror": true}
					]
				},
				{
					"name": "claw_center_right",
					"parent": "toe_center_right",
					"pivot": [-1.5, 0.9, -2.45],
					"rotation": [45, 0, 0],
					"cubes": [
						{"origin": [-1.5, -0.1, -3.45], "size": [0, 1, 1], "uv": [38, 2], "mirror": true}
					]
				},
				{
					"name": "toe_outer_right",
					"parent": "foot_right",
					"pivot": [-1.95, 0.9, -1.25],
					"rotation": [0, 15, 0],
					"cubes": [
						{"origin": [-1.95, -0.1, -2.25], "size": [0, 1, 1], "inflate": 0.005, "uv": [40, 1], "mirror": true}
					]
				},
				{
					"name": "claw_outer_right",
					"parent": "toe_outer_right",
					"pivot": [-1.95, 0.9, -2.25],
					"rotation": [45, 0, 0],
					"cubes": [
						{"origin": [-1.95, -0.1, -3.25], "size": [0, 1, 1], "uv": [36, 2], "mirror": true}
					]
				}
			]
		}
	]
}