{
	"format_version": "1.12.0",
	"minecraft:geometry": [
		{
			"description": {
				"identifier": "geometry.charmander",
				"texture_width": 64,
				"texture_height": 64,
				"visible_bounds_width": 4,
				"visible_bounds_height": 2.5,
				"visible_bounds_offset": [0, 0.75, 0]
			},
			"bones": [
				{
					"name": "charmander",
					"pivot": [0, 0, 0]
				},
				{
					"name": "body",
					"parent": "charmander",
					"pivot": [0, 8, 0]
				},
				{
					"name": "torso",
					"parent": "body",
					"pivot": [0, 8, 0],
					"cubes": [
						{"origin": [-3.5, 8.5, -2.5], "size": [7, 5, 6], "uv": [23, 16]},
						{"origin": [-4, 2.5, -2.5], "size": [8, 6, 6], "uv": [22, 27]}
					]
				},
				{
					"name": "head",
					"parent": "torso",
					"pivot": [0, 13.25, 0],
					"cubes": [
						{"origin": [-4, 13.25, -3], "size": [8, 7, 6], "uv": [0, 0]},
						{"origin": [-3.5, 14.25, -5], "size": [7, 2, 2], "uv": [18, 40]},
						{"origin": [-2.5, 13.75, -4.65], "size": [0, 1, 1], "pivot": [-2.5, 14.25, -4.65], "rotation": [45, -40, 0], "uv": [55, -1]},
						{"origin": [2.5, 13.75, -4.65], "size": [0, 1, 1], "pivot": [2.5, 14.25, -4.65], "rotation": [45, 40, 0], "uv": [55, 0], "mirror": true}
					]
				},
				{
					"name": "jaw",
					"parent": "head",
					"pivot": [0, 14.25, -3],
					"cubes": [
						{"origin": [-3, 13.25, -5], "size": [6, 1, 2], "uv": [18, 44]}
					]
				},
				{
					"name": "eyelid_right",
					"parent": "head",
					"pivot": [-2.9, 17.75, -2.4],
					"cubes": [
						{"origin": [-3.9, 16.25, -2.9], "size": [2, 3, 1], "inflate": 0.02, "uv": [0, 0]}
					]
				},
				{
					"name": "eyelid_left",
					"parent": "head",
					"pivot": [2.9, 17.75, -2.4],
					"cubes": [
						{"origin": [1.9, 16.25, -2.9], "size": [2, 3, 1], "inflate": 0.02, "uv": [0, 0], "mirror": true}
					]
				},
				{
					"name": "arm_right",
					"parent": "torso",
					"pivot": [-3.5, 13, 0],
					"cubes": [
						{"origin": [-9.5, 10, -1.5], "size": [6, 3, 3], "uv": [22, 0], "mirror": true}
					],
					"locators": {
						"held_item": [-10, 12, -2]
					}
				},
				{
					"name": "arm_left",
					"parent": "torso",
					"pivot": [3.5, 13, 0],
					"cubes": [
						{"origin": [3.5, 10, -1.5], "size": [6, 3, 3], "uv": [0, 31]}
					]
				},
				{
					"name": "tail",
					"parent": "torso",
					"pivot": [0, 4.75, 3.5],
					"cubes": [
						{"origin": [-2, 2.75, 2.5], "size": [4, 4, 7], "uv": [0, 14]}
					]
				},
				{
					"name": "tail2",
					"parent": "tail",
					"pivot": [0, 4.5, 9.5],
					"cubes": [
						{"origin": [-1.5, 3, 8.5], "size": [3, 3, 7], "uv": [34, 39]}
					]
				},
				{
					"name": "fire",
					"parent": "tail2",
					"pivot": [0, 5.75, 15],
					"cubes": [
						{"origin": [0, 5.7, 12.5], "size": [0, 8, 5], "uv": [44, 8]},
						{"origin": [0, 5.7, 12.5], "size": [0, 8, 5], "pivot": [0, 5.75, 15], "rotation": [0, -90, 0], "uv": [44, 0]}
					]
				},
				{
					"name": "leg_right",
					"parent": "body",
					"pivot": [-3.25, 5, 0.25],
					"cubes": [
						{"origin": [-4.75, 1, -1.75], "size": [3, 5, 4], "uv": [28, 6], "mirror": true},
						{"origin": [-4.75, 0, -2.5], "size": [3, 1, 5], "uv": [0, 25], "mirror": true},
						{"origin": [-4.5, 0, -3.5], "size": [0, 1, 1], "pivot": [-4.5, 0.5, -2.5], "rotation": [0, 5, 0], "uv": [55, 6]},
						{"origin": [-3.25, 0, -3.5], "size": [0, 1, 1], "uv": [55, 5]},
						{"origin": [-2, 0, -3.5], "size": [0, 1, 1], "pivot": [-2, 0.5, -2.5], "rotation": [0, -5, 0], "uv": [55, 4]}
					]
				},
				{
					"name": "leg_left",
					"parent": "body",
					"pivot": [3.25, 5, 0.25],
					"cubes": [
						{"origin": [1.75, 1, -1.75], "size": [3, 5, 4], "uv": [0, 43]},
						{"origin": [1.75, 0, -2.5], "size": [3, 1, 5], "uv": [0, 37]},
						{"origin": [2, 0, -3.5], "size": [0, 1, 1], "pivot": [2, 0.5, -2.5], "rotation": [0, 5, 0], "uv": [55, 3]},
						{"origin": [3.25, 0, -3.5], "size": [0, 1, 1], "uv": [55, 2]},
						{"origin": [4.5, 0, -3.5], "size": [0, 1, 1], "pivot": [4.5, 0.5, -2.5], "rotation": [0, -5, 0], "uv": [55, 1]}
					]
				}
			]
		}
	]
}