{
	"format_version": "1.12.0",
	"minecraft:geometry": [
		{
			"description": {
				"identifier": "geometry.staravia",
				"texture_width": 64,
				"texture_height": 64,
				"visible_bounds_width": 4,
				"visible_bounds_height": 2.5,
				"visible_bounds_offset": [0, 0.75, 0]
			},
			"bones": [
				{
					"name": "staravia",
					"pivot": [0, 0, 0]
				},
				{
					"name": "body",
					"parent": "staravia",
					"pivot": [0, 7, -2]
				},
				{
					"name": "torso",
					"parent": "body",
					"pivot": [0, 5.5, 1.75],
					"rotation": [-15, 0, 0],
					"cubes": [
						{"origin": [-3.5, 3, -6], "size": [7, 7, 6], "uv": [0, 0]},
						{"origin": [-3, 3.5, 0], "size": [6, 6, 4], "uv": [32, 3]}
					]
				},
				{
					"name": "wing_left",
					"parent": "torso",
					"pivot": [3.5, 7, -3.75],
					"cubes": [
						{"origin": [3.5, 7, -7.25], "size": [5, 0, 7], "uv": [0, 27]}
					]
				},
				{
					"name": "wing_left2",
					"parent": "wing_left",
					"pivot": [8.5, 7, -0.25],
					"cubes": [
						{"origin": [8.5, 7, -7.25], "size": [5, 0, 7], "inflate": 0.01, "uv": [20, 20]}
					]
				},
				{
					"name": "wing_left3",
					"parent": "wing_left2",
					"pivot": [13.5, 7, -7.25],
					"cubes": [
						{"origin": [13.5, 7, -7.25], "size": [7, 0, 7], "uv": [14, 13]}
					]
				},
				{
					"name": "wing_right",
					"parent": "torso",
					"pivot": [-3.5, 7, -3.75],
					"cubes": [
						{"origin": [-8.5, 7, -7.25], "size": [5, 0, 7], "uv": [0, 20]}
					]
				},
				{
					"name": "wing_right2",
					"parent": "wing_right",
					"pivot": [-8.5, 7, -0.25],
					"cubes": [
						{"origin": [-13.5, 7, -7.25], "size": [5, 0, 7], "inflate": 0.01, "uv": [19, 0]}
					]
				},
				{
					"name": "wing_right3",
					"parent": "wing_right2",
					"pivot": [-13.5, 7, -7.25],
					"cubes": [
						{"origin": [-20.5, 7, -7.25], "size": [7, 0, 7], "uv": [0, 13]}
					]
				},
				{
					"name": "tail",
					"parent": "torso",
					"pivot": [0, 7.6, 4],
					"cubes": [
						{"origin": [-2.5, 7.7, 4], "size": [5, 0, 8], "uv": [36, 32]}
					]
				},
				{
					"name": "neck",
					"parent": "torso",
					"pivot": [0, 5.25, -3.25],
					"rotation": [22.5, 0, 0]
				},
				{
					"name": "head_ai",
					"parent": "neck",
					"pivot": [0, 9.25, -2.75],
					"cubes": [
						{"origin": [-2.5, 5.75, -5.75], "size": [5, 6, 5], "uv": [17, 27]}
					]
				},
				{
					"name": "head",
					"parent": "head_ai",
					"pivot": [0, 11.75, -3.25],
					"rotation": [-7.5, 0, 0],
					"cubes": [
						{"origin": [-2.5, 9.25, -5.75], "size": [5, 5, 5], "inflate": 0.01, "uv": [32, 22]}
					]
				},
				{
					"name": "beak",
					"parent": "head",
					"pivot": [0, 11.75, -5.75],
					"rotation": [5, 0, 0],
					"cubes": [
						{"origin": [-1, 10.75, -8.25], "size": [2, 1, 3], "inflate": 0.01, "uv": [35, 13]}
					]
				},
				{
					"name": "hair",
					"parent": "head",
					"pivot": [0, 14.25, -3.25],
					"cubes": [
						{"origin": [0, 13.25, -5.25], "size": [0, 6, 5], "uv": [0, 29]}
					]
				},
				{
					"name": "eye_left",
					"parent": "head",
					"pivot": [2.01, 11.75, -5.26],
					"cubes": [
						{"origin": [1.51, 10.75, -5.76], "size": [1, 2, 1], "inflate": 0.01, "uv": [26, 10]}
					]
				},
				{
					"name": "eyelid_left",
					"parent": "eye_left",
					"pivot": [1.91, 11.75, -5.16],
					"cubes": [
						{"origin": [1.41, 10.75, -5.66], "size": [1, 2, 1], "inflate": 0.02, "uv": [9, 40]}
					]
				},
				{
					"name": "eye_right",
					"parent": "head",
					"pivot": [-2.01, 11.75, -5.26],
					"cubes": [
						{"origin": [-2.51, 10.75, -5.76], "size": [1, 2, 1], "inflate": 0.01, "uv": [26, 7]}
					]
				},
				{
					"name": "eyelid_right",
					"parent": "eye_right",
					"pivot": [-1.91, 11.75, -5.16],
					"cubes": [
						{"origin": [-2.41, 10.75, -5.66], "size": [1, 2, 1], "inflate": 0.02, "uv": [27, 39]}
					]
				},
				{
					"name": "jaw",
					"parent": "head",
					"pivot": [0, 10.5, -5.75],
					"rotation": [-7.5, 0, 0],
					"cubes": [
						{"origin": [-1, 10, -7.25], "size": [2, 1, 2], "uv": [36, 0]}
					]
				},
				{
					"name": "leg_left",
					"parent": "body",
					"pivot": [2.25, 4.5, -0.25],
					"rotation": [5, 0, 0],
					"cubes": [
						{"origin": [1.25, 2.75, -1.25], "size": [2, 3, 2], "inflate": 0.01, "uv": [18, 38]}
					]
				},
				{
					"name": "leg_left2",
					"parent": "leg_left",
					"pivot": [2.25, 2.75, 0.25],
					"rotation": [-15, 0, 0],
					"cubes": [
						{"origin": [1.75, 0.75, -0.75], "size": [1, 2, 1], "uv": [3, 27]}
					]
				},
				{
					"name": "foot_left",
					"parent": "leg_left2",
					"pivot": [2.25, 0.75, 0.25],
					"rotation": [10, 0, 0],
					"cubes": [
						{"origin": [1.25, -0.07635, -1.98481], "size": [2, 1, 3], "uv": [34, 35]}
					]
				},
				{
					"name": "toe_back_left",
					"parent": "foot_left",
					"pivot": [2.25, 0.92365, 1.01519],
					"cubes": [
						{"origin": [1.75, -0.07635, 1.01519], "size": [1, 1, 2], "inflate": 0.01, "uv": [0, 22]}
					]
				},
				{
					"name": "claw_back_left",
					"parent": "toe_back_left",
					"pivot": [2.25, 0.92365, 3.01519],
					"cubes": [
						{"origin": [2.25, -0.07635, 3.01519], "size": [0, 1, 1], "uv": [4, 12]}
					]
				},
				{
					"name": "toe_inner_left",
					"parent": "foot_left",
					"pivot": [2, 0.92365, -1.73481],
					"rotation": [0, 20, 0],
					"cubes": [
						{"origin": [1, -0.07635, -3.73481], "size": [1, 1, 2], "inflate": 0.01, "uv": [20, 3]}
					]
				},
				{
					"name": "claw_inner_left",
					"parent": "toe_inner_left",
					"pivot": [1.5, 0.92365, -3.73481],
					"cubes": [
						{"origin": [1.5, -0.07635, -4.73481], "size": [0, 1, 1], "uv": [0, 12]}
					]
				},
				{
					"name": "toe_outer_left",
					"parent": "foot_left",
					"pivot": [2.5, 0.92365, -1.73481],
					"rotation": [0, -20, 0],
					"cubes": [
						{"origin": [2.5, -0.07635, -3.73481], "size": [1, 1, 2], "inflate": 0.01, "uv": [20, 0]}
					]
				},
				{
					"name": "claw_outer_left",
					"parent": "toe_outer_left",
					"pivot": [3, 0.92365, -3.73481],
					"cubes": [
						{"origin": [3, -0.07635, -4.73481], "size": [0, 1, 1], "uv": [4, 3]}
					]
				},
				{
					"name": "toe_middle_left",
					"parent": "foot_left",
					"pivot": [2.25, 0.92365, -1.73481],
					"cubes": [
						{"origin": [1.75, -0.07635, -3.73481], "size": [1, 1, 2], "inflate": 0.02, "uv": [0, 19]}
					]
				},
				{
					"name": "claw_middle_left",
					"parent": "toe_middle_left",
					"pivot": [2.25, 0.92365, -3.73481],
					"cubes": [
						{"origin": [2.25, -0.07635, -4.73481], "size": [0, 1, 1], "uv": [4, 2]}
					]
				},
				{
					"name": "leg_right",
					"parent": "body",
					"pivot": [-2.25, 4.5, -0.25],
					"rotation": [5, 0, 0],
					"cubes": [
						{"origin": [-3.25, 2.75, -1.25], "size": [2, 3, 2], "inflate": 0.01, "uv": [37, 17]}
					]
				},
				{
					"name": "leg_right2",
					"parent": "leg_right",
					"pivot": [-2.25, 2.75, 0.25],
					"rotation": [-15, 0, 0],
					"cubes": [
						{"origin": [-2.75, 0.75, -0.75], "size": [1, 2, 1], "uv": [0, 25]}
					]
				},
				{
					"name": "foot_right",
					"parent": "leg_right2",
					"pivot": [-2.25, 0.75, 0.25],
					"rotation": [10, 0, 0],
					"cubes": [
						{"origin": [-3.25, -0.07635, -1.98481], "size": [2, 1, 3], "uv": [10, 35]}
					]
				},
				{
					"name": "toe_back_right",
					"parent": "foot_right",
					"pivot": [-2.25, 0.92365, 1.01519],
					"cubes": [
						{"origin": [-2.75, -0.07635, 1.01519], "size": [1, 1, 2], "inflate": 0.01, "uv": [0, 16]}
					]
				},
				{
					"name": "claw_back_right",
					"parent": "toe_back_right",
					"pivot": [-2.25, 0.92365, 3.01519],
					"cubes": [
						{"origin": [-2.25, -0.07635, 3.01519], "size": [0, 1, 1], "uv": [4, 0]}
					]
				},
				{
					"name": "toe_inner_right",
					"parent": "foot_right",
					"pivot": [-2, 0.92365, -1.73481],
					"rotation": [0, -20, 0],
					"cubes": [
						{"origin": [-2, -0.07635, -3.73481], "size": [1, 1, 2], "inflate": 0.01, "uv": [0, 13]}
					]
				},
				{
					"name": "claw_inner_right",
					"parent": "toe_inner_right",
					"pivot": [-1.5, 0.92365, -3.73481],
					"cubes": [
						{"origin": [-1.5, -0.07635, -4.73481], "size": [0, 1, 1], "uv": [0, 3]}
					]
				},
				{
					"name": "toe_outer_right",
					"parent": "foot_right",
					"pivot": [-2.5, 0.92365, -1.73481],
					"rotation": [0, 20, 0],
					"cubes": [
						{"origin": [-3.5, -0.07635, -3.73481], "size": [1, 1, 2], "inflate": 0.01, "uv": [0, 3]}
					]
				},
				{
					"name": "claw_outer_right",
					"parent": "toe_outer_right",
					"pivot": [-3, 0.92365, -3.73481],
					"cubes": [
						{"origin": [-3, -0.07635, -4.73481], "size": [0, 1, 1], "uv": [0, 2]}
					]
				},
				{
					"name": "toe_middle_right",
					"parent": "foot_right",
					"pivot": [-2.25, 0.92365, -1.73481],
					"cubes": [
						{"origin": [-2.75, -0.07635, -3.73481], "size": [1, 1, 2], "inflate": 0.02, "uv": [0, 0]}
					]
				},
				{
					"name": "claw_middle_right",
					"parent": "toe_middle_right",
					"pivot": [-2.25, 0.92365, -3.73481],
					"cubes": [
						{"origin": [-2.25, -0.07635, -4.73481], "size": [0, 1, 1], "uv": [0, 0]}
					]
				}
			]
		}
	]
}