{
	"format_version": "1.12.0",
	"minecraft:geometry": [
		{
			"description": {
				"identifier": "geometry.diglett_alolan",
				"texture_width": 64,
				"texture_height": 32,
				"visible_bounds_width": 2,
				"visible_bounds_height": 2.5,
				"visible_bounds_offset": [0, 0.75, 0]
			},
			"bones": [
				{
					"name": "diglett_alolan",
					"pivot": [0, 1, 0]
				},
				{
					"name": "ground",
					"parent": "diglett_alolan",
					"pivot": [0, 0, 0],
					"cubes": [
						{"origin": [-5.5, 0, -5.5], "size": [11, 3, 11], "uv": [0, 17]},
						{"origin": [-5.5, 0, -5.5], "size": [11, 2, 11], "inflate": 0.2, "uv": [17, 3]}
					],
					"locators": {
						"held_item_fixed": {
							"offset": [-4.25, 2, -1.5],
							"rotation": [0, 80, 0]
						}
					}
				},
				{
					"name": "body",
					"parent": "ground",
					"pivot": [0, 3, 0],
					"cubes": [
						{"origin": [-3.5, 1, -3.5], "size": [7, 5, 7], "uv": [33, 16]}
					]
				},
				{
					"name": "body2",
					"parent": "body",
					"pivot": [0, 6, 0],
					"cubes": [
						{"origin": [-3.5, 5, -3.5], "size": [7, 7, 7], "inflate": 0.01, "uv": [0, 0]}
					]
				},
				{
					"name": "hair",
					"parent": "body2",
					"pivot": [0, 12, 0]
				},
				{
					"name": "hair_front",
					"parent": "hair",
					"pivot": [0, 12, 0]
				},
				{
					"name": "hair_front_rotation",
					"parent": "hair_front",
					"pivot": [0, 12, 0],
					"rotation": [20, 0, 0],
					"cubes": [
						{"origin": [0, 12, -1], "size": [0, 2, 1], "inflate": 0.01, "uv": [0, 18]}
					]
				},
				{
					"name": "hair_front2",
					"parent": "hair_front_rotation",
					"pivot": [0, 14, 0],
					"rotation": [15, 0, 0],
					"cubes": [
						{"origin": [0, 14, -1], "size": [0, 2, 1], "uv": [0, 16]}
					]
				},
				{
					"name": "hair_left",
					"parent": "hair",
					"pivot": [0, 12, 0],
					"rotation": [0, -122.5, 0]
				},
				{
					"name": "hair_left_rotation",
					"parent": "hair_left",
					"pivot": [0, 12, 0],
					"rotation": [20, 0, 0],
					"cubes": [
						{"origin": [0, 12, -1], "size": [0, 2, 1], "inflate": 0.01, "uv": [2, 18]}
					]
				},
				{
					"name": "hair_left2",
					"parent": "hair_left_rotation",
					"pivot": [0, 14, 0],
					"rotation": [15, 0, 0],
					"cubes": [
						{"origin": [0, 14, -1], "size": [0, 2, 1], "uv": [2, 16]}
					]
				},
				{
					"name": "hair_right",
					"parent": "hair",
					"pivot": [0, 12, 0],
					"rotation": [0, 122.5, 0]
				},
				{
					"name": "hair_right_rotation",
					"parent": "hair_right",
					"pivot": [0, 12, 0],
					"rotation": [20, 0, 0],
					"cubes": [
						{"origin": [0, 12, -1], "size": [0, 2, 1], "inflate": 0.01, "uv": [4, 18], "mirror": true}
					]
				},
				{
					"name": "hair_right2",
					"parent": "hair_right_rotation",
					"pivot": [0, 14, 0],
					"rotation": [15, 0, 0],
					"cubes": [
						{"origin": [0, 14, -1], "size": [0, 2, 1], "uv": [4, 16], "mirror": true}
					]
				},
				{
					"name": "nose",
					"parent": "body2",
					"pivot": [0, 7.25, -3.5],
					"cubes": [
						{"origin": [-2, 6.25, -4.5], "size": [4, 2, 1], "uv": [0, 14]}
					]
				},
				{
					"name": "eyes",
					"parent": "body2",
					"pivot": [0, 9.5, -3.55]
				},
				{
					"name": "eye_left",
					"parent": "eyes",
					"pivot": [1.5, 9.5, -3.52],
					"cubes": [
						{"origin": [1, 8.5, -3.52], "size": [1, 2, 0], "uv": [2, 0], "mirror": true}
					]
				},
				{
					"name": "pupil_left",
					"parent": "eye_left",
					"pivot": [1.5, 10, -3.53],
					"cubes": [
						{"origin": [1, 9.5, -3.53], "size": [1, 1, 0], "uv": [4, 0], "mirror": true}
					]
				},
				{
					"name": "eyelid_left",
					"parent": "eye_left",
					"pivot": [1.5, 9.5, -2.93],
					"cubes": [
						{"origin": [0.5, 8.5, -3.43], "size": [2, 2, 1], "inflate": 0.01, "uv": [0, 2], "mirror": true}
					]
				},
				{
					"name": "eye_right",
					"parent": "eyes",
					"pivot": [-1.5, 9.5, -3.52],
					"cubes": [
						{"origin": [-2, 8.5, -3.52], "size": [1, 2, 0], "uv": [0, 0]}
					]
				},
				{
					"name": "pupil_right",
					"parent": "eye_right",
					"pivot": [-1.5, 10, -3.53],
					"cubes": [
						{"origin": [-2, 9.5, -3.53], "size": [1, 1, 0], "uv": [4, 1]}
					]
				},
				{
					"name": "eyelid_right",
					"parent": "eye_right",
					"pivot": [-1.5, 9.5, -2.93],
					"cubes": [
						{"origin": [-2.5, 8.5, -3.43], "size": [2, 2, 1], "inflate": 0.01, "uv": [21, 4]}
					]
				}
			]
		}
	]
}