{
	"format_version": "1.12.0",
	"minecraft:geometry": [
		{
			"description": {
				"identifier": "geometry.unknown",
				"texture_width": 96,
				"texture_height": 96,
				"visible_bounds_width": 5,
				"visible_bounds_height": 4.5,
				"visible_bounds_offset": [0, 1.75, 0]
			},
			"bones": [
				{
					"name": "ursaring",
					"pivot": [0, 0, 0]
				},
				{
					"name": "body",
					"parent": "ursaring",
					"pivot": [0, 2, 0]
				},
				{
					"name": "left_leg",
					"parent": "body",
					"pivot": [-5, 8, -0.25],
					"cubes": [
						{"origin": [-8.49, 4, -4.25], "size": [7, 7, 8], "uv": [0, 42]}
					]
				},
				{
					"name": "left_knee",
					"parent": "left_leg",
					"pivot": [-5, 4, -0.5],
					"cubes": [
						{"origin": [-7.48, 2.01, -3.51], "size": [5, 3, 6], "uv": [59, 3]}
					]
				},
				{
					"name": "left_foot",
					"parent": "left_knee",
					"pivot": [-5, 1.75, -0.5],
					"cubes": [
						{"origin": [-7.49, 0, -3.5], "size": [5, 2, 6], "uv": [32, 63]},
						{"origin": [-3.49, 0, -5.5], "size": [0, 1, 2], "inflate": 0.01, "uv": [4, 47]},
						{"origin": [-3.49, 0.5, -4.5], "size": [0, 1, 1], "uv": [7, 29]},
						{"origin": [-4.99, 0.5, -4.5], "size": [0, 1, 1], "uv": [7, 28]},
						{"origin": [-4.99, 0, -5.5], "size": [0, 1, 2], "inflate": 0.01, "uv": [0, 47]},
						{"origin": [-6.49, 0.5, -4.5], "size": [0, 1, 1], "uv": [7, 27]},
						{"origin": [-6.49, 0, -5.5], "size": [0, 1, 2], "inflate": 0.01, "uv": [4, 46]}
					]
				},
				{
					"name": "right_leg",
					"parent": "body",
					"pivot": [5, 8, -0.25],
					"cubes": [
						{"origin": [1.49, 4, -4.25], "size": [7, 7, 8], "uv": [34, 34]}
					]
				},
				{
					"name": "right_knee",
					"parent": "right_leg",
					"pivot": [5, 4, -0.5],
					"cubes": [
						{"origin": [2.48, 2.01, -3.51], "size": [5, 3, 6], "uv": [48, 58]}
					]
				},
				{
					"name": "right_foot",
					"parent": "right_knee",
					"pivot": [5, 1.75, -0.5],
					"cubes": [
						{"origin": [2.49, 0, -3.5], "size": [5, 2, 6], "uv": [16, 61]},
						{"origin": [3.49, 0, -5.5], "size": [0, 1, 2], "inflate": 0.01, "uv": [0, 46]},
						{"origin": [3.49, 0.5, -4.5], "size": [0, 1, 1], "uv": [7, 26]},
						{"origin": [4.99, 0.5, -4.5], "size": [0, 1, 1], "uv": [7, 24]},
						{"origin": [4.99, 0, -5.5], "size": [0, 1, 2], "inflate": 0.01, "uv": [4, 45]},
						{"origin": [6.49, 0.5, -4.5], "size": [0, 1, 1], "uv": [7, 22]},
						{"origin": [6.49, 0, -5.5], "size": [0, 1, 2], "inflate": 0.01, "uv": [0, 45]}
					]
				},
				{
					"name": "torso",
					"parent": "body",
					"pivot": [0, 7, 0],
					"cubes": [
						{"origin": [-7.5, 6, -5.5], "size": [15, 12, 11], "uv": [0, 0]},
						{"origin": [-6, 18.01, -5.5], "size": [12, 0, 2], "uv": [31, 29]},
						{"origin": [-6, 12, -5.51], "size": [12, 6, 0], "uv": [64, 38]},
						{"origin": [-3, 5.5, 5.5], "size": [6, 6, 6], "uv": [30, 49]}
					]
				},
				{
					"name": "torso2",
					"parent": "torso",
					"pivot": [0, 18, 4],
					"cubes": [
						{"origin": [-6, 17, -5], "size": [12, 10, 9], "uv": [0, 23]}
					]
				},
				{
					"name": "shoulder_tuft_right",
					"parent": "torso2",
					"pivot": [6, 26.5, -0.5],
					"cubes": [
						{"origin": [6, 26.6, -1.5], "size": [6, 0, 2], "pivot": [6, 26.6, -0.5], "rotation": [0, 0, -12.5], "uv": [58, 0]},
						{"origin": [6, 26.5, -3.5], "size": [6, 0, 2], "pivot": [6, 26.5, -2.25], "rotation": [10, 5, -5], "uv": [15, 57]},
						{"origin": [6, 26.5, -5.5], "size": [6, 0, 2], "pivot": [6, 26.5, -3.25], "rotation": [45, 15, 7.5], "uv": [20, 48]},
						{"origin": [6, 26.5, 2.5], "size": [6, 0, 2], "pivot": [6, 26.5, 2.25], "rotation": [-45, -15, 7.5], "uv": [20, 46]},
						{"origin": [6, 26.5, 0.5], "size": [6, 0, 2], "pivot": [6, 26.5, 1.25], "rotation": [-10, -5, -5], "uv": [20, 44]}
					]
				},
				{
					"name": "shoulder_tuft_left",
					"parent": "torso2",
					"pivot": [-6, 26.5, -0.5],
					"cubes": [
						{"origin": [-12, 26.6, -1.5], "size": [6, 0, 2], "pivot": [-6, 26.6, -0.5], "rotation": [0, 0, 12.5], "uv": [20, 42]},
						{"origin": [-12, 26.5, -3.5], "size": [6, 0, 2], "pivot": [-6, 26.5, -2.25], "rotation": [10, -5, 5], "uv": [39, 9]},
						{"origin": [-12, 26.5, -5.5], "size": [6, 0, 2], "pivot": [-6, 26.5, -3.25], "rotation": [45, -15, -7.5], "uv": [31, 27]},
						{"origin": [-12, 26.5, 2.5], "size": [6, 0, 2], "pivot": [-6, 26.5, 2.25], "rotation": [-45, 15, -7.5], "uv": [31, 25]},
						{"origin": [-12, 26.5, 0.5], "size": [6, 0, 2], "pivot": [-6, 26.5, 1.25], "rotation": [-10, 5, 5], "uv": [31, 23]}
					]
				},
				{
					"name": "head",
					"parent": "torso2",
					"pivot": [0, 27, -1],
					"cubes": [
						{"origin": [-4, 27, -4], "size": [8, 6, 7], "uv": [45, 16]},
						{"origin": [-0.5, 27.5, -6.02], "size": [1, 2, 0], "uv": [8, 5]},
						{"origin": [-1, 28.91, -4.5], "size": [2, 2, 1], "uv": [0, 43]},
						{"origin": [0.05, 30.25, -4.51], "size": [3, 1, 1], "pivot": [2, 31, -3.5], "rotation": [0, 0, -10], "uv": [0, 25]},
						{"origin": [-3.05, 30.25, -4.51], "size": [3, 1, 1], "pivot": [-2, 31, -3.5], "rotation": [0, 0, 10], "uv": [0, 23]},
						{"origin": [-3, 27.5, -6], "size": [6, 2, 2], "inflate": 0.01, "uv": [52, 12]},
						{"origin": [-2.75, 30, -6.75], "size": [0, 1, 1], "pivot": [-2.5, 27.5, -9.25], "rotation": [-45, 0, 0], "uv": [8, 0]},
						{"origin": [2.75, 30, -6.75], "size": [0, 1, 1], "pivot": [2.5, 27.5, -9.25], "rotation": [-45, 0, 0], "uv": [0, 5]}
					]
				},
				{
					"name": "jaw",
					"parent": "head",
					"pivot": [0, 27.5, -4],
					"cubes": [
						{"origin": [-3, 26.75, -6], "size": [6, 1, 2], "uv": [42, 31]},
						{"origin": [2.25, 27.5, -5.25], "size": [0, 1, 1], "pivot": [2.5, 27.75, -5.25], "rotation": [-45, -90, 0], "uv": [0, 4]},
						{"origin": [-2.25, 27.5, -5.25], "size": [0, 1, 1], "pivot": [-2.5, 27.75, -5.25], "rotation": [-45, 90, 0], "uv": [0, 0]}
					]
				},
				{
					"name": "left_ear",
					"parent": "head",
					"pivot": [-3.45, 33.1, -0.5],
					"rotation": [0, 0, -32.5],
					"cubes": [
						{"origin": [-0.53173, 32.06541, -1.51], "size": [1, 1, 0], "pivot": [-0.95, 36.85, -1], "rotation": [0, 0, 45], "uv": [42, 32]},
						{"origin": [-4.85, 31.6, -1.5], "size": [3, 3, 2], "uv": [0, 5]}
					]
				},
				{
					"name": "right_ear",
					"parent": "head",
					"pivot": [3.45, 33.1, -0.5],
					"rotation": [0, 0, 32.5],
					"cubes": [
						{"origin": [-0.46827, 32.06541, -1.51], "size": [1, 1, 0], "pivot": [0.95, 36.85, -1], "rotation": [0, 0, -45], "uv": [7, 31]},
						{"origin": [1.85, 31.6, -1.5], "size": [3, 3, 2], "uv": [0, 0]}
					]
				},
				{
					"name": "eyes",
					"parent": "head",
					"pivot": [0, 2, -1]
				},
				{
					"name": "right_eye",
					"parent": "eyes",
					"pivot": [-2, 31, -4],
					"cubes": [
						{"origin": [-2.75, 29.5, -4.01], "size": [2, 1, 0], "pivot": [-2, 31, -4], "rotation": [0, 0, 10], "uv": [30, 51]},
						{"origin": [-2, 29.75, -4.02], "size": [1, 1, 0], "pivot": [-2, 31, -4], "rotation": [0, 0, 10], "uv": [8, 0]}
					]
				},
				{
					"name": "right_eye_closed",
					"parent": "right_eye",
					"pivot": [-2, 31, -4],
					"cubes": [
						{"origin": [-2.75, 29.5, -3.93], "size": [2, 1, 0], "inflate": 0.01, "pivot": [-2, 31, -4], "rotation": [0, 0, 10], "uv": [30, 50]}
					]
				},
				{
					"name": "left_eye",
					"parent": "eyes",
					"pivot": [0, 3, -1],
					"cubes": [
						{"origin": [1, 29.75, -4.02], "size": [1, 1, 0], "pivot": [2, 31, -4], "rotation": [0, 0, -10], "uv": [0, 0]},
						{"origin": [0.75, 29.5, -4.01], "size": [2, 1, 0], "pivot": [2, 31, -4], "rotation": [0, 0, -10], "uv": [48, 50]}
					]
				},
				{
					"name": "left_eye_closed",
					"parent": "left_eye",
					"pivot": [0, 2, -1],
					"cubes": [
						{"origin": [0.75, 29.5, -3.93], "size": [2, 1, 0], "inflate": 0.01, "pivot": [2, 31, -4], "rotation": [0, 0, -10], "uv": [48, 49]}
					]
				},
				{
					"name": "left_arm",
					"parent": "torso2",
					"pivot": [-4.5, 24.25, -0.5],
					"cubes": [
						{"origin": [-12, 22, -3], "size": [7, 4, 5], "uv": [54, 49]}
					]
				},
				{
					"name": "left_elbow",
					"parent": "left_arm",
					"pivot": [-12, 23.75, 2],
					"cubes": [
						{"origin": [-18, 22.01, -3.01], "size": [6, 4, 5], "uv": [0, 57]}
					]
				},
				{
					"name": "left_hand",
					"parent": "left_elbow",
					"pivot": [-18, 24, -0.5],
					"cubes": [
						{"origin": [-21, 22, -2.5], "size": [4, 4, 4], "uv": [66, 63]}
					]
				},
				{
					"name": "left_thumb",
					"parent": "left_hand",
					"pivot": [-20.5, 25, -2],
					"rotation": [0, 0, 90],
					"cubes": [
						{"origin": [-23.5, 25, -2.5], "size": [3, 0, 1], "uv": [0, 42]},
						{"origin": [-22.5, 25, -1.5], "size": [2, 0, 1], "uv": [0, 46]}
					]
				},
				{
					"name": "left_fingers",
					"parent": "left_hand",
					"pivot": [-21, 24, 0.25]
				},
				{
					"name": "left_finger_1",
					"parent": "left_fingers",
					"pivot": [-21, 25.5, 0.25],
					"cubes": [
						{"origin": [-24, 25.5, -0.75], "size": [3, 0, 1], "inflate": 0.01, "uv": [32, 31]},
						{"origin": [-23, 25.5, 0.25], "size": [2, 0, 1], "uv": [40, 4]}
					]
				},
				{
					"name": "left_finger_2",
					"parent": "left_fingers",
					"pivot": [-21, 24, 0.25],
					"cubes": [
						{"origin": [-23, 24, 0.25], "size": [2, 0, 1], "uv": [40, 3]},
						{"origin": [-24, 24, -0.75], "size": [3, 0, 1], "inflate": 0.01, "uv": [0, 31]}
					]
				},
				{
					"name": "left_finger_3",
					"parent": "left_fingers",
					"pivot": [-21, 22.5, 0.25],
					"cubes": [
						{"origin": [-23, 22.5, 0.25], "size": [2, 0, 1], "uv": [40, 2]},
						{"origin": [-24, 22.5, -0.75], "size": [3, 0, 1], "inflate": 0.01, "uv": [0, 30]}
					]
				},
				{
					"name": "right_arm",
					"parent": "torso2",
					"pivot": [4.5, 24.25, -0.5],
					"cubes": [
						{"origin": [5, 22, -3], "size": [7, 4, 5], "uv": [41, 0]}
					]
				},
				{
					"name": "right_elbow",
					"parent": "right_arm",
					"pivot": [12, 23.75, 2],
					"cubes": [
						{"origin": [12, 22.01, -3.01], "size": [6, 4, 5], "uv": [56, 29]}
					]
				},
				{
					"name": "right_hand",
					"parent": "right_elbow",
					"pivot": [18, 24, -0.5],
					"cubes": [
						{"origin": [17, 22, -2.5], "size": [4, 4, 4], "uv": [0, 66]}
					]
				},
				{
					"name": "right_thumb",
					"parent": "right_hand",
					"pivot": [20.5, 25, -2],
					"rotation": [0, 0, -90],
					"cubes": [
						{"origin": [20.5, 25, -2.5], "size": [3, 0, 1], "uv": [0, 29]},
						{"origin": [20.5, 25, -1.5], "size": [2, 0, 1], "uv": [40, 1]}
					]
				},
				{
					"name": "right_fingers",
					"parent": "right_hand",
					"pivot": [21, 24, 0.25]
				},
				{
					"name": "right_finger_1",
					"parent": "right_fingers",
					"pivot": [21, 25.5, 0.25],
					"cubes": [
						{"origin": [21, 25.5, 0.25], "size": [2, 0, 1], "uv": [40, 0]},
						{"origin": [21, 25.5, -0.75], "size": [3, 0, 1], "uv": [0, 28]}
					]
				},
				{
					"name": "right_finger_2",
					"parent": "right_fingers",
					"pivot": [21, 24, 0.25],
					"cubes": [
						{"origin": [21, 24, 0.25], "size": [2, 0, 1], "uv": [38, 31]},
						{"origin": [21, 24, -0.75], "size": [3, 0, 1], "uv": [0, 27]}
					]
				},
				{
					"name": "right_finger_3",
					"parent": "right_fingers",
					"pivot": [21, 22.5, 0.25],
					"cubes": [
						{"origin": [21, 22.5, 0.25], "size": [2, 0, 1], "uv": [6, 10]},
						{"origin": [21, 22.5, -0.75], "size": [3, 0, 1], "uv": [0, 10]}
					]
				}
			]
		}
	]
}