{
	"format_version": "1.12.0",
	"minecraft:geometry": [
		{
			"description": {
				"identifier": "geometry.cloyster",
				"texture_width": 128,
				"texture_height": 128,
				"visible_bounds_width": 4,
				"visible_bounds_height": 2.5,
				"visible_bounds_offset": [0, 0.75, 0]
			},
			"bones": [
				{
					"name": "cloyster",
					"pivot": [0, 0, 0]
				},
				{
					"name": "body",
					"parent": "cloyster",
					"pivot": [0, 9.75, 0],
					"cubes": [
						{"origin": [-2.5, 12.60209, -6.88639], "size": [5, 3, 12], "pivot": [-3, 14.10209, -2.38639], "rotation": [-5, 0, 0], "uv": [26, 0]},
						{"origin": [-3.5, 3, -7], "size": [7, 10, 12], "uv": [0, 38]},
						{"origin": [-1, 13.56537, -9.99715], "size": [2, 2, 7], "pivot": [0, 14.56537, -9.24715], "rotation": [-10, 0, 0], "uv": [52, 15]},
						{"origin": [-0.5, 14.06537, -13.99715], "size": [1, 1, 4], "pivot": [0, 14.56537, -9.24715], "rotation": [-10, 0, 0], "uv": [62, 26]}
					],
					"locators": {
						"held_item_fixed": {
							"offset": [0, 16, -1.5],
							"rotation": [90, 0, 0]
						}
					}
				},
				{
					"name": "head",
					"parent": "body",
					"pivot": [0, 9, -3],
					"cubes": [
						{"origin": [-3, 6, -6], "size": [6, 6, 6], "uv": [48, 0]},
						{"origin": [-1.25, 7.15, -6.025], "size": [3, 1, 0], "pivot": [-0.25, 7.15, -6.025], "rotation": [0, 0, -2.5], "uv": [88, 0]}
					]
				},
				{
					"name": "lefteye",
					"parent": "head",
					"pivot": [2.025, 9.75, -5.025],
					"cubes": [
						{"origin": [1.025, 8.75, -6.025], "size": [2, 2, 2], "inflate": 0.02, "pivot": [2.025, 9.75, -5.025], "rotation": [0, 0, -2.5], "uv": [88, 4]}
					]
				},
				{
					"name": "righteye",
					"parent": "head",
					"pivot": [-2.025, 9.75, -5.025],
					"cubes": [
						{"origin": [-3.025, 8.75, -6.025], "size": [2, 2, 2], "inflate": 0.02, "pivot": [-2.025, 9.75, -5.025], "rotation": [0, 0, 2.5], "uv": [88, 4], "mirror": true}
					]
				},
				{
					"name": "lefteyelid",
					"parent": "head",
					"pivot": [1.775, 9.75, -4.775],
					"cubes": [
						{"origin": [0.775, 8.75, -5.775], "size": [2, 2, 2], "inflate": 0.04, "pivot": [1.775, 9.75, -4.775], "rotation": [0, 0, -2.5], "uv": [88, 8]}
					]
				},
				{
					"name": "righteyelid",
					"parent": "head",
					"pivot": [-1.775, 9.75, -4.775],
					"cubes": [
						{"origin": [-2.775, 8.75, -5.775], "size": [2, 2, 2], "inflate": 0.04, "pivot": [-1.775, 9.75, -4.775], "rotation": [0, 0, 2.5], "uv": [88, 8], "mirror": true}
					]
				},
				{
					"name": "rightshell",
					"parent": "body",
					"pivot": [0, 9.5, 7],
					"rotation": [0, 15, 0],
					"cubes": [
						{"origin": [-5, 1, -9], "size": [5, 17, 16], "uv": [26, 17]},
						{"origin": [-6.25, 3.5, -5.25], "size": [2, 3, 3], "pivot": [-5.25, 5, -3.75], "rotation": [-2.5, -5, -5], "uv": [54, 60]},
						{"origin": [-6.5, 12.5, -6], "size": [2, 3, 3], "pivot": [-5.5, 14, -4.5], "rotation": [5, -5, 5], "uv": [28, 60]},
						{"origin": [-9.75, 8, -1.5], "size": [5, 2, 2], "pivot": [-7.25, 9, -0.5], "rotation": [0, -2.5, 10], "uv": [14, 60]},
						{"origin": [-7.75, 1, -2], "size": [4, 2, 2], "pivot": [-5.25, 2, -1], "rotation": [0, -5, -42.5], "uv": [0, 43]},
						{"origin": [-11, 16.75, -2.75], "size": [4, 3, 3], "pivot": [-9.25, 18.25, -1.25], "rotation": [0, -5, 25], "uv": [54, 54]},
						{"origin": [-15, 17.25, -2.25], "size": [11, 2, 2], "pivot": [-9.25, 18.25, -1.25], "rotation": [0, -5, 25], "uv": [48, 50]},
						{"origin": [-3.13253, 4.5, 6.50953], "size": [2, 10, 6], "pivot": [-2.13253, 9, 9.00953], "rotation": [0, -20, 0], "uv": [38, 50]},
						{"origin": [-3.25, 1, -9], "size": [0, 17, 16], "uv": [0, 51], "mirror": true}
					]
				},
				{
					"name": "leftshell",
					"parent": "body",
					"pivot": [0, 9.5, 7],
					"rotation": [0, -15, 0],
					"cubes": [
						{"origin": [0, 1, -9], "size": [5, 17, 16], "uv": [0, 0]},
						{"origin": [3.25, 1, -9], "size": [0, 17, 16], "uv": [0, 51]},
						{"origin": [4.25, 3.5, -5.25], "size": [2, 3, 3], "pivot": [5.25, 5, -3.75], "rotation": [-2.5, 5, 5], "uv": [0, 37]},
						{"origin": [4.5, 12.5, -6], "size": [2, 3, 3], "pivot": [5.5, 14, -4.5], "rotation": [5, 5, -5], "uv": [26, 4]},
						{"origin": [4.75, 8, -1.5], "size": [5, 2, 2], "pivot": [7.25, 9, -0.5], "rotation": [0, 2.5, -10], "uv": [0, 60]},
						{"origin": [3.75, 1, -2], "size": [4, 2, 2], "pivot": [5.25, 2, -1], "rotation": [0, 5, 42.5], "uv": [26, 0]},
						{"origin": [7, 16.75, -2.75], "size": [4, 3, 3], "pivot": [9.25, 18.25, -1.25], "rotation": [0, 5, -25], "uv": [52, 24]},
						{"origin": [4, 17.25, -2.25], "size": [11, 2, 2], "pivot": [9.25, 18.25, -1.25], "rotation": [0, 5, -25], "uv": [0, 33]},
						{"origin": [1.13253, 4.5, 6.50953], "size": [2, 10, 6], "pivot": [2.13253, 9, 9.00953], "rotation": [0, 20, 0], "uv": [0, 0]}
					]
				}
			]
		}
	]
}