{
	"format_version": "1.12.0",
	"minecraft:geometry": [
		{
			"description": {
				"identifier": "geometry.marowak",
				"texture_width": 64,
				"texture_height": 64,
				"visible_bounds_width": 3,
				"visible_bounds_height": 2.5,
				"visible_bounds_offset": [0, 0.75, 0]
			},
			"bones": [
				{
					"name": "marowak",
					"pivot": [0, 0, 0]
				},
				{
					"name": "body",
					"parent": "marowak",
					"pivot": [0, 0, 0]
				},
				{
					"name": "torso",
					"parent": "body",
					"pivot": [0, 3, 0],
					"cubes": [
						{"origin": [-4, 3, -3.5], "size": [8, 6, 7], "uv": [22, 0]}
					]
				},
				{
					"name": "upper_torso",
					"parent": "torso",
					"pivot": [0, 9, 1],
					"cubes": [
						{"origin": [-3.5, 8, -3], "size": [7, 5, 6], "uv": [24, 28]}
					]
				},
				{
					"name": "neck",
					"parent": "upper_torso",
					"pivot": [0, 13, 0],
					"cubes": [
						{"origin": [-3, 12, -2.5], "size": [6, 3, 5], "uv": [32, 20]}
					]
				},
				{
					"name": "head",
					"parent": "neck",
					"pivot": [0, 14.5, 0],
					"cubes": [
						{"origin": [-4, 13.5, -4], "size": [8, 7, 7], "uv": [0, 20]},
						{"origin": [4, 12.25, 1.1], "size": [3, 7, 0], "pivot": [4, 17, 1], "rotation": [-55.95742, -31.42176, 37.65635], "uv": [22, 0]},
						{"origin": [-7, 12.25, 1.1], "size": [3, 7, 0], "pivot": [-4, 17, 1], "rotation": [-55.95742, 31.42176, -37.65635], "uv": [0, 20]},
						{"origin": [2.46802, 18.10633, 2.53], "size": [2, 5, 2], "pivot": [3.31802, 20.35633, 3.11737], "rotation": [-63.92929, 30.8725, 14.2266], "uv": [52, 7]},
						{"origin": [-4.46802, 18.10633, 2.53], "size": [2, 5, 2], "pivot": [-3.31802, 20.35633, 3.11737], "rotation": [-63.92929, -30.8725, -14.2266], "uv": [0, 51]},
						{"origin": [-3.5, 13.75, 2], "size": [7, 6, 2], "pivot": [0, 19.5, 4], "rotation": [9.5, 0, 0], "uv": [29, 46]},
						{"origin": [-4, 19.5, 3], "size": [8, 1, 1], "uv": [14, 59]}
					]
				},
				{
					"name": "eyes",
					"parent": "head",
					"pivot": [0, 15, 0]
				},
				{
					"name": "left_eye",
					"parent": "eyes",
					"pivot": [0, 15, -0.5],
					"cubes": [
						{"origin": [3, 16, -4], "size": [1, 2, 3], "inflate": 0.01, "uv": [13, 54]},
						{"origin": [4, 16.5, -4], "size": [0, 1, 1], "inflate": 0.02, "uv": [2, 0]}
					]
				},
				{
					"name": "left_eyelid",
					"parent": "eyes",
					"pivot": [-0.1, 15, -0.4],
					"cubes": [
						{"origin": [2.9, 16, -3.9], "size": [1, 2, 3], "inflate": 0.03, "uv": [40, 57]}
					]
				},
				{
					"name": "right_eye",
					"parent": "eyes",
					"pivot": [0, 15, -0.5],
					"cubes": [
						{"origin": [-4, 16, -4], "size": [1, 2, 3], "inflate": 0.01, "uv": [8, 51]},
						{"origin": [-4, 16.5, -4], "size": [0, 1, 1], "inflate": 0.02, "uv": [0, 0]}
					]
				},
				{
					"name": "right_eyelid",
					"parent": "eyes",
					"pivot": [0.1, 15, -0.4],
					"cubes": [
						{"origin": [-3.9, 16, -3.9], "size": [1, 2, 3], "inflate": 0.03, "uv": [45, 59]}
					]
				},
				{
					"name": "jaw",
					"parent": "head",
					"pivot": [0, 13.9, -4],
					"cubes": [
						{"origin": [-1.5, 13, -7.5], "size": [3, 1, 6], "pivot": [0, 13.5, -4], "rotation": [12.5, 0, 0], "uv": [31, 39]}
					]
				},
				{
					"name": "snout",
					"parent": "head",
					"pivot": [0, 17.6, -4],
					"rotation": [12.5, 0, 0],
					"cubes": [
						{"origin": [-2, 13.6, -9], "size": [4, 4, 5], "inflate": 0.01, "uv": [13, 39]},
						{"origin": [-2, 13.6, -8], "size": [4, 2, 4], "pivot": [2, 14.1, -8], "rotation": [0, 27.5, 0], "uv": [28, 58]},
						{"origin": [-2, 13.6, -8], "size": [4, 2, 4], "pivot": [-2, 14.1, -8], "rotation": [0, -27.5, 0], "uv": [40, 13]}
					]
				},
				{
					"name": "left_upper_arm",
					"parent": "upper_torso",
					"pivot": [3.5, 12.5, 0],
					"cubes": [
						{"origin": [3, 10.5, -1.5], "size": [4, 2, 3], "uv": [50, 33]}
					]
				},
				{
					"name": "left_lower_arm",
					"parent": "left_upper_arm",
					"pivot": [7, 11.5, 1.5],
					"cubes": [
						{"origin": [7, 10.5, -1.5], "size": [4, 2, 3], "inflate": 0.01, "uv": [44, 28]}
					]
				},
				{
					"name": "left_hand",
					"parent": "left_lower_arm",
					"pivot": [11, 12.5, 0],
					"cubes": [
						{"origin": [11, 11.5, -1.5], "size": [2, 1, 3], "uv": [7, 59]}
					],
					"locators": {
						"held_item": [12, 11, -1]
					}
				},
				{
					"name": "left_fingers",
					"parent": "left_hand",
					"pivot": [13, 12.5, 0],
					"cubes": [
						{"origin": [13, 11.5, -1.5], "size": [2, 1, 3], "inflate": 0.01, "uv": [0, 58]}
					]
				},
				{
					"name": "left_thumb",
					"parent": "left_lower_arm",
					"pivot": [11, 11, -1.5],
					"cubes": [
						{"origin": [10.5, 10.5, -2], "size": [2, 1, 1], "inflate": 0.01, "uv": [43, 39]}
					]
				},
				{
					"name": "right_upper_arm",
					"parent": "upper_torso",
					"pivot": [-3.5, 12.5, 0],
					"cubes": [
						{"origin": [-7, 10.5, -1.5], "size": [4, 2, 3], "uv": [23, 20]}
					]
				},
				{
					"name": "right_lower_arm",
					"parent": "right_upper_arm",
					"pivot": [-7, 11.5, 1.5],
					"cubes": [
						{"origin": [-11, 10.5, -1.5], "size": [4, 2, 3], "inflate": 0.01, "uv": [22, 13]}
					]
				},
				{
					"name": "right_hand",
					"parent": "right_lower_arm",
					"pivot": [-11, 12.5, 0],
					"cubes": [
						{"origin": [-13, 11.5, -1.5], "size": [2, 1, 3], "uv": [22, 51]}
					]
				},
				{
					"name": "right_fingers",
					"parent": "right_hand",
					"pivot": [-13, 12.5, 0],
					"cubes": [
						{"origin": [-15, 11.5, -1.5], "size": [2, 1, 3], "inflate": 0.01, "uv": [26, 39]}
					]
				},
				{
					"name": "right_thumb",
					"parent": "right_lower_arm",
					"pivot": [-11, 11, -1.5],
					"cubes": [
						{"origin": [-12.5, 10.5, -2], "size": [2, 1, 1], "inflate": 0.01, "uv": [23, 25]}
					]
				},
				{
					"name": "tail",
					"parent": "torso",
					"pivot": [0, 5, 3.5],
					"cubes": [
						{"origin": [-2, 3, 2], "size": [4, 4, 5], "inflate": 0.01, "uv": [0, 9]}
					]
				},
				{
					"name": "tail2",
					"parent": "tail",
					"pivot": [0, 5, 7],
					"cubes": [
						{"origin": [-1.5, 3.5, 6], "size": [3, 3, 5], "uv": [0, 43]},
						{"origin": [0, 6, 8], "size": [0, 3, 2], "uv": [0, 0]}
					]
				},
				{
					"name": "tail3",
					"parent": "tail2",
					"pivot": [0, 5, 11],
					"cubes": [
						{"origin": [-1, 4, 10], "size": [2, 2, 3], "uv": [13, 34]}
					]
				},
				{
					"name": "left_leg",
					"parent": "body",
					"pivot": [4, 4.5, -0.25],
					"cubes": [
						{"origin": [2, 2.5, -2.75], "size": [4, 4, 5], "inflate": 0.01, "uv": [0, 34]}
					]
				},
				{
					"name": "left_foot",
					"parent": "left_leg",
					"pivot": [4, 2.5, -2.25],
					"cubes": [
						{"origin": [2.5, 0, -2.25], "size": [3, 3, 4], "uv": [46, 38]},
						{"origin": [3, 0, -3.25], "size": [2, 1, 1], "uv": [22, 48]}
					]
				},
				{
					"name": "right_leg",
					"parent": "body",
					"pivot": [-4, 4.5, -0.25],
					"cubes": [
						{"origin": [-6, 2.5, -2.75], "size": [4, 4, 5], "inflate": 0.01, "uv": [0, 0]}
					]
				},
				{
					"name": "right_foot",
					"parent": "right_leg",
					"pivot": [-4, 2.5, -2.25],
					"cubes": [
						{"origin": [-5.5, 0, -2.25], "size": [3, 3, 4], "uv": [45, 0]},
						{"origin": [-5, 0, -3.25], "size": [2, 1, 1], "uv": [31, 43]}
					]
				},
				{
					"name": "bone_body",
					"parent": "marowak",
					"pivot": [0, 0, 0]
				},
				{
					"name": "bone_torso",
					"parent": "bone_body",
					"pivot": [0, 3, 0]
				},
				{
					"name": "bone_upper_torso",
					"parent": "bone_torso",
					"pivot": [0, 9, 1]
				},
				{
					"name": "bone_right_upper_arm",
					"parent": "bone_upper_torso",
					"pivot": [-3.5, 12.5, 0]
				},
				{
					"name": "bone_right_lower_arm",
					"parent": "bone_right_upper_arm",
					"pivot": [-7, 11.5, 1.5]
				},
				{
					"name": "bone_right_hand",
					"parent": "bone_right_lower_arm",
					"pivot": [-11, 12.5, 0]
				},
				{
					"name": "bone",
					"parent": "bone_right_hand",
					"pivot": [-12, 11, 0],
					"rotation": [0, 0, -90],
					"cubes": [
						{"origin": [-13, 10, -9], "size": [2, 2, 16], "uv": [2, 2]}
					]
				},
				{
					"name": "bone_end",
					"parent": "bone",
					"pivot": [-12, 11, 6.5],
					"cubes": [
						{"origin": [-10.75, 9.5, 7.5], "size": [3, 3, 3], "pivot": [-12, 11, 10.25], "rotation": [0, 45, 0], "uv": [49, 19]},
						{"origin": [-11.75, 10, 6.5], "size": [2, 2, 2], "inflate": 0.2, "pivot": [-12, 11, 10.25], "rotation": [0, 45, 0], "uv": [36, 13]}
					]
				},
				{
					"name": "bone_tip",
					"parent": "bone",
					"pivot": [-12, 11, -8.5],
					"cubes": [
						{"origin": [-11.75, 10, -11.5], "size": [2, 2, 2], "inflate": 0.2, "pivot": [-12, 11, -10.25], "rotation": [0, -45, 0], "uv": [30, 54]},
						{"origin": [-13.75, 9.5, -10.5], "size": [3, 3, 3], "pivot": [-12, 11, -10.25], "rotation": [0, -45, 0], "uv": [13, 48]}
					]
				}
			]
		}
	]
}