{
	"format_version": "1.12.0",
	"minecraft:geometry": [
		{
			"description": {
				"identifier": "geometry.natu",
				"texture_width": 32,
				"texture_height": 32,
				"visible_bounds_width": 3,
				"visible_bounds_height": 2.5,
				"visible_bounds_offset": [0, 0.75, 0]
			},
			"bones": [
				{
					"name": "natu",
					"pivot": [0, 0, 0]
				},
				{
					"name": "body",
					"parent": "natu",
					"pivot": [0, 6, 0]
				},
				{
					"name": "torso",
					"parent": "body",
					"pivot": [0, 2.25, 0.25],
					"cubes": [
						{"origin": [-4, 2.25, -4], "size": [8, 7, 8], "uv": [0, 0]}
					]
				},
				{
					"name": "eyes",
					"parent": "torso",
					"pivot": [0, 6.5, -4.05]
				},
				{
					"name": "eye_left",
					"parent": "eyes",
					"pivot": [3.01, 6.25, -3.01],
					"cubes": [
						{"origin": [2.01, 5.25, -4.01], "size": [2, 2, 3], "uv": [10, 27]}
					]
				},
				{
					"name": "eye_shine_left",
					"parent": "eye_left",
					"pivot": [3.01, 6.75, -4.02],
					"cubes": [
						{"origin": [2.51, 6.25, -4.02], "size": [1, 1, 0], "uv": [1, 25]}
					]
				},
				{
					"name": "eyelid_left",
					"parent": "eye_left",
					"pivot": [2.91, 6.25, -2.91],
					"cubes": [
						{"origin": [1.91, 5.25, -3.92], "size": [2, 2, 3], "inflate": 0.01, "uv": [20, 27]}
					]
				},
				{
					"name": "eye_right",
					"parent": "eyes",
					"pivot": [-3.01, 6.25, -3.01],
					"cubes": [
						{"origin": [-4.01, 5.25, -4.01], "size": [2, 2, 3], "uv": [13, 20], "mirror": true}
					]
				},
				{
					"name": "eye_shine_right",
					"parent": "eye_right",
					"pivot": [-3.01, 6.75, -4.02],
					"cubes": [
						{"origin": [-3.51, 6.25, -4.02], "size": [1, 1, 0], "uv": [1, 26], "mirror": true}
					]
				},
				{
					"name": "eyelid_right",
					"parent": "eye_right",
					"pivot": [-2.91, 6.25, -2.91],
					"cubes": [
						{"origin": [-3.91, 5.25, -3.92], "size": [2, 2, 3], "inflate": 0.01, "uv": [20, 22], "mirror": true}
					]
				},
				{
					"name": "beak",
					"parent": "torso",
					"pivot": [0, 6.25, -4],
					"cubes": [
						{"origin": [-1.5, 4.25, -7], "size": [3, 2, 3], "uv": [0, 25]}
					]
				},
				{
					"name": "feather",
					"parent": "torso",
					"pivot": [0, 9.25, -1],
					"rotation": [40, 0, 0],
					"cubes": [
						{"origin": [-0.5, 9.25, -1.5], "size": [1, 0, 2], "uv": [-2, 6], "mirror": true}
					]
				},
				{
					"name": "feather2",
					"parent": "feather",
					"pivot": [0, 9.25, 0.5],
					"cubes": [
						{"origin": [-1, 9.25, 0.5], "size": [2, 0, 5], "uv": [19, 3], "mirror": true}
					]
				},
				{
					"name": "wings",
					"parent": "torso",
					"pivot": [0, 4.25, -1.5]
				},
				{
					"name": "wing_left",
					"parent": "wings",
					"pivot": [4.01, 4.25, -1.5],
					"cubes": [
						{"origin": [4.01, 4.25, -4], "size": [6, 0, 5], "uv": [-5, 15]}
					]
				},
				{
					"name": "wing_right",
					"parent": "wings",
					"pivot": [-4.01, 4.25, -1.5],
					"cubes": [
						{"origin": [-10.01, 4.25, -4], "size": [6, 0, 5], "uv": [7, 15], "mirror": true}
					]
				},
				{
					"name": "tail",
					"parent": "torso",
					"pivot": [0, 4.75, 4]
				},
				{
					"name": "tail_top",
					"parent": "tail",
					"pivot": [0, 5, 4],
					"cubes": [
						{"origin": [-1, 5, 3.5], "size": [2, 0, 5], "uv": [23, 3]}
					]
				},
				{
					"name": "tail_left",
					"parent": "tail",
					"pivot": [-0.9, 4.75, 4],
					"cubes": [
						{"origin": [-0.9, 2.75, 3.5], "size": [0, 2, 5], "uv": [0, 15]}
					]
				},
				{
					"name": "tail_right",
					"parent": "tail",
					"pivot": [0.9, 4.75, 4],
					"cubes": [
						{"origin": [0.9, 2.75, 3.5], "size": [0, 2, 5], "uv": [0, 25], "mirror": true}
					]
				},
				{
					"name": "legs",
					"parent": "body",
					"pivot": [0, 2.5, 0.25]
				},
				{
					"name": "leg_left",
					"parent": "legs",
					"pivot": [1.75, 2.5, 0.25],
					"cubes": [
						{"origin": [1.25, 0.5, -0.25], "size": [1, 2, 1], "inflate": 0.01, "uv": [0, 0]}
					]
				},
				{
					"name": "foot_left",
					"parent": "leg_left",
					"pivot": [1.75, 1, 0.25],
					"cubes": [
						{"origin": [0.75, 0, -1], "size": [2, 1, 2], "inflate": 0.02, "uv": [24, 0]}
					]
				},
				{
					"name": "toe_inner_left",
					"parent": "foot_left",
					"pivot": [1.75, 1, -1],
					"rotation": [0, 7.5, 0],
					"cubes": [
						{"origin": [0.75, 0, -3], "size": [1, 1, 2], "inflate": 0.01, "uv": [24, 15]}
					]
				},
				{
					"name": "toe_inner_left2",
					"parent": "toe_inner_left",
					"pivot": [1.25, 1, -3],
					"cubes": [
						{"origin": [1.25, 0, -4], "size": [0, 1, 1], "uv": [24, 15]}
					]
				},
				{
					"name": "toe_outer_left",
					"parent": "foot_left",
					"pivot": [1.75, 1, -1],
					"rotation": [0, -7.5, 0],
					"cubes": [
						{"origin": [1.75, 0, -3], "size": [1, 1, 2], "inflate": 0.01, "uv": [0, 22]}
					]
				},
				{
					"name": "toe_outer_left2",
					"parent": "toe_outer_left",
					"pivot": [2.25, 1, -3],
					"cubes": [
						{"origin": [2.25, 0, -4], "size": [0, 1, 1], "uv": [0, 22]}
					]
				},
				{
					"name": "toe_back_left",
					"parent": "foot_left",
					"pivot": [1.75, 1, 1],
					"cubes": [
						{"origin": [1.25, 0, 1], "size": [1, 1, 2], "inflate": 0.01, "uv": [10, 20]}
					]
				},
				{
					"name": "toe_back_left2",
					"parent": "toe_back_left",
					"pivot": [1.75, 1, 3],
					"cubes": [
						{"origin": [1.75, 0, 3], "size": [0, 1, 1], "uv": [14, 19]}
					]
				},
				{
					"name": "leg_right",
					"parent": "legs",
					"pivot": [-1.75, 2.5, 0.25],
					"cubes": [
						{"origin": [-2.25, 0.5, -0.25], "size": [1, 2, 1], "inflate": 0.01, "uv": [4, 0], "mirror": true}
					]
				},
				{
					"name": "foot_right",
					"parent": "leg_right",
					"pivot": [-1.75, 1, 0.25],
					"cubes": [
						{"origin": [-2.75, 0, -1], "size": [2, 1, 2], "inflate": 0.02, "uv": [0, 3], "mirror": true}
					]
				},
				{
					"name": "toe_inner_right",
					"parent": "foot_right",
					"pivot": [-1.75, 1, -1],
					"rotation": [0, -7.5, 0],
					"cubes": [
						{"origin": [-1.75, 0, -3], "size": [1, 1, 2], "inflate": 0.01, "uv": [22, 18], "mirror": true}
					]
				},
				{
					"name": "toe_inner_right2",
					"parent": "toe_inner_right",
					"pivot": [-1.25, 1, -3],
					"cubes": [
						{"origin": [-1.25, 0, -4], "size": [0, 1, 1], "uv": [26, 18], "mirror": true}
					]
				},
				{
					"name": "toe_outer_right",
					"parent": "foot_right",
					"pivot": [-1.75, 1, -1],
					"rotation": [0, 7.5, 0],
					"cubes": [
						{"origin": [-2.75, 0, -3], "size": [1, 1, 2], "inflate": 0.01, "uv": [6, 22], "mirror": true}
					]
				},
				{
					"name": "toe_outer_right2",
					"parent": "toe_outer_right",
					"pivot": [-2.25, 1, -3],
					"cubes": [
						{"origin": [-2.25, 0, -4], "size": [0, 1, 1], "uv": [6, 22], "mirror": true}
					]
				},
				{
					"name": "toe_back_right",
					"parent": "foot_right",
					"pivot": [-1.75, 1, 1],
					"cubes": [
						{"origin": [-2.25, 0, 1], "size": [1, 1, 2], "inflate": 0.01, "uv": [17, 27], "mirror": true}
					]
				},
				{
					"name": "toe_back_right2",
					"parent": "toe_back_right",
					"pivot": [-1.75, 1, 3],
					"cubes": [
						{"origin": [-1.75, 0, 3], "size": [0, 1, 1], "uv": [21, 27], "mirror": true}
					]
				}
			]
		}
	]
}