{
	"format_version": "1.12.0",
	"minecraft:geometry": [
		{
			"description": {
				"identifier": "geometry.staryu",
				"texture_width": 64,
				"texture_height": 64,
				"visible_bounds_width": 3,
				"visible_bounds_height": 2.5,
				"visible_bounds_offset": [0, 0.75, 0]
			},
			"bones": [
				{
					"name": "staryu",
					"pivot": [0, -0.25, 0]
				},
				{
					"name": "body",
					"parent": "staryu",
					"pivot": [0, 7.5, -0.25],
					"cubes": [
						{"origin": [-2.5, 5, -1.75], "size": [5, 5, 3], "uv": [1, 0]},
						{"origin": [-3.5, 4, -2.5], "size": [7, 7, 1], "uv": [0, 9]},
						{"origin": [-1.5, 6, -3], "size": [3, 3, 1], "uv": [27, 5]}
					]
				},
				{
					"name": "arm_top",
					"parent": "body",
					"pivot": [0, 9.5, 0],
					"cubes": [
						{"origin": [-2, 9.5, -1.5], "size": [4, 4, 3], "uv": [14, 21]}
					]
				},
				{
					"name": "arm_top2",
					"parent": "arm_top",
					"pivot": [0, 12.5, 0],
					"cubes": [
						{"origin": [-1.5, 12.5, -1], "size": [3, 4, 2], "uv": [27, 13]}
					]
				},
				{
					"name": "arm_right",
					"parent": "body",
					"pivot": [-1.75, 8.5, 0],
					"rotation": [0, 0, 17.5],
					"cubes": [
						{"origin": [-5.75, 6.5, -1.5], "size": [4, 4, 3], "uv": [0, 18], "mirror": true}
					],
					"locators": {
						"held_item": [-9.5, 8.75, 0]
					}
				},
				{
					"name": "arm_right2",
					"parent": "arm_right",
					"pivot": [-4.75, 8.5, 0],
					"cubes": [
						{"origin": [-8.75, 7, -1], "size": [4, 3, 2], "uv": [18, 0], "mirror": true}
					]
				},
				{
					"name": "arm_left",
					"parent": "body",
					"pivot": [1.75, 8.5, 0],
					"rotation": [0, 0, -17.5],
					"cubes": [
						{"origin": [1.75, 6.5, -1.5], "size": [4, 4, 3], "uv": [36, 7]}
					]
				},
				{
					"name": "arm_left2",
					"parent": "arm_left",
					"pivot": [4.75, 8.5, 0],
					"cubes": [
						{"origin": [4.75, 7, -1], "size": [4, 3, 2], "uv": [18, 0]}
					]
				},
				{
					"name": "leg_right",
					"parent": "body",
					"pivot": [-1, 6.5, 0],
					"rotation": [0, 0, -55],
					"cubes": [
						{"origin": [-5, 4.5, -1.5], "size": [4, 4, 3], "uv": [0, 31], "mirror": true}
					]
				},
				{
					"name": "leg_right2",
					"parent": "leg_right",
					"pivot": [-4, 6.5, 0],
					"cubes": [
						{"origin": [-8, 5, -1], "size": [4, 3, 2], "uv": [0, 25], "mirror": true}
					]
				},
				{
					"name": "leg_left",
					"parent": "body",
					"pivot": [1, 6.5, 0],
					"rotation": [0, 0, 55],
					"cubes": [
						{"origin": [1, 4.5, -1.5], "size": [4, 4, 3], "uv": [13, 14]}
					]
				},
				{
					"name": "leg_left2",
					"parent": "leg_left",
					"pivot": [4, 6.5, 0],
					"cubes": [
						{"origin": [4, 5, -1], "size": [4, 3, 2], "uv": [0, 25]}
					]
				}
			]
		}
	]
}