{
	"format_version": "1.12.0",
	"minecraft:geometry": [
		{
			"description": {
				"identifier": "geometry.quagsire_female",
				"texture_width": 128,
				"texture_height": 64,
				"visible_bounds_width": 3,
				"visible_bounds_height": 2.5,
				"visible_bounds_offset": [0, 0.75, 0]
			},
			"bones": [
				{
					"name": "quagsire",
					"pivot": [0, 0, 0]
				},
				{
					"name": "body",
					"parent": "quagsire",
					"pivot": [0, 9.5, -1]
				},
				{
					"name": "leg_left",
					"parent": "body",
					"pivot": [3.5, 2, 0.5],
					"cubes": [
						{"origin": [1.5, 0, -5.5], "size": [4, 2, 8], "uv": [0, 33]}
					]
				},
				{
					"name": "leg_right",
					"parent": "body",
					"pivot": [-3.5, 2, 0.5],
					"cubes": [
						{"origin": [-5.5, 0, -5.5], "size": [4, 2, 8], "uv": [16, 39]}
					]
				},
				{
					"name": "tail",
					"parent": "body",
					"pivot": [0, 4.25, 2.5],
					"cubes": [
						{"origin": [-2, 2.75, 2.5], "size": [4, 3, 6], "uv": [40, 39]},
						{"origin": [0, 5.25, 2.5], "size": [0, 2, 5], "uv": [16, 55]}
					]
				},
				{
					"name": "tail2",
					"parent": "tail",
					"pivot": [0, 4.25, 7.5],
					"cubes": [
						{"origin": [-2.5, 2.25, 7.5], "size": [5, 4, 8], "uv": [32, 8]},
						{"origin": [0, 5.75, 7.5], "size": [0, 2, 8], "uv": [29, 49]}
					]
				},
				{
					"name": "torso",
					"parent": "body",
					"pivot": [0, 2, -1],
					"cubes": [
						{"origin": [-5.5, 10, -5], "size": [11, 6, 8], "uv": [30, 25]},
						{"origin": [-6, 2, -5], "size": [12, 8, 8], "uv": [0, 0]},
						{"origin": [0, 7, 3], "size": [0, 9, 4], "inflate": 0.02, "uv": [0, 49]}
					]
				},
				{
					"name": "head",
					"parent": "torso",
					"pivot": [0, 18, -1],
					"cubes": [
						{"origin": [-5, 15, -6.25], "size": [10, 8, 9], "uv": [0, 16]}
					]
				},
				{
					"name": "mouth_open_happy",
					"parent": "head",
					"pivot": [0, 17.1, -6.2],
					"cubes": [
						{"origin": [-5, 15.09, -6.16], "size": [10, 3, 1], "uv": [58, 6]}
					]
				},
				{
					"name": "eyelid_left",
					"parent": "head",
					"pivot": [3.5, 20.5, -5.725],
					"cubes": [
						{"origin": [3, 20, -6.225], "size": [1, 1, 1], "inflate": 0.02, "uv": [58, 0]}
					]
				},
				{
					"name": "eyelid_right",
					"parent": "head",
					"pivot": [-3.5, 20.5, -5.725],
					"cubes": [
						{"origin": [-4, 20, -6.225], "size": [1, 1, 1], "inflate": 0.02, "uv": [58, 3], "mirror": true}
					]
				},
				{
					"name": "arm_right",
					"parent": "torso",
					"pivot": [-5.5, 13.25, -2],
					"cubes": [
						{"origin": [-11.5, 12.25, -4], "size": [7, 2, 4], "uv": [54, 39]}
					]
				},
				{
					"name": "hand_right",
					"parent": "arm_right",
					"pivot": [-11.5, 13.25, -2],
					"cubes": [
						{"origin": [-14.5, 12.25, -4], "size": [3, 2, 4], "uv": [60, 27]}
					]
				},
				{
					"name": "arm_left",
					"parent": "torso",
					"pivot": [5.5, 13.25, -2],
					"cubes": [
						{"origin": [4.5, 12.25, -4], "size": [7, 2, 4], "uv": [50, 10]}
					]
				},
				{
					"name": "hand_left",
					"parent": "arm_left",
					"pivot": [11.5, 13.25, -2],
					"cubes": [
						{"origin": [11.5, 12.25, -4], "size": [3, 2, 4], "uv": [54, 16]}
					]
				}
			]
		}
	]
}