{
	"format_version": "1.12.0",
	"minecraft:geometry": [
		{
			"description": {
				"identifier": "geometry.unknown",
				"texture_width": 32,
				"texture_height": 32,
				"visible_bounds_width": 2,
				"visible_bounds_height": 2.5,
				"visible_bounds_offset": [0, 0.75, 0]
			},
			"bones": [
				{
					"name": "chimecho",
					"pivot": [0, 0, 0]
				},
				{
					"name": "body",
					"parent": "chimecho",
					"pivot": [0, -2, 0]
				},
				{
					"name": "head",
					"parent": "body",
					"pivot": [0, 15, 0],
					"cubes": [
						{"origin": [-2.5, 15, -2.5], "size": [5, 4, 5], "uv": [0, 0]},
						{"origin": [-0.5, 18, 0], "size": [1, 2, 0], "uv": [2, 0]},
						{"origin": [-1, 20, -1], "size": [2, 2, 2], "uv": [8, 13]}
					]
				},
				{
					"name": "mouth",
					"parent": "head",
					"pivot": [0, 15, 0],
					"cubes": [
						{"origin": [-0.5, 15.75, -2.401], "size": [1, 1, 0], "pivot": [0, 16.25, -2.5], "rotation": [0, 0, 45], "uv": [15, 4]}
					]
				},
				{
					"name": "eyes",
					"parent": "head",
					"pivot": [0, 16.75, -2.5]
				},
				{
					"name": "eye_right",
					"parent": "eyes",
					"pivot": [-1.5, 17.25, -2.5],
					"rotation": [0, 0, -45],
					"cubes": [
						{"origin": [-2, 16.75, -2.501], "size": [1, 1, 0], "uv": [14, 13]}
					]
				},
				{
					"name": "eyelid_right",
					"parent": "eye_right",
					"pivot": [-1.5, 17.25, -2.5],
					"cubes": [
						{"origin": [-2, 16.75, -2.401], "size": [1, 1, 0], "inflate": 0.01, "uv": [17, 13]}
					]
				},
				{
					"name": "eye_left",
					"parent": "eyes",
					"pivot": [1.5, 17.25, -2.5],
					"rotation": [0, 0, 45],
					"cubes": [
						{"origin": [1, 16.75, -2.501], "size": [1, 1, 0], "uv": [14, 14]}
					]
				},
				{
					"name": "eyelid_left",
					"parent": "eye_left",
					"pivot": [1.5, 17.25, -2.5],
					"cubes": [
						{"origin": [1, 16.75, -2.401], "size": [1, 1, 0], "inflate": 0.01, "uv": [17, 14]}
					]
				},
				{
					"name": "arm_left",
					"parent": "head",
					"pivot": [-1, 15, -1],
					"cubes": [
						{"origin": [-1, 15, -3.25], "size": [0, 1, 2], "pivot": [-1, 15, -1], "rotation": [32.5, 0, 40], "uv": [0, 2]}
					]
				},
				{
					"name": "arm_right",
					"parent": "head",
					"pivot": [1, 15, -1],
					"cubes": [
						{"origin": [1, 15, -3.25], "size": [0, 1, 2], "pivot": [1, 15, -1], "rotation": [32.5, 0, -40], "uv": [0, 1]}
					]
				},
				{
					"name": "tail",
					"parent": "head",
					"pivot": [0, 15, 2.75],
					"cubes": [
						{"origin": [0, 14.5, 1.75], "size": [0, 1, 2], "pivot": [0, 15, 2.75], "rotation": [-27.5, 0, 0], "uv": [0, 0]}
					]
				},
				{
					"name": "ribbon1",
					"parent": "body",
					"pivot": [0, 15, 0],
					"cubes": [
						{"origin": [-0.5, 13, 0], "size": [1, 2, 0], "uv": [0, 0]}
					]
				},
				{
					"name": "ribbon2",
					"parent": "ribbon1",
					"pivot": [0, 13, 0],
					"cubes": [
						{"origin": [-2, 9, 0], "size": [4, 4, 0], "uv": [0, 13]}
					]
				},
				{
					"name": "ribbon3",
					"parent": "ribbon2",
					"pivot": [0, 9, 0],
					"cubes": [
						{"origin": [-2, 5, 0], "size": [4, 4, 0], "uv": [8, 9]}
					]
				},
				{
					"name": "ribbon4",
					"parent": "ribbon3",
					"pivot": [0, 5, 0],
					"cubes": [
						{"origin": [-2, 1, 0], "size": [4, 4, 0], "uv": [0, 9]}
					]
				}
			]
		}
	]
}