{
	"format_version": "1.12.0",
	"minecraft:geometry": [
		{
			"description": {
				"identifier": "geometry.buizel_male",
				"texture_width": 64,
				"texture_height": 64,
				"visible_bounds_width": 5,
				"visible_bounds_height": 3.5,
				"visible_bounds_offset": [0, 1.25, 0]
			},
			"bones": [
				{
					"name": "buizel",
					"pivot": [0, 0, 0]
				},
				{
					"name": "body",
					"parent": "buizel",
					"pivot": [0, 6, 0]
				},
				{
					"name": "torso",
					"parent": "body",
					"pivot": [0, 3.5, 0],
					"cubes": [
						{"origin": [-4, 1.5, -3.5], "size": [8, 7, 7], "uv": [34, 28]},
						{"origin": [-3, 6.5, 2.5], "size": [6, 2, 1], "inflate": 0.01, "uv": [11, 52]}
					]
				},
				{
					"name": "torso2",
					"parent": "torso",
					"pivot": [0, 8.5, 3.5],
					"cubes": [
						{"origin": [-3.5, 8.5, -3], "size": [7, 3, 6], "inflate": 0.02, "uv": [38, 19]},
						{"origin": [1, 8.5, 2], "size": [2, 3, 1], "inflate": 0.03, "uv": [55, 0]},
						{"origin": [-3, 8.5, 2], "size": [2, 3, 1], "inflate": 0.03, "uv": [55, 4], "mirror": true}
					]
				},
				{
					"name": "chest",
					"parent": "torso2",
					"pivot": [0, 12.5, 0],
					"cubes": [
						{"origin": [-3, 11, -3], "size": [6, 4, 6], "uv": [20, 11]},
						{"origin": [-3, 11, 3], "size": [6, 2, 0], "inflate": 0.01, "uv": [10, 49]},
						{"origin": [-3, 11, 2], "size": [6, 0, 1], "inflate": 0.01, "uv": [-1, 52]}
					]
				},
				{
					"name": "arms",
					"parent": "chest",
					"pivot": [0, 14.5, 0]
				},
				{
					"name": "arm_left",
					"parent": "arms",
					"pivot": [3, 14, -1],
					"cubes": [
						{"origin": [3, 12, -2.5], "size": [2, 2, 3], "uv": [0, 12]}
					]
				},
				{
					"name": "arm_left2",
					"parent": "arm_left",
					"pivot": [5, 14, 0.5],
					"cubes": [
						{"origin": [5, 12, -2.5], "size": [4, 2, 3], "inflate": 0.01, "uv": [0, 17]}
					]
				},
				{
					"name": "fin_left",
					"parent": "arm_left2",
					"pivot": [5, 13, 0.5],
					"cubes": [
						{"origin": [4.5, 13, 0], "size": [5, 0, 3], "uv": [35, 11]}
					]
				},
				{
					"name": "hand_left",
					"parent": "arm_left2",
					"pivot": [9, 14, -1],
					"cubes": [
						{"origin": [9, 12, -2.5], "size": [2, 2, 3], "uv": [0, 22]}
					]
				},
				{
					"name": "arm_right",
					"parent": "arms",
					"pivot": [-3, 14, -1.25],
					"cubes": [
						{"origin": [-5, 12, -2.5], "size": [2, 2, 3], "uv": [10, 12], "mirror": true}
					]
				},
				{
					"name": "arm_right2",
					"parent": "arm_right",
					"pivot": [-5, 14, 0.5],
					"cubes": [
						{"origin": [-9, 12, -2.5], "size": [4, 2, 3], "inflate": 0.01, "uv": [11, 21], "mirror": true}
					]
				},
				{
					"name": "fin_right",
					"parent": "arm_right2",
					"pivot": [-5, 13, 0.5],
					"cubes": [
						{"origin": [-9.5, 13, 0], "size": [5, 0, 3], "uv": [29, 21], "mirror": true}
					]
				},
				{
					"name": "hand_right",
					"parent": "arm_right2",
					"pivot": [-9, 14, -1],
					"cubes": [
						{"origin": [-11, 12, -2.5], "size": [2, 2, 3], "uv": [25, 21], "mirror": true}
					]
				},
				{
					"name": "neck",
					"parent": "chest",
					"pivot": [0, 15, 0],
					"cubes": [
						{"origin": [-2.5, 14.5, -2.5], "size": [5, 3, 5], "uv": [44, 11]}
					]
				},
				{
					"name": "neck_ring",
					"parent": "neck",
					"pivot": [0, 16, 0],
					"rotation": [10, 0, 0],
					"cubes": [
						{"origin": [-4.5, 14.5, -4.5], "size": [9, 2, 9], "uv": [28, 0]}
					]
				},
				{
					"name": "head",
					"parent": "neck",
					"pivot": [0, 19, 0],
					"cubes": [
						{"origin": [-3, 16.5, -3], "size": [6, 6, 6], "uv": [0, 0]},
						{"origin": [3.01, 21.5, -2.5], "size": [0, 1, 1], "uv": [4, -1]},
						{"origin": [-3.01, 21.5, -2.5], "size": [0, 1, 1], "uv": [4, 0], "mirror": true},
						{"origin": [3.01, 17, -3], "size": [0, 1, 2], "uv": [20, -2]},
						{"origin": [-3.01, 17, -3], "size": [0, 1, 2], "uv": [24, -2], "mirror": true}
					]
				},
				{
					"name": "eyes",
					"parent": "head",
					"pivot": [0, 18, -0.5]
				},
				{
					"name": "eye_left",
					"parent": "eyes",
					"pivot": [3.01, 20, -1.98],
					"cubes": [
						{"origin": [3.01, 18.5, -2.98], "size": [0, 3, 2], "uv": [0, -2]}
					]
				},
				{
					"name": "pupil_left",
					"parent": "eye_left",
					"pivot": [3.02, 20, -2.48],
					"cubes": [
						{"origin": [3.02, 19, -2.98], "size": [0, 2, 1], "uv": [18, -1]}
					]
				},
				{
					"name": "eyelid_left",
					"parent": "eye_left",
					"pivot": [2.42, 20, -1.98],
					"cubes": [
						{"origin": [1.92, 18.5, -2.98], "size": [1, 3, 2], "inflate": 0.01, "uv": [0, 27]}
					]
				},
				{
					"name": "eye_right",
					"parent": "eyes",
					"pivot": [-3.01, 20, -1.98],
					"cubes": [
						{"origin": [-3.01, 18.5, -2.98], "size": [0, 3, 2], "uv": [0, 1], "mirror": true}
					]
				},
				{
					"name": "pupil_right",
					"parent": "eye_right",
					"pivot": [-3.02, 20, -2.48],
					"cubes": [
						{"origin": [-3.02, 19, -2.98], "size": [0, 2, 1], "uv": [30, 1], "mirror": true}
					]
				},
				{
					"name": "eyelid_right",
					"parent": "eye_right",
					"pivot": [-2.42, 20, -1.98],
					"cubes": [
						{"origin": [-2.92, 18.5, -2.98], "size": [1, 3, 2], "inflate": 0.01, "uv": [0, 38], "mirror": true}
					]
				},
				{
					"name": "muzzle",
					"parent": "head",
					"pivot": [0, 20, -3],
					"cubes": [
						{"origin": [-2, 17, -5], "size": [4, 3, 2], "uv": [18, 1]},
						{"origin": [-2, 17.5, -5], "size": [4, 1, 2], "inflate": 0.01, "uv": [0, 49]},
						{"origin": [-1.5, 17, -5.01], "size": [3, 2, 0], "inflate": 0.01, "uv": [28, 0]}
					]
				},
				{
					"name": "mouth_open",
					"parent": "muzzle",
					"pivot": [0, 18, -4.92],
					"cubes": [
						{"origin": [-1.5, 17, -4.92], "size": [3, 2, 0], "inflate": 0.01, "uv": [11, 17]}
					]
				},
				{
					"name": "head_fin",
					"parent": "head",
					"pivot": [0, 22.5, 0.5],
					"rotation": [40, 0, 0],
					"cubes": [
						{"origin": [0, 19.5, 0.5], "size": [0, 3, 5], "inflate": 0.01, "uv": [24, 1]}
					]
				},
				{
					"name": "head_fin2",
					"parent": "head",
					"pivot": [0, 19, 3],
					"rotation": [15, 0, 0],
					"cubes": [
						{"origin": [0, 19, 2.5], "size": [0, 2, 3], "uv": [30, 1]}
					]
				},
				{
					"name": "tail_rotation",
					"parent": "torso",
					"pivot": [0, 3.5, 0]
				},
				{
					"name": "tail",
					"parent": "tail_rotation",
					"pivot": [0, 3.5, 3.5],
					"cubes": [
						{"origin": [-1, 2.5, 2.5], "size": [2, 2, 4], "inflate": 0.03, "uv": [22, 32]}
					]
				},
				{
					"name": "tail2",
					"parent": "tail",
					"pivot": [0, 3.5, 6.5],
					"cubes": [
						{"origin": [-1, 2.5, 6], "size": [2, 2, 4], "inflate": 0.02, "uv": [14, 38]}
					]
				},
				{
					"name": "tail_pivot",
					"parent": "tail2",
					"pivot": [0, 3.5, 10]
				},
				{
					"name": "tail_left",
					"parent": "tail_pivot",
					"pivot": [-1, 3.5, 10],
					"rotation": [0, 15, 0],
					"cubes": [
						{"origin": [-1, 2.5, 10], "size": [2, 2, 5], "uv": [21, 39]}
					]
				},
				{
					"name": "tail_left2",
					"parent": "tail_left",
					"pivot": [0, 3.5, 14.5],
					"cubes": [
						{"origin": [-1, 2.5, 14.5], "size": [2, 2, 4], "inflate": 0.02, "uv": [22, 46]}
					]
				},
				{
					"name": "tail_left3",
					"parent": "tail_left2",
					"pivot": [0, 3.5, 18],
					"cubes": [
						{"origin": [-1, 3, 18], "size": [2, 1, 4], "inflate": 0.01, "uv": [52, 44]}
					]
				},
				{
					"name": "tail_left4",
					"parent": "tail_left3",
					"pivot": [0, 3.5, 21.5],
					"cubes": [
						{"origin": [-1, 3, 21.5], "size": [2, 1, 4], "uv": [36, 49]}
					]
				},
				{
					"name": "tail_right",
					"parent": "tail_pivot",
					"pivot": [1, 3.5, 10],
					"rotation": [0, -15, 0],
					"cubes": [
						{"origin": [-1, 2.5, 10], "size": [2, 2, 5], "inflate": 0.01, "uv": [30, 42], "mirror": true}
					]
				},
				{
					"name": "tail_right2",
					"parent": "tail_right",
					"pivot": [0, 3.5, 14.5],
					"cubes": [
						{"origin": [-1, 2.5, 14.5], "size": [2, 2, 4], "inflate": 0.02, "uv": [44, 42], "mirror": true}
					]
				},
				{
					"name": "tail_right3",
					"parent": "tail_right2",
					"pivot": [0, 3.5, 18],
					"cubes": [
						{"origin": [-1, 3, 18], "size": [2, 1, 4], "inflate": 0.01, "uv": [52, 49], "mirror": true}
					]
				},
				{
					"name": "tail_right4",
					"parent": "tail_right3",
					"pivot": [0, 3.5, 21.5],
					"cubes": [
						{"origin": [-1, 3, 21.5], "size": [2, 1, 4], "uv": [44, 48], "mirror": true}
					]
				},
				{
					"name": "legs",
					"parent": "body",
					"pivot": [0, 4, 0]
				},
				{
					"name": "leg_left",
					"parent": "legs",
					"pivot": [3, 4.5, 0],
					"cubes": [
						{"origin": [1, 1, -4], "size": [4, 5, 6], "uv": [0, 27]}
					]
				},
				{
					"name": "foot_left",
					"parent": "leg_left",
					"pivot": [3.5, 1, -1],
					"cubes": [
						{"origin": [2.5, 0, -3.5], "size": [2, 1, 4], "uv": [14, 28]}
					]
				},
				{
					"name": "foot_left2",
					"parent": "foot_left",
					"pivot": [3.5, 0, -3.5],
					"cubes": [
						{"origin": [2.5, 0, -5.5], "size": [2, 1, 2], "inflate": 0.01, "uv": [32, 27]}
					]
				},
				{
					"name": "leg_right",
					"parent": "legs",
					"pivot": [-3, 4.5, 0],
					"cubes": [
						{"origin": [-5, 1, -4], "size": [4, 5, 6], "uv": [0, 38], "mirror": true}
					]
				},
				{
					"name": "foot_right",
					"parent": "leg_right",
					"pivot": [-3.5, 1, -1],
					"cubes": [
						{"origin": [-4.5, 0, -3.5], "size": [2, 1, 4], "uv": [22, 27], "mirror": true}
					]
				},
				{
					"name": "foot_right2",
					"parent": "foot_right",
					"pivot": [-3.5, 0, -3.5],
					"cubes": [
						{"origin": [-4.5, 0, -5.5], "size": [2, 1, 2], "inflate": 0.01, "uv": [32, 30], "mirror": true}
					]
				}
			]
		}
	]
}