{
	"format_version": "1.12.0",
	"minecraft:geometry": [
		{
			"description": {
				"identifier": "geometry.leafeon",
				"texture_width": 64,
				"texture_height": 64,
				"visible_bounds_width": 4,
				"visible_bounds_height": 3.5,
				"visible_bounds_offset": [0, 1.25, 0]
			},
			"bones": [
				{
					"name": "leafeon",
					"pivot": [0, 0, 0]
				},
				{
					"name": "body",
					"parent": "leafeon",
					"pivot": [0, 9.75, 0]
				},
				{
					"name": "torso",
					"parent": "body",
					"pivot": [0, 9.75, 0],
					"cubes": [
						{"origin": [-3.5, 6.75, -7], "size": [7, 6, 14], "uv": [0, 0]},
						{"origin": [0, 6.5, -10.75], "size": [0, 3, 4], "pivot": [0, 8.5, -8.75], "rotation": [5, 0, 0], "uv": [0, 44]},
						{"origin": [0, 12.75, -4.5], "size": [0, 3, 4], "uv": [28, 7]}
					]
				},
				{
					"name": "head",
					"parent": "torso",
					"pivot": [0, 12.25, -6],
					"cubes": [
						{"origin": [-3.5, 10.75, -12], "size": [7, 7, 7], "inflate": 0.01, "uv": [0, 20]},
						{"origin": [-3.5, 17.75, -10.25], "size": [7, 5, 0], "pivot": [-1, 19.25, -10.5], "rotation": [-17.5, 0, 0], "uv": [46, 23]},
						{"origin": [-2.5, 10.75, -12.5], "size": [5, 2, 1], "uv": [28, 7]},
						{"origin": [-0.5, 11.5, -12.51], "size": [1, 1, 0], "uv": [62, 0]}
					]
				},
				{
					"name": "leaf_top",
					"parent": "head",
					"pivot": [0.5, 18, -12],
					"rotation": [-10, 0, 0],
					"cubes": [
						{"origin": [-4, 15.75, -12], "size": [8, 11, 0], "uv": [0, 53]}
					]
				},
				{
					"name": "mouth",
					"parent": "head",
					"pivot": [0, 11.26, -12.415],
					"cubes": [
						{"origin": [-1, 10.76, -12.415], "size": [2, 1, 0], "uv": [17, 62]}
					]
				},
				{
					"name": "eyes",
					"parent": "head",
					"pivot": [0, 13.75, -12]
				},
				{
					"name": "eye_right",
					"parent": "eyes",
					"pivot": [-2.515, 14, -11.015],
					"cubes": [
						{"origin": [-3.515, 13, -12.015], "size": [2, 2, 2], "uv": [29, 60], "mirror": true}
					]
				},
				{
					"name": "eyelid_right",
					"parent": "eye_right",
					"pivot": [-2.415, 14, -10.915],
					"cubes": [
						{"origin": [-3.415, 13, -11.915], "size": [2, 2, 2], "inflate": 0.01, "uv": [21, 60], "mirror": true}
					]
				},
				{
					"name": "eye_left",
					"parent": "eyes",
					"pivot": [2.515, 14, -11.015],
					"cubes": [
						{"origin": [1.515, 13, -12.015], "size": [2, 2, 2], "uv": [29, 60]}
					]
				},
				{
					"name": "eyelid_left",
					"parent": "eye_left",
					"pivot": [2.415, 14, -10.915],
					"cubes": [
						{"origin": [1.415, 13, -11.915], "size": [2, 2, 2], "inflate": 0.01, "uv": [21, 60]}
					]
				},
				{
					"name": "ear_left",
					"parent": "head",
					"pivot": [3, 16.25, -9],
					"rotation": [-20, -25, 30],
					"cubes": [
						{"origin": [1, 16.25, -9], "size": [5, 5, 0], "uv": [40, 42]}
					]
				},
				{
					"name": "ear_left2",
					"parent": "ear_left",
					"pivot": [3.5, 21.25, -9],
					"cubes": [
						{"origin": [1, 21.25, -9], "size": [5, 7, 0], "uv": [40, 35]}
					]
				},
				{
					"name": "ear_right",
					"parent": "head",
					"pivot": [-3, 16.25, -9],
					"rotation": [-20, 25, -30],
					"cubes": [
						{"origin": [-6, 16.25, -9], "size": [5, 5, 0], "uv": [40, 42], "mirror": true}
					]
				},
				{
					"name": "ear_right2",
					"parent": "ear_right",
					"pivot": [-3.5, 21.25, -9],
					"cubes": [
						{"origin": [-6, 21.25, -9], "size": [5, 7, 0], "uv": [40, 35], "mirror": true}
					]
				},
				{
					"name": "tail",
					"parent": "torso",
					"pivot": [0, 12.25, 7],
					"cubes": [
						{"origin": [-2.5, 12.25, 7], "size": [5, 0, 5], "uv": [34, 59]}
					]
				},
				{
					"name": "tail2",
					"parent": "tail",
					"pivot": [0, 12.25, 12],
					"cubes": [
						{"origin": [-3.5, 12.25, 12], "size": [7, 0, 4], "uv": [34, 55]}
					]
				},
				{
					"name": "tail3",
					"parent": "tail2",
					"pivot": [-1, 12.25, 16],
					"cubes": [
						{"origin": [-5.5, 12.25, 16], "size": [8, 0, 4], "uv": [32, 51]}
					]
				},
				{
					"name": "tail4",
					"parent": "tail3",
					"pivot": [-2, 12.25, 20],
					"cubes": [
						{"origin": [-4.5, 12.25, 20], "size": [7, 0, 4], "uv": [33, 47]}
					]
				},
				{
					"name": "leg_front_left",
					"parent": "body",
					"pivot": [2.5, 9, -4.5],
					"rotation": [7.5, 0, 0],
					"cubes": [
						{"origin": [1, 4.5, -6], "size": [3, 6, 3], "inflate": 0.01, "uv": [42, 0]}
					]
				},
				{
					"name": "leg_front_left2",
					"parent": "leg_front_left",
					"pivot": [2.5, 4.5, -3],
					"rotation": [-22.5, 0, 0],
					"cubes": [
						{"origin": [1, 0.5, -6], "size": [3, 4, 3], "uv": [42, 13]},
						{"origin": [3.13563, 2.08097, -4.05684], "size": [3, 2, 0], "pivot": [4.75096, 2.85917, -4.0593], "rotation": [10, -15, 25], "uv": [28, 0]},
						{"origin": [2.65008, 1.76162, -8.57093], "size": [0, 2, 3], "pivot": [2.75, 3.07899, -7.46985], "rotation": [35, 10, -2.5], "uv": [28, 1]}
					]
				},
				{
					"name": "leg_front_left3",
					"parent": "leg_front_left2",
					"pivot": [2.5, 1, -4.5],
					"rotation": [15, 0, 0],
					"cubes": [
						{"origin": [1, -0.75, -6.25], "size": [3, 2, 3], "inflate": 0.01, "uv": [29, 25]}
					]
				},
				{
					"name": "leg_front_right",
					"parent": "body",
					"pivot": [-2.5, 9, -4.5],
					"rotation": [7.5, 0, 0],
					"cubes": [
						{"origin": [-4, 4.5, -6], "size": [3, 6, 3], "inflate": 0.01, "uv": [42, 0], "mirror": true}
					]
				},
				{
					"name": "leg_front_right2",
					"parent": "leg_front_right",
					"pivot": [-2.5, 4.5, -3],
					"rotation": [-22.5, 0, 0],
					"cubes": [
						{"origin": [-4, 0.5, -6], "size": [3, 4, 3], "uv": [42, 13], "mirror": true},
						{"origin": [-6.13563, 2.08097, -4.05684], "size": [3, 2, 0], "pivot": [-4.75096, 2.85917, -4.0593], "rotation": [10, 15, -25], "uv": [28, 0], "mirror": true},
						{"origin": [-2.65008, 1.76162, -8.57093], "size": [0, 2, 3], "pivot": [-2.75, 3.07899, -7.46985], "rotation": [35, -10, 2.5], "uv": [28, 1], "mirror": true}
					]
				},
				{
					"name": "leg_front_right3",
					"parent": "leg_front_right2",
					"pivot": [-2.5, 1, -4.5],
					"rotation": [15, 0, 0],
					"cubes": [
						{"origin": [-4, -0.75, -6.25], "size": [3, 2, 3], "inflate": 0.01, "uv": [29, 25], "mirror": true}
					]
				},
				{
					"name": "leg_back_left",
					"parent": "body",
					"pivot": [2.5, 9, 4.75],
					"rotation": [5, 0, 0],
					"cubes": [
						{"origin": [1, 4.5, 2.75], "size": [3, 6, 4], "inflate": 0.01, "uv": [50, 29]}
					]
				},
				{
					"name": "leg_back_left2",
					"parent": "leg_back_left",
					"pivot": [2.5, 4.5, 6.25],
					"rotation": [-12.5, 0, 0],
					"cubes": [
						{"origin": [1, 0.75, 4.25], "size": [3, 4, 3], "uv": [52, 8]},
						{"origin": [4.05457, 2.60217, 5.36313], "size": [3, 2, 0], "pivot": [4.76447, 5.67677, 5.82323], "rotation": [10, -15, 20], "uv": [28, 0]}
					]
				},
				{
					"name": "leg_back_left3",
					"parent": "leg_back_left2",
					"pivot": [2.5, 1.25, 5.75],
					"rotation": [7.5, 0, 0],
					"cubes": [
						{"origin": [1, -0.25, 4], "size": [3, 2, 3], "inflate": 0.01, "uv": [35, 30]}
					]
				},
				{
					"name": "leg_back_right",
					"parent": "body",
					"pivot": [-2.5, 9, 4.75],
					"rotation": [5, 0, 0],
					"cubes": [
						{"origin": [-4, 4.5, 2.75], "size": [3, 6, 4], "inflate": 0.01, "uv": [50, 29], "mirror": true}
					]
				},
				{
					"name": "leg_back_right2",
					"parent": "leg_back_right",
					"pivot": [-2.5, 4.5, 6.25],
					"rotation": [-12.5, 0, 0],
					"cubes": [
						{"origin": [-4, 0.75, 4.25], "size": [3, 4, 3], "uv": [52, 8], "mirror": true},
						{"origin": [-7.05457, 2.60217, 5.36313], "size": [3, 2, 0], "pivot": [-4.76447, 5.67677, 5.82323], "rotation": [10, 15, -20], "uv": [28, 0], "mirror": true}
					]
				},
				{
					"name": "leg_back_right3",
					"parent": "leg_back_right2",
					"pivot": [-2.5, 1.25, 5.75],
					"rotation": [7.5, 0, 0],
					"cubes": [
						{"origin": [-4, -0.25, 4], "size": [3, 2, 3], "inflate": 0.01, "uv": [35, 30], "mirror": true}
					]
				}
			]
		}
	]
}