{
	"format_version": "1.12.0",
	"minecraft:geometry": [
		{
			"description": {
				"identifier": "geometry.tranquill",
				"texture_width": 64,
				"texture_height": 64,
				"visible_bounds_width": 4,
				"visible_bounds_height": 2.5,
				"visible_bounds_offset": [0, 0.75, 0]
			},
			"bones": [
				{
					"name": "tranquill",
					"pivot": [0, 0, 0]
				},
				{
					"name": "body",
					"parent": "tranquill",
					"pivot": [0, 8, -2]
				},
				{
					"name": "torso",
					"parent": "body",
					"pivot": [0, 7.5, 1.75],
					"rotation": [-15, 0, 0],
					"cubes": [
						{"origin": [-3.5, 4, -7], "size": [7, 7, 7], "uv": [0, 11]},
						{"origin": [-3.5, 11, -7], "size": [7, 0, 6], "pivot": [0, 11, -7], "rotation": [10, 0, 0], "uv": [22, 14]},
						{"origin": [-3.5, 8, -7], "size": [3, 3, 0], "pivot": [-1, 11, -7], "rotation": [-10, 0, 0], "uv": [6, 43]},
						{"origin": [0.5, 8, -7], "size": [3, 3, 0], "pivot": [1, 11, -7], "rotation": [-10, 0, 0], "uv": [0, 43]},
						{"origin": [-3, 4.5, 0], "size": [6, 6, 4], "uv": [33, 30]}
					]
				},
				{
					"name": "wing_left",
					"parent": "torso",
					"pivot": [3.5, 9.5, -4.25],
					"cubes": [
						{"origin": [3.5, 9.5, -7.75], "size": [5, 0, 7], "uv": [20, 27]}
					]
				},
				{
					"name": "wing_left2",
					"parent": "wing_left",
					"pivot": [8.5, 9.5, -0.75],
					"cubes": [
						{"origin": [8.5, 9.5, -7.75], "size": [5, 0, 7], "inflate": 0.01, "uv": [10, 25]}
					]
				},
				{
					"name": "wing_left3",
					"parent": "wing_left2",
					"pivot": [13.5, 9.5, -7.75],
					"cubes": [
						{"origin": [13.5, 9.5, -7.75], "size": [8, 0, 7], "uv": [14, 7]}
					]
				},
				{
					"name": "wing_right",
					"parent": "torso",
					"pivot": [-3.5, 9.5, -4.25],
					"cubes": [
						{"origin": [-8.5, 9.5, -7.75], "size": [5, 0, 7], "uv": [0, 25]}
					]
				},
				{
					"name": "wing_right2",
					"parent": "wing_right",
					"pivot": [-8.5, 9.5, -0.75],
					"cubes": [
						{"origin": [-13.5, 9.5, -7.75], "size": [5, 0, 7], "inflate": 0.01, "uv": [21, 20]}
					]
				},
				{
					"name": "wing_right3",
					"parent": "wing_right2",
					"pivot": [-13.5, 9.5, -7.75],
					"cubes": [
						{"origin": [-21.5, 9.5, -7.75], "size": [8, 0, 7], "uv": [14, 0]}
					]
				},
				{
					"name": "tail",
					"parent": "torso",
					"pivot": [0, 9.35, 4],
					"cubes": [
						{"origin": [-2.5, 9.45, 4], "size": [5, 0, 12], "uv": [42, 0]}
					]
				},
				{
					"name": "neck",
					"parent": "torso",
					"pivot": [0, 9.75, -4.75],
					"rotation": [15, 0, 0]
				},
				{
					"name": "head_ai",
					"parent": "neck",
					"pivot": [0, 13.25, -4.25],
					"cubes": [
						{"origin": [-2, 9.75, -6.75], "size": [4, 6, 4], "uv": [20, 36]}
					]
				},
				{
					"name": "head",
					"parent": "head_ai",
					"pivot": [0, 15.75, -4.75],
					"cubes": [
						{"origin": [-2.5, 12.75, -7.25], "size": [5, 6, 5], "inflate": 0.01, "uv": [0, 32]}
					]
				},
				{
					"name": "beak",
					"parent": "head",
					"pivot": [0, 16.25, -7.25],
					"rotation": [15, 0, 0],
					"cubes": [
						{"origin": [-1, 15.25, -9.75], "size": [2, 1, 3], "inflate": 0.01, "uv": [15, 32]},
						{"origin": [-0.5, 14.75, -9.75], "size": [1, 1, 0], "uv": [0, 0]}
					]
				},
				{
					"name": "hair",
					"parent": "head",
					"pivot": [0, 17, -3.25],
					"rotation": [-50, 0, 0],
					"cubes": [
						{"origin": [0, 15, -5.25], "size": [0, 6, 4], "uv": [0, 0]}
					]
				},
				{
					"name": "eye_left",
					"parent": "head",
					"pivot": [2.01, 15.75, -6.01],
					"cubes": [
						{"origin": [1.51, 14.25, -7.01], "size": [1, 3, 2], "inflate": 0.01, "uv": [36, 40]}
					]
				},
				{
					"name": "eyelid_left",
					"parent": "eye_left",
					"pivot": [1.91, 15.75, -6.01],
					"cubes": [
						{"origin": [1.41, 14.25, -7.01], "size": [1, 3, 2], "inflate": 0.02, "uv": [40, 18]}
					]
				},
				{
					"name": "eye_right",
					"parent": "head",
					"pivot": [-2.01, 15.75, -6.01],
					"cubes": [
						{"origin": [-2.51, 14.25, -7.01], "size": [1, 3, 2], "inflate": 0.01, "uv": [0, 25]}
					]
				},
				{
					"name": "eyelid_right",
					"parent": "eye_right",
					"pivot": [-1.91, 15.75, -6.01],
					"cubes": [
						{"origin": [-2.41, 14.25, -7.01], "size": [1, 3, 2], "inflate": 0.02, "uv": [0, 10]}
					]
				},
				{
					"name": "jaw",
					"parent": "head",
					"pivot": [0, 15, -7.25],
					"rotation": [-7.5, 0, 0],
					"cubes": [
						{"origin": [-1, 14.25, -8.5], "size": [2, 1, 2], "uv": [42, 14]}
					]
				},
				{
					"name": "leg_left",
					"parent": "body",
					"pivot": [1.75, 6, -0.25],
					"cubes": [
						{"origin": [0.75, 3.75, -1.75], "size": [2, 4, 3], "inflate": 0.01, "uv": [37, 7]}
					]
				},
				{
					"name": "leg_left2",
					"parent": "leg_left",
					"pivot": [1.75, 3.75, 0.25],
					"rotation": [-10, 0, 0],
					"cubes": [
						{"origin": [1.25, 0.75, -0.75], "size": [1, 3, 1], "uv": [20, 36]}
					]
				},
				{
					"name": "foot_left",
					"parent": "leg_left2",
					"pivot": [1.75, 0.76519, 0.42365],
					"rotation": [10, 0, 0],
					"cubes": [
						{"origin": [0.75, -0.06116, -1.81116], "size": [2, 1, 3], "uv": [37, 24]}
					]
				},
				{
					"name": "toe_back_left",
					"parent": "foot_left",
					"pivot": [1.75, 0.93884, 1.18884],
					"cubes": [
						{"origin": [1.25, -0.06116, 1.18884], "size": [1, 1, 2], "inflate": 0.01, "uv": [44, 7]}
					]
				},
				{
					"name": "claw_back_left",
					"parent": "toe_back_left",
					"pivot": [1.75, 0.93884, 3.18884],
					"cubes": [
						{"origin": [1.75, -0.06116, 3.18884], "size": [0, 1, 1], "uv": [8, 6]}
					]
				},
				{
					"name": "toe_inner_left",
					"parent": "foot_left",
					"pivot": [1.5, 0.93884, -1.56116],
					"rotation": [0, 20, 0],
					"cubes": [
						{"origin": [0.5, -0.06116, -3.56116], "size": [1, 1, 2], "inflate": 0.01, "uv": [44, 0]}
					]
				},
				{
					"name": "claw_inner_left",
					"parent": "toe_inner_left",
					"pivot": [1, 0.93884, -3.56116],
					"cubes": [
						{"origin": [1, -0.06116, -4.56116], "size": [0, 1, 1], "uv": [8, 5]}
					]
				},
				{
					"name": "toe_outer_left",
					"parent": "foot_left",
					"pivot": [2, 0.93884, -1.56116],
					"rotation": [0, -20, 0],
					"cubes": [
						{"origin": [2, -0.06116, -3.56116], "size": [1, 1, 2], "inflate": 0.01, "uv": [40, 43]}
					]
				},
				{
					"name": "claw_outer_left",
					"parent": "toe_outer_left",
					"pivot": [2.5, 0.93884, -3.56116],
					"cubes": [
						{"origin": [2.5, -0.06116, -4.56116], "size": [0, 1, 1], "uv": [8, 4]}
					]
				},
				{
					"name": "toe_middle_left",
					"parent": "foot_left",
					"pivot": [1.75, 0.93884, -1.56116],
					"cubes": [
						{"origin": [1.25, -0.06116, -3.56116], "size": [1, 1, 2], "inflate": 0.02, "uv": [12, 43]}
					]
				},
				{
					"name": "claw_middle_left",
					"parent": "toe_middle_left",
					"pivot": [1.75, 0.93884, -3.56116],
					"cubes": [
						{"origin": [1.75, -0.06116, -4.56116], "size": [0, 1, 1], "uv": [8, 3]}
					]
				},
				{
					"name": "leg_right",
					"parent": "body",
					"pivot": [-1.75, 6, -0.25],
					"cubes": [
						{"origin": [-2.75, 3.75, -1.75], "size": [2, 4, 3], "inflate": 0.01, "uv": [37, 0]}
					]
				},
				{
					"name": "leg_right2",
					"parent": "leg_right",
					"pivot": [-1.75, 3.75, 0.25],
					"rotation": [-10, 0, 0],
					"cubes": [
						{"origin": [-2.25, 0.75, -0.75], "size": [1, 3, 1], "uv": [0, 30]}
					]
				},
				{
					"name": "foot_right",
					"parent": "leg_right2",
					"pivot": [-1.75, 0.76519, 0.42365],
					"rotation": [10, 0, 0],
					"cubes": [
						{"origin": [-2.75, -0.06116, -1.81116], "size": [2, 1, 3], "uv": [0, 0]}
					]
				},
				{
					"name": "toe_back_right",
					"parent": "foot_right",
					"pivot": [-1.75, 0.93884, 1.18884],
					"cubes": [
						{"origin": [-2.25, -0.06116, 1.18884], "size": [1, 1, 2], "inflate": 0.01, "uv": [42, 40]}
					]
				},
				{
					"name": "claw_back_right",
					"parent": "toe_back_right",
					"pivot": [-1.75, 0.93884, 3.18884],
					"cubes": [
						{"origin": [-1.75, -0.06116, 3.18884], "size": [0, 1, 1], "uv": [7, 1]}
					]
				},
				{
					"name": "toe_inner_right",
					"parent": "foot_right",
					"pivot": [-1.5, 0.93884, -1.56116],
					"rotation": [0, -20, 0],
					"cubes": [
						{"origin": [-1.5, -0.06116, -3.56116], "size": [1, 1, 2], "inflate": 0.01, "uv": [22, 32]}
					]
				},
				{
					"name": "claw_inner_right",
					"parent": "toe_inner_right",
					"pivot": [-1, 0.93884, -3.56116],
					"cubes": [
						{"origin": [-1, -0.06116, -4.56116], "size": [0, 1, 1], "uv": [7, 0]}
					]
				},
				{
					"name": "toe_outer_right",
					"parent": "foot_right",
					"pivot": [-2, 0.93884, -1.56116],
					"rotation": [0, 20, 0],
					"cubes": [
						{"origin": [-3, -0.06116, -3.56116], "size": [1, 1, 2], "inflate": 0.01, "uv": [21, 14]}
					]
				},
				{
					"name": "claw_outer_right",
					"parent": "toe_outer_right",
					"pivot": [-2.5, 0.93884, -3.56116],
					"cubes": [
						{"origin": [-2.5, -0.06116, -4.56116], "size": [0, 1, 1], "uv": [0, 1]}
					]
				},
				{
					"name": "toe_middle_right",
					"parent": "foot_right",
					"pivot": [-1.75, 0.93884, -1.56116],
					"cubes": [
						{"origin": [-2.25, -0.06116, -3.56116], "size": [1, 1, 2], "inflate": 0.02, "uv": [0, 15]}
					]
				},
				{
					"name": "claw_middle_right",
					"parent": "toe_middle_right",
					"pivot": [-1.75, 0.93884, -3.56116],
					"cubes": [
						{"origin": [-1.75, -0.06116, -4.56116], "size": [0, 1, 1], "uv": [0, 0]}
					]
				}
			]
		}
	]
}