{
	"format_version": "1.12.0",
	"minecraft:geometry": [
		{
			"description": {
				"identifier": "geometry.flygon",
				"texture_width": 256,
				"texture_height": 128,
				"visible_bounds_width": 11,
				"visible_bounds_height": 4.5,
				"visible_bounds_offset": [0, 1.75, 0]
			},
			"bones": [
				{
					"name": "flygon",
					"pivot": [0, 0, 0]
				},
				{
					"name": "body",
					"parent": "flygon",
					"pivot": [0, 21, 0]
				},
				{
					"name": "torso",
					"parent": "body",
					"pivot": [0, 10, 1],
					"cubes": [
						{"origin": [-6.5, 4, -5.5], "size": [13, 14, 14], "uv": [0, 38]}
					]
				},
				{
					"name": "chest",
					"parent": "torso",
					"pivot": [0, 18, 2],
					"cubes": [
						{"origin": [-5, 16.5, -3], "size": [10, 8, 10], "uv": [67, 24]}
					]
				},
				{
					"name": "arms",
					"parent": "chest",
					"pivot": [0, 23, 1]
				},
				{
					"name": "arm_left",
					"parent": "arms",
					"pivot": [5.5, 24, 1],
					"cubes": [
						{"origin": [5, 22, -1], "size": [6, 2, 2], "inflate": 0.01, "uv": [112, 0]}
					]
				},
				{
					"name": "arm_left2",
					"parent": "arm_left",
					"pivot": [11, 22, 1],
					"cubes": [
						{"origin": [11, 22, -1], "size": [5, 2, 2], "uv": [99, 11]}
					]
				},
				{
					"name": "hand_left",
					"parent": "arm_left2",
					"pivot": [16, 24, 0],
					"cubes": [
						{"origin": [16, 22, -2], "size": [3, 2, 4], "inflate": 0.02, "uv": [109, 12]}
					]
				},
				{
					"name": "finger_back_left",
					"parent": "hand_left",
					"pivot": [19, 22, 0.5],
					"rotation": [0, -45, 0]
				},
				{
					"name": "finger_back_left_rotation",
					"parent": "finger_back_left",
					"pivot": [19, 24, 1.5],
					"cubes": [
						{"origin": [19, 22, 0.5], "size": [2, 2, 2], "uv": [115, 24]}
					]
				},
				{
					"name": "finger_back_left2",
					"parent": "finger_back_left_rotation",
					"pivot": [21, 24, 1.5],
					"cubes": [
						{"origin": [21, 22, 0.5], "size": [2, 2, 2], "inflate": 0.01, "uv": [109, 40]}
					]
				},
				{
					"name": "finger_back_left3",
					"parent": "finger_back_left2",
					"pivot": [23, 24, 1.5],
					"cubes": [
						{"origin": [23, 22, 1], "size": [2, 2, 1], "uv": [94, 49]}
					]
				},
				{
					"name": "finger_center_left",
					"parent": "hand_left",
					"pivot": [19, 22, 0],
					"cubes": [
						{"origin": [19, 22, -1], "size": [2, 2, 2], "inflate": 0.01, "uv": [107, 24]}
					]
				},
				{
					"name": "finger_center_left2",
					"parent": "finger_center_left",
					"pivot": [21, 24, 0],
					"cubes": [
						{"origin": [21, 22, -1], "size": [2, 2, 2], "inflate": 0.02, "uv": [117, 32]}
					]
				},
				{
					"name": "finger_center_left3",
					"parent": "finger_center_left2",
					"pivot": [23, 24, 0],
					"cubes": [
						{"origin": [23, 22, -0.5], "size": [2, 2, 1], "uv": [100, 43]}
					]
				},
				{
					"name": "finger_front_left",
					"parent": "hand_left",
					"pivot": [19, 22, -0.5],
					"rotation": [0, 45, 0]
				},
				{
					"name": "finger_front_left_rotation",
					"parent": "finger_front_left",
					"pivot": [19, 24, -1.5],
					"cubes": [
						{"origin": [19, 22, -2.5], "size": [2, 2, 2], "uv": [99, 24]}
					]
				},
				{
					"name": "finger_front_left2",
					"parent": "finger_front_left_rotation",
					"pivot": [21, 24, -1.5],
					"cubes": [
						{"origin": [21, 22, -2.5], "size": [2, 2, 2], "inflate": 0.01, "uv": [109, 32]}
					]
				},
				{
					"name": "finger_front_left3",
					"parent": "finger_front_left2",
					"pivot": [23, 24, -1.5],
					"cubes": [
						{"origin": [23, 22, -2], "size": [2, 2, 1], "uv": [94, 43]}
					]
				},
				{
					"name": "arm_right",
					"parent": "arms",
					"pivot": [-5.5, 24, 1],
					"cubes": [
						{"origin": [-11, 22, -1], "size": [6, 2, 2], "inflate": 0.01, "uv": [112, 4], "mirror": true}
					]
				},
				{
					"name": "arm_right2",
					"parent": "arm_right",
					"pivot": [-11, 22, 1],
					"cubes": [
						{"origin": [-16, 22, -1], "size": [5, 2, 2], "uv": [112, 8], "mirror": true}
					]
				},
				{
					"name": "hand_right",
					"parent": "arm_right2",
					"pivot": [-16, 24, 0],
					"cubes": [
						{"origin": [-19, 22, -2], "size": [3, 2, 4], "inflate": 0.02, "uv": [106, 18], "mirror": true}
					]
				},
				{
					"name": "finger_back_right",
					"parent": "hand_right",
					"pivot": [-19, 22, 0.5],
					"rotation": [0, 45, 0]
				},
				{
					"name": "finger_back_right_rotation",
					"parent": "finger_back_right",
					"pivot": [-19, 24, 1.5],
					"cubes": [
						{"origin": [-21, 22, 0.5], "size": [2, 2, 2], "uv": [115, 28], "mirror": true}
					]
				},
				{
					"name": "finger_back_right2",
					"parent": "finger_back_right_rotation",
					"pivot": [-21, 24, 1.5],
					"cubes": [
						{"origin": [-23, 22, 0.5], "size": [2, 2, 2], "inflate": 0.01, "uv": [109, 44], "mirror": true}
					]
				},
				{
					"name": "finger_back_right3",
					"parent": "finger_back_right2",
					"pivot": [-23, 24, 1.5],
					"cubes": [
						{"origin": [-25, 22, 1], "size": [2, 2, 1], "uv": [94, 52], "mirror": true}
					]
				},
				{
					"name": "finger_center_right",
					"parent": "hand_right",
					"pivot": [-19, 22, 0],
					"cubes": [
						{"origin": [-21, 22, -1], "size": [2, 2, 2], "inflate": 0.01, "uv": [107, 28], "mirror": true}
					]
				},
				{
					"name": "finger_center_right2",
					"parent": "finger_center_right",
					"pivot": [-21, 24, 0],
					"cubes": [
						{"origin": [-23, 22, -1], "size": [2, 2, 2], "inflate": 0.02, "uv": [117, 36], "mirror": true}
					]
				},
				{
					"name": "finger_center_right3",
					"parent": "finger_center_right2",
					"pivot": [-23, 24, 0],
					"cubes": [
						{"origin": [-25, 22, -0.5], "size": [2, 2, 1], "uv": [100, 46], "mirror": true}
					]
				},
				{
					"name": "finger_front_right",
					"parent": "hand_right",
					"pivot": [-19, 22, -0.5],
					"rotation": [0, -45, 0]
				},
				{
					"name": "finger_front_right_rotation",
					"parent": "finger_front_right",
					"pivot": [-19, 24, -1.5],
					"cubes": [
						{"origin": [-21, 22, -2.5], "size": [2, 2, 2], "uv": [99, 28], "mirror": true}
					]
				},
				{
					"name": "finger_front_right2",
					"parent": "finger_front_right_rotation",
					"pivot": [-21, 24, -1.5],
					"cubes": [
						{"origin": [-23, 22, -2.5], "size": [2, 2, 2], "inflate": 0.01, "uv": [109, 36], "mirror": true}
					]
				},
				{
					"name": "finger_front_right3",
					"parent": "finger_front_right2",
					"pivot": [-23, 24, -1.5],
					"cubes": [
						{"origin": [-25, 22, -2], "size": [2, 2, 1], "uv": [94, 46], "mirror": true}
					]
				},
				{
					"name": "wings",
					"parent": "chest",
					"pivot": [0, 23, 6.8],
					"rotation": [5, 0, 0]
				},
				{
					"name": "wing_left",
					"parent": "wings",
					"pivot": [2, 23, 6.8]
				},
				{
					"name": "wing_left_rotation",
					"parent": "wing_left",
					"pivot": [2, 23, 6.8],
					"cubes": [
						{"origin": [2, 7.5, 6.81], "size": [27, 31, 0], "uv": [128, 0]}
					]
				},
				{
					"name": "wing_left2",
					"parent": "wing_left_rotation",
					"pivot": [29, 23, 6.8],
					"cubes": [
						{"origin": [29, 7.5, 6.81], "size": [27, 31, 0], "uv": [128, 31]}
					]
				},
				{
					"name": "wing_right",
					"parent": "wings",
					"pivot": [-2, 23, 6.8]
				},
				{
					"name": "wing_right_rotation",
					"parent": "wing_right",
					"pivot": [-2, 23, 6.8],
					"cubes": [
						{"origin": [-29, 7.5, 6.81], "size": [27, 31, 0], "uv": [182, 0], "mirror": true}
					]
				},
				{
					"name": "wing_right2",
					"parent": "wing_right_rotation",
					"pivot": [-29, 23, 6.8],
					"cubes": [
						{"origin": [-56, 7.5, 6.81], "size": [27, 31, 0], "uv": [182, 31], "mirror": true}
					]
				},
				{
					"name": "neck",
					"parent": "chest",
					"pivot": [0, 24.5, 2.75],
					"cubes": [
						{"origin": [-3.5, 23.5, -1.25], "size": [7, 6, 7], "inflate": 0.02, "uv": [76, 11]}
					]
				},
				{
					"name": "neck2",
					"parent": "neck",
					"pivot": [-0.25, 28.5, 2.25],
					"cubes": [
						{"origin": [-3, 28.5, -0.25], "size": [6, 6, 5], "inflate": 0.01, "uv": [90, 0]}
					]
				},
				{
					"name": "neck3",
					"parent": "neck2",
					"pivot": [-0.25, 34.5, 2.25],
					"cubes": [
						{"origin": [-2.5, 33.5, 0.25], "size": [5, 6, 4], "uv": [72, 0]}
					]
				},
				{
					"name": "head",
					"parent": "neck3",
					"pivot": [0.25, 38.5, 2.25],
					"cubes": [
						{"origin": [-4.5, 38.5, -6.25], "size": [9, 8, 12], "uv": [0, 0]}
					]
				},
				{
					"name": "eyes",
					"parent": "head",
					"pivot": [0.25, 42.5, -1.25]
				},
				{
					"name": "eye_left",
					"parent": "eyes",
					"pivot": [4.51, 42.5, -1.75],
					"cubes": [
						{"origin": [4.51, 41, -3.75], "size": [0, 3, 4], "uv": [0, 19]}
					]
				},
				{
					"name": "eye_shine_left",
					"parent": "eye_left",
					"pivot": [4.52, 42.5, -2.75],
					"cubes": [
						{"origin": [4.52, 42, -3.25], "size": [0, 1, 1], "uv": [8, 22]}
					]
				},
				{
					"name": "eyelid_left",
					"parent": "eye_left",
					"pivot": [3.92, 42.5, -1.75],
					"cubes": [
						{"origin": [3.42, 41, -3.75], "size": [1, 3, 4], "inflate": 0.01, "uv": [18, 20]}
					]
				},
				{
					"name": "eye_right",
					"parent": "eyes",
					"pivot": [-4.51, 42.5, -1.75],
					"cubes": [
						{"origin": [-4.51, 41, -3.75], "size": [0, 3, 4], "uv": [0, 22], "mirror": true}
					]
				},
				{
					"name": "eye_shine_right",
					"parent": "eye_right",
					"pivot": [-4.52, 42.5, -2.75],
					"cubes": [
						{"origin": [-4.52, 42, -3.25], "size": [0, 1, 1], "uv": [8, 23], "mirror": true}
					]
				},
				{
					"name": "eyelid_right",
					"parent": "eye_right",
					"pivot": [-3.92, 42.5, -1.75],
					"cubes": [
						{"origin": [-4.42, 41, -3.75], "size": [1, 3, 4], "inflate": 0.01, "uv": [36, 20], "mirror": true}
					]
				},
				{
					"name": "mouth",
					"parent": "head",
					"pivot": [0, 38.59, -3.25],
					"cubes": [
						{"origin": [-2.5, 38.59, -4.75], "size": [5, 0, 3], "uv": [-3, 20]}
					]
				},
				{
					"name": "eye_bubble_left",
					"parent": "head",
					"pivot": [4.5, 42.5, -1.25],
					"cubes": [
						{"origin": [6, 39.5, -4.25], "size": [0, 6, 6], "uv": [0, -6]},
						{"origin": [4, 45.5, -4.25], "size": [2, 0, 6], "uv": [24, 6]},
						{"origin": [4, 39.5, -4.25], "size": [2, 0, 6], "uv": [28, 6]},
						{"origin": [4, 39.5, -4.25], "size": [2, 6, 0], "uv": [30, 0]},
						{"origin": [4, 39.5, 1.75], "size": [2, 6, 0], "uv": [34, 0]}
					]
				},
				{
					"name": "eye_bubble_right",
					"parent": "head",
					"pivot": [-4.5, 42.5, -1.25],
					"cubes": [
						{"origin": [-6, 39.5, -4.25], "size": [0, 6, 6], "uv": [0, 0], "mirror": true},
						{"origin": [-6, 45.5, -4.25], "size": [2, 0, 6], "uv": [32, 6], "mirror": true},
						{"origin": [-6, 39.5, -4.25], "size": [2, 0, 6], "uv": [36, 6], "mirror": true},
						{"origin": [-6, 39.5, -4.25], "size": [2, 6, 0], "uv": [38, 0], "mirror": true},
						{"origin": [-6, 39.5, 1.75], "size": [2, 6, 0], "uv": [42, 0], "mirror": true}
					]
				},
				{
					"name": "antenna_left",
					"parent": "head",
					"pivot": [2, 43.5, 3.75],
					"rotation": [15, 0, 0],
					"cubes": [
						{"origin": [0.5, 43.5, 3.75], "size": [3, 3, 12], "uv": [0, 20]}
					]
				},
				{
					"name": "antenna_left2",
					"parent": "antenna_left",
					"pivot": [2, 46, 15.75],
					"cubes": [
						{"origin": [1, 44, 15.75], "size": [2, 2, 13], "inflate": 0.01, "uv": [42, 5]}
					]
				},
				{
					"name": "antenna_left3",
					"parent": "antenna_left2",
					"pivot": [2, 46, 28.75],
					"cubes": [
						{"origin": [1.5, 44, 28.75], "size": [1, 2, 11], "uv": [59, 0]}
					]
				},
				{
					"name": "antenna_right",
					"parent": "head",
					"pivot": [-2, 43.5, 3.75],
					"rotation": [15, 0, 0],
					"cubes": [
						{"origin": [-3.5, 43.5, 3.75], "size": [3, 3, 12], "uv": [18, 23], "mirror": true}
					]
				},
				{
					"name": "antenna_right2",
					"parent": "antenna_right",
					"pivot": [-2, 46, 15.75],
					"cubes": [
						{"origin": [-3, 44, 15.75], "size": [2, 2, 13], "inflate": 0.01, "uv": [36, 20], "mirror": true}
					]
				},
				{
					"name": "antenna_right3",
					"parent": "antenna_right2",
					"pivot": [-2, 46, 28.75],
					"cubes": [
						{"origin": [-2.5, 44, 28.75], "size": [1, 2, 11], "uv": [53, 20], "mirror": true}
					]
				},
				{
					"name": "tail",
					"parent": "torso",
					"pivot": [0, 3, -1],
					"rotation": [-10, 0, 0],
					"cubes": [
						{"origin": [-6, 3, -5], "size": [12, 10, 14], "uv": [56, 43]}
					]
				},
				{
					"name": "tail2",
					"parent": "tail",
					"pivot": [0, 8, 9],
					"cubes": [
						{"origin": [-5, 3.5, 7.5], "size": [10, 9, 12], "uv": [56, 75]}
					]
				},
				{
					"name": "tail3",
					"parent": "tail2",
					"pivot": [0, 8, 19.5],
					"cubes": [
						{"origin": [-4, 4.5, 18], "size": [8, 7, 12], "uv": [88, 68]}
					]
				},
				{
					"name": "tail4",
					"parent": "tail3",
					"pivot": [0, 8, 30],
					"cubes": [
						{"origin": [-3, 5, 28.5], "size": [6, 6, 11], "uv": [34, 70]}
					]
				},
				{
					"name": "tail5",
					"parent": "tail4",
					"pivot": [0, 8, 39.5],
					"cubes": [
						{"origin": [-2, 6, 38], "size": [4, 4, 10], "uv": [17, 67]}
					]
				},
				{
					"name": "tail6",
					"parent": "tail5",
					"pivot": [0, 8, 48],
					"cubes": [
						{"origin": [-1.5, 6.5, 46.5], "size": [3, 3, 11], "uv": [0, 70]}
					]
				},
				{
					"name": "tail_fins",
					"parent": "tail6",
					"pivot": [0, 8.1, 57.5]
				},
				{
					"name": "tail_fin_center",
					"parent": "tail_fins",
					"pivot": [0, 8.1, 57.5],
					"cubes": [
						{"origin": [-4.5, 8.1, 57.5], "size": [9, 0, 15], "uv": [101, 62]}
					]
				},
				{
					"name": "tail_fin_left",
					"parent": "tail_fins",
					"pivot": [1, 8, 56.75],
					"rotation": [0, 45, 0],
					"cubes": [
						{"origin": [-3.5, 8, 56.75], "size": [9, 0, 15], "uv": [119, 62]}
					]
				},
				{
					"name": "tail_fin_right",
					"parent": "tail_fins",
					"pivot": [-1, 8, 56.75],
					"rotation": [0, -45, 0],
					"cubes": [
						{"origin": [-5.5, 8, 56.75], "size": [9, 0, 15], "uv": [137, 62], "mirror": true}
					]
				},
				{
					"name": "legs",
					"parent": "body",
					"pivot": [0, 13.75, 0]
				},
				{
					"name": "leg_left",
					"parent": "legs",
					"pivot": [6.5, 14.25, 0],
					"rotation": [15, 0, 0],
					"cubes": [
						{"origin": [5.5, 10.75, -5], "size": [5, 7, 10], "uv": [0, 84]},
						{"origin": [5, 2.25, -5.5], "size": [6, 9, 11], "uv": [0, 101]}
					]
				},
				{
					"name": "leg_left2",
					"parent": "leg_left",
					"pivot": [8, 2.25, -1.5],
					"rotation": [2.5, 0, 0],
					"cubes": [
						{"origin": [6.5, 0.75, -2.5], "size": [3, 2, 5], "uv": [0, 121]}
					]
				},
				{
					"name": "foot_left",
					"parent": "leg_left2",
					"pivot": [8, 0.75, 2.5],
					"rotation": [-17.5, 0, 0],
					"cubes": [
						{"origin": [6, -1.25, -3.5], "size": [4, 2, 8], "inflate": 0.01, "uv": [57, 96]}
					]
				},
				{
					"name": "foot_left2",
					"parent": "foot_left",
					"pivot": [8, -1.25, -3.5],
					"cubes": [
						{"origin": [6, -1.25, -10.5], "size": [4, 2, 7], "inflate": 0.02, "uv": [58, 106]}
					]
				},
				{
					"name": "leg_right",
					"parent": "legs",
					"pivot": [-6.25, 14.25, 0],
					"rotation": [15, 0, 0],
					"cubes": [
						{"origin": [-10.25, 10.75, -5], "size": [5, 7, 10], "uv": [30, 87], "mirror": true},
						{"origin": [-10.75, 2.25, -5.5], "size": [6, 9, 11], "uv": [34, 104], "mirror": true}
					]
				},
				{
					"name": "leg_right2",
					"parent": "leg_right",
					"pivot": [-7.75, 2.25, -1.5],
					"rotation": [2.5, 0, 0],
					"cubes": [
						{"origin": [-9.25, 0.75, -2.5], "size": [3, 2, 5], "uv": [16, 121], "mirror": true}
					]
				},
				{
					"name": "foot_right",
					"parent": "leg_right2",
					"pivot": [-7.75, 0.75, 2.5],
					"rotation": [-17.5, 0, 0],
					"cubes": [
						{"origin": [-9.75, -1.25, -3.5], "size": [4, 2, 8], "inflate": 0.01, "uv": [73, 98], "mirror": true}
					]
				},
				{
					"name": "foot_right2",
					"parent": "foot_right",
					"pivot": [-7.75, -1.25, -3.5],
					"cubes": [
						{"origin": [-9.75, -1.25, -10.5], "size": [4, 2, 7], "inflate": 0.02, "uv": [73, 108], "mirror": true}
					]
				}
			]
		}
	]
}