{
	"format_version": "1.12.0",
	"minecraft:geometry": [
		{
			"description": {
				"identifier": "geometry.kadabra_female",
				"texture_width": 64,
				"texture_height": 128,
				"visible_bounds_width": 4,
				"visible_bounds_height": 3.5,
				"visible_bounds_offset": [0, 1.25, 0]
			},
			"bones": [
				{
					"name": "kadabra",
					"pivot": [0, 0, 0]
				},
				{
					"name": "body",
					"parent": "kadabra",
					"pivot": [0, 0, 0]
				},
				{
					"name": "torso",
					"parent": "body",
					"pivot": [0, 10.5, -1],
					"cubes": [
						{"origin": [-2.5, 8, -3], "size": [5, 6, 4], "uv": [46, 45]},
						{"origin": [0, 7, -2], "size": [0, 1, 3], "uv": [0, 6]}
					]
				},
				{
					"name": "chest",
					"parent": "torso",
					"pivot": [0, 13.5, -1],
					"cubes": [
						{"origin": [-4.5, 13, -5], "size": [9, 8, 7], "uv": [0, 24]}
					],
					"locators": {
						"held_item": {
							"offset": [8, 24, 6],
							"rotation": [-123.63223, -50.22317, 37.00552]
						}
					}
				},
				{
					"name": "head",
					"parent": "chest",
					"pivot": [0, 20.25, -2.25],
					"cubes": [
						{"origin": [-4, 19.25, -7.5], "size": [8, 6, 6], "uv": [0, 39]},
						{"origin": [3, 22.25, -7.5], "size": [1, 1, 1], "inflate": 0.02, "uv": [33, 53]},
						{"origin": [-4, 22.25, -7.5], "size": [1, 1, 1], "inflate": 0.02, "uv": [33, 53], "mirror": true},
						{"origin": [-0.5, 25.25, -7.5], "size": [1, 0, 1], "inflate": 0.01, "uv": [5, 0]},
						{"origin": [-1.5, 22.75, -7.51], "size": [3, 1, 0], "uv": [25, 30]}
					]
				},
				{
					"name": "muzzle",
					"parent": "head",
					"pivot": [0, 21.55, -7.5],
					"rotation": [55, 0, 0],
					"cubes": [
						{"origin": [-1.5, 19.55, -11.75], "size": [3, 2, 5], "uv": [0, 51]},
						{"origin": [-0.75, 19.8, -10.5], "size": [3, 1, 3], "pivot": [1, 20.55, -9.25], "rotation": [0, 35, 0], "uv": [26, 68]},
						{"origin": [-2.25, 19.8, -10.5], "size": [3, 1, 3], "pivot": [-1, 20.55, -9.25], "rotation": [0, -35, 0], "uv": [47, 65], "mirror": true}
					]
				},
				{
					"name": "jaw",
					"parent": "muzzle",
					"pivot": [0, 20.35, -8.25],
					"rotation": [-90, 0, 0],
					"cubes": [
						{"origin": [-1, 17.35, -8.25], "size": [2, 3, 1], "uv": [0, 27]}
					]
				},
				{
					"name": "mustache",
					"parent": "muzzle",
					"pivot": [0, 20.8, -10.5]
				},
				{
					"name": "mustache_left",
					"parent": "mustache",
					"pivot": [1.3, 21.25, -10],
					"rotation": [-55, 30, 30],
					"cubes": [
						{"origin": [1.3, 20.25, -10], "size": [3, 1, 0], "uv": [0, 116]}
					]
				},
				{
					"name": "mustache_left2",
					"parent": "mustache_left",
					"pivot": [4.3, 21.25, -10],
					"rotation": [0, 0, 20],
					"cubes": [
						{"origin": [4.3, 19.75, -10], "size": [2, 2, 0], "inflate": 0.01, "uv": [0, 113]}
					]
				},
				{
					"name": "mustache_left3",
					"parent": "mustache_left2",
					"pivot": [6.3, 21.75, -10],
					"rotation": [0, 0, 20],
					"cubes": [
						{"origin": [6.3, 19.75, -10.5], "size": [2, 2, 1], "uv": [0, 108]},
						{"origin": [8.3, 19.75, -10], "size": [3, 2, 0], "pivot": [8.3, 21.75, -10.25], "rotation": [0, 0, 7.5], "uv": [4, 113]}
					]
				},
				{
					"name": "mustache_right",
					"parent": "mustache",
					"pivot": [-1.3, 21.25, -10],
					"rotation": [-55, -30, -30],
					"cubes": [
						{"origin": [-4.3, 20.25, -10], "size": [3, 1, 0], "uv": [0, 115], "mirror": true}
					]
				},
				{
					"name": "mustache_right2",
					"parent": "mustache_right",
					"pivot": [-4.3, 21.25, -10],
					"rotation": [0, 0, -20],
					"cubes": [
						{"origin": [-6.3, 19.75, -10], "size": [2, 2, 0], "inflate": 0.01, "uv": [0, 111], "mirror": true}
					]
				},
				{
					"name": "mustache_right3",
					"parent": "mustache_right2",
					"pivot": [-6.3, 21.75, -10],
					"rotation": [0, 0, -20],
					"cubes": [
						{"origin": [-8.3, 19.75, -10.5], "size": [2, 2, 1], "uv": [6, 108], "mirror": true},
						{"origin": [-11.3, 19.75, -10], "size": [3, 2, 0], "pivot": [-8.3, 21.75, -10.25], "rotation": [0, 0, -7.5], "uv": [4, 111], "mirror": true}
					]
				},
				{
					"name": "eyes",
					"parent": "head",
					"pivot": [0, 22, -6.525]
				},
				{
					"name": "eye_left",
					"parent": "eyes",
					"pivot": [2.76, 22.25, -6.51],
					"cubes": [
						{"origin": [2.01, 20.7, -7.51], "size": [2, 2, 1], "uv": [55, 0]},
						{"origin": [2.01, 20.7, -7.51], "size": [2, 2, 1], "uv": [55, 0]},
						{"origin": [1.5, 20.7, -7.51], "size": [1, 1, 0], "inflate": 0.005, "uv": [35, 27]},
						{"origin": [2, 20.95, -7.51], "size": [1, 1, 0], "inflate": 0.015, "uv": [35, 28]}
					]
				},
				{
					"name": "eyelid_left",
					"parent": "eye_left",
					"pivot": [2.01, 21.75, -6.51],
					"cubes": [
						{"origin": [0.91, 20.7, -7.41], "size": [3, 2, 1], "inflate": 0.03, "uv": [55, 39]}
					]
				},
				{
					"name": "eye_right",
					"parent": "eyes",
					"pivot": [-2.76, 22.25, -6.51],
					"cubes": [
						{"origin": [-4.01, 20.7, -7.51], "size": [2, 2, 1], "uv": [0, 39]},
						{"origin": [-2.5, 20.7, -7.51], "size": [1, 1, 0], "inflate": 0.004, "uv": [34, 4]},
						{"origin": [-3, 20.95, -7.51], "size": [1, 1, 0], "inflate": 0.015, "uv": [0, 0]}
					]
				},
				{
					"name": "eyelid_right",
					"parent": "eye_right",
					"pivot": [-2.36, 21.75, -6.41],
					"cubes": [
						{"origin": [-3.91, 20.7, -7.41], "size": [3, 2, 1], "inflate": 0.03, "uv": [46, 21], "mirror": true}
					]
				},
				{
					"name": "ear_left",
					"parent": "head",
					"pivot": [1.4, 23.25, -3.75],
					"rotation": [-37.5, 37.5, 5],
					"cubes": [
						{"origin": [1.9, 28.45, -4.55], "size": [0, 2, 2], "uv": [29, 37]},
						{"origin": [1.4, 24.45, -5.05], "size": [1, 4, 3], "uv": [5, 66]}
					]
				},
				{
					"name": "ear_right",
					"parent": "head",
					"pivot": [-1.4, 23.25, -3.75],
					"rotation": [-37.5, -37.5, -5],
					"cubes": [
						{"origin": [-1.9, 28.45, -4.55], "size": [0, 2, 2], "uv": [34, 0]},
						{"origin": [-2.4, 24.45, -5.05], "size": [1, 4, 3], "uv": [56, 5]}
					]
				},
				{
					"name": "left_cheek",
					"parent": "head",
					"pivot": [3.75, 19.75, -6.15],
					"rotation": [-12.5, -10, -5],
					"cubes": [
						{"origin": [3.25, 19.75, -6], "size": [2, 4, 2], "uv": [21, 65]},
						{"origin": [5.25, 20, -5], "size": [1, 3, 0], "uv": [0, 24]}
					]
				},
				{
					"name": "right_cheek",
					"parent": "head",
					"pivot": [-3.75, 19.75, -6.15],
					"rotation": [-12.5, 10, 5],
					"cubes": [
						{"origin": [-5.25, 19.75, -6], "size": [2, 4, 2], "uv": [10, 60]},
						{"origin": [-6.25, 20, -5], "size": [1, 3, 0], "uv": [8, 5]}
					]
				},
				{
					"name": "shoulder_right",
					"parent": "chest",
					"pivot": [-4, 20.5, -1],
					"rotation": [0, 0, 15],
					"cubes": [
						{"origin": [-8.25, 15.5, -3.5], "size": [6, 5, 5], "uv": [28, 39]},
						{"origin": [-10.25, 15.5, -2.5], "size": [2, 3, 3], "uv": [52, 55]}
					]
				},
				{
					"name": "arm_right",
					"parent": "shoulder_right",
					"pivot": [-6.5, 16, -1],
					"rotation": [0, 0, 75],
					"cubes": [
						{"origin": [-7.5, 11, -2], "size": [2, 6, 2], "inflate": -0.1, "uv": [44, 55]}
					]
				},
				{
					"name": "arm_right2",
					"parent": "arm_right",
					"pivot": [-6.5, 11, -0.1],
					"cubes": [
						{"origin": [-7.5, 7, -2], "size": [2, 4, 2], "inflate": 0.11, "uv": [0, 63]}
					]
				},
				{
					"name": "hand_right",
					"parent": "arm_right2",
					"pivot": [-6.5, 7, -1],
					"cubes": [
						{"origin": [-7.5, 5, -2.5], "size": [2, 2, 3], "inflate": 0.01, "uv": [0, 58]}
					]
				},
				{
					"name": "finger_index_right",
					"parent": "hand_right",
					"pivot": [-7, 5, -2],
					"cubes": [
						{"origin": [-8, 3.5, -2.5], "size": [1, 2, 1], "uv": [36, 62]}
					]
				},
				{
					"name": "finger_index_right2",
					"parent": "finger_index_right",
					"pivot": [-8, 3.5, -2],
					"cubes": [
						{"origin": [-8, 1.5, -2.5], "size": [1, 2, 1], "inflate": 0.01, "uv": [60, 42]},
						{"origin": [-7.5, 0.5, -2.5], "size": [0, 1, 1], "pivot": [-7.5, 1.5, -2], "rotation": [0, 0, -10], "uv": [34, 0]}
					]
				},
				{
					"name": "finger_pinky_right",
					"parent": "hand_right",
					"pivot": [-7, 5, 0],
					"cubes": [
						{"origin": [-8, 3.5, -0.5], "size": [1, 2, 1], "uv": [22, 62]}
					]
				},
				{
					"name": "finger_pinky_right2",
					"parent": "finger_pinky_right",
					"pivot": [-8, 3.5, 0],
					"cubes": [
						{"origin": [-8, 1.5, -0.5], "size": [1, 2, 1], "inflate": 0.01, "uv": [18, 62]},
						{"origin": [-7.5, 0.5, -0.5], "size": [0, 1, 1], "pivot": [-7.5, 1.5, 0], "rotation": [0, 0, -10], "uv": [5, 26]}
					]
				},
				{
					"name": "thumb_right",
					"parent": "hand_right",
					"pivot": [-6, 5, -2],
					"cubes": [
						{"origin": [-6.5, 4, -3], "size": [1, 2, 1], "uv": [60, 45]}
					]
				},
				{
					"name": "thumb_right2",
					"parent": "thumb_right",
					"pivot": [-6, 4, -2.5],
					"cubes": [
						{"origin": [-6.5, 2, -3], "size": [1, 2, 1], "inflate": 0.01, "uv": [27, 64]},
						{"origin": [-6.5, 1, -2.5], "size": [1, 1, 0], "pivot": [-6, 2, -2.5], "rotation": [10, 0, 0], "uv": [36, 1]}
					]
				},
				{
					"name": "spoon",
					"parent": "hand_right",
					"pivot": [-6.5, 4, -1],
					"cubes": [
						{"origin": [-7, 4, -3.5], "size": [1, 0, 5], "uv": [3, 0]}
					]
				},
				{
					"name": "spoon2",
					"parent": "spoon",
					"pivot": [-6.5059, 4.17037, -3.5],
					"cubes": [
						{"origin": [-7.5, 4, -6.5], "size": [2, 0, 3], "uv": [0, 24]}
					]
				},
				{
					"name": "shoulder_left",
					"parent": "chest",
					"pivot": [4, 20.5, -1],
					"rotation": [0, 0, -15],
					"cubes": [
						{"origin": [2.25, 15.5, -3.5], "size": [6, 5, 5], "uv": [34, 0]},
						{"origin": [8.25, 15.5, -2.5], "size": [2, 3, 3], "uv": [25, 24]}
					]
				},
				{
					"name": "arm_left",
					"parent": "shoulder_left",
					"pivot": [6.5, 16, -1],
					"rotation": [0, 0, -75],
					"cubes": [
						{"origin": [5.5, 11, -2], "size": [2, 6, 2], "inflate": -0.1, "uv": [54, 21]}
					]
				},
				{
					"name": "arm_left2",
					"parent": "arm_left",
					"pivot": [6.5, 11, -0.1],
					"cubes": [
						{"origin": [5.5, 7, -2], "size": [2, 4, 2], "inflate": 0.11, "uv": [13, 66]}
					]
				},
				{
					"name": "hand_left",
					"parent": "arm_left2",
					"pivot": [6.5, 7, -1],
					"cubes": [
						{"origin": [5.5, 5, -2.5], "size": [2, 2, 3], "inflate": 0.01, "uv": [22, 39]}
					]
				},
				{
					"name": "finger_index_left",
					"parent": "hand_left",
					"pivot": [7, 5, -2],
					"cubes": [
						{"origin": [7, 3.5, -2.5], "size": [1, 2, 1], "uv": [56, 61]}
					]
				},
				{
					"name": "finger_index_left2",
					"parent": "finger_index_left",
					"pivot": [8, 3.5, -2],
					"cubes": [
						{"origin": [7, 1.5, -2.5], "size": [1, 2, 1], "inflate": 0.01, "uv": [52, 61]},
						{"origin": [7.5, 0.5, -2.5], "size": [0, 1, 1], "pivot": [7.5, 1.5, -2], "rotation": [0, 0, 10], "uv": [25, 25]}
					]
				},
				{
					"name": "finger_pinky_left",
					"parent": "hand_left",
					"pivot": [7, 5, 0],
					"cubes": [
						{"origin": [7, 3.5, -0.5], "size": [1, 2, 1], "uv": [11, 51]}
					]
				},
				{
					"name": "finger_pinky_left2",
					"parent": "finger_pinky_left",
					"pivot": [8, 3.5, 0],
					"cubes": [
						{"origin": [7, 1.5, -0.5], "size": [1, 2, 1], "inflate": 0.01, "uv": [51, 0]},
						{"origin": [7.5, 0.5, -0.5], "size": [0, 1, 1], "pivot": [7.5, 1.5, 0], "rotation": [0, 0, 10], "uv": [25, 24]}
					]
				},
				{
					"name": "thumb_left",
					"parent": "hand_left",
					"pivot": [6, 5, -2],
					"cubes": [
						{"origin": [5.5, 4, -3], "size": [1, 2, 1], "uv": [0, 51]}
					]
				},
				{
					"name": "thumb_left2",
					"parent": "thumb_left",
					"pivot": [6.0059, 3.92037, -3],
					"cubes": [
						{"origin": [5.5, 2, -3], "size": [1, 2, 1], "inflate": 0.01, "uv": [45, 39]},
						{"origin": [5.5, 1, -2.5], "size": [1, 1, 0], "pivot": [6, 2, -2.5], "rotation": [10, 0, 0], "uv": [36, 0]}
					]
				},
				{
					"name": "tail",
					"parent": "torso",
					"pivot": [0, 9, 0.5],
					"rotation": [-30, 0, 0],
					"cubes": [
						{"origin": [-5.5, 6.25, 0], "size": [11, 13, 10], "uv": [0, 0]}
					]
				},
				{
					"name": "tail2",
					"parent": "tail",
					"pivot": [0, 19.25, 10],
					"rotation": [47.5, 0, 0],
					"cubes": [
						{"origin": [-4, 10.25, 4], "size": [8, 9, 6], "uv": [32, 24]}
					]
				},
				{
					"name": "tail3",
					"parent": "tail2",
					"pivot": [0, 10.25, 4],
					"rotation": [-35, 0, 0],
					"cubes": [
						{"origin": [-1.5, 10.25, 4], "size": [3, 5, 6], "uv": [44, 10]}
					]
				},
				{
					"name": "tail4",
					"parent": "tail3",
					"pivot": [0, 10.25, 10],
					"rotation": [60, 0, 0],
					"cubes": [
						{"origin": [0, 10.25, 10], "size": [0, 4, 8], "uv": [28, 41]}
					]
				},
				{
					"name": "leg_right",
					"parent": "body",
					"pivot": [-2.5, 9.5, -1.5],
					"rotation": [-62, 45, 5],
					"cubes": [
						{"origin": [-4, 3.5, -2.5], "size": [2, 7, 2], "uv": [36, 53]}
					]
				},
				{
					"name": "leg_right2",
					"parent": "leg_right",
					"pivot": [-3, 3.5, -2.5],
					"rotation": [83, 0, 0],
					"cubes": [
						{"origin": [-4, -4.5, -3.25], "size": [2, 8, 3], "inflate": 0.01, "uv": [26, 53]},
						{"origin": [-4, 3.52, -3.25], "size": [2, 1, 1], "inflate": 0.01, "uv": [31, 64]}
					]
				},
				{
					"name": "foot_right",
					"parent": "leg_right2",
					"pivot": [-3, -4, -1.75],
					"rotation": [-18, 0, -4],
					"cubes": [
						{"origin": [-4.5, -5, -4], "size": [3, 1, 4], "inflate": 0.01, "uv": [36, 63]}
					]
				},
				{
					"name": "toe_outer_right",
					"parent": "foot_right",
					"pivot": [-3.5, -4, -4],
					"rotation": [0, 10, 0],
					"cubes": [
						{"origin": [-4.5, -5, -6], "size": [1, 1, 2], "uv": [40, 21]},
						{"origin": [-4, -5, -7], "size": [0, 1, 1], "uv": [25, 23]}
					]
				},
				{
					"name": "toe_inner_right",
					"parent": "foot_right",
					"pivot": [-2.5, -4, -4],
					"rotation": [0, -10, 0],
					"cubes": [
						{"origin": [-2.5, -5, -6], "size": [1, 1, 2], "uv": [56, 12]},
						{"origin": [-2, -5, -7], "size": [0, 1, 1], "uv": [8, 8]}
					]
				},
				{
					"name": "toe_back_right",
					"parent": "foot_right",
					"pivot": [-3, -4, 0],
					"cubes": [
						{"origin": [-3.5, -5, 0], "size": [1, 1, 2], "uv": [23, 51]},
						{"origin": [-3, -5, 2], "size": [0, 1, 1], "uv": [8, 7]}
					]
				},
				{
					"name": "leg_left",
					"parent": "body",
					"pivot": [2.5, 9.5, -1.5],
					"rotation": [-62, -45, -5],
					"cubes": [
						{"origin": [2, 3.5, -2.5], "size": [2, 7, 2], "uv": [0, 0]}
					]
				},
				{
					"name": "leg_left2",
					"parent": "leg_left",
					"pivot": [3, 3.5, -2.5],
					"rotation": [83, 0, 0],
					"cubes": [
						{"origin": [2, -4.5, -3.25], "size": [2, 8, 3], "inflate": 0.01, "uv": [16, 51]},
						{"origin": [2, 3.52, -3.25], "size": [2, 1, 1], "inflate": 0.01, "uv": [7, 58]}
					]
				},
				{
					"name": "foot_left",
					"parent": "leg_left2",
					"pivot": [3, -4, -1.75],
					"rotation": [-18, 0, 4],
					"cubes": [
						{"origin": [1.5, -5, -4], "size": [3, 1, 4], "inflate": 0.01, "uv": [45, 39]}
					]
				},
				{
					"name": "toe_outer_left",
					"parent": "foot_left",
					"pivot": [3.5, -4, -4],
					"rotation": [0, -10, 0],
					"cubes": [
						{"origin": [3.5, -5, -6], "size": [1, 1, 2], "uv": [44, 13]},
						{"origin": [4, -5, -7], "size": [0, 1, 1], "uv": [6, 8]}
					]
				},
				{
					"name": "toe_inner_left",
					"parent": "foot_left",
					"pivot": [2.5, -4, -4],
					"rotation": [0, 10, 0],
					"cubes": [
						{"origin": [1.5, -5, -6], "size": [1, 1, 2], "uv": [44, 10]},
						{"origin": [2, -5, -7], "size": [0, 1, 1], "uv": [6, 0]}
					]
				},
				{
					"name": "toe_back_left",
					"parent": "foot_left",
					"pivot": [3, -4, 0],
					"cubes": [
						{"origin": [2.5, -5, 0], "size": [1, 1, 2], "uv": [0, 42]},
						{"origin": [3, -5, 2], "size": [0, 1, 1], "uv": [0, 0]}
					]
				}
			]
		}
	]
}