{
	"format_version": "1.12.0",
	"minecraft:geometry": [
		{
			"description": {
				"identifier": "geometry.electabuzz",
				"texture_width": 64,
				"texture_height": 64,
				"visible_bounds_width": 5,
				"visible_bounds_height": 3.5,
				"visible_bounds_offset": [0, 1.25, 0]
			},
			"bones": [
				{
					"name": "electabuzz",
					"pivot": [0, 0, 0]
				},
				{
					"name": "body",
					"parent": "electabuzz",
					"pivot": [0, 12.5, 0]
				},
				{
					"name": "torso",
					"parent": "body",
					"pivot": [0, 8, -0.5],
					"cubes": [
						{"origin": [-5.5, 8, -3.75], "size": [11, 9, 8], "uv": [0, 14]},
						{"origin": [-4.5, 16.5, -3.25], "size": [9, 3, 7], "uv": [30, 0]}
					]
				},
				{
					"name": "tail",
					"parent": "torso",
					"pivot": [0, 9.5, 4.25],
					"cubes": [
						{"origin": [-1, 8.5, 3], "size": [2, 2, 6], "uv": [0, 55]}
					]
				},
				{
					"name": "tail2",
					"parent": "tail",
					"pivot": [0, 9.5, 8.75],
					"cubes": [
						{"origin": [-1, 8.5, 8], "size": [2, 2, 6], "inflate": 0.01, "uv": [10, 53]}
					]
				},
				{
					"name": "tail3",
					"parent": "tail2",
					"pivot": [0, 9.5, 13.5],
					"cubes": [
						{"origin": [-1, 8.5, 13], "size": [2, 2, 6], "inflate": 0.02, "uv": [20, 51]}
					]
				},
				{
					"name": "tail4",
					"parent": "tail3",
					"pivot": [0, 9.5, 18.5],
					"cubes": [
						{"origin": [-1, 8.5, 18], "size": [2, 2, 6], "inflate": 0.1, "uv": [30, 53]}
					]
				},
				{
					"name": "arms",
					"parent": "torso",
					"pivot": [0, 19, 0]
				},
				{
					"name": "arm_left",
					"parent": "arms",
					"pivot": [4.5, 18, 0],
					"cubes": [
						{"origin": [4, 17, -0.5], "size": [8, 2, 2], "uv": [0, 31]}
					]
				},
				{
					"name": "arm_left2",
					"parent": "arm_left",
					"pivot": [12, 18, 1.5],
					"cubes": [
						{"origin": [12, 16.25, -1.5], "size": [7, 3, 4], "inflate": 0.01, "uv": [0, 39]}
					]
				},
				{
					"name": "arm_fur_left",
					"parent": "arm_left2",
					"pivot": [12.5, 19.4, 0.5],
					"rotation": [0, 0, 20],
					"cubes": [
						{"origin": [9.5, 19.25, -1], "size": [3, 0, 3], "uv": [17, 31]}
					]
				},
				{
					"name": "hand_left",
					"parent": "arm_left2",
					"pivot": [19, 19.25, 1],
					"cubes": [
						{"origin": [19, 17.25, -1.5], "size": [3, 2, 4], "inflate": 0.02, "uv": [22, 39], "mirror": true}
					]
				},
				{
					"name": "fingers_left",
					"parent": "hand_left",
					"pivot": [22, 19.25, 0.5]
				},
				{
					"name": "finger_pinky_left",
					"parent": "fingers_left",
					"pivot": [22, 19.25, 2],
					"cubes": [
						{"origin": [22, 18.25, 1.5], "size": [2, 1, 1], "inflate": 0.01, "uv": [32, 45], "mirror": true}
					]
				},
				{
					"name": "finger_pinky_left2",
					"parent": "finger_pinky_left",
					"pivot": [24, 19.25, 2],
					"cubes": [
						{"origin": [24, 18.25, 1.5], "size": [2, 1, 1], "uv": [37, 44], "mirror": true}
					]
				},
				{
					"name": "finger_ring_left",
					"parent": "fingers_left",
					"pivot": [22, 19.25, 1],
					"cubes": [
						{"origin": [22, 18.25, 0.5], "size": [2, 1, 1], "inflate": 0.01, "uv": [43, 44], "mirror": true}
					]
				},
				{
					"name": "finger_ring_left2",
					"parent": "finger_ring_left",
					"pivot": [24, 19.25, 1],
					"cubes": [
						{"origin": [24, 18.25, 0.5], "size": [2, 1, 1], "uv": [49, 44], "mirror": true}
					]
				},
				{
					"name": "finger_middle_left",
					"parent": "fingers_left",
					"pivot": [22, 19.25, 0],
					"cubes": [
						{"origin": [22, 18.25, -0.5], "size": [2, 1, 1], "inflate": 0.01, "uv": [55, 44], "mirror": true}
					]
				},
				{
					"name": "finger_middle_left2",
					"parent": "finger_middle_left",
					"pivot": [24, 19.25, 0],
					"cubes": [
						{"origin": [24, 18.25, -0.5], "size": [2, 1, 1], "uv": [55, 48], "mirror": true}
					]
				},
				{
					"name": "finger_index_left",
					"parent": "fingers_left",
					"pivot": [22, 19.25, -1],
					"cubes": [
						{"origin": [22, 18.25, -1.5], "size": [2, 1, 1], "inflate": 0.01, "uv": [37, 48], "mirror": true}
					]
				},
				{
					"name": "finger_index_left2",
					"parent": "finger_index_left",
					"pivot": [24, 19.25, -1],
					"cubes": [
						{"origin": [24, 18.25, -1.5], "size": [2, 1, 1], "uv": [43, 48], "mirror": true}
					]
				},
				{
					"name": "thumb_left",
					"parent": "hand_left",
					"pivot": [21, 17.75, -1.25],
					"cubes": [
						{"origin": [20.5, 17.25, -1.75], "size": [2, 1, 1], "inflate": 0.01, "uv": [49, 48], "mirror": true}
					]
				},
				{
					"name": "thumb_left2",
					"parent": "thumb_left",
					"pivot": [22.5, 17.75, -1.75],
					"cubes": [
						{"origin": [22.5, 17.25, -1.75], "size": [1, 1, 1], "uv": [60, 40], "mirror": true}
					]
				},
				{
					"name": "arm_right",
					"parent": "arms",
					"pivot": [-4.5, 18, 0],
					"cubes": [
						{"origin": [-12, 17, -0.5], "size": [8, 2, 2], "uv": [0, 35], "mirror": true}
					]
				},
				{
					"name": "arm_right2",
					"parent": "arm_right",
					"pivot": [-12, 18, 1.5],
					"cubes": [
						{"origin": [-19, 16.25, -1.5], "size": [7, 3, 4], "inflate": 0.01, "uv": [0, 46], "mirror": true}
					]
				},
				{
					"name": "arm_fur_right",
					"parent": "arm_right2",
					"pivot": [-12.5, 19.4, 0.5],
					"rotation": [0, 0, -20],
					"cubes": [
						{"origin": [-12.5, 19.25, -1], "size": [3, 0, 3], "uv": [17, 34], "mirror": true}
					]
				},
				{
					"name": "hand_right",
					"parent": "arm_right2",
					"pivot": [-19, 19.25, 1],
					"cubes": [
						{"origin": [-22, 17.25, -1.5], "size": [3, 2, 4], "inflate": 0.02, "uv": [22, 45]}
					],
					"locators": {
						"held_item": {
							"offset": [-23.25, 16, 0.5],
							"rotation": [0, 0, -65]
						}
					}
				},
				{
					"name": "fingers_right",
					"parent": "hand_right",
					"pivot": [-22, 19.25, 0.5]
				},
				{
					"name": "finger_pinky_right",
					"parent": "fingers_right",
					"pivot": [-22, 19.25, 2],
					"cubes": [
						{"origin": [-24, 18.25, 1.5], "size": [2, 1, 1], "inflate": 0.01, "uv": [32, 47]}
					]
				},
				{
					"name": "finger_pinky_right2",
					"parent": "finger_pinky_right",
					"pivot": [-24, 19.25, 2],
					"cubes": [
						{"origin": [-26, 18.25, 1.5], "size": [2, 1, 1], "uv": [37, 46]}
					]
				},
				{
					"name": "finger_ring_right",
					"parent": "fingers_right",
					"pivot": [-22, 19.25, 1],
					"cubes": [
						{"origin": [-24, 18.25, 0.5], "size": [2, 1, 1], "inflate": 0.01, "uv": [43, 46]}
					]
				},
				{
					"name": "finger_ring_right2",
					"parent": "finger_ring_right",
					"pivot": [-24, 19.25, 1],
					"cubes": [
						{"origin": [-26, 18.25, 0.5], "size": [2, 1, 1], "uv": [49, 46]}
					]
				},
				{
					"name": "finger_middle_right",
					"parent": "fingers_right",
					"pivot": [-22, 19.25, 0],
					"cubes": [
						{"origin": [-24, 18.25, -0.5], "size": [2, 1, 1], "inflate": 0.01, "uv": [55, 46]}
					]
				},
				{
					"name": "finger_middle_right2",
					"parent": "finger_middle_right",
					"pivot": [-24, 19.25, 0],
					"cubes": [
						{"origin": [-26, 18.25, -0.5], "size": [2, 1, 1], "uv": [55, 50]}
					]
				},
				{
					"name": "finger_index_right",
					"parent": "fingers_right",
					"pivot": [-22, 19.25, -1],
					"cubes": [
						{"origin": [-24, 18.25, -1.5], "size": [2, 1, 1], "inflate": 0.01, "uv": [37, 50]}
					]
				},
				{
					"name": "finger_index_right2",
					"parent": "finger_index_right",
					"pivot": [-24, 19.25, -1],
					"cubes": [
						{"origin": [-26, 18.25, -1.5], "size": [2, 1, 1], "uv": [43, 50]}
					]
				},
				{
					"name": "thumb_right",
					"parent": "hand_right",
					"pivot": [-21, 17.75, -1.25],
					"cubes": [
						{"origin": [-22.5, 17.25, -1.75], "size": [2, 1, 1], "inflate": 0.01, "uv": [49, 50]}
					]
				},
				{
					"name": "thumb_right2",
					"parent": "thumb_right",
					"pivot": [-22.5, 17.75, -1.75],
					"cubes": [
						{"origin": [-23.5, 17.25, -1.75], "size": [1, 1, 1], "uv": [60, 42]}
					]
				},
				{
					"name": "head",
					"parent": "torso",
					"pivot": [0, 19.05, -0.75],
					"cubes": [
						{"origin": [-3.5, 19.05, -1.5], "size": [7, 1, 4], "inflate": 0.01, "uv": [39, 25]},
						{"origin": [-3.5, 20.05, -4.5], "size": [7, 6, 7], "inflate": 0.01, "uv": [1, 0]},
						{"origin": [-2.5, 21.55, -4.52], "size": [5, 4, 0], "uv": [22, 3]},
						{"origin": [-3, 20.03, -4.5], "size": [6, 0, 3], "uv": [19, 0]}
					]
				},
				{
					"name": "muzzle",
					"parent": "head",
					"pivot": [0, 21.7, -4.5],
					"cubes": [
						{"origin": [-2.5, 19.7, -5], "size": [5, 2, 1], "uv": [50, 19]},
						{"origin": [-1.5, 19.7, -5.002], "size": [3, 1, 0], "inflate": 0.01, "uv": [0, 14]},
						{"origin": [-1.5, 20.2, -5], "size": [3, 1, 1], "inflate": 0.01, "uv": [50, 22]}
					]
				},
				{
					"name": "eyes",
					"parent": "head",
					"pivot": [0, 21.8, -4.5]
				},
				{
					"name": "eye_left",
					"parent": "eyes",
					"pivot": [2.25, 22.25, -4.525],
					"cubes": [
						{"origin": [2.5, 21.25, -4.52], "size": [1, 2, 0], "uv": [0, 5]},
						{"origin": [1.5, 21.75, -4.52], "size": [1, 1, 0], "uv": [0, 4]}
					]
				},
				{
					"name": "eyelid_left",
					"parent": "eye_left",
					"pivot": [2.4, 22.2, -4.42],
					"cubes": [
						{"origin": [1.41, 21.25, -4.42], "size": [2, 2, 1], "inflate": 0.01, "uv": [0, 19]}
					]
				},
				{
					"name": "eye_right",
					"parent": "eyes",
					"pivot": [-2.25, 22.25, -4.525],
					"cubes": [
						{"origin": [-2.5, 21.75, -4.52], "size": [1, 1, 0], "uv": [2, 4], "mirror": true},
						{"origin": [-3.5, 21.25, -4.52], "size": [1, 2, 0], "uv": [2, 5], "mirror": true}
					]
				},
				{
					"name": "eyelid_right",
					"parent": "eye_right",
					"pivot": [-1.8, 22, -4.42],
					"cubes": [
						{"origin": [-3.41, 21.25, -4.42], "size": [2, 2, 1], "inflate": 0.01, "uv": [0, 16], "mirror": true}
					]
				},
				{
					"name": "jaw",
					"parent": "head",
					"pivot": [0, 20.05, -2],
					"cubes": [
						{"origin": [-3, 19.05, -4.3], "size": [6, 1, 3], "uv": [30, 10]},
						{"origin": [-2, 19.05, -4.8], "size": [4, 1, 1], "inflate": 0.01, "uv": [39, 22]}
					]
				},
				{
					"name": "teeth",
					"parent": "head",
					"pivot": [0, 20.05, -4.5],
					"cubes": [
						{"origin": [2.3, 19.3, -4.501], "size": [2, 1, 0], "pivot": [2.8, 20.05, -4.5], "rotation": [0, 0, 67.5], "uv": [4, 5]},
						{"origin": [-4.3, 19.3, -4.501], "size": [2, 1, 0], "pivot": [-2.8, 20.05, -4.5], "rotation": [0, 0, -67.5], "uv": [4, 4], "mirror": true}
					]
				},
				{
					"name": "head_side_left",
					"parent": "head",
					"pivot": [4.2, 21.35, 0.95],
					"rotation": [10, 10, 0],
					"cubes": [
						{"origin": [0.8, 20.35, -2.55], "size": [4, 3, 5], "pivot": [4.3, 21.35, 0.85], "rotation": [0, -45, 0], "uv": [31, 14]}
					]
				},
				{
					"name": "head_side_right",
					"parent": "head",
					"pivot": [-4.2, 21.35, 0.95],
					"rotation": [10, -10, 0],
					"cubes": [
						{"origin": [-4.8, 20.35, -2.55], "size": [4, 3, 5], "pivot": [-4.3, 21.35, 0.85], "rotation": [0, 45, 0], "uv": [46, 10], "mirror": true}
					]
				},
				{
					"name": "antennae",
					"parent": "head",
					"pivot": [0, 16.05, -0.25]
				},
				{
					"name": "antenna_left",
					"parent": "antennae",
					"pivot": [3, 24.55, -0.5],
					"rotation": [0, 0, 40],
					"cubes": [
						{"origin": [2.5, 24.55, -0.5], "size": [1, 3, 1], "uv": [60, 60]},
						{"origin": [2, 27.55, -1], "size": [2, 2, 2], "uv": [48, 60]}
					]
				},
				{
					"name": "antenna_right",
					"parent": "antennae",
					"pivot": [-3, 24.55, -0.5],
					"rotation": [0, 0, -40],
					"cubes": [
						{"origin": [-3.5, 24.55, -0.5], "size": [1, 3, 1], "uv": [56, 60], "mirror": true},
						{"origin": [-4, 27.55, -1], "size": [2, 2, 2], "uv": [24, 60], "mirror": true}
					]
				},
				{
					"name": "hair",
					"parent": "head",
					"pivot": [0, 25.05, -1.25]
				},
				{
					"name": "hair_top",
					"parent": "hair",
					"pivot": [0, 26.05, -3.25],
					"rotation": [-2.5, 0, 0],
					"cubes": [
						{"origin": [0, 25.75, -3.25], "size": [0, 4, 2], "uv": [59, -2]}
					]
				},
				{
					"name": "hair_top2",
					"parent": "hair",
					"pivot": [0, 26.05, -1.25],
					"rotation": [-15, 0, 0],
					"cubes": [
						{"origin": [0, 26.05, -1.25], "size": [0, 5, 2], "uv": [55, -2]}
					]
				},
				{
					"name": "legs",
					"parent": "body",
					"pivot": [0, 6.5, 0]
				},
				{
					"name": "leg_left",
					"parent": "legs",
					"pivot": [3.25, 8, 0.25],
					"cubes": [
						{"origin": [1.75, 4.5, -1.25], "size": [3, 4, 3], "inflate": 0.01, "uv": [40, 52]}
					]
				},
				{
					"name": "leg_left2",
					"parent": "leg_left",
					"pivot": [3.25, 4.5, -1.25],
					"cubes": [
						{"origin": [1.75, 1.5, -1.25], "size": [3, 3, 3], "uv": [38, 30]}
					]
				},
				{
					"name": "foot_left",
					"parent": "leg_left2",
					"pivot": [3.25, 2, 0.25],
					"cubes": [
						{"origin": [1.25, 0, -3.75], "size": [4, 2, 6], "uv": [24, 31]}
					]
				},
				{
					"name": "claw_left",
					"parent": "foot_left",
					"pivot": [4.5, 2, -3.75],
					"cubes": [
						{"origin": [4.5, 0, -6.75], "size": [0, 2, 3], "uv": [52, 33]}
					]
				},
				{
					"name": "claw_left2",
					"parent": "foot_left",
					"pivot": [2, 2, -3.75],
					"cubes": [
						{"origin": [2, 0, -6.75], "size": [0, 2, 3], "uv": [58, 33]}
					]
				},
				{
					"name": "claw_back_left",
					"parent": "foot_left",
					"pivot": [3.25, 2, 2.25],
					"cubes": [
						{"origin": [3.25, 0, 2.25], "size": [0, 2, 2], "uv": [52, 38]}
					]
				},
				{
					"name": "leg_right",
					"parent": "legs",
					"pivot": [-3.25, 8, 0.25],
					"cubes": [
						{"origin": [-4.75, 4.5, -1.25], "size": [3, 4, 3], "inflate": 0.01, "uv": [52, 52], "mirror": true}
					]
				},
				{
					"name": "leg_right2",
					"parent": "leg_right",
					"pivot": [-3.25, 4.5, -1.25],
					"cubes": [
						{"origin": [-4.75, 1.5, -1.25], "size": [3, 3, 3], "uv": [50, 30], "mirror": true}
					]
				},
				{
					"name": "foot_right",
					"parent": "leg_right2",
					"pivot": [-3.25, 2, 0.25],
					"cubes": [
						{"origin": [-5.25, 0, -3.75], "size": [4, 2, 6], "uv": [38, 36], "mirror": true}
					]
				},
				{
					"name": "claw_right",
					"parent": "foot_right",
					"pivot": [-4.5, 2, -3.75],
					"cubes": [
						{"origin": [-4.5, 0, -6.75], "size": [0, 2, 3], "uv": [52, 35], "mirror": true}
					]
				},
				{
					"name": "claw_right2",
					"parent": "foot_right",
					"pivot": [-2, 2, -3.75],
					"cubes": [
						{"origin": [-2, 0, -6.75], "size": [0, 2, 3], "uv": [58, 35], "mirror": true}
					]
				},
				{
					"name": "claw_back_right",
					"parent": "foot_right",
					"pivot": [-3.25, 2, 2.25],
					"cubes": [
						{"origin": [-3.25, 0, 2.25], "size": [0, 2, 2], "uv": [56, 38], "mirror": true}
					]
				}
			]
		}
	]
}