{
	"format_version": "1.12.0",
	"minecraft:geometry": [
		{
			"description": {
				"identifier": "geometry.rhydon",
				"texture_width": 128,
				"texture_height": 128,
				"visible_bounds_width": 5,
				"visible_bounds_height": 3.5,
				"visible_bounds_offset": [0, 1.25, 0]
			},
			"bones": [
				{
					"name": "rhydon",
					"pivot": [0, 0, 0]
				},
				{
					"name": "body",
					"parent": "rhydon",
					"pivot": [0, 13.79537, 1.98356],
					"cubes": [
						{"origin": [-6.5, 3.5, -6], "size": [13, 17, 10], "pivot": [0, 12, -1], "rotation": [10, 0, 0], "uv": [0, 0]},
						{"origin": [0, 8.5, 4], "size": [0, 12, 3], "inflate": 0.02, "pivot": [0, 12, -1], "rotation": [10, 0, 0], "uv": [67, 58]}
					]
				},
				{
					"name": "head",
					"parent": "body",
					"pivot": [0, 19.5, -3],
					"rotation": [5, 0, 0],
					"cubes": [
						{"origin": [-5, 19.5, -4], "size": [10, 8, 5], "uv": [36, 27]},
						{"origin": [-5, 22.5, -10], "size": [10, 5, 6], "uv": [30, 40]},
						{"origin": [4.5, 21.25, -8.25], "size": [0, 2, 2], "inflate": 0.02, "pivot": [4.5, 22.25, -7.25], "rotation": [0, 10, 0], "uv": [111, -2]},
						{"origin": [5.17431, 20.50761, -5.5], "size": [0, 3, 3], "inflate": 0.02, "pivot": [5.17431, 21.50761, -4], "rotation": [0, 0, -5], "uv": [0, 42]},
						{"origin": [5.77549, 20.25, -1.85196], "size": [0, 5, 6], "inflate": 0.02, "pivot": [5.77549, 22.75, 1.14804], "rotation": [0, 15, 0], "uv": [18, 39]},
						{"origin": [0, 26.75, -6.5], "size": [0, 3, 7], "inflate": 0.02, "pivot": [0, 28.25, -3], "rotation": [-10, 0, 0], "uv": [25, 20]},
						{"origin": [-5.77549, 20.25, -1.85196], "size": [0, 5, 6], "inflate": 0.02, "pivot": [-5.77549, 22.75, 1.14804], "rotation": [0, -15, 0], "uv": [43, 45]},
						{"origin": [-5.17431, 20.50761, -5.5], "size": [0, 3, 3], "inflate": 0.02, "pivot": [-5.17431, 21.50761, -4], "rotation": [0, 0, 5], "uv": [0, 31]}
					]
				},
				{
					"name": "horn",
					"parent": "head",
					"pivot": [0, 25, -8.75],
					"rotation": [-30, 0, 0],
					"cubes": [
						{"origin": [-0.5, 24.5, -14.75], "size": [1, 1, 2], "uv": [108, 21]},
						{"origin": [-1, 24, -12.75], "size": [2, 2, 4], "uv": [107, 27]}
					]
				},
				{
					"name": "jaw",
					"parent": "head",
					"pivot": [0, 21, -4],
					"cubes": [
						{"origin": [-5, 19.5, -10], "size": [10, 3, 6], "uv": [46, 16]}
					]
				},
				{
					"name": "eyes",
					"parent": "head",
					"pivot": [0, 24.5, -7.25],
					"cubes": [
						{"origin": [-5, 23.5, -9.25], "size": [0, 2, 4], "inflate": 0.02, "pivot": [-5, 24.5, -7.25], "rotation": [10, 0, 0], "uv": [82, -4]},
						{"origin": [5, 23.5, -9.25], "size": [0, 2, 4], "inflate": 0.02, "pivot": [5, 24.5, -7.25], "rotation": [10, 0, 0], "uv": [82, -4], "mirror": true}
					]
				},
				{
					"name": "leftear",
					"parent": "head",
					"pivot": [4.5, 27.25, -2],
					"rotation": [0, 15, 20],
					"cubes": [
						{"origin": [4.5, 27.25, -4.5], "size": [0, 7, 5], "inflate": 0.02, "uv": [0, 22]}
					]
				},
				{
					"name": "rightear",
					"parent": "head",
					"pivot": [-4.5, 27.25, -2],
					"rotation": [0, -15, -20],
					"cubes": [
						{"origin": [-4.5, 27.25, -4.5], "size": [0, 7, 5], "inflate": 0.02, "uv": [25, 25]}
					]
				},
				{
					"name": "leftarm",
					"parent": "body",
					"pivot": [6.5, 17, -2.25],
					"cubes": [
						{"origin": [5.5, 14.5, -4.75], "size": [6, 5, 5], "uv": [0, 61]}
					]
				},
				{
					"name": "lefthand",
					"parent": "leftarm",
					"pivot": [11.5, 17, -2.25],
					"cubes": [
						{"origin": [10.5, 15, -3.75], "size": [9, 4, 3], "uv": [61, 25]},
						{"origin": [19.5, 15.25, -2.25], "size": [1, 1, 0], "inflate": 0.02, "pivot": [20, 15.75, -2.25], "rotation": [-30, 0, 0], "uv": [0, 2]},
						{"origin": [19.5, 16.5, -1.25], "size": [1, 1, 0], "inflate": 0.02, "pivot": [20, 17, -1.25], "rotation": [0, 5, 0], "uv": [0, 1]},
						{"origin": [19.5, 17.75, -2.25], "size": [1, 1, 0], "inflate": 0.02, "pivot": [20, 18.25, -2.25], "rotation": [30, 0, 0], "uv": [0, 0]}
					]
				},
				{
					"name": "rightarm",
					"parent": "body",
					"pivot": [-6.5, 17, -2.25],
					"cubes": [
						{"origin": [-11.5, 14.5, -4.75], "size": [6, 5, 5], "uv": [45, 61]}
					]
				},
				{
					"name": "righthand",
					"parent": "rightarm",
					"pivot": [-11.5, 17, -2.25],
					"cubes": [
						{"origin": [-19.5, 15, -3.75], "size": [9, 4, 3], "uv": [62, 42]},
						{"origin": [-20.5, 15.25, -2.25], "size": [1, 1, 0], "inflate": 0.02, "pivot": [-20, 15.75, -2.25], "rotation": [-30, 0, 0], "uv": [2, 0]},
						{"origin": [-20.5, 16.5, -1.25], "size": [1, 1, 0], "inflate": 0.02, "pivot": [-20, 17, -1.25], "rotation": [0, -5, 0], "uv": [2, 2]},
						{"origin": [-20.5, 17.75, -2.25], "size": [1, 1, 0], "inflate": 0.02, "pivot": [-20, 18.25, -2.25], "rotation": [30, 0, 0], "uv": [2, 1]}
					],
					"locators": {
						"held_item": [-19, 16.75, -2.75]
					}
				},
				{
					"name": "tail",
					"parent": "body",
					"pivot": [0, 7, 0],
					"cubes": [
						{"origin": [-3.5, 3.5, -0.5], "size": [7, 7, 11], "uv": [0, 27]}
					]
				},
				{
					"name": "tail2",
					"parent": "tail",
					"pivot": [0, 6.5, 10.5],
					"cubes": [
						{"origin": [-2.5, 3.5, 10.5], "size": [5, 6, 7], "uv": [26, 51]}
					]
				},
				{
					"name": "tail3",
					"parent": "tail2",
					"pivot": [0, 6, 17.5],
					"cubes": [
						{"origin": [-1.5, 3.5, 17.5], "size": [3, 5, 6], "uv": [22, 64]}
					]
				},
				{
					"name": "tail4",
					"parent": "tail3",
					"pivot": [0, 5.5, 23.5],
					"cubes": [
						{"origin": [-1, 3.5, 23.5], "size": [2, 4, 4], "uv": [36, 0]}
					]
				},
				{
					"name": "leftleg",
					"parent": "body",
					"pivot": [5.25, 8.5, -0.5],
					"cubes": [
						{"origin": [3.75, 2, -4.5], "size": [5, 8, 8], "uv": [0, 45]}
					]
				},
				{
					"name": "leftfoot",
					"parent": "leftleg",
					"pivot": [6.25, 2, -0.25],
					"cubes": [
						{"origin": [4.25, 0, -5.25], "size": [4, 2, 8], "uv": [50, 51]},
						{"origin": [7.5, 0, -8.25], "size": [0, 2, 3], "inflate": 0.02, "uv": [36, 5]},
						{"origin": [5, 0, -8.25], "size": [0, 2, 3], "inflate": 0.02, "uv": [35, 27]}
					]
				},
				{
					"name": "rightleg",
					"parent": "body",
					"pivot": [-5.25, 8.5, -0.5],
					"cubes": [
						{"origin": [-8.75, 2, -4.5], "size": [5, 8, 8], "uv": [46, 0]}
					]
				},
				{
					"name": "rightfoot",
					"parent": "rightleg",
					"pivot": [-6.25, 2, -0.25],
					"cubes": [
						{"origin": [-8.25, 0, -5.25], "size": [4, 2, 8], "uv": [58, 32]},
						{"origin": [-7.5, 0, -8.25], "size": [0, 2, 3], "inflate": 0.02, "uv": [0, 45]},
						{"origin": [-5, 0, -8.25], "size": [0, 2, 3], "inflate": 0.02, "uv": [46, 13]}
					]
				}
			]
		}
	]
}