{
	"format_version": "1.12.0",
	"minecraft:geometry": [
		{
			"description": {
				"identifier": "geometry.snivy",
				"texture_width": 64,
				"texture_height": 64,
				"visible_bounds_width": 5,
				"visible_bounds_height": 2.5,
				"visible_bounds_offset": [0, 0.75, 0]
			},
			"bones": [
				{
					"name": "snivy",
					"pivot": [0, 0, 0]
				},
				{
					"name": "body",
					"parent": "snivy",
					"pivot": [0, 9, 0]
				},
				{
					"name": "torso_bottom",
					"parent": "body",
					"pivot": [0, 4, 0.75],
					"cubes": [
						{"origin": [-2.5, 4, -2.25], "size": [5, 6, 6], "inflate": 0.01, "uv": [0, 14]}
					]
				},
				{
					"name": "torso_top",
					"parent": "torso_bottom",
					"pivot": [0, 4, -2.25],
					"rotation": [-50, 0, 0],
					"cubes": [
						{"origin": [-2.5, 4, -7.25], "size": [5, 6, 5], "uv": [17, 21]}
					]
				},
				{
					"name": "torso_top2",
					"parent": "torso_top",
					"pivot": [0, 4.2, -7.25],
					"rotation": [-42, 0, 0],
					"cubes": [
						{"origin": [-2, 4.2, -13.25], "size": [4, 4, 6], "uv": [22, 8]}
					]
				},
				{
					"name": "neck_leaves",
					"parent": "torso_top2",
					"pivot": [0, 6.6, -13]
				},
				{
					"name": "neck_leaf_left",
					"parent": "neck_leaves",
					"pivot": [1.4, 7.1, -13],
					"rotation": [0, -45, -17.5],
					"cubes": [
						{"origin": [1.4, 6.1, -15], "size": [0, 2, 2], "uv": [16, 12]}
					]
				},
				{
					"name": "neck_leaf_left2",
					"parent": "neck_leaf_left",
					"pivot": [1.4, 7.1, -15],
					"rotation": [0, -65, 0],
					"cubes": [
						{"origin": [1.4, 6.1, -17], "size": [0, 3, 2], "uv": [0, 12]}
					]
				},
				{
					"name": "neck_leaf_left3",
					"parent": "neck_leaf_left2",
					"pivot": [1.4, 8.1, -17],
					"rotation": [0, -55, 0],
					"cubes": [
						{"origin": [1.4, 7.1, -18], "size": [0, 2, 1], "uv": [4, 3]}
					]
				},
				{
					"name": "neck_leaf_right",
					"parent": "neck_leaves",
					"pivot": [-1.4, 7.1, -13],
					"rotation": [0, 45, 17.5],
					"cubes": [
						{"origin": [-1.4, 6.1, -15], "size": [0, 2, 2], "uv": [0, 3]}
					]
				},
				{
					"name": "neck_leaf_right2",
					"parent": "neck_leaf_right",
					"pivot": [-1.4, 7.1, -15],
					"rotation": [0, 65, 0],
					"cubes": [
						{"origin": [-1.4, 6.1, -17], "size": [0, 3, 2], "uv": [0, 0]}
					]
				},
				{
					"name": "neck_leaf_right3",
					"parent": "neck_leaf_right2",
					"pivot": [-1.4, 8.1, -17],
					"rotation": [0, 55, 0],
					"cubes": [
						{"origin": [-1.4, 7.1, -18], "size": [0, 2, 1], "uv": [4, 1]}
					]
				},
				{
					"name": "arms",
					"parent": "torso_top2",
					"pivot": [0, 6.2, -12]
				},
				{
					"name": "arm_left",
					"parent": "arms",
					"pivot": [2, 6.7, -12.5],
					"cubes": [
						{"origin": [2, 5.7, -12.5], "size": [3, 2, 0], "inflate": 0.01, "uv": [0, 26]}
					]
				},
				{
					"name": "arm_left2",
					"parent": "arm_left",
					"pivot": [5, 7.7, -12.5],
					"cubes": [
						{"origin": [5, 5.2, -12.5], "size": [3, 3, 0], "uv": [24, 18]}
					]
				},
				{
					"name": "arm_left3",
					"parent": "arm_left2",
					"pivot": [8, 6.7, -12.5],
					"cubes": [
						{"origin": [8, 5.2, -12.5], "size": [2, 3, 0], "uv": [6, 26]}
					]
				},
				{
					"name": "arm_right",
					"parent": "arms",
					"pivot": [-2, 6.7, -12.5],
					"cubes": [
						{"origin": [-5, 5.7, -12.5], "size": [3, 2, 0], "inflate": 0.01, "uv": [0, 0]}
					]
				},
				{
					"name": "arm_right2",
					"parent": "arm_right",
					"pivot": [-5, 7.7, -12.5],
					"cubes": [
						{"origin": [-8, 5.2, -12.5], "size": [3, 3, 0], "uv": [0, 17]}
					]
				},
				{
					"name": "arm_right3",
					"parent": "arm_right2",
					"pivot": [-8, 6.7, -12.5],
					"cubes": [
						{"origin": [-10, 5.2, -12.5], "size": [2, 3, 0], "uv": [21, 0]}
					]
				},
				{
					"name": "neck",
					"parent": "torso_top2",
					"pivot": [0, 4.95, -13.25],
					"rotation": [-10, 0, 0],
					"cubes": [
						{"origin": [-1.5, 4.95, -16.25], "size": [3, 3, 3], "uv": [44, 11]}
					]
				},
				{
					"name": "vines",
					"parent": "neck",
					"pivot": [3.15, 7.85, -14.2],
					"rotation": [-77.5, 0, 0]
				},
				{
					"name": "vine_left",
					"parent": "vines",
					"pivot": [0.95, 7.75, -14.075],
					"cubes": [
						{"origin": [0.95, 7.25, -14.075], "size": [4, 1, 0], "uv": [43, 0]}
					]
				},
				{
					"name": "vine_left2",
					"parent": "vine_left",
					"pivot": [4.95, 7.75231, -14.08343],
					"cubes": [
						{"origin": [4.95, 7.25, -14.075], "size": [4, 1, 0], "uv": [43, 1]}
					]
				},
				{
					"name": "vine_left3",
					"parent": "vine_left2",
					"pivot": [8.95, 7.75231, -14.08343],
					"cubes": [
						{"origin": [8.95, 7.25, -14.075], "size": [4, 1, 0], "uv": [43, 2]}
					]
				},
				{
					"name": "vine_left4",
					"parent": "vine_left3",
					"pivot": [12.95, 7.75231, -14.08343],
					"cubes": [
						{"origin": [12.95, 7.25, -14.075], "size": [4, 1, 0], "uv": [43, 3]}
					]
				},
				{
					"name": "vine_left5",
					"parent": "vine_left4",
					"pivot": [16.95, 7.75231, -14.08343],
					"cubes": [
						{"origin": [16.95, 7.25, -14.075], "size": [4, 1, 0], "uv": [43, 4]}
					]
				},
				{
					"name": "vine_left6",
					"parent": "vine_left5",
					"pivot": [20.95, 7.75231, -14.08343],
					"cubes": [
						{"origin": [20.95, 7.25, -14.075], "size": [4, 1, 0], "uv": [43, 5]}
					]
				},
				{
					"name": "vine_left7",
					"parent": "vine_left6",
					"pivot": [24.95, 7.75231, -14.08343],
					"cubes": [
						{"origin": [24.95, 7.25, -14.075], "size": [4, 1, 0], "uv": [36, 12]}
					]
				},
				{
					"name": "vine_left_end",
					"parent": "vine_left7",
					"pivot": [28.95, 7.75231, -14.08343],
					"cubes": [
						{"origin": [28.95, 6.75, -14.075], "size": [3, 2, 0], "uv": [49, 17]}
					]
				},
				{
					"name": "vine_right",
					"parent": "vines",
					"pivot": [-0.95, 7.75, -14.075],
					"cubes": [
						{"origin": [-4.95, 7.25, -14.075], "size": [4, 1, 0], "uv": [0, 32], "mirror": true}
					]
				},
				{
					"name": "vine_right2",
					"parent": "vine_right",
					"pivot": [-4.95, 7.75231, -14.08343],
					"cubes": [
						{"origin": [-8.95, 7.25, -14.075], "size": [4, 1, 0], "uv": [0, 33], "mirror": true}
					]
				},
				{
					"name": "vine_right3",
					"parent": "vine_right2",
					"pivot": [-8.95, 7.75231, -14.08343],
					"cubes": [
						{"origin": [-12.95, 7.25, -14.075], "size": [4, 1, 0], "uv": [0, 34], "mirror": true}
					]
				},
				{
					"name": "vine_right4",
					"parent": "vine_right3",
					"pivot": [-12.95, 7.75231, -14.08343],
					"cubes": [
						{"origin": [-16.95, 7.25, -14.075], "size": [4, 1, 0], "uv": [0, 35], "mirror": true}
					]
				},
				{
					"name": "vine_right5",
					"parent": "vine_right4",
					"pivot": [-16.95, 7.75231, -14.08343],
					"cubes": [
						{"origin": [-20.95, 7.25, -14.075], "size": [4, 1, 0], "uv": [0, 36], "mirror": true}
					]
				},
				{
					"name": "vine_right6",
					"parent": "vine_right5",
					"pivot": [-20.95, 7.75231, -14.08343],
					"cubes": [
						{"origin": [-24.95, 7.25, -14.075], "size": [4, 1, 0], "uv": [0, 37], "mirror": true}
					]
				},
				{
					"name": "vine_right7",
					"parent": "vine_right6",
					"pivot": [-24.95, 7.75231, -14.08343],
					"cubes": [
						{"origin": [-28.95, 7.25, -14.075], "size": [4, 1, 0], "uv": [0, 38], "mirror": true}
					]
				},
				{
					"name": "vine_right_end",
					"parent": "vine_right7",
					"pivot": [-28.95, 7.75231, -14.08343],
					"cubes": [
						{"origin": [-31.95, 6.75, -14.075], "size": [3, 2, 0], "uv": [10, 26], "mirror": true}
					]
				},
				{
					"name": "head",
					"parent": "neck",
					"pivot": [0, 6.2, -15],
					"rotation": [102, 0, 0]
				},
				{
					"name": "head_ai",
					"parent": "head",
					"pivot": [0, 6.2, -15]
				},
				{
					"name": "head_rotation",
					"parent": "head_ai",
					"pivot": [0, 6.2, -15],
					"rotation": [-90, 0, 0],
					"cubes": [
						{"origin": [-3.5, 2.5, -22], "size": [7, 7, 7], "uv": [0, 0]}
					]
				},
				{
					"name": "eyes",
					"parent": "head_rotation",
					"pivot": [0, 5.2, -18.75]
				},
				{
					"name": "eye_left",
					"parent": "eyes",
					"pivot": [3.51, 5.75, -18.5],
					"cubes": [
						{"origin": [3.51, 3.25, -21], "size": [0, 5, 5], "uv": [40, 22]}
					]
				},
				{
					"name": "eyelid_half_left",
					"parent": "eye_left",
					"pivot": [3.515, 5.75, -19],
					"cubes": [
						{"origin": [3.515, 3.25, -21], "size": [0, 5, 4], "uv": [46, 28]}
					]
				},
				{
					"name": "eyelid_full_left",
					"parent": "eye_left",
					"pivot": [2.91, 5.75, -18.975],
					"cubes": [
						{"origin": [2.41, 3.25, -20.975], "size": [1, 5, 4], "inflate": 0.01, "uv": [54, 29]}
					]
				},
				{
					"name": "eye_right",
					"parent": "eyes",
					"pivot": [-3.51, 5.75, -18.5],
					"cubes": [
						{"origin": [-3.51, 3.25, -21], "size": [0, 5, 5], "uv": [16, 27], "mirror": true}
					]
				},
				{
					"name": "eyelid_half_right",
					"parent": "eye_right",
					"pivot": [-3.515, 5.75, -19],
					"cubes": [
						{"origin": [-3.515, 3.25, -21], "size": [0, 5, 4], "uv": [26, 28], "mirror": true}
					]
				},
				{
					"name": "eyelid_full_right",
					"parent": "eye_right",
					"pivot": [-2.91, 5.75, -18.975],
					"cubes": [
						{"origin": [-3.41, 3.25, -20.975], "size": [1, 5, 4], "inflate": 0.01, "uv": [34, 28], "mirror": true}
					]
				},
				{
					"name": "muzzle",
					"parent": "head_rotation",
					"pivot": [0, 2.5, -15.6],
					"rotation": [-5, 0, 0],
					"cubes": [
						{"origin": [-2.5, 0, -19.6], "size": [5, 3, 4], "uv": [21, 0]}
					]
				},
				{
					"name": "mouth_open",
					"parent": "muzzle",
					"pivot": [0, 1.4, -15.69],
					"cubes": [
						{"origin": [-1, 0.4, -15.69], "size": [2, 2, 0], "uv": [39, 5]}
					]
				},
				{
					"name": "muzzle2",
					"parent": "muzzle",
					"pivot": [0, 0, -16.6],
					"rotation": [-5, 0, 0],
					"cubes": [
						{"origin": [-1.5, -3, -19.6], "size": [3, 3, 3], "uv": [40, 17]}
					]
				},
				{
					"name": "muzzle3",
					"parent": "muzzle2",
					"pivot": [0, -3, -17.6],
					"rotation": [-10, 0, 0],
					"cubes": [
						{"origin": [-1, -5, -19.6], "size": [2, 2, 2], "uv": [16, 16]}
					]
				},
				{
					"name": "tail",
					"parent": "torso_bottom",
					"pivot": [0, 4.75, 3.75],
					"rotation": [15, 0, 0],
					"cubes": [
						{"origin": [-1.5, 4.75, 2.75], "size": [3, 5, 6], "uv": [45, 0]}
					]
				},
				{
					"name": "tail2",
					"parent": "tail",
					"pivot": [0, 6.5, 8.75],
					"rotation": [30, 0, 0],
					"cubes": [
						{"origin": [-1, 6.5, 8.75], "size": [2, 3, 5], "uv": [50, 21]}
					]
				},
				{
					"name": "tail_leaves",
					"parent": "tail2",
					"pivot": [0, 8.5, 12.3],
					"rotation": [15, 0, 0]
				},
				{
					"name": "tail_leaf_right",
					"parent": "tail_leaves",
					"pivot": [-0.5, 8.5, 12.8],
					"rotation": [0, -45, 0],
					"cubes": [
						{"origin": [-2.5, 8.5, 12.8], "size": [4, 0, 4], "inflate": 0.01, "uv": [33, 23]}
					]
				},
				{
					"name": "tail_leaf_right2",
					"parent": "tail_leaf_right",
					"pivot": [-2.5, 8.5, 16.8],
					"rotation": [0, 10, 0],
					"cubes": [
						{"origin": [-2.5, 8.5, 16.8], "size": [4, 0, 5], "uv": [31, 7]}
					]
				},
				{
					"name": "tail_leaf_middle",
					"parent": "tail_leaves",
					"pivot": [0, 8.5, 12.3],
					"cubes": [
						{"origin": [-2, 8.525, 12.3], "size": [4, 0, 5], "uv": [51, 11]}
					]
				},
				{
					"name": "tail_leaf_middle2",
					"parent": "tail_leaf_middle",
					"pivot": [0, 8.5, 17.3],
					"cubes": [
						{"origin": [-2, 8.525, 17.3], "size": [4, 0, 5], "uv": [51, 16]}
					]
				},
				{
					"name": "tail_leaf_left",
					"parent": "tail_leaves",
					"pivot": [0.5, 8.5, 12.8],
					"rotation": [0, 45, 0],
					"cubes": [
						{"origin": [-1.5, 8.5, 12.8], "size": [4, 0, 4], "inflate": 0.01, "uv": [31, 0]}
					]
				},
				{
					"name": "tail_leaf_left2",
					"parent": "tail_leaf_left",
					"pivot": [2.5, 8.5, 16.8],
					"rotation": [0, -10, 0],
					"cubes": [
						{"origin": [-1.5, 8.5, 16.8], "size": [4, 0, 5], "uv": [27, 18]}
					]
				},
				{
					"name": "legs",
					"parent": "body",
					"pivot": [0, 4, 0]
				},
				{
					"name": "leg_left",
					"parent": "legs",
					"pivot": [1.5, 4, 0.75],
					"cubes": [
						{"origin": [0.5, 2, 0.75], "size": [2, 2, 0], "uv": [32, 23]}
					]
				},
				{
					"name": "leg_left2",
					"parent": "leg_left",
					"pivot": [1.5, 2, 0.75],
					"rotation": [-10, 0, 0],
					"cubes": [
						{"origin": [0.5, 0, 0.75], "size": [2, 2, 0], "uv": [0, 30]}
					]
				},
				{
					"name": "foot_left",
					"parent": "leg_left2",
					"pivot": [1.5, 0, 0.75],
					"rotation": [-80, 0, 0],
					"cubes": [
						{"origin": [0.5, -1, 0.75], "size": [2, 1, 0], "uv": [28, 7]}
					]
				},
				{
					"name": "leg_right",
					"parent": "legs",
					"pivot": [-1.5, 4, 0.75],
					"cubes": [
						{"origin": [-2.5, 2, 0.75], "size": [2, 2, 0], "uv": [6, 29]}
					]
				},
				{
					"name": "leg_right2",
					"parent": "leg_right",
					"pivot": [-1.5, 2, 0.75],
					"rotation": [-10, 0, 0],
					"cubes": [
						{"origin": [-2.5, 0, 0.75], "size": [2, 2, 0], "uv": [0, 28]}
					]
				},
				{
					"name": "foot_right",
					"parent": "leg_right2",
					"pivot": [-1.5, 0, 0.75],
					"rotation": [-80, 0, 0],
					"cubes": [
						{"origin": [-2.5, -1, 0.75], "size": [2, 1, 0], "uv": [21, 3]}
					]
				}
			]
		}
	]
}