{
	"format_version": "1.12.0",
	"minecraft:geometry": [
		{
			"description": {
				"identifier": "geometry.combusken_male",
				"texture_width": 64,
				"texture_height": 64,
				"visible_bounds_width": 4,
				"visible_bounds_height": 3.5,
				"visible_bounds_offset": [0, 1.25, 0]
			},
			"bones": [
				{
					"name": "combusken",
					"pivot": [0, 0, 0]
				},
				{
					"name": "body",
					"parent": "combusken",
					"pivot": [0, 6.5, 0]
				},
				{
					"name": "torso",
					"parent": "body",
					"pivot": [0, 9.5, 0],
					"cubes": [
						{"origin": [-3, 7.5, -3], "size": [6, 14, 6], "uv": [0, 2]},
						{"origin": [-5, 12.5, -4], "size": [2, 0, 8], "pivot": [-3, 12.5, 0], "rotation": [0, 0, -45], "uv": [20, 0]},
						{"origin": [-4, 12.5, 2], "size": [3, 0, 3], "pivot": [-2, 12.5, 3], "rotation": [-36.26765, -7.52076, -18.58597], "uv": [-1, 27]},
						{"origin": [1, 12.5, -5], "size": [2, 0, 3], "pivot": [2.5, 12.5, -3], "rotation": [64.53504, -1.95204, -29.69591], "uv": [22, 31]},
						{"origin": [-3, 12.5, -5], "size": [2, 0, 3], "pivot": [-2.5, 12.5, -3], "rotation": [64.53504, 1.95204, 29.69591], "uv": [29, 0]},
						{"origin": [3, 12.5, -4], "size": [2, 0, 8], "pivot": [3, 12.5, 0], "rotation": [0, 0, 45], "uv": [16, 0]},
						{"origin": [1, 12.5, 2], "size": [3, 0, 3], "pivot": [2, 12.5, 3], "rotation": [-36.26765, 7.52076, 18.58597], "uv": [22, 8]}
					]
				},
				{
					"name": "head",
					"parent": "torso",
					"pivot": [0, 20.5, 0],
					"cubes": [
						{"origin": [-3.5, 19.5, -3.5], "size": [7, 7, 7], "uv": [17, 15]},
						{"origin": [-1.5, 20.75, -5], "size": [3, 1, 2], "uv": [36, 43]}
					]
				},
				{
					"name": "jaw",
					"parent": "head",
					"pivot": [0, 21.5, -1.5],
					"cubes": [
						{"origin": [-1, 20.5, -4.5], "size": [2, 1, 2], "uv": [0, 56]}
					]
				},
				{
					"name": "comb_middle1",
					"parent": "head",
					"pivot": [0, 26.5, 0.75],
					"rotation": [-15, 0, 0],
					"cubes": [
						{"origin": [-2.5, 26.5, 0.75], "size": [5, 5, 0], "uv": [26, 49]}
					]
				},
				{
					"name": "comb_middle2",
					"parent": "comb_middle1",
					"pivot": [0, 31.5, 0.75],
					"rotation": [-5, 0, 0],
					"cubes": [
						{"origin": [-2.5, 31.5, 0.75], "size": [5, 5, 0], "uv": [16, 49]}
					]
				},
				{
					"name": "comb_left1",
					"parent": "head",
					"pivot": [1.25, 26, 0.75],
					"rotation": [-20, 5, 50],
					"cubes": [
						{"origin": [-0.75, 26, 0.75], "size": [4, 4, 0], "uv": [34, 55]}
					]
				},
				{
					"name": "comb_left2",
					"parent": "comb_left1",
					"pivot": [1.25, 30, 0.75],
					"rotation": [-5, 0, 0],
					"cubes": [
						{"origin": [-0.75, 30, 0.75], "size": [4, 3, 0], "uv": [50, 6]}
					]
				},
				{
					"name": "comb_right1",
					"parent": "head",
					"pivot": [-1.25, 26, 0.75],
					"rotation": [-20, -5, -50],
					"cubes": [
						{"origin": [-3.25, 26, 0.75], "size": [4, 4, 0], "uv": [41, 51]}
					]
				},
				{
					"name": "comb_right2",
					"parent": "comb_right1",
					"pivot": [-1.25, 30, 0.75],
					"rotation": [-5, 0, 0],
					"cubes": [
						{"origin": [-3.25, 30, 0.75], "size": [3, 3, 0], "uv": [48, 37]}
					]
				},
				{
					"name": "eye_right",
					"parent": "head",
					"pivot": [0, 19.25, 0],
					"cubes": [
						{"origin": [-3.51, 21.25, -3.51], "size": [2, 3, 1], "uv": [48, 56]},
						{"origin": [-2.76, 21.5, -3.515], "size": [1, 2, 1], "uv": [51, 52]}
					]
				},
				{
					"name": "eyelid_right",
					"parent": "eye_right",
					"pivot": [0.1, 19.25, 0.1],
					"cubes": [
						{"origin": [-3.41, 21.25, -3.41], "size": [2, 3, 1], "inflate": 0.01, "uv": [42, 56]}
					]
				},
				{
					"name": "eye_left",
					"parent": "head",
					"pivot": [0, 19.25, 0],
					"cubes": [
						{"origin": [1.51, 21.25, -3.51], "size": [2, 3, 1], "uv": [0, 0]},
						{"origin": [1.76, 21.5, -3.515], "size": [1, 2, 1], "uv": [55, 52]}
					]
				},
				{
					"name": "eyelid_left",
					"parent": "eye_left",
					"pivot": [-0.1, 19.25, 0.1],
					"cubes": [
						{"origin": [1.41, 21.25, -3.41], "size": [2, 3, 1], "inflate": 0.01, "uv": [0, 31]}
					]
				},
				{
					"name": "arm_right",
					"parent": "torso",
					"pivot": [-2.5, 17.25, 0],
					"cubes": [
						{"origin": [-8.5, 16.25, -1.5], "size": [6, 2, 3], "uv": [37, 46]}
					]
				},
				{
					"name": "forearm_right",
					"parent": "arm_right",
					"pivot": [-8.5, 17.25, 1.5],
					"cubes": [
						{"origin": [-14.5, 16.25, -2], "size": [6, 2, 4], "inflate": 0.01, "uv": [20, 43]},
						{"origin": [-16.5, 18.25, -2.5], "size": [2, 0, 5], "pivot": [-14.5, 18.25, 0], "rotation": [0, 0, 15], "uv": [8, 22]},
						{"origin": [-16.5, 16.25, -2.5], "size": [2, 0, 5], "pivot": [-14.5, 16.25, 0], "rotation": [0, 0, -15], "uv": [4, 22]},
						{"origin": [-16.5, 15.75, 2], "size": [2, 3, 0], "pivot": [-14.5, 17.25, 2], "rotation": [0, 15, 0], "uv": [42, 32]},
						{"origin": [-16.5, 15.75, -2], "size": [2, 3, 0], "pivot": [-14.5, 17.25, -2], "rotation": [0, -15, 0], "uv": [0, 43]}
					]
				},
				{
					"name": "claws_right",
					"parent": "forearm_right",
					"pivot": [-14.5, 17.25, 0],
					"cubes": [
						{"origin": [-19.5, 16.25, 0], "size": [5, 2, 0], "uv": [46, 44]},
						{"origin": [-19.5, 16.25, -1.5], "size": [5, 2, 0], "uv": [45, 19]},
						{"origin": [-19.5, 16.25, 1.5], "size": [5, 2, 0], "uv": [44, 4]}
					]
				},
				{
					"name": "arm_left",
					"parent": "torso",
					"pivot": [2.5, 17.25, 0],
					"cubes": [
						{"origin": [2.5, 16.25, -1.5], "size": [6, 2, 3], "uv": [38, 10]}
					]
				},
				{
					"name": "forearm_left",
					"parent": "arm_left",
					"pivot": [8.5, 17.25, 1.5],
					"cubes": [
						{"origin": [8.5, 16.25, -2], "size": [6, 2, 4], "inflate": 0.01, "uv": [0, 43]},
						{"origin": [14.5, 18.25, -2.5], "size": [2, 0, 5], "pivot": [14.5, 18.25, 0], "rotation": [0, 0, -15], "uv": [0, 22]},
						{"origin": [14.5, 16.25, -2.5], "size": [2, 0, 5], "pivot": [14.5, 16.25, 0], "rotation": [0, 0, 15], "uv": [13, 0]},
						{"origin": [14.5, 15.75, 2], "size": [2, 3, 0], "pivot": [14.5, 17.25, 2], "rotation": [0, -15, 0], "uv": [32, 3]},
						{"origin": [14.5, 15.75, -2], "size": [2, 3, 0], "pivot": [14.5, 17.25, -2], "rotation": [0, 15, 0], "uv": [0, 22]}
					]
				},
				{
					"name": "claws_left",
					"parent": "forearm_left",
					"pivot": [14.5, 17.25, 0],
					"cubes": [
						{"origin": [14.5, 16.25, 0], "size": [5, 2, 0], "uv": [44, 2]},
						{"origin": [14.5, 16.25, -1.5], "size": [5, 2, 0], "uv": [44, 0]},
						{"origin": [14.5, 16.25, 1.5], "size": [5, 2, 0], "uv": [38, 15]}
					]
				},
				{
					"name": "tail1",
					"parent": "torso",
					"pivot": [0, 9.5, 1.5],
					"cubes": [
						{"origin": [-1.5, 7.5, 0], "size": [3, 4, 6], "inflate": 0.01, "uv": [32, 0]}
					]
				},
				{
					"name": "tail2",
					"parent": "tail1",
					"pivot": [0, 8, 6],
					"cubes": [
						{"origin": [-1, 8, 6], "size": [2, 3, 3], "uv": [18, 31]}
					]
				},
				{
					"name": "leg_right",
					"parent": "body",
					"pivot": [-2, 8.5, -0.5],
					"cubes": [
						{"origin": [-6.5, 5, -3.5], "size": [6, 6, 6], "uv": [24, 31]}
					]
				},
				{
					"name": "leg_right_mid",
					"parent": "leg_right",
					"pivot": [-3.5, 5, -1.5],
					"cubes": [
						{"origin": [-4.5, 0.5, -1.5], "size": [2, 5, 2], "uv": [8, 49]}
					]
				},
				{
					"name": "foot_right",
					"parent": "leg_right_mid",
					"pivot": [-3.5, 1, 0],
					"cubes": [
						{"origin": [-5, 0, -2.75], "size": [3, 1, 4], "inflate": 0.02, "uv": [42, 32]}
					]
				},
				{
					"name": "toe_right1",
					"parent": "foot_right",
					"pivot": [-4.5, 0.5, -2.5],
					"rotation": [0, 15, 0],
					"cubes": [
						{"origin": [-5, 0, -5.5], "size": [1, 1, 3], "uv": [26, 55]}
					]
				},
				{
					"name": "toenail_right1",
					"parent": "toe_right1",
					"pivot": [-4.5, 1, -5.5],
					"cubes": [
						{"origin": [-4.5, 0, -6.5], "size": [0, 1, 1], "uv": [0, 24]}
					]
				},
				{
					"name": "toe_right2",
					"parent": "foot_right",
					"pivot": [-3.5, 0.5, -2.75],
					"cubes": [
						{"origin": [-4, 0, -5.75], "size": [1, 1, 3], "uv": [21, 54]}
					]
				},
				{
					"name": "toenail_right2",
					"parent": "toe_right2",
					"pivot": [-3.5, 1, -5.75],
					"cubes": [
						{"origin": [-3.5, 0, -6.75], "size": [0, 1, 1], "uv": [18, 4]}
					]
				},
				{
					"name": "toe_right3",
					"parent": "foot_right",
					"pivot": [-2.5, 0.5, -2.5],
					"rotation": [0, -15, 0],
					"cubes": [
						{"origin": [-3, 0, -5.5], "size": [1, 1, 3], "uv": [13, 54]}
					]
				},
				{
					"name": "toenail_right3",
					"parent": "toe_right3",
					"pivot": [-2.5, 1, -5.5],
					"cubes": [
						{"origin": [-2.5, 0, -6.5], "size": [0, 1, 1], "uv": [4, 4]}
					]
				},
				{
					"name": "toe_back_right",
					"parent": "foot_right",
					"pivot": [-3.5, 0.5, 1.25],
					"cubes": [
						{"origin": [-4, 0, 1.25], "size": [1, 1, 3], "uv": [46, 52]}
					]
				},
				{
					"name": "toenail_back_right",
					"parent": "toe_back_right",
					"pivot": [-3.5, 1, 4.25],
					"cubes": [
						{"origin": [-3.5, 0, 4.25], "size": [0, 1, 1], "uv": [4, 3]}
					]
				},
				{
					"name": "leg_left",
					"parent": "body",
					"pivot": [2, 8.5, -0.5],
					"cubes": [
						{"origin": [0.5, 5, -3.5], "size": [6, 6, 6], "uv": [0, 31]}
					]
				},
				{
					"name": "leg_left_mid",
					"parent": "leg_left",
					"pivot": [3.5, 5, -1.5],
					"cubes": [
						{"origin": [2.5, 0.5, -1.5], "size": [2, 5, 2], "uv": [0, 49]}
					]
				},
				{
					"name": "foot_left",
					"parent": "leg_left_mid",
					"pivot": [3.5, 1, 0],
					"cubes": [
						{"origin": [2, 0, -2.75], "size": [3, 1, 4], "inflate": 0.02, "uv": [48, 22]}
					]
				},
				{
					"name": "toe_left1",
					"parent": "foot_left",
					"pivot": [4.5, 0.5, -2.5],
					"rotation": [0, -15, 0],
					"cubes": [
						{"origin": [4, 0, -5.5], "size": [1, 1, 3], "uv": [45, 40]}
					]
				},
				{
					"name": "toenail_left1",
					"parent": "toe_left1",
					"pivot": [4.5, 1, -5.5],
					"cubes": [
						{"origin": [4.5, 0, -6.5], "size": [0, 1, 1], "uv": [2, 4]}
					]
				},
				{
					"name": "toe_left2",
					"parent": "foot_left",
					"pivot": [3.5, 0.5, -2.75],
					"cubes": [
						{"origin": [3, 0, -5.75], "size": [1, 1, 3], "uv": [33, 51]}
					]
				},
				{
					"name": "toenail_left2",
					"parent": "toe_left2",
					"pivot": [3.5, 1, -5.75],
					"cubes": [
						{"origin": [3.5, 0, -6.75], "size": [0, 1, 1], "uv": [0, 4]}
					]
				},
				{
					"name": "toe_left3",
					"parent": "foot_left",
					"pivot": [2.5, 0.5, -2.5],
					"rotation": [0, 15, 0],
					"cubes": [
						{"origin": [2, 0, -5.5], "size": [1, 1, 3], "uv": [45, 15]}
					]
				},
				{
					"name": "toenail_left3",
					"parent": "toe_left3",
					"pivot": [2.5, 1, -5.5],
					"cubes": [
						{"origin": [2.5, 0, -6.5], "size": [0, 1, 1], "uv": [2, 3]}
					]
				},
				{
					"name": "toe_back_left",
					"parent": "foot_left",
					"pivot": [3.5, 0.5, 1.25],
					"cubes": [
						{"origin": [3, 0, 1.25], "size": [1, 1, 3], "uv": [16, 43]}
					]
				},
				{
					"name": "toenail_back_left",
					"parent": "toe_back_left",
					"pivot": [3.5, 1, 4.25],
					"cubes": [
						{"origin": [3.5, 0, 4.25], "size": [0, 1, 1], "uv": [0, 3]}
					]
				}
			]
		}
	]
}