{
	"format_version": "1.12.0",
	"minecraft:geometry": [
		{
			"description": {
				"identifier": "geometry.haunter",
				"texture_width": 128,
				"texture_height": 64,
				"visible_bounds_width": 4,
				"visible_bounds_height": 3.5,
				"visible_bounds_offset": [0, 1.25, 0]
			},
			"bones": [
				{
					"name": "haunter",
					"pivot": [0, 0, 0]
				},
				{
					"name": "body",
					"parent": "haunter",
					"pivot": [0, 0, 0]
				},
				{
					"name": "torso",
					"parent": "body",
					"pivot": [0, 5, 0],
					"cubes": [
						{"origin": [-8.5, 12, -8], "size": [17, 7, 16], "inflate": 0.01, "uv": [0, 0]},
						{"origin": [-8.5, 4, -3], "size": [17, 8, 11], "uv": [0, 41]},
						{"origin": [-8.5, 2, -8], "size": [17, 2, 16], "uv": [0, 23]},
						{"origin": [8.5, 4, -8], "size": [0, 4, 5], "uv": [94, 34]},
						{"origin": [-8.5, 4, -8], "size": [0, 4, 5], "uv": [118, 2]},
						{"origin": [-8.49, 8, -8], "size": [0, 4, 5], "uv": [0, 43]},
						{"origin": [8.49, 8, -8], "size": [0, 4, 5], "uv": [108, 2]},
						{"origin": [-8.5, 4, -8], "size": [17, 1, 0], "inflate": 0.01, "uv": [50, 15]},
						{"origin": [-14.77862, 4.16707, -0.66606], "size": [7, 9, 0], "pivot": [-7.27862, 8.16707, -0.66606], "rotation": [0, 35, 5], "uv": [0, 30]},
						{"origin": [-20.5, 12.5, 0.75], "size": [13, 7, 0], "pivot": [-7.5, 14, 0.75], "rotation": [0, 30, 40], "uv": [86, 32]},
						{"origin": [7.77862, 4.16707, -0.66606], "size": [7, 9, 0], "pivot": [7.27862, 8.16707, -0.66606], "rotation": [0, -35, -5], "uv": [0, 7]},
						{"origin": [7.5, 12.5, 0.75], "size": [13, 7, 0], "pivot": [7.5, 14, 0.75], "rotation": [0, -30, -40], "uv": [94, 0]}
					]
				},
				{
					"name": "mouth_closed_cover",
					"parent": "torso",
					"pivot": [-3.5, 16, -4],
					"cubes": [
						{"origin": [-8.5, 14, -8], "size": [17, 4, 2], "uv": [50, 23]}
					]
				},
				{
					"name": "mouth_top",
					"parent": "torso",
					"pivot": [0, 7, -8],
					"cubes": [
						{"origin": [-8.5, 6, -8], "size": [17, 2, 0], "uv": [50, 29]},
						{"origin": [-8.5, 8, -8], "size": [17, 4, 5], "uv": [45, 41]}
					]
				},
				{
					"name": "eye_right",
					"parent": "mouth_top",
					"pivot": [-4, 14.5, -7.5],
					"cubes": [
						{"origin": [-7, 9, -8.01], "size": [5, 5, 1], "inflate": 0.02, "uv": [72, 56]},
						{"origin": [-7.5, 9, -8.01], "size": [6, 7, 1], "inflate": 0.01, "uv": [84, 56]}
					]
				},
				{
					"name": "eyelid_right",
					"parent": "eye_right",
					"pivot": [-4.5, 11.5, -7.41],
					"cubes": [
						{"origin": [-7, 9, -7.91], "size": [5, 5, 1], "inflate": 0.03, "uv": [66, 16]}
					]
				},
				{
					"name": "eye_left",
					"parent": "mouth_top",
					"pivot": [4, 10.5, -7.5],
					"cubes": [
						{"origin": [1.5, 9, -8.01], "size": [6, 7, 1], "inflate": 0.01, "uv": [95, 56]},
						{"origin": [2, 9, -8.01], "size": [5, 5, 1], "inflate": 0.02, "uv": [116, 25]}
					]
				},
				{
					"name": "eyelid_left",
					"parent": "eye_left",
					"pivot": [4.5, 11.5, -7.41],
					"cubes": [
						{"origin": [2, 9, -7.91], "size": [5, 5, 1], "inflate": 0.03, "uv": [90, 24]}
					]
				},
				{
					"name": "tounge",
					"parent": "torso",
					"pivot": [0, 6.5, 4],
					"cubes": [
						{"origin": [-4.5, 6.5, -2], "size": [9, 0, 6], "uv": [50, 50]}
					]
				},
				{
					"name": "tounge2",
					"parent": "tounge",
					"pivot": [0, 6.5, -2],
					"rotation": [-97.5, 0, 0],
					"cubes": [
						{"origin": [-4.5, 6.5, -8], "size": [9, 0, 6], "uv": [44, 31]}
					]
				},
				{
					"name": "tounge3",
					"parent": "tounge2",
					"pivot": [0, 6.5, -8],
					"rotation": [-92.5, 0, 0],
					"cubes": [
						{"origin": [-4, 6.5, -14], "size": [8, 0, 6], "uv": [50, 56]}
					]
				},
				{
					"name": "hand_left",
					"parent": "body",
					"pivot": [13, 2, -8],
					"cubes": [
						{"origin": [10.5, 0, -10.5], "size": [5, 4, 4], "uv": [94, 7]}
					]
				},
				{
					"name": "finger_left_index",
					"parent": "hand_left",
					"pivot": [11.5, 4, -9.5],
					"cubes": [
						{"origin": [10.5, 2, -13.5], "size": [2, 2, 4], "inflate": 0.01, "uv": [106, 45]}
					]
				},
				{
					"name": "finger_left_index2",
					"parent": "finger_left_index",
					"pivot": [11.5, 4, -13.5],
					"cubes": [
						{"origin": [10.5, 2, -16.5], "size": [2, 2, 3], "uv": [101, 17]},
						{"origin": [11.5, 2, -18.5], "size": [0, 2, 2], "pivot": [11.5, 4, -16.5], "rotation": [15, 0, 0], "uv": [0, 23]}
					]
				},
				{
					"name": "finger_left_middle",
					"parent": "hand_left",
					"pivot": [13, 4.25, -9.25],
					"cubes": [
						{"origin": [12, 2.25, -13.25], "size": [2, 2, 4], "inflate": 0.01, "uv": [116, 47]}
					]
				},
				{
					"name": "finger_left_middle2",
					"parent": "finger_left_middle",
					"pivot": [13, 4.25, -13.25],
					"cubes": [
						{"origin": [12, 2.25, -16.25], "size": [2, 2, 3], "uv": [111, 17]},
						{"origin": [13, 2.25, -18.25], "size": [0, 2, 2], "pivot": [13, 4.25, -16.25], "rotation": [15, 0, 0], "uv": [12, 23]}
					]
				},
				{
					"name": "finger_left_ring",
					"parent": "hand_left",
					"pivot": [14.5, 4, -9.5],
					"cubes": [
						{"origin": [13.5, 2, -13.5], "size": [2, 2, 4], "inflate": 0.01, "uv": [74, 50]}
					]
				},
				{
					"name": "finger_left_ring2",
					"parent": "finger_left_ring",
					"pivot": [14.5, 4, -13.5],
					"cubes": [
						{"origin": [13.5, 2, -16.5], "size": [2, 2, 3], "uv": [109, 51]},
						{"origin": [14.5, 2, -18.5], "size": [0, 2, 2], "pivot": [14.5, 4, -16.5], "rotation": [15, 0, 0], "uv": [12, 21]}
					]
				},
				{
					"name": "hand_left2",
					"parent": "hand_left",
					"pivot": [13, 2, -6.5],
					"cubes": [
						{"origin": [11, 0.5, -7.5], "size": [4, 3, 4], "uv": [0, 23]}
					]
				},
				{
					"name": "hand_right",
					"parent": "body",
					"pivot": [-13, 2, -8],
					"cubes": [
						{"origin": [-15.5, 0, -10.5], "size": [5, 4, 4], "uv": [66, 33]}
					],
					"locators": {
						"held_item": {
							"offset": [-14, 1.5, -12.25],
							"rotation": [0, -90, 0]
						}
					}
				},
				{
					"name": "finger_right_index",
					"parent": "hand_right",
					"pivot": [-11.5, 4, -9.5],
					"cubes": [
						{"origin": [-12.5, 2, -13.5], "size": [2, 2, 4], "inflate": 0.01, "uv": [98, 43]}
					]
				},
				{
					"name": "finger_right_index2",
					"parent": "finger_right_index",
					"pivot": [-11.5, 4, -13.5],
					"cubes": [
						{"origin": [-12.5, 2, -16.5], "size": [2, 2, 3], "uv": [94, 15]},
						{"origin": [-11.5, 2, -18.5], "size": [0, 2, 2], "pivot": [-11.5, 4, -16.5], "rotation": [15, 0, 0], "uv": [0, 21]}
					]
				},
				{
					"name": "finger_right_middle",
					"parent": "hand_right",
					"pivot": [-13, 4.25, -9.25],
					"cubes": [
						{"origin": [-14, 2.25, -13.25], "size": [2, 2, 4], "inflate": 0.01, "uv": [116, 58]}
					]
				},
				{
					"name": "finger_right_middle2",
					"parent": "finger_right_middle",
					"pivot": [-13, 4.25, -13.25],
					"cubes": [
						{"origin": [-14, 2.25, -16.25], "size": [2, 2, 3], "uv": [118, 53]},
						{"origin": [-13, 2.25, -18.25], "size": [0, 2, 2], "pivot": [-13, 4.25, -16.25], "rotation": [15, 0, 0], "uv": [12, 0]}
					]
				},
				{
					"name": "finger_right_ring",
					"parent": "hand_right",
					"pivot": [-14.5, 4, -9.5],
					"cubes": [
						{"origin": [-15.5, 2, -13.5], "size": [2, 2, 4], "inflate": 0.01, "uv": [108, 11]}
					]
				},
				{
					"name": "finger_right_ring2",
					"parent": "finger_right_ring",
					"pivot": [-14.5, 4, -13.5],
					"cubes": [
						{"origin": [-15.5, 2, -16.5], "size": [2, 2, 3], "uv": [102, 24]},
						{"origin": [-14.5, 2, -18.5], "size": [0, 2, 2], "pivot": [-14.5, 4, -16.5], "rotation": [15, 0, 0], "uv": [0, 0]}
					]
				},
				{
					"name": "hand_right2",
					"parent": "hand_right",
					"pivot": [-13, 2, -6.5],
					"cubes": [
						{"origin": [-15, 0.5, -7.5], "size": [4, 3, 4], "uv": [0, 0]}
					]
				},
				{
					"name": "tail",
					"parent": "body",
					"pivot": [0, 2, 0],
					"rotation": [52.5, 0, 0],
					"cubes": [
						{"origin": [-5, -5, 0], "size": [10, 7, 8], "uv": [50, 0]}
					]
				},
				{
					"name": "tail2",
					"parent": "tail",
					"pivot": [0, -5, 1],
					"rotation": [20, 0, 0],
					"cubes": [
						{"origin": [-2.5, -10, 1], "size": [5, 5, 6], "uv": [106, 34]}
					]
				},
				{
					"name": "tail3",
					"parent": "tail2",
					"pivot": [0, -10, 1.5],
					"rotation": [15, 0, 0],
					"cubes": [
						{"origin": [0, -17, 1.5], "size": [0, 7, 5], "uv": [0, 36]}
					]
				}
			]
		}
	]
}