{
	"format_version": "1.12.0",
	"minecraft:geometry": [
		{
			"description": {
				"identifier": "geometry.cradily",
				"texture_width": 128,
				"texture_height": 128,
				"visible_bounds_width": 5,
				"visible_bounds_height": 4.5,
				"visible_bounds_offset": [0, 1.75, 0]
			},
			"bones": [
				{
					"name": "cradily",
					"pivot": [0, 0, 0]
				},
				{
					"name": "body",
					"parent": "cradily",
					"pivot": [0.25, 0, 4]
				},
				{
					"name": "torso",
					"parent": "body",
					"pivot": [0.25, 1.25, 0],
					"cubes": [
						{"origin": [-6, 0, -6], "size": [12, 7, 13], "inflate": 0.01, "uv": [0, 0]}
					]
				},
				{
					"name": "neck_base",
					"parent": "torso",
					"pivot": [0.25, 6.75, -2.25],
					"cubes": [
						{"origin": [-2.5, 5.75, -4.45], "size": [5, 4, 5], "inflate": 0.2, "uv": [20, 48]}
					]
				},
				{
					"name": "neck",
					"parent": "neck_base",
					"pivot": [0, 9.25, -1.75],
					"cubes": [
						{"origin": [-2, 8.4, -4], "size": [4, 5, 4], "inflate": 0.2, "uv": [56, 26]}
					]
				},
				{
					"name": "neck2",
					"parent": "neck",
					"pivot": [0, 13.5, 0],
					"cubes": [
						{"origin": [-2, 13.5, -4], "size": [4, 4, 4], "uv": [44, 62]}
					]
				},
				{
					"name": "neck3",
					"parent": "neck2",
					"pivot": [0, 17.5, -0.1],
					"cubes": [
						{"origin": [-2, 17.3, -4], "size": [4, 4, 4], "inflate": -0.05, "uv": [56, 39]}
					]
				},
				{
					"name": "neck4",
					"parent": "neck3",
					"pivot": [0, 21.15, -0.15],
					"cubes": [
						{"origin": [-2, 21, -4], "size": [4, 4, 4], "inflate": -0.06, "uv": [0, 57]}
					]
				},
				{
					"name": "neck5",
					"parent": "neck4",
					"pivot": [0, 24.8, -0.1],
					"cubes": [
						{"origin": [-2, 25, -4], "size": [4, 4, 4], "inflate": 0.2, "uv": [28, 62]}
					]
				},
				{
					"name": "neck6",
					"parent": "neck5",
					"pivot": [0, 28.5, 0.15],
					"cubes": [
						{"origin": [-2, 29, -4], "size": [4, 4, 4], "inflate": 0.6, "uv": [16, 57]}
					]
				},
				{
					"name": "neck7",
					"parent": "neck6",
					"pivot": [0, 33, 0.6],
					"cubes": [
						{"origin": [-2, 34, -4], "size": [4, 4, 4], "inflate": 1, "uv": [57, 14]}
					]
				},
				{
					"name": "head",
					"parent": "neck7",
					"pivot": [0.75, 38.5, -1.75],
					"rotation": [-90, 0, 0],
					"cubes": [
						{"origin": [-4.5, 33.75, -3.5], "size": [9, 9, 2], "uv": [0, 36]},
						{"origin": [-5.5, 32.75, -8.25], "size": [11, 11, 5], "uv": [0, 20]},
						{"origin": [-5.5, 38, -5], "size": [11, 7, 3], "pivot": [7.1, 37.75, -8], "rotation": [90, 0, 0], "uv": [37, 0]},
						{"origin": [-5.5, 42, -7], "size": [11, 3, 2], "pivot": [7.1, 37.75, -8], "rotation": [90, 0, 0], "uv": [22, 43]},
						{"origin": [-5.5, 42, -10], "size": [11, 3, 1], "pivot": [7.1, 37.75, -8], "rotation": [90, 0, 0], "uv": [50, 10]},
						{"origin": [-5.5, 38, -13], "size": [11, 7, 3], "pivot": [7.1, 37.75, -8], "rotation": [90, 0, 0], "uv": [32, 20]},
						{"origin": [-5, 37, -10], "size": [10, 7, 5], "pivot": [7.1, 37.75, -8], "rotation": [90, 0, 0], "uv": [27, 31]}
					]
				},
				{
					"name": "eyes",
					"parent": "head",
					"pivot": [-5, 37.75, -10.75]
				},
				{
					"name": "eye_left",
					"parent": "eyes",
					"pivot": [-5, 38, -10.75],
					"cubes": [
						{"origin": [-5, 36.5, -12], "size": [0, 3, 3], "inflate": 0.01, "uv": [0, 44]}
					]
				},
				{
					"name": "eyelid_left",
					"parent": "eye_left",
					"pivot": [-4.9, 38, -10.5],
					"cubes": [
						{"origin": [-4.9, 36.5, -12], "size": [1, 3, 3], "inflate": 0.02, "uv": [24, 74]}
					]
				},
				{
					"name": "eye_right",
					"parent": "eyes",
					"pivot": [5.1, 38, -10.75],
					"cubes": [
						{"origin": [5, 36.5, -12], "size": [0, 3, 3], "inflate": 0.01, "uv": [43, 7]}
					]
				},
				{
					"name": "eyelid_right",
					"parent": "eye_right",
					"pivot": [4.9, 38, -10.5],
					"cubes": [
						{"origin": [3.9, 36.5, -12], "size": [1, 3, 3], "inflate": 0.02, "uv": [16, 74]}
					]
				},
				{
					"name": "petals",
					"parent": "head",
					"pivot": [0, 38.25, -1.25]
				},
				{
					"name": "right_petals",
					"parent": "petals",
					"pivot": [0, 38.25, -0.75]
				},
				{
					"name": "front_right_petal",
					"parent": "right_petals",
					"pivot": [-1.5, 35.75, -1],
					"cubes": [
						{"origin": [-3, 29.75, -1.5], "size": [3, 8, 1], "uv": [65, 0]}
					]
				},
				{
					"name": "front_right_petal2",
					"parent": "front_right_petal",
					"pivot": [-1.5, 29.75, -0.5],
					"cubes": [
						{"origin": [-3, 26.75, -1.5], "size": [3, 3, 1], "inflate": 0.01, "uv": [40, 62]}
					]
				},
				{
					"name": "front_right_petal3",
					"parent": "front_right_petal2",
					"pivot": [-1.5, 26.75, -0.5],
					"cubes": [
						{"origin": [-3, 22.75, -1.5], "size": [3, 4, 1], "uv": [72, 30]}
					]
				},
				{
					"name": "front_right_petal4",
					"parent": "front_right_petal3",
					"pivot": [-1.5, 22.75, -0.5],
					"cubes": [
						{"origin": [-3, 18.75, -1.5], "size": [3, 4, 1], "inflate": 0.01, "uv": [71, 55]}
					]
				},
				{
					"name": "front_right_middle_petal",
					"parent": "right_petals",
					"pivot": [-3, 36.5, -1],
					"cubes": [
						{"origin": [-9, 35.25, -1.5], "size": [8, 3, 1], "uv": [56, 62]}
					]
				},
				{
					"name": "front_right_middle_petal2",
					"parent": "front_right_middle_petal",
					"pivot": [-9, 36.5, -0.5],
					"cubes": [
						{"origin": [-13, 35.25, -1.5], "size": [4, 3, 1], "inflate": 0.01, "uv": [42, 70]}
					]
				},
				{
					"name": "front_right_middle_petal3",
					"parent": "front_right_middle_petal2",
					"pivot": [-13, 36.5, -0.5],
					"cubes": [
						{"origin": [-17, 35.25, -1.5], "size": [4, 3, 1], "uv": [22, 70]}
					]
				},
				{
					"name": "front_right_middle_petal4",
					"parent": "front_right_middle_petal3",
					"pivot": [-17, 36.5, -0.5],
					"cubes": [
						{"origin": [-21, 35.25, -1.5], "size": [4, 3, 1], "inflate": 0.01, "uv": [32, 70]}
					]
				},
				{
					"name": "back_right_middle_petal",
					"parent": "right_petals",
					"pivot": [-3, 39.5, -1],
					"cubes": [
						{"origin": [-9, 38.25, -1.5], "size": [8, 3, 1], "uv": [62, 47]}
					]
				},
				{
					"name": "back_right_middle_petal2",
					"parent": "back_right_middle_petal",
					"pivot": [-9, 39.5, -0.5],
					"cubes": [
						{"origin": [-13, 38.25, -1.5], "size": [4, 3, 1], "inflate": 0.01, "uv": [69, 14]}
					]
				},
				{
					"name": "back_right_middle_petal3",
					"parent": "back_right_middle_petal2",
					"pivot": [-13, 39.5, -0.5],
					"cubes": [
						{"origin": [-17, 38.25, -1.5], "size": [4, 3, 1], "uv": [68, 66]}
					]
				},
				{
					"name": "back_right_middle_petal4",
					"parent": "back_right_middle_petal3",
					"pivot": [-17, 39.5, -0.5],
					"cubes": [
						{"origin": [-21, 38.25, -1.5], "size": [4, 3, 1], "inflate": 0.01, "uv": [68, 39]}
					]
				},
				{
					"name": "back_right_petal",
					"parent": "right_petals",
					"pivot": [-1.5, 41.25, -1],
					"cubes": [
						{"origin": [-3, 39.25, -1.5], "size": [3, 8, 1], "uv": [60, 66]}
					]
				},
				{
					"name": "back_right_petal2",
					"parent": "back_right_petal",
					"pivot": [-1.5, 47.25, -0.5],
					"cubes": [
						{"origin": [-3, 47.25, -1.5], "size": [3, 3, 1], "inflate": 0.01, "uv": [73, 18]}
					]
				},
				{
					"name": "back_right_petal3",
					"parent": "back_right_petal2",
					"pivot": [-1.5, 50.25, -0.5],
					"cubes": [
						{"origin": [-3, 50.25, -1.5], "size": [3, 4, 1], "uv": [8, 74]}
					]
				},
				{
					"name": "back_right_petal4",
					"parent": "back_right_petal3",
					"pivot": [-1.5, 54.25, -0.5],
					"cubes": [
						{"origin": [-3, 54.25, -1.5], "size": [3, 4, 1], "inflate": 0.01, "uv": [73, 5]}
					]
				},
				{
					"name": "left_petals",
					"parent": "petals",
					"pivot": [0, 38.25, -0.75]
				},
				{
					"name": "front_left_petal",
					"parent": "left_petals",
					"pivot": [1.5, 35.75, -1],
					"cubes": [
						{"origin": [0, 29.75, -1.5], "size": [3, 8, 1], "uv": [0, 0]}
					]
				},
				{
					"name": "front_left_petal2",
					"parent": "front_left_petal",
					"pivot": [1.5, 29.75, -0.5],
					"cubes": [
						{"origin": [0, 26.75, -1.5], "size": [3, 3, 1], "inflate": 0.01, "uv": [12, 57]}
					]
				},
				{
					"name": "front_left_petal3",
					"parent": "front_left_petal2",
					"pivot": [1.5, 26.75, -0.5],
					"cubes": [
						{"origin": [0, 22.75, -1.5], "size": [3, 4, 1], "uv": [68, 70]}
					]
				},
				{
					"name": "front_left_petal4",
					"parent": "front_left_petal3",
					"pivot": [1.5, 22.75, -0.5],
					"cubes": [
						{"origin": [0, 18.75, -1.5], "size": [3, 4, 1], "inflate": 0.01, "uv": [52, 70]}
					]
				},
				{
					"name": "front_left_middle_petal",
					"parent": "left_petals",
					"pivot": [3, 36.5, -1],
					"cubes": [
						{"origin": [1, 35.25, -1.5], "size": [8, 3, 1], "uv": [60, 22]}
					]
				},
				{
					"name": "front_left_middle_petal2",
					"parent": "front_left_middle_petal",
					"pivot": [9, 36.5, -0.5],
					"cubes": [
						{"origin": [9, 35.25, -1.5], "size": [4, 3, 1], "inflate": 0.01, "uv": [68, 26]}
					]
				},
				{
					"name": "front_left_middle_petal3",
					"parent": "front_left_middle_petal2",
					"pivot": [13, 36.5, -0.5],
					"cubes": [
						{"origin": [13, 35.25, -1.5], "size": [4, 3, 1], "uv": [66, 51]}
					]
				},
				{
					"name": "front_left_middle_petal4",
					"parent": "front_left_middle_petal3",
					"pivot": [17, 36.5, -0.5],
					"cubes": [
						{"origin": [17, 35.25, -1.5], "size": [4, 3, 1], "inflate": 0.01, "uv": [48, 53]}
					]
				},
				{
					"name": "back_left_middle_petal",
					"parent": "left_petals",
					"pivot": [3, 39.5, -1],
					"cubes": [
						{"origin": [1, 38.25, -1.5], "size": [8, 3, 1], "uv": [57, 35]}
					]
				},
				{
					"name": "back_left_middle_petal2",
					"parent": "back_left_middle_petal",
					"pivot": [9, 39.5, -0.5],
					"cubes": [
						{"origin": [9, 38.25, -1.5], "size": [4, 3, 1], "inflate": 0.01, "uv": [50, 14]}
					]
				},
				{
					"name": "back_left_middle_petal3",
					"parent": "back_left_middle_petal2",
					"pivot": [13, 39.5, -0.5],
					"cubes": [
						{"origin": [13, 38.25, -1.5], "size": [4, 3, 1], "uv": [14, 48]}
					]
				},
				{
					"name": "back_left_middle_petal4",
					"parent": "back_left_middle_petal3",
					"pivot": [17, 39.5, -0.5],
					"cubes": [
						{"origin": [17, 38.25, -1.5], "size": [4, 3, 1], "inflate": 0.01, "uv": [0, 9]}
					]
				},
				{
					"name": "back_left_petal",
					"parent": "left_petals",
					"pivot": [1.5, 41.25, -1],
					"cubes": [
						{"origin": [0, 39.25, -1.5], "size": [3, 8, 1], "uv": [14, 65]}
					]
				},
				{
					"name": "back_left_petal2",
					"parent": "back_left_petal",
					"pivot": [1.5, 47.25, -0.5],
					"cubes": [
						{"origin": [0, 47.25, -1.5], "size": [3, 3, 1], "inflate": 0.01, "uv": [72, 43]}
					]
				},
				{
					"name": "back_left_petal3",
					"parent": "back_left_petal2",
					"pivot": [1.5, 50.25, -0.5],
					"cubes": [
						{"origin": [0, 50.25, -1.5], "size": [3, 4, 1], "uv": [73, 0]}
					]
				},
				{
					"name": "back_left_petal4",
					"parent": "back_left_petal3",
					"pivot": [1.5, 54.25, -0.5],
					"cubes": [
						{"origin": [0, 54.25, -1.5], "size": [3, 4, 1], "inflate": 0.01, "uv": [0, 73]}
					]
				},
				{
					"name": "backleg_right",
					"parent": "body",
					"pivot": [-4, 2, 5],
					"cubes": [
						{"origin": [-6, 0, 5.25], "size": [4, 4, 5], "uv": [53, 53]}
					]
				},
				{
					"name": "frontleg_left",
					"parent": "body",
					"pivot": [4, 2, -4.25],
					"cubes": [
						{"origin": [2, 0, -10], "size": [4, 4, 6], "uv": [42, 43]}
					]
				},
				{
					"name": "frontleg_right",
					"parent": "body",
					"pivot": [-4, 2, -4],
					"cubes": [
						{"origin": [-6, 0, -10], "size": [4, 4, 6], "uv": [0, 47]}
					]
				},
				{
					"name": "backleg_left",
					"parent": "body",
					"pivot": [4, 2, 5],
					"cubes": [
						{"origin": [2, 0, 5.25], "size": [4, 4, 5], "uv": [35, 53]}
					]
				},
				{
					"name": "tail",
					"parent": "body",
					"pivot": [0, 3, 5],
					"cubes": [
						{"origin": [-1, 1, 5.25], "size": [2, 3, 5], "uv": [0, 65]}
					]
				}
			]
		}
	]
}