{
	"format_version": "1.12.0",
	"minecraft:geometry": [
		{
			"description": {
				"identifier": "geometry.eevee_female",
				"texture_width": 64,
				"texture_height": 64,
				"visible_bounds_width": 3,
				"visible_bounds_height": 2.5,
				"visible_bounds_offset": [0, 0.75, 0]
			},
			"bones": [
				{
					"name": "eevee",
					"pivot": [0, 0, 0]
				},
				{
					"name": "body",
					"parent": "eevee",
					"pivot": [0, 7.75, 0]
				},
				{
					"name": "torso",
					"parent": "body",
					"pivot": [0, 7.75, 0],
					"cubes": [
						{"origin": [-3.5, 4.75, -6], "size": [7, 6, 12], "uv": [0, 0]},
						{"origin": [-5, 5.5, -8.75], "size": [10, 6, 9], "pivot": [0.5, 8.5, -4.25], "rotation": [30, 0, 0], "uv": [26, 49]}
					]
				},
				{
					"name": "head",
					"parent": "torso",
					"pivot": [0, 10.25, -5],
					"cubes": [
						{"origin": [-4, 8.75, -9.25], "size": [8, 8, 7], "uv": [31, 11]},
						{"origin": [-3, 9.5, -10], "size": [6, 2, 1], "uv": [36, 1]},
						{"origin": [-3, 16.5, -6.25], "size": [6, 2, 0], "pivot": [0, 17.5, -6], "rotation": [-15, 0, 0], "uv": [52, 7]},
						{"origin": [-0.5, 10.51, -10.01], "size": [1, 1, 0], "uv": [52, 5], "mirror": true}
					],
					"locators": {
						"held_item_fixed": {
							"offset": [0, 9.75, -8.5],
							"rotation": [90, 0, 0]
						}
					}
				},
				{
					"name": "mouth",
					"parent": "head",
					"pivot": [0, 0.05, -0.75]
				},
				{
					"name": "mouth_closed",
					"parent": "mouth",
					"pivot": [0, 10.01, -10.01],
					"cubes": [
						{"origin": [-1, 9.51, -10.01], "size": [2, 1, 0], "uv": [60, 5], "mirror": true}
					]
				},
				{
					"name": "mouth_open",
					"parent": "mouth",
					"pivot": [0, 10.01, -9.91],
					"cubes": [
						{"origin": [-1, 9.51, -9.91], "size": [2, 1, 0], "uv": [55, 5], "mirror": true}
					]
				},
				{
					"name": "eyes",
					"parent": "head",
					"pivot": [0, 13, -9.3]
				},
				{
					"name": "eye_right",
					"parent": "eyes",
					"pivot": [-2.5, 13, -9.26],
					"cubes": [
						{"origin": [-3.5, 11.5, -9.26], "size": [2, 3, 0], "uv": [60, 0]}
					]
				},
				{
					"name": "eyelid_right",
					"parent": "eye_right",
					"pivot": [-2.5, 13, -8.66],
					"cubes": [
						{"origin": [-3.5, 11.5, -9.16], "size": [2, 3, 1], "inflate": 0.01, "uv": [1, 43]}
					]
				},
				{
					"name": "eye_left",
					"parent": "eyes",
					"pivot": [2.5, 13, -9.26],
					"cubes": [
						{"origin": [1.5, 11.5, -9.26], "size": [2, 3, 0], "uv": [60, 0], "mirror": true}
					]
				},
				{
					"name": "eyelid_left",
					"parent": "eye_left",
					"pivot": [2.5, 13, -8.66],
					"cubes": [
						{"origin": [1.5, 11.5, -9.16], "size": [2, 3, 1], "inflate": 0.01, "uv": [1, 43], "mirror": true}
					]
				},
				{
					"name": "ear_right",
					"parent": "head",
					"pivot": [-3.25, 16.75, -5.5],
					"rotation": [-10, 15, -32.5],
					"cubes": [
						{"origin": [-5.75, 15.75, -5.5], "size": [4, 8, 0], "uv": [0, 18], "mirror": true}
					]
				},
				{
					"name": "ear_left",
					"parent": "head",
					"pivot": [3.25, 16.75, -5.5],
					"rotation": [-10, -15, 32.5],
					"cubes": [
						{"origin": [1.75, 15.75, -5.5], "size": [4, 8, 0], "uv": [0, 18]}
					]
				},
				{
					"name": "tail",
					"parent": "torso",
					"pivot": [0, 9.25, 6],
					"rotation": [45, 0, 0],
					"cubes": [
						{"origin": [-4, 6.25, 5], "size": [8, 7, 10], "uv": [26, 26]}
					]
				},
				{
					"name": "leg_front_right",
					"parent": "body",
					"pivot": [-2.5, 7, -3.75],
					"rotation": [2.5, 0, 0],
					"cubes": [
						{"origin": [-4, 3.5, -5.25], "size": [3, 5, 3], "inflate": 0.01, "uv": [0, 56], "mirror": true}
					]
				},
				{
					"name": "leg_front_right2",
					"parent": "leg_front_right",
					"pivot": [-2.5, 3.5, -2.25],
					"rotation": [-22.5, 0, 0],
					"cubes": [
						{"origin": [-4, 0.5, -5.25], "size": [3, 3, 3], "uv": [0, 50], "mirror": true}
					]
				},
				{
					"name": "leg_front_right3",
					"parent": "leg_front_right2",
					"pivot": [-2.5, 1, -3.75],
					"rotation": [20, 0, 0],
					"cubes": [
						{"origin": [-4, -0.75, -5.5], "size": [3, 2, 3], "inflate": 0.01, "uv": [12, 59], "mirror": true}
					]
				},
				{
					"name": "leg_front_left",
					"parent": "body",
					"pivot": [2.5, 7, -3.75],
					"rotation": [2.5, 0, 0],
					"cubes": [
						{"origin": [1, 3.5, -5.25], "size": [3, 5, 3], "inflate": 0.01, "uv": [0, 56]}
					]
				},
				{
					"name": "leg_front_left2",
					"parent": "leg_front_left",
					"pivot": [2.5, 3.5, -2.25],
					"rotation": [-22.5, 0, 0],
					"cubes": [
						{"origin": [1, 0.5, -5.25], "size": [3, 3, 3], "uv": [0, 50]}
					]
				},
				{
					"name": "leg_front_left3",
					"parent": "leg_front_left2",
					"pivot": [2.5, 1, -3.75],
					"rotation": [20, 0, 0],
					"cubes": [
						{"origin": [1, -0.75, -5.5], "size": [3, 2, 3], "inflate": 0.01, "uv": [12, 59]}
					]
				},
				{
					"name": "leg_back_right",
					"parent": "body",
					"pivot": [-2.5, 7.75, 3.5],
					"rotation": [10, 0, 0],
					"cubes": [
						{"origin": [-4, 4.25, 1.5], "size": [3, 5, 4], "inflate": 0.01, "uv": [26, 0], "mirror": true}
					]
				},
				{
					"name": "leg_back_right2",
					"parent": "leg_back_right",
					"pivot": [-2.5, 4.25, 5],
					"rotation": [-22.5, 0, 0],
					"cubes": [
						{"origin": [-4, 0.5, 3], "size": [3, 4, 3], "uv": [0, 0], "mirror": true}
					]
				},
				{
					"name": "leg_back_right3",
					"parent": "leg_back_right2",
					"pivot": [-2.5, 1, 4.5],
					"rotation": [12.5, 0, 0],
					"cubes": [
						{"origin": [-4, -0.5, 2.75], "size": [3, 2, 3], "inflate": 0.01, "uv": [0, 7], "mirror": true}
					]
				},
				{
					"name": "leg_back_left",
					"parent": "body",
					"pivot": [2.5, 7.75, 3.5],
					"rotation": [10, 0, 0],
					"cubes": [
						{"origin": [1, 4.25, 1.5], "size": [3, 5, 4], "inflate": 0.01, "uv": [26, 0]}
					]
				},
				{
					"name": "leg_back_left2",
					"parent": "leg_back_left",
					"pivot": [2.5, 4.25, 5],
					"rotation": [-22.5, 0, 0],
					"cubes": [
						{"origin": [1, 0.5, 3], "size": [3, 4, 3], "uv": [0, 0]}
					]
				},
				{
					"name": "leg_back_left3",
					"parent": "leg_back_left2",
					"pivot": [2.5, 1, 4.5],
					"rotation": [12.5, 0, 0],
					"cubes": [
						{"origin": [1, -0.5, 2.75], "size": [3, 2, 3], "inflate": 0.01, "uv": [0, 7]}
					]
				}
			]
		}
	]
}