{
	"format_version": "1.12.0",
	"minecraft:geometry": [
		{
			"description": {
				"identifier": "geometry.elekid",
				"texture_width": 64,
				"texture_height": 32,
				"visible_bounds_width": 3,
				"visible_bounds_height": 2.5,
				"visible_bounds_offset": [0, 0.75, 0]
			},
			"bones": [
				{
					"name": "elekid",
					"pivot": [0, 0, 0]
				},
				{
					"name": "body",
					"parent": "elekid",
					"pivot": [0, 6.5, 0]
				},
				{
					"name": "torso",
					"parent": "body",
					"pivot": [0, 3.08333, 0],
					"cubes": [
						{"origin": [-3.5, 3, -3.5], "size": [7, 9, 7], "uv": [0, 0]},
						{"origin": [-1.5, 3, -3.525], "size": [3, 4, 0], "uv": [22, 16]}
					]
				},
				{
					"name": "mouth",
					"parent": "torso",
					"pivot": [0, 8.25, -3.51]
				},
				{
					"name": "mouth_closed",
					"parent": "mouth",
					"pivot": [0, 8.25, -3.51],
					"cubes": [
						{"origin": [-1, 7.65, -3.52], "size": [2, 1, 0], "uv": [0, 6]},
						{"origin": [1.5, 7.65, -3.51], "size": [1, 1, 0], "uv": [2, 2]},
						{"origin": [-2.5, 7.65, -3.51], "size": [1, 1, 0], "uv": [0, 2], "mirror": true},
						{"origin": [0.5, 6.95, -3.515], "size": [1, 1, 0], "uv": [0, 3]},
						{"origin": [-1.5, 6.95, -3.515], "size": [1, 1, 0], "uv": [2, 3]}
					]
				},
				{
					"name": "mouth_open",
					"parent": "mouth",
					"pivot": [1, 7.15, -3.42],
					"cubes": [
						{"origin": [-2.5, 6.65, -3.41], "size": [5, 2, 0], "uv": [0, 29]},
						{"origin": [-1, 7.65, -3.415], "size": [2, 1, 0], "uv": [0, 31]}
					]
				},
				{
					"name": "eyes",
					"parent": "torso",
					"pivot": [0, 9.8, -3.5]
				},
				{
					"name": "eye_left",
					"parent": "eyes",
					"pivot": [1.8, 9.8, -3.51],
					"cubes": [
						{"origin": [0.8, 9.3, -3.52], "size": [2, 1, 0], "pivot": [1.8, 9.8, -3.5], "rotation": [0, 0, -15], "uv": [0, 0], "mirror": true}
					]
				},
				{
					"name": "eyelid_left",
					"parent": "eye_left",
					"pivot": [1.8, 9.8, -3.41],
					"cubes": [
						{"origin": [0.8, 9.3, -3.42], "size": [2, 1, 1], "inflate": 0.01, "pivot": [1.8, 9.8, -2.91], "rotation": [0, 0, -15], "uv": [28, 7], "mirror": true},
						{"origin": [0.5, 9, -3.41], "size": [2, 1, 1], "inflate": 0.01, "uv": [28, 11]}
					]
				},
				{
					"name": "eye_right",
					"parent": "eyes",
					"pivot": [-1.8, 9.8, -3.51],
					"cubes": [
						{"origin": [-2.8, 9.3, -3.52], "size": [2, 1, 0], "pivot": [-1.8, 9.8, -3.5], "rotation": [0, 0, 15], "uv": [0, 1]}
					]
				},
				{
					"name": "eyelid_right",
					"parent": "eye_right",
					"pivot": [-1.8, 9.8, -3.31],
					"cubes": [
						{"origin": [-2.5, 9, -3.41], "size": [2, 1, 1], "inflate": 0.01, "uv": [28, 13], "mirror": true},
						{"origin": [-2.8, 9.3, -3.42], "size": [2, 1, 1], "inflate": 0.01, "pivot": [-1.8, 9.8, -3.3], "rotation": [0, 0, 15], "uv": [28, 9]}
					]
				},
				{
					"name": "arms",
					"parent": "torso",
					"pivot": [0, 8.5, 0]
				},
				{
					"name": "arm_left",
					"parent": "arms",
					"pivot": [3.5, 8.5, 0],
					"cubes": [
						{"origin": [2.5, 6.5, -0.5], "size": [5, 2, 1], "uv": [11, 22]}
					]
				},
				{
					"name": "arm_left2",
					"parent": "arm_left",
					"pivot": [6.5, 7.5, 0.5],
					"cubes": [
						{"origin": [6.5, 6, -1.5], "size": [6, 3, 3], "uv": [37, 0]}
					]
				},
				{
					"name": "claw_left1",
					"parent": "arm_left2",
					"pivot": [12.5, 8.75, 0],
					"rotation": [0, 0, 5],
					"cubes": [
						{"origin": [12.5, 8.75, -0.5], "size": [1, 0, 1], "uv": [51, 0], "mirror": true}
					]
				},
				{
					"name": "claw_left2",
					"parent": "arm_left2",
					"pivot": [12.5, 7.5, -1.05],
					"rotation": [-100, 0, 0],
					"cubes": [
						{"origin": [12.5, 7.5, -1.55], "size": [1, 0, 1], "uv": [51, 1], "mirror": true}
					]
				},
				{
					"name": "claw_left3",
					"parent": "arm_left2",
					"pivot": [12.5, 7.5, 1.05],
					"rotation": [100, 0, 0],
					"cubes": [
						{"origin": [12.5, 7.5, 0.55], "size": [1, 0, 1], "uv": [53, 1], "mirror": true}
					]
				},
				{
					"name": "arm_right",
					"parent": "arms",
					"pivot": [-3.5, 8.5, 0],
					"cubes": [
						{"origin": [-7.5, 6.5, -0.5], "size": [5, 2, 1], "uv": [0, 26], "mirror": true}
					]
				},
				{
					"name": "arm_right2",
					"parent": "arm_right",
					"pivot": [-6.5, 7.5, 0.5],
					"cubes": [
						{"origin": [-12.5, 6, -1.5], "size": [6, 3, 3], "uv": [34, 6], "mirror": true}
					]
				},
				{
					"name": "claw_right1",
					"parent": "arm_right2",
					"pivot": [-12.5, 8.75, 0],
					"rotation": [0, 0, -5],
					"cubes": [
						{"origin": [-13.5, 8.75, -0.5], "size": [1, 0, 1], "uv": [53, 0]}
					]
				},
				{
					"name": "claw_right2",
					"parent": "arm_right2",
					"pivot": [-12.5, 7.5, -1.05],
					"rotation": [-100, 0, 0],
					"cubes": [
						{"origin": [-13.5, 7.5, -1.55], "size": [1, 0, 1], "uv": [51, 2]}
					]
				},
				{
					"name": "claw_right3",
					"parent": "arm_right2",
					"pivot": [-12.5, 7.5, 1.05],
					"rotation": [100, 0, 0],
					"cubes": [
						{"origin": [-13.5, 7.5, 0.55], "size": [1, 0, 1], "uv": [53, 2]}
					]
				},
				{
					"name": "antenna_left",
					"parent": "torso",
					"pivot": [2, 12, 0],
					"cubes": [
						{"origin": [2, 12, -2], "size": [0, 7, 4], "uv": [21, -4]}
					]
				},
				{
					"name": "antenna_right",
					"parent": "torso",
					"pivot": [-2, 12, 0],
					"cubes": [
						{"origin": [-2, 12, -2], "size": [0, 7, 4], "uv": [29, -4], "mirror": true}
					]
				},
				{
					"name": "legs",
					"parent": "body",
					"pivot": [0, 2.5, 0]
				},
				{
					"name": "leg_left",
					"parent": "legs",
					"pivot": [2, 3, 0],
					"cubes": [
						{"origin": [1.5, 0, -1], "size": [1, 3, 2], "uv": [41, 12]}
					]
				},
				{
					"name": "foot_left",
					"parent": "leg_left",
					"pivot": [2, 1, 1],
					"cubes": [
						{"origin": [0.5, 0, -3.25], "size": [3, 1, 5], "inflate": 0.01, "uv": [0, 20]}
					]
				},
				{
					"name": "leg_right",
					"parent": "legs",
					"pivot": [-2, 3, 0],
					"cubes": [
						{"origin": [-2.5, 0, -1], "size": [1, 3, 2], "uv": [34, 12], "mirror": true}
					]
				},
				{
					"name": "foot_right",
					"parent": "leg_right",
					"pivot": [-2, 1, 1],
					"cubes": [
						{"origin": [-3.5, 0, -3.25], "size": [3, 1, 5], "inflate": 0.01, "uv": [11, 16], "mirror": true}
					]
				}
			]
		}
	]
}