{
	"format_version": "1.12.0",
	"minecraft:geometry": [
		{
			"description": {
				"identifier": "geometry.seaking_female",
				"texture_width": 64,
				"texture_height": 64,
				"visible_bounds_width": 3,
				"visible_bounds_height": 2.5,
				"visible_bounds_offset": [0, 0.75, 0]
			},
			"bones": [
				{
					"name": "seaking",
					"pivot": [0, 0, 0]
				},
				{
					"name": "body",
					"parent": "seaking",
					"pivot": [0, 4, -1],
					"cubes": [
						{"origin": [-2.5, 0, -6], "size": [5, 8, 10], "uv": [0, 0]},
						{"origin": [-1, 2.75, -6.075], "size": [2, 2, 0], "inflate": 0.02, "uv": [0, 0]},
						{"origin": [-2.525, 4.5, -5.5], "size": [0, 2, 2], "inflate": 0.02, "uv": [60, -2]},
						{"origin": [2.525, 4.5, -5.5], "size": [0, 2, 2], "inflate": 0.02, "uv": [60, -2], "mirror": true},
						{"origin": [0, 6.5, -7.25], "size": [0, 4, 2], "inflate": 0.02, "pivot": [0, 8.5, -6.25], "rotation": [35, 0, 0], "uv": [38, 4]},
						{"origin": [0, 7, -3], "size": [0, 4, 8], "inflate": 0.02, "uv": [0, 25]}
					]
				},
				{
					"name": "lefttail",
					"parent": "body",
					"pivot": [1.25, 4.5, 4],
					"cubes": [
						{"origin": [1.25, -3, 4], "size": [0, 15, 7], "inflate": 0.02, "uv": [0, 11]}
					]
				},
				{
					"name": "righttail",
					"parent": "body",
					"pivot": [-1.25, 4.5, 4],
					"cubes": [
						{"origin": [-1.25, -3, 4], "size": [0, 15, 7], "inflate": 0.02, "uv": [14, 11]}
					]
				},
				{
					"name": "rightwing",
					"parent": "body",
					"pivot": [-2.5, 2.75, -1.75],
					"cubes": [
						{"origin": [-8.5, 2.75, -3.75], "size": [6, 0, 5], "inflate": 0.02, "uv": [15, 5]}
					],
					"locators": {
						"held_item_fixed": {
							"offset": [-5.5, 2, -1],
							"rotation": [90, 0, 0]
						}
					}
				},
				{
					"name": "leftwing",
					"parent": "body",
					"pivot": [2.5, 2.75, -1.75],
					"cubes": [
						{"origin": [2.5, 2.75, -3.75], "size": [6, 0, 5], "inflate": 0.02, "uv": [15, 5], "mirror": true}
					]
				}
			]
		}
	]
}