{
	"format_version": "1.12.0",
	"minecraft:geometry": [
		{
			"description": {
				"identifier": "geometry.pachirisu",
				"texture_width": 64,
				"texture_height": 64,
				"visible_bounds_width": 3,
				"visible_bounds_height": 3.5,
				"visible_bounds_offset": [0, 1.25, 0]
			},
			"bones": [
				{
					"name": "pachirisu",
					"pivot": [0, 0, 0]
				},
				{
					"name": "body",
					"parent": "pachirisu",
					"pivot": [0, 4, -3],
					"cubes": [
						{"origin": [-3, 1, -5], "size": [6, 6, 4], "uv": [26, 28]}
					]
				},
				{
					"name": "head",
					"parent": "body",
					"pivot": [0, 7, -3],
					"cubes": [
						{"origin": [-4.5, 7, -6.25], "size": [9, 7, 6], "uv": [0, 19]},
						{"origin": [-0.5, 9.25, -6.275], "size": [1, 1, 0], "uv": [53, 6]},
						{"origin": [-1, 8, -6.275], "size": [2, 1, 0], "uv": [53, 6]}
					]
				},
				{
					"name": "lefteye",
					"parent": "head",
					"pivot": [2.5, 10.75, -6.275],
					"rotation": [0, 0, 2.5],
					"cubes": [
						{"origin": [1.5, 9.25, -6.275], "size": [2, 3, 0], "uv": [52, 0]}
					]
				},
				{
					"name": "righteye",
					"parent": "head",
					"pivot": [-2.5, 10.75, -6.275],
					"rotation": [0, 0, -2.5],
					"cubes": [
						{"origin": [-3.5, 9.25, -6.275], "size": [2, 3, 0], "uv": [52, 0], "mirror": true}
					]
				},
				{
					"name": "lefteyelid",
					"parent": "head",
					"pivot": [2.5, 10.75, -5.525],
					"rotation": [0, 0, 2.5],
					"cubes": [
						{"origin": [1.5, 9.25, -6.025], "size": [2, 3, 1], "inflate": 0.02, "uv": [57, 11]}
					]
				},
				{
					"name": "righteyelid",
					"parent": "head",
					"pivot": [-2.5, 10.75, -5.525],
					"rotation": [0, 0, -2.5],
					"cubes": [
						{"origin": [-3.5, 9.25, -6.025], "size": [2, 3, 1], "inflate": 0.02, "uv": [57, 11], "mirror": true}
					]
				},
				{
					"name": "leftear",
					"parent": "head",
					"pivot": [3, 13.75, -3],
					"rotation": [0, -15, 7.5],
					"cubes": [
						{"origin": [1, 13.75, -3], "size": [4, 6, 0], "uv": [0, 0]}
					]
				},
				{
					"name": "rightear",
					"parent": "head",
					"pivot": [-3, 13.75, -3],
					"rotation": [0, 15, -7.5],
					"cubes": [
						{"origin": [-5, 13.75, -3], "size": [4, 6, 0], "uv": [30, 38]}
					]
				},
				{
					"name": "lefthand",
					"parent": "body",
					"pivot": [2.25, 6.5, -5],
					"cubes": [
						{"origin": [1.75, 4.5, -7], "size": [1, 2, 2], "uv": [0, 19]}
					]
				},
				{
					"name": "righthand",
					"parent": "body",
					"pivot": [-2.25, 6.5, -5],
					"cubes": [
						{"origin": [-2.75, 4.5, -7], "size": [1, 2, 2], "uv": [38, 38]}
					]
				},
				{
					"name": "leftfoot",
					"parent": "body",
					"pivot": [1.75, 1, -2.5],
					"cubes": [
						{"origin": [0.75, 0, -5.5], "size": [2, 1, 4], "uv": [32, 9]}
					]
				},
				{
					"name": "rightfoot",
					"parent": "body",
					"pivot": [-1.75, 1, -2.5],
					"cubes": [
						{"origin": [-2.75, 0, -5.5], "size": [2, 1, 4], "uv": [38, 0]}
					]
				},
				{
					"name": "tail",
					"parent": "body",
					"pivot": [0, 3, -1],
					"rotation": [25, 0, 0],
					"cubes": [
						{"origin": [-1.5, 1.5, -2], "size": [3, 3, 4], "uv": [16, 34]}
					]
				},
				{
					"name": "tail2",
					"parent": "tail",
					"pivot": [0, 3, 1],
					"rotation": [22.5, 0, 0],
					"cubes": [
						{"origin": [-2.5, 1, 1], "size": [5, 4, 5], "uv": [23, 0]}
					]
				},
				{
					"name": "tail3",
					"parent": "tail2",
					"pivot": [0, 2.75, 5],
					"rotation": [30, 0, 0],
					"cubes": [
						{"origin": [-3, -0.5, 5], "size": [6, 6, 5], "uv": [27, 14]}
					]
				},
				{
					"name": "tail4",
					"parent": "tail3",
					"pivot": [0, 2.25, 9],
					"rotation": [5, 0, 0],
					"cubes": [
						{"origin": [-3.5, -4, 9], "size": [7, 10, 9], "uv": [0, 0]},
						{"origin": [0, -1, 18], "size": [0, 4, 8], "uv": [0, 24]},
						{"origin": [0, 3.25, 17.25], "size": [0, 4, 7], "pivot": [0, 5.25, 20.75], "rotation": [17.5, 0, 0], "uv": [0, 29]},
						{"origin": [0, -5.5, 17.25], "size": [0, 4, 7], "pivot": [0, -3.5, 20.75], "rotation": [-17.5, 0, 0], "uv": [0, 29]}
					]
				}
			]
		}
	]
}