{
	"format_version": "1.12.0",
	"minecraft:geometry": [
		{
			"description": {
				"identifier": "geometry.forretress",
				"texture_width": 128,
				"texture_height": 128,
				"visible_bounds_width": 3,
				"visible_bounds_height": 3.5,
				"visible_bounds_offset": [0, 1.25, 0]
			},
			"bones": [
				{
					"name": "forretress",
					"pivot": [0, 0, 0]
				},
				{
					"name": "body",
					"parent": "forretress",
					"pivot": [0, 10.5, 0],
					"cubes": [
						{"origin": [3.5, 9.5, -8.1], "size": [2, 2, 0], "uv": [9, 0]},
						{"origin": [-8, 7, -8], "size": [16, 7, 16], "uv": [56, 49]},
						{"origin": [-5.5, 9.5, -8.1], "size": [2, 2, 0], "uv": [9, 6]}
					]
				},
				{
					"name": "eyelid_left",
					"parent": "body",
					"pivot": [4.5, 10.5, -7.95],
					"cubes": [
						{"origin": [2.5, 8.5, -7.95], "size": [4, 4, 0], "uv": [56, 1]}
					]
				},
				{
					"name": "eyelid_right",
					"parent": "body",
					"pivot": [-4.5, 10.5, -7.95],
					"cubes": [
						{"origin": [-6.5, 8.5, -7.95], "size": [4, 4, 0], "uv": [56, 1], "mirror": true}
					]
				},
				{
					"name": "bottom",
					"parent": "body",
					"pivot": [0, 4.5, 0],
					"cubes": [
						{"origin": [-7.5, 0, -7.5], "size": [15, 2, 15], "uv": [45, 72]},
						{"origin": [-9, 2, -9], "size": [18, 5, 18], "uv": [0, 0]},
						{"origin": [-9, 7, 9], "size": [18, 2, 0], "uv": [90, 47]},
						{"origin": [9, 7, -9], "size": [0, 2, 18], "uv": [90, 27]},
						{"origin": [-9, 7, -9], "size": [18, 2, 0], "uv": [54, 47]},
						{"origin": [-9, 7, -9], "size": [0, 2, 18], "uv": [54, 27]}
					]
				},
				{
					"name": "top",
					"parent": "body",
					"pivot": [0, 15.5, 0],
					"cubes": [
						{"origin": [-9, 12, -9], "size": [18, 2, 0], "inflate": 0.001, "uv": [54, 25]},
						{"origin": [9, 12, -9], "size": [0, 2, 18], "inflate": 0.001, "uv": [90, 5]},
						{"origin": [-9, 12, 9], "size": [18, 2, 0], "inflate": 0.001, "uv": [89, 25]},
						{"origin": [-9, 12, -9], "size": [0, 2, 18], "inflate": 0.001, "uv": [54, 5]},
						{"origin": [-9, 14, -9], "size": [18, 4, 18], "uv": [0, 23]},
						{"origin": [-9, 18, -9], "size": [18, 2, 18], "uv": [0, 45]},
						{"origin": [-7.5, 19, -7.5], "size": [15, 2, 15], "uv": [0, 65]},
						{"origin": [-2.5, 19, -9], "size": [5, 4, 18], "inflate": -0.001, "uv": [0, 82]},
						{"origin": [-10, 19, -8], "size": [5, 3, 16], "pivot": [-6.5, 22, 0], "rotation": [0, 0, -17.5], "uv": [72, 89]},
						{"origin": [5, 19, -8], "size": [5, 3, 16], "pivot": [6.5, 22, 0], "rotation": [0, 0, 17.5], "uv": [30, 89], "mirror": true}
					]
				},
				{
					"name": "cannon_front_right",
					"parent": "body",
					"pivot": [6.67558, 10.5, -4.84266],
					"rotation": [0, -54, 0],
					"cubes": [
						{"origin": [4.68469, 8.5, -10.60326], "size": [4, 4, 7], "uv": [98, 94]},
						{"origin": [5.18469, 9, -13.60326], "size": [3, 3, 3], "uv": [0, 23]},
						{"origin": [5.68469, 9.5, -13.70326], "size": [2, 2, 0], "uv": [0, 29]}
					]
				},
				{
					"name": "cannon_front_left",
					"parent": "body",
					"pivot": [-6.67558, 10.5, -4.84266],
					"rotation": [0, 54, 0],
					"cubes": [
						{"origin": [-8.68469, 8.5, -10.60326], "size": [4, 4, 7], "uv": [98, 83]},
						{"origin": [-8.18469, 9, -13.60326], "size": [3, 3, 3], "uv": [0, 12]},
						{"origin": [-7.69031, 9.5, -13.70326], "size": [2, 2, 0], "uv": [5, 29]}
					]
				},
				{
					"name": "cannon_back_left",
					"parent": "body",
					"pivot": [-6.67558, 10.5, 4.84266],
					"rotation": [0, -54, 0],
					"cubes": [
						{"origin": [-8.68469, 8.5, 3.60326], "size": [4, 4, 7], "uv": [90, 72]},
						{"origin": [-8.18469, 9, 10.60326], "size": [3, 3, 3], "uv": [0, 6]},
						{"origin": [-7.69031, 9.5, 13.70326], "size": [2, 2, 0], "uv": [5, 31]}
					]
				},
				{
					"name": "cannon_back_right",
					"parent": "body",
					"pivot": [6.67558, 10.5, 4.84266],
					"rotation": [0, 54, 0],
					"cubes": [
						{"origin": [4.68469, 8.5, 3.60326], "size": [4, 4, 7], "uv": [56, 89]},
						{"origin": [5.18469, 9, 10.60326], "size": [3, 3, 3], "uv": [0, 0]},
						{"origin": [5.68469, 9.5, 13.70326], "size": [2, 2, 0], "uv": [0, 31]}
					]
				}
			]
		}
	]
}