{
	"format_version": "1.12.0",
	"minecraft:geometry": [
		{
			"description": {
				"identifier": "geometry.vespiquen",
				"texture_width": 128,
				"texture_height": 64,
				"visible_bounds_width": 4,
				"visible_bounds_height": 3.5,
				"visible_bounds_offset": [0, 1.25, 0]
			},
			"bones": [
				{
					"name": "vespiquen",
					"pivot": [0, 0, 0]
				},
				{
					"name": "torso",
					"parent": "vespiquen",
					"pivot": [0, 18, 0],
					"cubes": [
						{"origin": [-1.5, 12.5, -1.5], "size": [3, 9, 3], "uv": [96, 51]}
					]
				},
				{
					"name": "body",
					"parent": "torso",
					"pivot": [0, 19, 0],
					"cubes": [
						{"origin": [-4.5, 19, -4], "size": [9, 7, 7], "uv": [77, 12]},
						{"origin": [-4.625, 22, 2.125], "size": [2, 3, 1], "uv": [103, 42]},
						{"origin": [2.625, 22, 2.125], "size": [2, 3, 1], "uv": [95, 42]}
					]
				},
				{
					"name": "face",
					"parent": "body",
					"pivot": [0, 22.75, -4],
					"cubes": [
						{"origin": [-2.5, 20.75, -5.5], "size": [5, 5, 2], "uv": [21, 0]},
						{"origin": [-1.5, 20.25, -5.499], "size": [3, 1, 2], "uv": [23, 7]}
					]
				},
				{
					"name": "gem",
					"parent": "face",
					"pivot": [0, 24.375, -5.575],
					"cubes": [
						{"origin": [-1, 23.625, -6], "size": [2, 3, 1], "pivot": [0, 24.375, -5.575], "rotation": [-12.5, 0, 0], "uv": [1, 23]}
					]
				},
				{
					"name": "eyes",
					"parent": "face",
					"pivot": [0, 22.875, -5.5]
				},
				{
					"name": "eye_right",
					"parent": "eyes",
					"pivot": [-1.625, 22.875, -4.55],
					"rotation": [0, 0, 17.5],
					"cubes": [
						{"origin": [-2.625, 21.625, -5.505], "size": [2, 2, 0], "uv": [17, 2]},
						{"origin": [-2.125, 22.125, -5.51], "size": [1, 1, 0], "uv": [18, 4]}
					]
				},
				{
					"name": "eyelid_right",
					"parent": "eye_right",
					"pivot": [-1.625, 22.875, -4.45],
					"cubes": [
						{"origin": [-2.625, 21.625, -5.405], "size": [2, 2, 1], "inflate": 0.01, "uv": [20, 10]}
					]
				},
				{
					"name": "eye_left",
					"parent": "eyes",
					"pivot": [1.625, 22.875, -4.55],
					"rotation": [0, 0, -17.5],
					"cubes": [
						{"origin": [0.625, 21.625, -5.505], "size": [2, 2, 0], "uv": [35, 2]},
						{"origin": [1.125, 22.125, -5.51], "size": [1, 1, 0], "uv": [36, 4]}
					]
				},
				{
					"name": "eyelid_left",
					"parent": "eye_left",
					"pivot": [1.625, 22.875, -4.45],
					"cubes": [
						{"origin": [0.625, 21.625, -5.405], "size": [2, 2, 1], "inflate": 0.01, "uv": [30, 10]}
					]
				},
				{
					"name": "horns",
					"parent": "face",
					"pivot": [0, 23.25, -5.5]
				},
				{
					"name": "horn_right",
					"parent": "horns",
					"pivot": [-2.5, 23.25, -5.5],
					"rotation": [0, 0, -52.5],
					"cubes": [
						{"origin": [-2.5, 22.75, -5.5], "size": [3, 5, 3], "pivot": [-2.5, 23.25, -5.5], "rotation": [12.5, 0, 0], "uv": [22, 19]}
					]
				},
				{
					"name": "horn_left",
					"parent": "horns",
					"pivot": [2.5, 23.25, -5.5],
					"rotation": [0, 0, 52.5],
					"cubes": [
						{"origin": [-0.5, 22.75, -5.5], "size": [3, 5, 3], "pivot": [2.5, 23.25, -5.5], "rotation": [12.5, 0, 0], "uv": [50, 19]}
					]
				},
				{
					"name": "mandibles",
					"parent": "face",
					"pivot": [0, 22.5, -4]
				},
				{
					"name": "mandible_right0",
					"parent": "mandibles",
					"pivot": [-2.74728, 23.25551, -4.5]
				},
				{
					"name": "mandible_right",
					"parent": "mandible_right0",
					"pivot": [-2.74728, 23.25551, -4.5],
					"rotation": [-4.9905, -0.21782, -4.99527],
					"cubes": [
						{"origin": [-3.5, 20.25, -5.5], "size": [1, 4, 2], "uv": [1, 3]},
						{"origin": [-2.5, 20.25, -5.45], "size": [1, 1, 0], "uv": [5, 10]},
						{"origin": [-3.5, 18.25, -5.5], "size": [1, 2, 2], "pivot": [-3.5, 20.25, -5.5], "rotation": [0, 0, -37.5], "uv": [1, 9]}
					]
				},
				{
					"name": "mandible_left0",
					"parent": "mandibles",
					"pivot": [2.74728, 23.25551, -4.5]
				},
				{
					"name": "mandible_left",
					"parent": "mandible_left0",
					"pivot": [2.74728, 23.25551, -4.5],
					"rotation": [-4.9905, 0.21782, 4.99527],
					"cubes": [
						{"origin": [2.5, 20.25, -5.5], "size": [1, 4, 2], "uv": [49, 3]},
						{"origin": [1.5, 20.25, -5.45], "size": [1, 1, 0], "uv": [49, 10]},
						{"origin": [2.5, 18.25, -5.5], "size": [1, 2, 2], "pivot": [3.5, 20.25, -5.5], "rotation": [0, 0, 37.5], "uv": [49, 9]}
					]
				},
				{
					"name": "arm_left",
					"parent": "body",
					"pivot": [4.5, 20.5, -0.5],
					"cubes": [
						{"origin": [3.5, 20, -1], "size": [7, 1, 1], "uv": [83, 4]}
					]
				},
				{
					"name": "arm_left2",
					"parent": "arm_left",
					"pivot": [10.5, 20.5, 0],
					"cubes": [
						{"origin": [10.5, 19.5, -2], "size": [6, 2, 2], "uv": [97, 4]}
					]
				},
				{
					"name": "claw_left1",
					"parent": "arm_left2",
					"pivot": [16.5, 21, -1.5],
					"cubes": [
						{"origin": [16.25, 20.3, -1.5], "size": [2, 1, 0], "uv": [105, 8]}
					]
				},
				{
					"name": "claw_left2",
					"parent": "arm_left2",
					"pivot": [16.5, 21, -0.5],
					"cubes": [
						{"origin": [16.25, 20.3, -0.5], "size": [2, 1, 0], "uv": [109, 8]}
					]
				},
				{
					"name": "arm_right",
					"parent": "body",
					"pivot": [-4.5, 20.5, -0.5],
					"cubes": [
						{"origin": [-10.5, 20, -1], "size": [7, 1, 1], "uv": [90, 8]}
					]
				},
				{
					"name": "arm_right2",
					"parent": "arm_right",
					"pivot": [-10.5, 20.5, 0],
					"cubes": [
						{"origin": [-16.5, 19.5, -2], "size": [6, 2, 2], "uv": [76, 8]}
					]
				},
				{
					"name": "claw_right1",
					"parent": "arm_right2",
					"pivot": [-16.5, 20.75, -1.5],
					"cubes": [
						{"origin": [-18.25, 20.3, -1.5], "size": [2, 1, 0], "uv": [80, 12]}
					]
				},
				{
					"name": "claw_right2",
					"parent": "arm_right2",
					"pivot": [-16.5, 20.75, -0.5],
					"cubes": [
						{"origin": [-18.25, 20.3, -0.5], "size": [2, 1, 0], "uv": [76, 12]}
					]
				},
				{
					"name": "wing_left",
					"parent": "body",
					"pivot": [3.5, 24, 3.125]
				},
				{
					"name": "wing_upper_left",
					"parent": "wing_left",
					"pivot": [3.5, 24, 3.125],
					"cubes": [
						{"origin": [3.5, 24, 3.125], "size": [10, 7, 0], "uv": [108, 26]}
					]
				},
				{
					"name": "wing_lower_left",
					"parent": "wing_left",
					"pivot": [3.5, 22.5, 3.125],
					"cubes": [
						{"origin": [3.5, 20.5, 3.125], "size": [7, 4, 0], "uv": [108, 34]}
					]
				},
				{
					"name": "wing_right",
					"parent": "body",
					"pivot": [-3.5, 24, 3.125]
				},
				{
					"name": "wing_upper_right",
					"parent": "wing_right",
					"pivot": [-3.5, 24, 3.125],
					"cubes": [
						{"origin": [-13.5, 24, 3.125], "size": [10, 7, 0], "uv": [88, 26]}
					]
				},
				{
					"name": "wing_lower_right",
					"parent": "wing_right",
					"pivot": [-3.5, 22.5, 3.125],
					"cubes": [
						{"origin": [-10.5, 20.5, 3.125], "size": [7, 4, 0], "uv": [94, 34]}
					]
				},
				{
					"name": "dress",
					"parent": "torso",
					"pivot": [0, 15, 0]
				},
				{
					"name": "east",
					"parent": "dress",
					"pivot": [0, 0, 0],
					"cubes": [
						{"origin": [-10, 0.002, -4], "size": [6, 7, 8], "uv": [28, 48]}
					]
				},
				{
					"name": "east_black",
					"parent": "east",
					"pivot": [-10, 7, -4],
					"rotation": [0, 0, 30],
					"cubes": [
						{"origin": [-10, 7.001, -4], "size": [6, 6, 8], "inflate": -0.005, "uv": [28, 19]}
					]
				},
				{
					"name": "east_yellow",
					"parent": "east",
					"pivot": [-6.99913, 12.19665, -0.001],
					"rotation": [0, 0, -25],
					"cubes": [
						{"origin": [-6.99913, 12.19565, -4], "size": [7, 0, 8], "uv": [41, 48]}
					]
				},
				{
					"name": "east_jet",
					"parent": "east",
					"pivot": [-7, 0.097, 0],
					"cubes": [
						{"origin": [-9, 0.097, -3], "size": [4, 0, 6], "uv": [114, 51]}
					]
				},
				{
					"name": "east60",
					"parent": "dress",
					"pivot": [0, 0, 0],
					"rotation": [0, -60, 0],
					"cubes": [
						{"origin": [-10, -0.002, -4], "size": [6, 7, 8], "uv": [56, 48]}
					]
				},
				{
					"name": "east60_black",
					"parent": "east60",
					"pivot": [-10, 7, 0],
					"rotation": [0, 0, 30],
					"cubes": [
						{"origin": [-10, 7, -4], "size": [6, 6, 8], "inflate": -0.005, "uv": [56, 19]}
					]
				},
				{
					"name": "east60_yellow",
					"parent": "east60",
					"pivot": [-6.99913, 12.19665, -0.001],
					"rotation": [0, 0, -25],
					"cubes": [
						{"origin": [-6.99913, 12.19565, -4], "size": [7, 0, 8], "uv": [69, 48]}
					]
				},
				{
					"name": "east60_jet",
					"parent": "east60",
					"pivot": [-7, -1.9, 0],
					"cubes": [
						{"origin": [-9, 0.093, -3], "size": [4, 0, 6], "uv": [114, 58]}
					]
				},
				{
					"name": "east60n",
					"parent": "dress",
					"pivot": [0, 0, 0],
					"rotation": [0, 60, 0],
					"cubes": [
						{"origin": [-10, -0.002, -4], "size": [6, 7, 8], "uv": [0, 48]}
					]
				},
				{
					"name": "east60n_black",
					"parent": "east60n",
					"pivot": [-10, 7, 0],
					"rotation": [0, 0, 30],
					"cubes": [
						{"origin": [-10, 7, -4], "size": [6, 6, 8], "inflate": -0.005, "uv": [0, 19]}
					]
				},
				{
					"name": "east60n_yellow",
					"parent": "east60n",
					"pivot": [-6.99913, 12.19665, -0.001],
					"rotation": [0, 0, -25],
					"cubes": [
						{"origin": [-6.99913, 12.19565, -4], "size": [7, 0, 8], "uv": [13, 48]}
					]
				},
				{
					"name": "east60n_jet",
					"parent": "east60n",
					"pivot": [-7, -1.9, 0],
					"cubes": [
						{"origin": [-9, 0.093, -3], "size": [4, 0, 6], "uv": [114, 44]}
					]
				},
				{
					"name": "west",
					"parent": "dress",
					"pivot": [0, 0, 0],
					"cubes": [
						{"origin": [4, -0.002, -4], "size": [6, 7, 8], "uv": [28, 33]}
					]
				},
				{
					"name": "west_black",
					"parent": "west",
					"pivot": [10, 7, 0],
					"rotation": [0, 0, -30],
					"cubes": [
						{"origin": [4, 7, -4], "size": [6, 6, 8], "inflate": -0.005, "uv": [28, 5]}
					]
				},
				{
					"name": "west_yellow",
					"parent": "west",
					"pivot": [6.99913, 12.19665, -0.001],
					"rotation": [0, 0, 25],
					"cubes": [
						{"origin": [-0.00087, 12.19565, -4], "size": [7, 0, 8], "uv": [41, 33]}
					]
				},
				{
					"name": "west_jet",
					"parent": "west",
					"pivot": [7, -1.9, 0],
					"cubes": [
						{"origin": [5, 0.093, -3], "size": [4, 0, 6], "uv": [104, 51]}
					]
				},
				{
					"name": "west60",
					"parent": "dress",
					"pivot": [0, 0, 0],
					"rotation": [0, -60, 0],
					"cubes": [
						{"origin": [4, 0.002, -4], "size": [6, 7, 8], "uv": [56, 33]}
					]
				},
				{
					"name": "west60_black",
					"parent": "west60",
					"pivot": [10, 7, 0],
					"rotation": [0, 0, -30],
					"cubes": [
						{"origin": [4, 7, -4], "size": [6, 6, 8], "inflate": -0.005, "uv": [56, 5]}
					]
				},
				{
					"name": "west60_yellow",
					"parent": "west60",
					"pivot": [6.99913, 12.19665, -0.001],
					"rotation": [0, 0, 25],
					"cubes": [
						{"origin": [-0.00087, 12.19565, -4], "size": [7, 0, 8], "uv": [69, 33]}
					]
				},
				{
					"name": "west60_jet",
					"parent": "west60",
					"pivot": [7, 0.097, 0],
					"cubes": [
						{"origin": [5, 0.097, -3], "size": [4, 0, 6], "uv": [104, 58]}
					]
				},
				{
					"name": "west60n",
					"parent": "dress",
					"pivot": [0, 0, 0],
					"rotation": [0, 60, 0],
					"cubes": [
						{"origin": [4, 0.002, -4], "size": [6, 7, 8], "uv": [0, 33]}
					]
				},
				{
					"name": "west60n_black",
					"parent": "west60n",
					"pivot": [10, 7, 0],
					"rotation": [0, 0, -30],
					"cubes": [
						{"origin": [4.0005, 7.00087, -4], "size": [6, 6, 8], "inflate": -0.005, "uv": [0, 5]}
					]
				},
				{
					"name": "west60n_yellow",
					"parent": "west60n",
					"pivot": [6.99913, 12.19665, -0.001],
					"rotation": [0, 0, 25],
					"cubes": [
						{"origin": [-0.00087, 12.19565, -4], "size": [7, 0, 8], "uv": [13, 33]}
					]
				},
				{
					"name": "west60n_jet",
					"parent": "west60n",
					"pivot": [7, 0.097, 0],
					"cubes": [
						{"origin": [5, 0.097, -3], "size": [4, 0, 6], "uv": [104, 44]}
					]
				},
				{
					"name": "abdomen0",
					"parent": "dress",
					"pivot": [0, 9.25, 0]
				},
				{
					"name": "abdomen",
					"parent": "abdomen0",
					"pivot": [0, 9.25, 0],
					"rotation": [0, -45, 0],
					"cubes": [
						{"origin": [-2.5, 2.25, -2.5], "size": [5, 7, 5], "uv": [108, 7]},
						{"origin": [-2, 1.25, -2], "size": [4, 1, 4], "uv": [110, 19]}
					]
				}
			]
		}
	]
}