{
	"format_version": "1.12.0",
	"minecraft:geometry": [
		{
			"description": {
				"identifier": "geometry.exeggcute_alola_bias",
				"texture_width": 64,
				"texture_height": 64,
				"visible_bounds_width": 3,
				"visible_bounds_height": 1.5,
				"visible_bounds_offset": [0, 0.25, 0]
			},
			"bones": [
				{
					"name": "exeggcute",
					"pivot": [0, 0, 0]
				},
				{
					"name": "body",
					"parent": "exeggcute",
					"pivot": [0, 0, 4]
				},
				{
					"name": "egg",
					"parent": "body",
					"pivot": [0, 0, 0],
					"cubes": [
						{"origin": [-3, 0, -3], "size": [6, 7, 6], "uv": [0, 27]}
					],
					"locators": {
						"held_item_fixed": {
							"offset": [0, 7.75, 1.75],
							"rotation": [90, 0, 0]
						}
					}
				},
				{
					"name": "eye_right",
					"parent": "egg",
					"pivot": [1.65, 5, -3],
					"rotation": [0, 0, -12.5],
					"cubes": [
						{"origin": [0.48767, 3.26778, -3], "size": [2, 2, 0], "inflate": 0.01, "uv": [16, 46]},
						{"origin": [0.98767, 3.76778, -3.01], "size": [1, 1, 0], "inflate": 0.01, "uv": [20, 46]}
					]
				},
				{
					"name": "eyelid_right",
					"parent": "eye_right",
					"pivot": [1.65, 5, -2.4],
					"cubes": [
						{"origin": [0.48767, 3.26778, -2.9], "size": [2, 2, 1], "inflate": 0.02, "uv": [42, 0]}
					]
				},
				{
					"name": "eye_left",
					"parent": "egg",
					"pivot": [-1.65, 5, -3],
					"rotation": [0, 0, 12.5],
					"cubes": [
						{"origin": [-2.48767, 3.26778, -3], "size": [2, 2, 0], "inflate": 0.01, "uv": [12, 46]},
						{"origin": [-1.98767, 3.76778, -3.01], "size": [1, 1, 0], "inflate": 0.01, "uv": [20, 47], "mirror": true}
					]
				},
				{
					"name": "eyelid_left",
					"parent": "eye_left",
					"pivot": [-1.65, 5, -2.4],
					"cubes": [
						{"origin": [-2.48767, 3.26778, -2.9], "size": [2, 2, 1], "inflate": 0.02, "uv": [18, 40]}
					]
				},
				{
					"name": "mouth",
					"parent": "egg",
					"pivot": [0, 3, -3],
					"rotation": [0, 0, -2.5],
					"cubes": [
						{"origin": [-1.57633, 0.75167, -3], "size": [3, 1, 0], "inflate": 0.01, "uv": [36, 48]},
						{"origin": [-1.9891, 1.74976, -3.01], "size": [4, 1, 0], "inflate": 0.01, "uv": [35, 49]}
					]
				},
				{
					"name": "egg2",
					"parent": "body",
					"pivot": [-7, 0, -6],
					"cubes": [
						{"origin": [-10, 0, -9], "size": [6, 7, 6], "uv": [24, 0]}
					]
				},
				{
					"name": "eye_right2",
					"parent": "egg2",
					"pivot": [-5.35, 3.5, -9],
					"rotation": [0, 0, -5],
					"cubes": [
						{"origin": [-6.35, 2.5, -9], "size": [2, 2, 0], "inflate": 0.01, "uv": [42, 31]},
						{"origin": [-5.85, 3, -9.01], "size": [1, 1, 0], "inflate": 0.01, "uv": [24, 46]}
					]
				},
				{
					"name": "eyelid_right2",
					"parent": "eye_right2",
					"pivot": [-5.35, 3.5, -8.4],
					"cubes": [
						{"origin": [-6.35, 2.5, -8.9], "size": [2, 2, 1], "inflate": 0.02, "uv": [12, 40]}
					]
				},
				{
					"name": "eye_left2",
					"parent": "egg2",
					"pivot": [-8.65, 3.5, -9],
					"rotation": [0, 0, 5],
					"cubes": [
						{"origin": [-9.65, 2.5, -9], "size": [2, 2, 0], "inflate": 0.01, "uv": [42, 29]},
						{"origin": [-9.15, 3, -9.01], "size": [1, 1, 0], "inflate": 0.01, "uv": [24, 47]}
					]
				},
				{
					"name": "eyelid_left2",
					"parent": "eye_left2",
					"pivot": [-8.65, 3.5, -8.4],
					"cubes": [
						{"origin": [-9.65, 2.5, -8.9], "size": [2, 2, 1], "inflate": 0.02, "uv": [39, 33]}
					]
				},
				{
					"name": "mouth2",
					"parent": "egg2",
					"pivot": [-7, 1.75, -9],
					"cubes": [
						{"origin": [-7.5, 1.25, -9], "size": [1, 1, 0], "inflate": 0.01, "uv": [4, 32]}
					]
				},
				{
					"name": "egg3",
					"parent": "body",
					"pivot": [7, 0, -6],
					"cubes": [
						{"origin": [4, 0, -9], "size": [6, 7, 6], "uv": [18, 20]}
					]
				},
				{
					"name": "eye_right3",
					"parent": "egg3",
					"pivot": [8.75, 3.75, -9],
					"rotation": [0, 0, -7.5],
					"cubes": [
						{"origin": [7.75, 2.75, -9], "size": [2, 2, 0], "inflate": 0.01, "uv": [24, 43]},
						{"origin": [8.25, 3.25, -9.01], "size": [1, 1, 0], "inflate": 0.01, "uv": [22, 47]}
					]
				},
				{
					"name": "eyelid_right3",
					"parent": "eye_right3",
					"pivot": [8.75, 3.75, -8.4],
					"cubes": [
						{"origin": [7.75, 2.75, -8.9], "size": [2, 2, 1], "inflate": 0.02, "uv": [42, 13]}
					]
				},
				{
					"name": "eye_left3",
					"parent": "egg3",
					"pivot": [5.25, 3.75, -9],
					"rotation": [0, 0, 7.5],
					"cubes": [
						{"origin": [4.25, 2.75, -9], "size": [2, 2, 0], "inflate": 0.01, "uv": [20, 43]},
						{"origin": [4.75, 3.25, -9.01], "size": [1, 1, 0], "inflate": 0.01, "uv": [22, 46]}
					]
				},
				{
					"name": "eyelid_left3",
					"parent": "eye_left3",
					"pivot": [5.25, 3.75, -8.4],
					"cubes": [
						{"origin": [4.25, 2.75, -8.9], "size": [2, 2, 1], "inflate": 0.02, "uv": [42, 3]}
					]
				},
				{
					"name": "mouth3",
					"parent": "egg3",
					"pivot": [7, 1.75, -9],
					"cubes": [
						{"origin": [6, 1.25, -9], "size": [2, 1, 0], "inflate": 0.01, "uv": [36, 25]}
					]
				},
				{
					"name": "egg4",
					"parent": "body",
					"pivot": [8, 0, 2],
					"cubes": [
						{"origin": [5, 0, -1], "size": [6, 7, 6], "uv": [0, 13]}
					]
				},
				{
					"name": "eye_right4",
					"parent": "egg4",
					"pivot": [9.65, 4.75, -1],
					"rotation": [0, 0, 10],
					"cubes": [
						{"origin": [8.65, 3.75, -1], "size": [2, 2, 0], "inflate": 0.01, "uv": [42, 27]},
						{"origin": [9.15, 4.25, -1.01], "size": [1, 1, 0], "inflate": 0.01, "uv": [28, 46]}
					]
				},
				{
					"name": "eyelid_right4",
					"parent": "eye_right4",
					"pivot": [9.65, 4.75, -0.4],
					"cubes": [
						{"origin": [8.65, 3.75, -0.9], "size": [2, 2, 1], "inflate": 0.02, "uv": [0, 29]}
					]
				},
				{
					"name": "eye_left4",
					"parent": "egg4",
					"pivot": [6.35, 4.75, -1],
					"rotation": [0, 0, -10],
					"cubes": [
						{"origin": [5.35, 3.75, -1], "size": [2, 2, 0], "inflate": 0.01, "uv": [42, 25]},
						{"origin": [5.85, 4.25, -1.01], "size": [1, 1, 0], "inflate": 0.01, "uv": [28, 47]}
					]
				},
				{
					"name": "eyelid_left4",
					"parent": "eye_left4",
					"pivot": [6.35, 4.75, -0.4],
					"cubes": [
						{"origin": [5.35, 3.75, -0.9], "size": [2, 2, 1], "inflate": 0.02, "uv": [0, 26]}
					]
				},
				{
					"name": "mouth4",
					"parent": "egg4",
					"pivot": [8.05, 3.1, -1],
					"rotation": [0, 0, -2.5],
					"cubes": [
						{"origin": [7.05, 2.35, -1], "size": [2, 1, 0], "inflate": 0.01, "uv": [0, 32]}
					]
				},
				{
					"name": "egg5",
					"parent": "body",
					"pivot": [0, 0, 8],
					"cubes": [
						{"origin": [-3, 0, 5], "size": [6, 7, 6], "uv": [0, 49]}
					]
				},
				{
					"name": "eye_right5",
					"parent": "egg5",
					"pivot": [1.65, 3.25, 5],
					"rotation": [0, 0, -2.5],
					"cubes": [
						{"origin": [0.65, 2.25, 5], "size": [2, 2, 0], "inflate": 0.01, "uv": [39, 36]},
						{"origin": [1.15, 2.75, 4.99], "size": [1, 1, 0], "inflate": 0.01, "uv": [30, 46]}
					]
				},
				{
					"name": "eyelid_right5",
					"parent": "eye_right5",
					"pivot": [1.65, 3.25, 5.6],
					"cubes": [
						{"origin": [0.65, 2.25, 5.1], "size": [2, 2, 1], "inflate": 0.02, "uv": [0, 13]}
					]
				},
				{
					"name": "eye_left5",
					"parent": "egg5",
					"pivot": [-1.65, 3.25, 5],
					"rotation": [0, 0, 2.5],
					"cubes": [
						{"origin": [-2.65, 2.25, 5], "size": [2, 2, 0], "inflate": 0.01, "uv": [42, 16]},
						{"origin": [-2.15, 2.75, 4.99], "size": [1, 1, 0], "inflate": 0.01, "uv": [30, 47]}
					]
				},
				{
					"name": "eyelid_left5",
					"parent": "eye_left5",
					"pivot": [-1.65, 3.25, 5.6],
					"cubes": [
						{"origin": [-2.65, 2.25, 5.1], "size": [2, 2, 1], "inflate": 0.02, "uv": [0, 16]}
					]
				},
				{
					"name": "mouth5",
					"parent": "egg5",
					"pivot": [0.05, 1.55, 5],
					"rotation": [0, 0, -2.5],
					"cubes": [
						{"origin": [-0.45, 1.05, 5], "size": [1, 1, 0], "inflate": 0.01, "uv": [15, 26]}
					]
				},
				{
					"name": "egg6",
					"parent": "body",
					"pivot": [-8, 0, 2],
					"cubes": [
						{"origin": [-11, 0, -1], "size": [6, 7, 6], "uv": [0, 0]}
					]
				},
				{
					"name": "eye_right6",
					"parent": "egg6",
					"pivot": [-6.25, 3.75, -1],
					"rotation": [0, 0, -7.5],
					"cubes": [
						{"origin": [-7.25, 2.75, -1], "size": [2, 2, 0], "inflate": 0.01, "uv": [24, 35]},
						{"origin": [-6.75, 3.25, -1.01], "size": [1, 1, 0], "inflate": 0.01, "uv": [26, 46]}
					]
				},
				{
					"name": "eyelid_right6",
					"parent": "eye_right6",
					"pivot": [-6.25, 3.75, -0.4],
					"cubes": [
						{"origin": [-7.25, 2.75, -0.9], "size": [2, 2, 1], "inflate": 0.02, "uv": [0, 3]}
					]
				},
				{
					"name": "eye_left6",
					"parent": "egg6",
					"pivot": [-9.75, 3.75, -1],
					"rotation": [0, 0, 7.5],
					"cubes": [
						{"origin": [-10.75, 2.75, -1], "size": [2, 2, 0], "inflate": 0.01, "uv": [24, 33]},
						{"origin": [-10.25, 3.25, -1.01], "size": [1, 1, 0], "inflate": 0.01, "uv": [26, 47]}
					]
				},
				{
					"name": "eyelid_left6",
					"parent": "eye_left6",
					"pivot": [-9.75, 3.75, -0.4],
					"cubes": [
						{"origin": [-10.75, 2.75, -0.9], "size": [2, 2, 1], "inflate": 0.02, "uv": [0, 0]}
					]
				},
				{
					"name": "mouth6",
					"parent": "egg6",
					"pivot": [-8, 1.75, -1],
					"cubes": [
						{"origin": [-9, 1.25, -1], "size": [2, 1, 0], "inflate": 0.01, "uv": [11, 26]}
					]
				}
			]
		}
	]
}