{
	"format_version": "1.12.0",
	"minecraft:geometry": [
		{
			"description": {
				"identifier": "geometry.jynx",
				"texture_width": 128,
				"texture_height": 128,
				"visible_bounds_width": 4,
				"visible_bounds_height": 3.5,
				"visible_bounds_offset": [0, 1.25, 0]
			},
			"bones": [
				{
					"name": "jynx",
					"pivot": [0, 0, 0]
				},
				{
					"name": "body",
					"parent": "jynx",
					"pivot": [0, 2, 0],
					"cubes": [
						{"origin": [-7.5, 0, -6.5], "size": [15, 4, 13], "uv": [0, 0]}
					]
				},
				{
					"name": "body2",
					"parent": "body",
					"pivot": [0, 4, 0],
					"cubes": [
						{"origin": [-5.5, 3, -5], "size": [11, 8, 10], "uv": [61, 11]},
						{"origin": [-4, 8.25, -5.05], "size": [8, 4, 0], "pivot": [0, 10, -5], "rotation": [-2.5, 0, 0], "uv": [0, 60]}
					]
				},
				{
					"name": "head",
					"parent": "body2",
					"pivot": [0, 11, 0],
					"cubes": [
						{"origin": [-4.5, 10, -4], "size": [9, 8, 8], "uv": [34, 46]},
						{"origin": [-1.5, 12.5, -4.75], "size": [3, 2, 1], "uv": [34, 46]},
						{"origin": [-0.5, 13, -4.8], "size": [1, 1, 0], "uv": [14, 67]},
						{"origin": [-0.25, 7, -5.5], "size": [6, 12, 11], "pivot": [-0.25, 18, 0], "rotation": [0, 0, -5], "uv": [31, 23]},
						{"origin": [-5.75, 7, -5.5], "size": [6, 12, 11], "pivot": [0.25, 18, 0], "rotation": [0, 0, 5], "uv": [0, 35]},
						{"origin": [-3, 14.75, -4.05], "size": [2, 2, 0], "uv": [20, 71]},
						{"origin": [1, 14.75, -4.05], "size": [2, 2, 0], "uv": [20, 71], "mirror": true}
					]
				},
				{
					"name": "eyelids",
					"parent": "head",
					"pivot": [0, 15.75, -3.3],
					"cubes": [
						{"origin": [1, 14.75, -3.8], "size": [2, 2, 1], "uv": [29, 66], "mirror": true},
						{"origin": [-3, 14.75, -3.8], "size": [2, 2, 1], "uv": [29, 66]}
					]
				},
				{
					"name": "leftarm",
					"parent": "body2",
					"pivot": [5.5, 10, -0.5],
					"cubes": [
						{"origin": [4.5, 9.5, -1.5], "size": [5, 1, 2], "uv": [43, 4]}
					]
				},
				{
					"name": "leftforearm",
					"parent": "leftarm",
					"pivot": [9.5, 10, -0.5],
					"cubes": [
						{"origin": [9.5, 9, -1.5], "size": [6, 2, 2], "uv": [32, 17]}
					]
				},
				{
					"name": "lefthand",
					"parent": "leftforearm",
					"pivot": [15.5, 10, -0.5],
					"cubes": [
						{"origin": [15.5, 9.5, -2], "size": [2, 1, 3], "uv": [0, 0]}
					]
				},
				{
					"name": "finger6",
					"parent": "lefthand",
					"pivot": [17.5, 10, -0.5],
					"cubes": [
						{"origin": [17.5, 10, -1], "size": [2, 0, 1], "uv": [6, 5]}
					]
				},
				{
					"name": "finger7",
					"parent": "lefthand",
					"pivot": [17.25, 10, -1.5],
					"rotation": [0, 10, 0],
					"cubes": [
						{"origin": [17.25, 10, -2], "size": [2, 0, 1], "uv": [6, 4]}
					]
				},
				{
					"name": "finger8",
					"parent": "lefthand",
					"pivot": [17.25, 10, 0.5],
					"rotation": [0, -10, 0],
					"cubes": [
						{"origin": [17.25, 10, 0], "size": [2, 0, 1], "uv": [6, 2]}
					]
				},
				{
					"name": "finger9",
					"parent": "lefthand",
					"pivot": [16.75, 10, 0.5],
					"rotation": [0, -55, 0],
					"cubes": [
						{"origin": [16.75, 10, 0], "size": [2, 0, 1], "uv": [6, 1]}
					]
				},
				{
					"name": "finger10",
					"parent": "lefthand",
					"pivot": [16.5, 10, -1.75],
					"rotation": [0, 60, 0],
					"cubes": [
						{"origin": [16.5, 10, -2.25], "size": [2, 0, 1], "uv": [6, 0]}
					]
				},
				{
					"name": "rightarm",
					"parent": "body2",
					"pivot": [-5.5, 10, -0.5],
					"cubes": [
						{"origin": [-9.5, 9.5, -1.5], "size": [5, 1, 2], "uv": [43, 7]}
					]
				},
				{
					"name": "rightforearm",
					"parent": "rightarm",
					"pivot": [-9.5, 10, -0.5],
					"cubes": [
						{"origin": [-15.5, 9, -1.5], "size": [6, 2, 2], "uv": [43, 0]}
					]
				},
				{
					"name": "righthand",
					"parent": "rightforearm",
					"pivot": [-15.5, 10, -0.5],
					"cubes": [
						{"origin": [-17.5, 9.5, -2], "size": [2, 1, 3], "uv": [0, 4]}
					],
					"locators": {
						"held_item_fixed": {
							"offset": [-17, 9, 0],
							"rotation": [90, 0, 0]
						}
					}
				},
				{
					"name": "finger",
					"parent": "righthand",
					"pivot": [-17.5, 10, -0.5],
					"cubes": [
						{"origin": [-19.5, 10, -1], "size": [2, 0, 1], "uv": [0, 9]}
					]
				},
				{
					"name": "finger2",
					"parent": "righthand",
					"pivot": [-17.25, 10, -1.5],
					"rotation": [0, -10, 0],
					"cubes": [
						{"origin": [-19.25, 10, -2], "size": [2, 0, 1], "uv": [8, 8]}
					]
				},
				{
					"name": "finger3",
					"parent": "righthand",
					"pivot": [-17.25, 10, 0.5],
					"rotation": [0, 10, 0],
					"cubes": [
						{"origin": [-19.25, 10, 0], "size": [2, 0, 1], "uv": [4, 8]}
					]
				},
				{
					"name": "finger4",
					"parent": "righthand",
					"pivot": [-16.75, 10, 0.5],
					"rotation": [0, 55, 0],
					"cubes": [
						{"origin": [-18.75, 10, 0], "size": [2, 0, 1], "uv": [0, 8]}
					]
				},
				{
					"name": "finger5",
					"parent": "righthand",
					"pivot": [-16.5, 10, -1.75],
					"rotation": [0, -60, 0],
					"cubes": [
						{"origin": [-18.5, 10, -2.25], "size": [2, 0, 1], "uv": [6, 6]}
					]
				}
			]
		}
	]
}