{
	"format_version": "1.12.0",
	"minecraft:geometry": [
		{
			"description": {
				"identifier": "geometry.patrat",
				"texture_width": 64,
				"texture_height": 64,
				"visible_bounds_width": 4,
				"visible_bounds_height": 2.5,
				"visible_bounds_offset": [0, 0.75, 0]
			},
			"bones": [
				{
					"name": "patrat",
					"pivot": [0, 0, 0]
				},
				{
					"name": "body",
					"parent": "patrat",
					"pivot": [0, 5.25, 0]
				},
				{
					"name": "torso",
					"parent": "body",
					"pivot": [0, 3.75, 0],
					"rotation": [2.5, 0, 0],
					"cubes": [
						{"origin": [-4, 3.75, -3], "size": [8, 6, 6], "inflate": 0.01, "uv": [0, 15]}
					]
				},
				{
					"name": "upper_torso",
					"parent": "torso",
					"pivot": [0, 9.25, 0],
					"rotation": [-2.5, 0, 0],
					"cubes": [
						{"origin": [-4, 9.25, -3], "size": [8, 5, 6], "uv": [22, 21]}
					]
				},
				{
					"name": "head",
					"parent": "upper_torso",
					"pivot": [0, 13.75, -1],
					"cubes": [
						{"origin": [-4.5, 13.75, -4], "size": [9, 7, 8], "uv": [0, 0]},
						{"origin": [-3, 18.78, -4], "size": [6, 1, 0], "inflate": 0.015, "uv": [22, 20]},
						{"origin": [-2, 18.29, -4], "size": [4, 1, 0], "inflate": 0.02, "uv": [14, 27]}
					]
				},
				{
					"name": "snout",
					"parent": "head",
					"pivot": [0, 13.75, -4],
					"rotation": [-10, 0, 0],
					"cubes": [
						{"origin": [-2, 14, -6], "size": [4, 3, 2], "inflate": 0.01, "uv": [43, 32]},
						{"origin": [-2, 13.5, -4], "size": [4, 1, 2], "inflate": 0.01, "uv": [52, 27]},
						{"origin": [-0.85, 13.1, -6], "size": [2, 2, 0], "inflate": 0.02, "pivot": [0, 14.25, -6], "rotation": [0, 0, 45], "uv": [20, 32]},
						{"origin": [-1, 15.75, -6], "size": [2, 1, 0], "inflate": 0.02, "uv": [22, 50]},
						{"origin": [-0.5, 14.75, -6], "size": [1, 1, 0], "inflate": 0.015, "uv": [6, 6]}
					]
				},
				{
					"name": "jaw",
					"parent": "snout",
					"pivot": [0, 14.5, -4],
					"cubes": [
						{"origin": [-2, 13.5, -6], "size": [4, 1, 2], "uv": [52, 24]}
					]
				},
				{
					"name": "eyes",
					"parent": "head",
					"pivot": [0, 13.75, -1]
				},
				{
					"name": "left_eye",
					"parent": "eyes",
					"pivot": [2.25, 17.75, -4],
					"cubes": [
						{"origin": [2.75, 16.25, -4], "size": [1, 3, 0], "inflate": 0.01, "uv": [6, 3]},
						{"origin": [1.25, 16.75, -4], "size": [2, 2, 0], "inflate": 0.015, "uv": [0, 38]},
						{"origin": [1.25, 16.25, -4], "size": [3, 3, 0], "inflate": 0.005, "uv": [0, 27]}
					]
				},
				{
					"name": "left_pupil",
					"parent": "left_eye",
					"pivot": [2.25, 17.75, -4],
					"cubes": [
						{"origin": [1.75, 17.25, -4], "size": [1, 1, 0], "inflate": 0.02, "uv": [0, 15]}
					]
				},
				{
					"name": "left_eye_closed",
					"parent": "left_eye",
					"pivot": [2.75, 18, -3.9],
					"cubes": [
						{"origin": [1.25, 17.5, -3.9], "size": [2, 0.5, 0], "inflate": 0.02, "uv": [4, 63], "mirror": true}
					]
				},
				{
					"name": "right_eye",
					"parent": "eyes",
					"pivot": [-2.25, 17.75, -4],
					"cubes": [
						{"origin": [-3.75, 16.25, -4], "size": [1, 3, 0], "inflate": 0.01, "uv": [6, 0]},
						{"origin": [-3.25, 16.75, -4], "size": [2, 2, 0], "inflate": 0.015, "uv": [20, 34]},
						{"origin": [-4.25, 16.25, -4], "size": [3, 3, 0], "inflate": 0.005, "uv": [22, 15]}
					]
				},
				{
					"name": "right_pupil",
					"parent": "right_eye",
					"pivot": [-2.25, 17.75, -4],
					"cubes": [
						{"origin": [-2.75, 17.25, -4], "size": [1, 1, 0], "inflate": 0.02, "uv": [6, 7]}
					]
				},
				{
					"name": "right_eye_closed",
					"parent": "right_eye",
					"pivot": [-2.75, 18, -3.9],
					"cubes": [
						{"origin": [-3.25, 17.5, -3.9], "size": [2, 0.5, 0], "inflate": 0.02, "uv": [0, 63]}
					]
				},
				{
					"name": "left_cheek",
					"parent": "head",
					"pivot": [4, 15.75, -1],
					"rotation": [0, 0, 12.5],
					"cubes": [
						{"origin": [2.48029, 13.36453, -3.5], "size": [4, 5, 6], "inflate": 0.01, "uv": [28, 9]}
					]
				},
				{
					"name": "right_cheek",
					"parent": "head",
					"pivot": [-4, 15.75, -1],
					"rotation": [0, 0, -12.5],
					"cubes": [
						{"origin": [-6.48029, 13.36453, -3.5], "size": [4, 5, 6], "inflate": 0.01, "uv": [0, 27]}
					]
				},
				{
					"name": "left_ear",
					"parent": "head",
					"pivot": [3.25, 20.75, -0.5],
					"rotation": [-19.98247, -0.85481, 30.15059],
					"cubes": [
						{"origin": [1.75, 19.25, -0.5], "size": [3, 4, 0], "uv": [0, 4]}
					]
				},
				{
					"name": "right_ear",
					"parent": "head",
					"pivot": [-3.25, 20.75, -0.5],
					"rotation": [-19.98247, 0.85481, -30.15059],
					"cubes": [
						{"origin": [-4.75, 19.25, -0.5], "size": [3, 4, 0], "uv": [0, 0]}
					]
				},
				{
					"name": "left_upper_arm",
					"parent": "upper_torso",
					"pivot": [4, 13.25, 0],
					"cubes": [
						{"origin": [3, 11.25, -1], "size": [4, 2, 2], "inflate": 0.01, "uv": [48, 12]}
					]
				},
				{
					"name": "left_lower_arm",
					"parent": "left_upper_arm",
					"pivot": [7, 12.25, 1],
					"cubes": [
						{"origin": [7, 11.25, -1], "size": [4, 2, 2], "uv": [40, 47]}
					]
				},
				{
					"name": "left_hand",
					"parent": "left_lower_arm",
					"pivot": [11, 12.25, 0],
					"cubes": [
						{"origin": [10.5, 11.75, -1], "size": [2, 1, 2], "inflate": 0.02, "uv": [12, 57]}
					]
				},
				{
					"name": "left_thumb",
					"parent": "left_hand",
					"pivot": [11.5, 12.25, -1],
					"cubes": [
						{"origin": [11.25, 11.75, -1], "size": [2, 1, 0], "inflate": 0.01, "uv": [37, 6]}
					]
				},
				{
					"name": "left_pointer_finger",
					"parent": "left_hand",
					"pivot": [12.5, 12.75, -0.5],
					"cubes": [
						{"origin": [12.5, 11.75, -0.5], "size": [2, 1, 0], "inflate": 0.015, "uv": [36, 8]}
					]
				},
				{
					"name": "left_pinky_finger",
					"parent": "left_hand",
					"pivot": [12.5, 12.75, 0.5],
					"cubes": [
						{"origin": [12.5, 11.75, 0.5], "size": [2, 1, 0], "inflate": 0.015, "uv": [15, 31]}
					]
				},
				{
					"name": "right_upper_arm",
					"parent": "upper_torso",
					"pivot": [-4, 13.25, 0],
					"cubes": [
						{"origin": [-7, 11.25, -1], "size": [4, 2, 2], "inflate": 0.01, "uv": [46, 37]}
					]
				},
				{
					"name": "right_lower_arm",
					"parent": "right_upper_arm",
					"pivot": [-7, 12.25, 1],
					"cubes": [
						{"origin": [-11, 11.25, -1], "size": [4, 2, 2], "uv": [10, 46]}
					]
				},
				{
					"name": "right_hand",
					"parent": "right_lower_arm",
					"pivot": [-11, 12.25, 0],
					"cubes": [
						{"origin": [-12.5, 11.75, -1], "size": [2, 1, 2], "inflate": 0.02, "uv": [12, 61]}
					]
				},
				{
					"name": "right_thumb",
					"parent": "right_hand",
					"pivot": [-11.5, 12.25, -1],
					"cubes": [
						{"origin": [-13.25, 11.75, -1], "size": [2, 1, 0], "inflate": 0.01, "uv": [1, 31]}
					]
				},
				{
					"name": "right_pointer_finger",
					"parent": "right_hand",
					"pivot": [-12.5, 12.75, -0.5],
					"cubes": [
						{"origin": [-14.5, 11.75, -0.5], "size": [2, 1, 0], "inflate": 0.015, "uv": [15, 29]}
					]
				},
				{
					"name": "right_pinky_finger",
					"parent": "right_hand",
					"pivot": [-12.5, 12.75, 0.5],
					"cubes": [
						{"origin": [-14.5, 11.75, 0.5], "size": [2, 1, 0], "inflate": 0.015, "uv": [23, 19]}
					]
				},
				{
					"name": "tail_1",
					"parent": "torso",
					"pivot": [0, 5.25, 3],
					"cubes": [
						{"origin": [-1, 4.25, 2], "size": [2, 2, 5], "inflate": 0.02, "uv": [11, 39]}
					]
				},
				{
					"name": "tail_2",
					"parent": "tail_1",
					"pivot": [0, 5.25, 6.75],
					"cubes": [
						{"origin": [-1, 4.25, 6.75], "size": [2, 2, 4], "inflate": 0.01, "uv": [21, 42]}
					]
				},
				{
					"name": "tail_3",
					"parent": "tail_2",
					"pivot": [0, 5.25, 10.5],
					"cubes": [
						{"origin": [-1, 4.25, 10.5], "size": [2, 2, 6], "uv": [22, 56]}
					]
				},
				{
					"name": "middle_tail_fluff",
					"parent": "tail_3",
					"pivot": [0, 6.25, 15.5],
					"cubes": [
						{"origin": [-2.5, 6.25, 15.5], "size": [5, 0, 6], "pivot": [0, 6.25, 15.5], "rotation": [10, 0, 0], "uv": [6, 50]}
					]
				},
				{
					"name": "left_tail_fluff",
					"parent": "tail_3",
					"pivot": [1, 5.25, 14.5],
					"cubes": [
						{"origin": [1, 3.75, 14.5], "size": [0, 5, 5], "pivot": [1, 5.25, 14.5], "rotation": [0, 10, 0], "uv": [26, -5]}
					]
				},
				{
					"name": "right_tail_fluff",
					"parent": "tail_3",
					"pivot": [-1, 5.25, 14.5],
					"cubes": [
						{"origin": [-1, 3.75, 14.5], "size": [0, 5, 5], "pivot": [-1, 5.25, 14.5], "rotation": [0, -10, 0], "uv": [26, -5], "mirror": true}
					]
				},
				{
					"name": "left_upper_leg",
					"parent": "body",
					"pivot": [3, 5.25, 0],
					"rotation": [0, 0, 0],
					"cubes": [
						{"origin": [1, 1.75, -2.5], "size": [4, 5, 5], "uv": [33, 37]}
					]
				},
				{
					"name": "left_lower_leg",
					"parent": "left_upper_leg",
					"pivot": [3, 1.75, -2],
					"rotation": [22.5, 0, 0],
					"cubes": [
						{"origin": [2, -0.25, -2], "size": [2, 3, 3], "uv": [30, 47]}
					]
				},
				{
					"name": "left_foot",
					"parent": "left_lower_leg",
					"pivot": [3, 0.25, -0.5],
					"rotation": [-22.5, 0, 0],
					"cubes": [
						{"origin": [1.5, -0.75, -2.6], "size": [3, 1, 4], "inflate": 0.01, "uv": [42, 1]}
					]
				},
				{
					"name": "left_toes",
					"parent": "left_foot",
					"pivot": [3, 0.25, -2.6],
					"cubes": [
						{"origin": [2, -0.75, -3.6], "size": [0, 1, 1], "pivot": [2, -0.25, -2.6], "rotation": [0, 10, 0], "uv": [53, 1]},
						{"origin": [3, -0.75, -3.6], "size": [0, 1, 1], "uv": [53, 0]},
						{"origin": [4, -0.75, -3.6], "size": [0, 1, 1], "pivot": [4, -0.25, -2.6], "rotation": [0, -10, 0], "uv": [53, -1]}
					]
				},
				{
					"name": "right_upper_leg",
					"parent": "body",
					"pivot": [-3, 5.25, 0],
					"rotation": [0, 0, 0],
					"cubes": [
						{"origin": [-5, 1.75, -2.5], "size": [4, 5, 5], "uv": [20, 32]}
					]
				},
				{
					"name": "right_lower_leg",
					"parent": "right_upper_leg",
					"pivot": [-3, 1.75, -2],
					"rotation": [22.5, 0, 0],
					"cubes": [
						{"origin": [-4, -0.25, -2], "size": [2, 3, 3], "uv": [44, 20]}
					]
				},
				{
					"name": "right_foot",
					"parent": "right_lower_leg",
					"pivot": [-3, 0.25, -0.5],
					"rotation": [-22.5, 0, 0],
					"cubes": [
						{"origin": [-4.5, -0.75, -2.6], "size": [3, 1, 4], "inflate": 0.01, "uv": [1, 39]}
					]
				},
				{
					"name": "right_toes",
					"parent": "right_foot",
					"pivot": [-3, 0.25, -2.6],
					"cubes": [
						{"origin": [-2, -0.75, -3.6], "size": [0, 1, 1], "pivot": [-2, -0.25, -2.6], "rotation": [0, -10, 0], "uv": [55, 1]},
						{"origin": [-3, -0.75, -3.6], "size": [0, 1, 1], "uv": [55, 0]},
						{"origin": [-4, -0.75, -3.6], "size": [0, 1, 1], "pivot": [-4, -0.25, -2.6], "rotation": [0, 10, 0], "uv": [55, -1]}
					]
				}
			]
		}
	]
}