{
	"format_version": "1.12.0",
	"minecraft:geometry": [
		{
			"description": {
				"identifier": "geometry.shiftry_male",
				"texture_width": 128,
				"texture_height": 128,
				"visible_bounds_width": 5,
				"visible_bounds_height": 3.5,
				"visible_bounds_offset": [0, 1.25, 0]
			},
			"bones": [
				{
					"name": "shiftry",
					"pivot": [0, 0, 0]
				},
				{
					"name": "body",
					"parent": "shiftry",
					"pivot": [0, 17, 0]
				},
				{
					"name": "torso",
					"parent": "body",
					"pivot": [0, 17, 0],
					"cubes": [
						{"origin": [-4.5, 13, -4.5], "size": [9, 7, 9], "inflate": 0.01, "uv": [0, 40]},
						{"origin": [-4.5, 9, -5.5], "size": [9, 4, 10], "inflate": 0.01, "uv": [32, 10]}
					]
				},
				{
					"name": "head",
					"parent": "torso",
					"pivot": [0, 17, 0],
					"cubes": [
						{"origin": [-5, 17, -5], "size": [3, 3, 0], "uv": [54, 7]},
						{"origin": [-5, 20, -5], "size": [10, 7, 10], "inflate": 0.01, "uv": [0, 20]},
						{"origin": [5, 15, -5], "size": [0, 5, 4], "uv": [39, 56]},
						{"origin": [2, 17, -5], "size": [3, 3, 0], "uv": [0, 0]},
						{"origin": [-5, 15, -5], "size": [0, 5, 4], "uv": [54, 20]}
					]
				},
				{
					"name": "ear_left",
					"parent": "head",
					"pivot": [4.75, 26.5, 0],
					"rotation": [-7.5, 0, 12.5],
					"cubes": [
						{"origin": [4.75, 26.5, -2], "size": [0, 8, 4], "uv": [0, 36]}
					]
				},
				{
					"name": "ear_right",
					"parent": "head",
					"pivot": [-4.75, 26.5, 0],
					"rotation": [-7.5, 0, -12.5],
					"cubes": [
						{"origin": [-4.75, 26.5, -2], "size": [0, 8, 4], "uv": [0, 16]}
					]
				},
				{
					"name": "nose",
					"parent": "head",
					"pivot": [0, 22.25, -5],
					"rotation": [12.5, 0, 0],
					"cubes": [
						{"origin": [-1, 20.25, -13], "size": [2, 2, 8], "uv": [65, 41]}
					]
				},
				{
					"name": "hair",
					"parent": "head",
					"pivot": [0, 27, -5],
					"rotation": [-50, 0, 0],
					"cubes": [
						{"origin": [-5, 27, -5], "size": [0, 4, 4], "uv": [24, 69]},
						{"origin": [-5, 27, -5], "size": [10, 7, 0], "uv": [68, 65]},
						{"origin": [5, 27, -5], "size": [0, 4, 4], "uv": [0, 0]}
					]
				},
				{
					"name": "hair2",
					"parent": "head",
					"pivot": [0, 27, 1],
					"rotation": [-65, 0, 0],
					"cubes": [
						{"origin": [-4, 27, 1], "size": [0, 4, 3], "uv": [27, 41]},
						{"origin": [-4, 27, 1], "size": [8, 4, 0], "uv": [18, 69]},
						{"origin": [4, 27, 1], "size": [0, 4, 3], "uv": [27, 37]}
					]
				},
				{
					"name": "eye_left",
					"parent": "head",
					"pivot": [0, 16.5, 0],
					"cubes": [
						{"origin": [1.01, 21.5, -5.01], "size": [4, 3, 2], "inflate": 0.01, "uv": [12, 73]}
					]
				},
				{
					"name": "eyelid_left",
					"parent": "eye_left",
					"pivot": [-0.1, 16.5, 0.1],
					"cubes": [
						{"origin": [0.91, 21.5, -4.91], "size": [4, 3, 2], "inflate": 0.02, "uv": [0, 73]}
					]
				},
				{
					"name": "eye_right",
					"parent": "head",
					"pivot": [0, 16.5, 0],
					"cubes": [
						{"origin": [-5.01, 21.5, -5.01], "size": [4, 3, 2], "inflate": 0.01, "uv": [64, 72]}
					]
				},
				{
					"name": "eyelid_right",
					"parent": "eye_right",
					"pivot": [0.1, 16.5, 0.1],
					"cubes": [
						{"origin": [-4.91, 21.5, -4.91], "size": [4, 3, 2], "inflate": 0.02, "uv": [54, 69]}
					]
				},
				{
					"name": "hair3",
					"parent": "head",
					"pivot": [0.25, 27, 5],
					"rotation": [7.5, 0, 0],
					"cubes": [
						{"origin": [-5.5, 15, 0], "size": [11, 12, 7], "uv": [33, 30]}
					]
				},
				{
					"name": "hair4",
					"parent": "hair3",
					"pivot": [0, 15, 0],
					"rotation": [7.5, 0, 0],
					"cubes": [
						{"origin": [-6.5, 3, 0], "size": [13, 12, 8], "uv": [0, 0]}
					]
				},
				{
					"name": "hair5",
					"parent": "hair4",
					"pivot": [0, 3, 0],
					"rotation": [67.5, 0, 0],
					"cubes": [
						{"origin": [-6.5, -5, 0], "size": [13, 8, 3], "inflate": -0.01, "uv": [36, 49]}
					]
				},
				{
					"name": "hair6",
					"parent": "hair5",
					"pivot": [0, -5, 0],
					"rotation": [7.5, 0, 0],
					"cubes": [
						{"origin": [-6.5, -11.98, 0.02], "size": [13, 7, 0], "inflate": -0.01, "uv": [60, 13]}
					]
				},
				{
					"name": "teeth",
					"parent": "torso",
					"pivot": [0, 17, 0],
					"cubes": [
						{"origin": [-2, 19, -4.51], "size": [4, 1, 1], "inflate": 0.01, "uv": [42, 8]}
					]
				},
				{
					"name": "teeth2",
					"parent": "torso",
					"pivot": [0, 16, 0],
					"cubes": [
						{"origin": [-2, 18, -4.51], "size": [4, 1, 1], "inflate": 0.01, "uv": [0, 28]}
					]
				},
				{
					"name": "arm_left",
					"parent": "torso",
					"pivot": [6, 20, 0.5],
					"cubes": [
						{"origin": [9.5, 19, -0.5], "size": [7, 2, 2], "inflate": 0.01, "uv": [0, 69]},
						{"origin": [4.5, 17.5, -2], "size": [5, 5, 5], "inflate": 0.01, "uv": [63, 55]}
					]
				},
				{
					"name": "hand",
					"parent": "arm_left",
					"pivot": [16, 20, 0.5]
				},
				{
					"name": "leaf_left",
					"parent": "hand",
					"pivot": [16, 20, 0.5],
					"cubes": [
						{"origin": [16, 20, -2], "size": [12, 0, 5], "uv": [29, 0]}
					]
				},
				{
					"name": "leaf_left2",
					"parent": "hand",
					"pivot": [16, 19.975, 0.5],
					"rotation": [0, 50, 0],
					"cubes": [
						{"origin": [16, 19.975, -1], "size": [10, 0, 3], "uv": [65, 51]}
					]
				},
				{
					"name": "leaf_left3",
					"parent": "hand",
					"pivot": [16, 19.975, 0.5],
					"rotation": [0, -50, 0],
					"cubes": [
						{"origin": [16, 19.975, -1], "size": [10, 0, 3], "uv": [59, 34]}
					]
				},
				{
					"name": "arm_right",
					"parent": "torso",
					"pivot": [-6, 20, 0.5],
					"cubes": [
						{"origin": [-16.5, 19, -0.5], "size": [7, 2, 2], "inflate": 0.01, "uv": [17, 56]},
						{"origin": [-9.5, 17.5, -2], "size": [5, 5, 5], "inflate": 0.01, "uv": [62, 24]}
					]
				},
				{
					"name": "hand2",
					"parent": "arm_right",
					"pivot": [-16, 20, 0.5]
				},
				{
					"name": "leaf_right",
					"parent": "hand2",
					"pivot": [-16, 20, 0.5],
					"cubes": [
						{"origin": [-28, 20, -2], "size": [12, 0, 5], "uv": [25, 24]}
					]
				},
				{
					"name": "leaf_right2",
					"parent": "hand2",
					"pivot": [-16, 19.975, 0.5],
					"rotation": [0, -50, 0],
					"cubes": [
						{"origin": [-26, 19.975, -1], "size": [10, 0, 3], "uv": [0, 37]}
					]
				},
				{
					"name": "leaf_right3",
					"parent": "hand2",
					"pivot": [-16, 19.975, 0.5],
					"rotation": [0, 50, 0],
					"cubes": [
						{"origin": [-26, 19.975, -1], "size": [10, 0, 3], "uv": [31, 5]}
					]
				},
				{
					"name": "leg_left",
					"parent": "body",
					"pivot": [5.5, 11, 0.5],
					"cubes": [
						{"origin": [4, 8, -5], "size": [5, 6, 7], "uv": [60, 0]}
					]
				},
				{
					"name": "leg_left2",
					"parent": "leg_left",
					"pivot": [6.5, 8, -2],
					"cubes": [
						{"origin": [5.5, 4, -3.5], "size": [2, 5, 3], "uv": [44, 69]}
					]
				},
				{
					"name": "foot_left",
					"parent": "leg_left2",
					"pivot": [6.5, 4.5, -2],
					"cubes": [
						{"origin": [4.5, 3, -6.5], "size": [4, 2, 7], "uv": [46, 60]},
						{"origin": [4.5, 1, -3.5], "size": [4, 2, 1], "uv": [57, 4]}
					]
				},
				{
					"name": "leg_right",
					"parent": "body",
					"pivot": [-5.5, 11, 0.5],
					"cubes": [
						{"origin": [-9, 8, -5], "size": [5, 6, 7], "uv": [0, 56]}
					]
				},
				{
					"name": "leg_right2",
					"parent": "leg_right",
					"pivot": [-6.5, 8, -2],
					"cubes": [
						{"origin": [-7.5, 4, -3.5], "size": [2, 5, 3], "uv": [34, 69]}
					]
				},
				{
					"name": "foot_right",
					"parent": "leg_right2",
					"pivot": [-6.5, 4.5, -2],
					"cubes": [
						{"origin": [-8.5, 3, -6.5], "size": [4, 2, 7], "uv": [24, 60]},
						{"origin": [-8.5, 1, -3.5], "size": [4, 2, 1], "uv": [23, 37]}
					]
				}
			]
		}
	]
}