{
	"format_version": "1.12.0",
	"minecraft:geometry": [
		{
			"description": {
				"identifier": "geometry.ninjask",
				"texture_width": 64,
				"texture_height": 64,
				"visible_bounds_width": 3,
				"visible_bounds_height": 2.5,
				"visible_bounds_offset": [0, 0.75, 0]
			},
			"bones": [
				{
					"name": "ninjask",
					"pivot": [0, 0, 0]
				},
				{
					"name": "body",
					"parent": "ninjask",
					"pivot": [0, 7.5, 0],
					"cubes": [
						{"origin": [-3.5, 4.25, 4.5], "size": [7, 6, 3], "uv": [8, 13]},
						{"origin": [-4.5, 4, -3.5], "size": [9, 7, 8], "uv": [30, 0]},
						{"origin": [0, 11.01, 0.5], "size": [2, 0, 1], "inflate": 0.01, "pivot": [0.5, 11.01, 0.5], "rotation": [0, -22.5, 0], "uv": [55, 25]},
						{"origin": [-2, 11.01, 0.5], "size": [2, 0, 1], "pivot": [-0.5, 11.01, 0.5], "rotation": [0, 22.5, 0], "uv": [55, 26], "mirror": true}
					]
				},
				{
					"name": "arms",
					"parent": "body",
					"pivot": [0, 4.5, -1.5]
				},
				{
					"name": "arm_front_left",
					"parent": "arms",
					"pivot": [2.5, 4, -1.5],
					"cubes": [
						{"origin": [2.5, 4, -2], "size": [4, 1, 1], "inflate": 0.01, "uv": [40, 15]}
					]
				},
				{
					"name": "arm_front_left2",
					"parent": "arm_front_left",
					"pivot": [6.5, 5, -2],
					"cubes": [
						{"origin": [6.5, 4, -2.5], "size": [6, 2, 2], "inflate": 0.02, "uv": [48, 15]}
					]
				},
				{
					"name": "claw_front_left",
					"parent": "arm_front_left2",
					"pivot": [12.5, 4, -1.5],
					"cubes": [
						{"origin": [11.5, 3, -1.5], "size": [1, 1, 0], "uv": [25, 14]}
					]
				},
				{
					"name": "arm_back_left",
					"parent": "arms",
					"pivot": [3.5, 4, 1.5],
					"cubes": [
						{"origin": [3.5, 4, 1.5], "size": [3, 1, 0], "inflate": 0.01, "uv": [40, 17]}
					]
				},
				{
					"name": "arm_back_left2",
					"parent": "arm_back_left",
					"pivot": [6.5, 4.5, 1.5],
					"cubes": [
						{"origin": [6.5, 4, 1], "size": [4, 1, 1], "inflate": 0.02, "uv": [28, 20]}
					]
				},
				{
					"name": "claw_back_left",
					"parent": "arm_back_left2",
					"pivot": [10.5, 4, 1.5],
					"cubes": [
						{"origin": [9.5, 3, 1.5], "size": [1, 1, 0], "uv": [27, 14]}
					]
				},
				{
					"name": "arm_front_right",
					"parent": "arms",
					"pivot": [-2.5, 4, -1.5],
					"cubes": [
						{"origin": [-6.5, 4, -2], "size": [4, 1, 1], "inflate": 0.01, "uv": [40, 19], "mirror": true}
					]
				},
				{
					"name": "arm_front_right2",
					"parent": "arm_front_right",
					"pivot": [-6.5, 5, -2],
					"cubes": [
						{"origin": [-12.5, 4, -2.5], "size": [6, 2, 2], "inflate": 0.02, "uv": [48, 19], "mirror": true}
					]
				},
				{
					"name": "claw_front_right",
					"parent": "arm_front_right2",
					"pivot": [-12.5, 4, -1.5],
					"cubes": [
						{"origin": [-12.5, 3, -1.5], "size": [1, 1, 0], "uv": [25, 15], "mirror": true}
					]
				},
				{
					"name": "arm_back_right",
					"parent": "arms",
					"pivot": [-3.5, 4, 1.5],
					"cubes": [
						{"origin": [-6.5, 4, 1.5], "size": [3, 1, 0], "inflate": 0.01, "uv": [40, 18], "mirror": true}
					]
				},
				{
					"name": "arm_back_right2",
					"parent": "arm_back_right",
					"pivot": [-6.5, 4.5, 1.5],
					"cubes": [
						{"origin": [-10.5, 4, 1], "size": [4, 1, 1], "inflate": 0.02, "uv": [37, 21], "mirror": true}
					]
				},
				{
					"name": "claw_back_right",
					"parent": "arm_back_right2",
					"pivot": [-10.5, 4, 1.5],
					"cubes": [
						{"origin": [-10.5, 3, 1.5], "size": [1, 1, 0], "uv": [27, 15], "mirror": true}
					]
				},
				{
					"name": "wings",
					"parent": "body",
					"pivot": [0, 9, 0.5]
				},
				{
					"name": "wing_front_left",
					"parent": "wings",
					"pivot": [4.5, 10.5, 0.6],
					"rotation": [0, 0, -30],
					"cubes": [
						{"origin": [4.5, 10.5, -6.4], "size": [13, 0, 8], "uv": [-8, 23]}
					]
				},
				{
					"name": "wing_back_left",
					"parent": "wings",
					"pivot": [4.5, 10, 1.25],
					"rotation": [0, -10, -25],
					"cubes": [
						{"origin": [4.5, 10, -0.25], "size": [8, 0, 5], "uv": [-5, 31]}
					]
				},
				{
					"name": "wing_front_right",
					"parent": "wings",
					"pivot": [-4.5, 10.5, 0.6],
					"rotation": [0, 0, 30],
					"cubes": [
						{"origin": [-17.5, 10.5, -6.4], "size": [13, 0, 8], "uv": [18, 23], "mirror": true}
					]
				},
				{
					"name": "wing_back_right",
					"parent": "wings",
					"pivot": [-4.5, 10, 1.25],
					"rotation": [0, 10, 25],
					"cubes": [
						{"origin": [-12.5, 10, -0.25], "size": [8, 0, 5], "uv": [11, 31], "mirror": true}
					]
				},
				{
					"name": "head",
					"parent": "body",
					"pivot": [0, 9, -3.5],
					"cubes": [
						{"origin": [-4.5, 4, -8.5], "size": [9, 7, 6], "inflate": 0.01, "uv": [0, 0]},
						{"origin": [-1, 4, -8.5], "size": [2, 2, 6], "inflate": 0.02, "uv": [46, 25]},
						{"origin": [-3, 6.5, -8.52], "size": [6, 2, 0], "uv": [52, 23]}
					]
				},
				{
					"name": "eyes",
					"parent": "head",
					"pivot": [0, 7.5, -8.5]
				},
				{
					"name": "eye_left",
					"parent": "eyes",
					"pivot": [4, 7.5, -8],
					"cubes": [
						{"origin": [2, 6, -8.5], "size": [1, 3, 0], "uv": [4, 0]},
						{"origin": [4.5, 6, -7], "size": [0, 3, 1], "uv": [4, 2]},
						{"origin": [3, 6, -9], "size": [2, 3, 0], "uv": [0, 13]},
						{"origin": [3, 6, -7], "size": [2, 3, 0], "uv": [4, 13]},
						{"origin": [3, 9, -9], "size": [2, 0, 2], "uv": [-2, 16]},
						{"origin": [3, 6, -9], "size": [2, 0, 2], "uv": [2, 16]},
						{"origin": [5, 6, -9], "size": [0, 3, 2], "uv": [0, -2]},
						{"origin": [3, 6, -9], "size": [0, 3, 2], "uv": [0, 1]}
					]
				},
				{
					"name": "pupil_left",
					"parent": "eye_left",
					"pivot": [4, 7.5, -8],
					"cubes": [
						{"origin": [3.5, 6.5, -8.5], "size": [1, 2, 1], "uv": [32, 31]}
					]
				},
				{
					"name": "pupil_dark_left",
					"parent": "eye_left",
					"pivot": [2, 7.5, -6],
					"cubes": [
						{"origin": [1.5, 6.5, -6.5], "size": [1, 2, 1], "inflate": 0.01, "uv": [32, 34]}
					]
				},
				{
					"name": "eyelid_left",
					"parent": "eye_left",
					"pivot": [2, 7.5, -5],
					"cubes": [
						{"origin": [1, 6, -6], "size": [2, 3, 0], "inflate": 0.01, "uv": [4, 36]},
						{"origin": [1, 6, -4], "size": [2, 3, 0], "inflate": 0.01, "uv": [8, 36]},
						{"origin": [1, 9, -6], "size": [2, 0, 2], "inflate": 0.01, "uv": [2, 39]},
						{"origin": [1, 6, -6], "size": [2, 0, 2], "inflate": 0.01, "uv": [6, 39]},
						{"origin": [3, 6, -6], "size": [0, 3, 2], "inflate": 0.01, "uv": [0, 34]},
						{"origin": [1, 6, -6], "size": [0, 3, 2], "inflate": 0.01, "uv": [0, 37]}
					]
				},
				{
					"name": "eye_right",
					"parent": "eyes",
					"pivot": [-4, 7.5, -8],
					"cubes": [
						{"origin": [-3, 6, -8.5], "size": [1, 3, 0], "uv": [28, 0], "mirror": true},
						{"origin": [-4.5, 6, -7], "size": [0, 3, 1], "uv": [28, 2], "mirror": true},
						{"origin": [-5, 6, -9], "size": [2, 3, 0], "uv": [0, 18], "mirror": true},
						{"origin": [-5, 6, -7], "size": [2, 3, 0], "uv": [4, 18], "mirror": true},
						{"origin": [-5, 9, -9], "size": [2, 0, 2], "uv": [-2, 21], "mirror": true},
						{"origin": [-5, 6, -9], "size": [2, 0, 2], "uv": [2, 21], "mirror": true},
						{"origin": [-5, 6, -9], "size": [0, 3, 2], "uv": [24, -2], "mirror": true},
						{"origin": [-3, 6, -9], "size": [0, 3, 2], "uv": [24, 1], "mirror": true}
					]
				},
				{
					"name": "pupil_right",
					"parent": "eye_right",
					"pivot": [-4, 7.5, -8],
					"cubes": [
						{"origin": [-4.5, 6.5, -8.5], "size": [1, 2, 1], "uv": [36, 31], "mirror": true}
					]
				},
				{
					"name": "pupil_dark_right",
					"parent": "eye_right",
					"pivot": [-2, 7.5, -6],
					"cubes": [
						{"origin": [-2.5, 6.5, -6.5], "size": [1, 2, 1], "inflate": 0.01, "uv": [36, 34], "mirror": true}
					]
				},
				{
					"name": "eyelid_right",
					"parent": "eye_right",
					"pivot": [-2, 7.5, -5],
					"cubes": [
						{"origin": [-3, 6, -6], "size": [2, 3, 0], "inflate": 0.01, "uv": [16, 36], "mirror": true},
						{"origin": [-3, 6, -4], "size": [2, 3, 0], "inflate": 0.01, "uv": [20, 36], "mirror": true},
						{"origin": [-3, 9, -6], "size": [2, 0, 2], "inflate": 0.01, "uv": [14, 39], "mirror": true},
						{"origin": [-3, 6, -6], "size": [2, 0, 2], "inflate": 0.01, "uv": [18, 39], "mirror": true},
						{"origin": [-3, 6, -6], "size": [0, 3, 2], "inflate": 0.01, "uv": [12, 34], "mirror": true},
						{"origin": [-1, 6, -6], "size": [0, 3, 2], "inflate": 0.01, "uv": [12, 37], "mirror": true}
					]
				},
				{
					"name": "ear_left",
					"parent": "head",
					"pivot": [3, 10.5, -5],
					"rotation": [0, 0, -5],
					"cubes": [
						{"origin": [2.5, 9.5, -6], "size": [1, 3, 3], "pivot": [3, 11.5, -5], "rotation": [-45, 0, 0], "uv": [30, 2]}
					]
				},
				{
					"name": "ear_right",
					"parent": "head",
					"pivot": [-3, 10.5, -5],
					"rotation": [0, 0, 5],
					"cubes": [
						{"origin": [-3.5, 9.5, -6], "size": [1, 3, 3], "pivot": [-3, 11.5, -5], "rotation": [-45, 0, 0], "uv": [56, 2], "mirror": true}
					]
				},
				{
					"name": "tail",
					"parent": "body",
					"pivot": [0, 7.5, 7.5],
					"cubes": [
						{"origin": [-2, 4.5, 7], "size": [4, 3, 2], "uv": [28, 15]}
					]
				}
			]
		}
	]
}