{
	"format_version": "1.12.0",
	"minecraft:geometry": [
		{
			"description": {
				"identifier": "geometry.hitmonlee",
				"texture_width": 64,
				"texture_height": 64,
				"visible_bounds_width": 4,
				"visible_bounds_height": 3.5,
				"visible_bounds_offset": [0, 1.25, 0]
			},
			"bones": [
				{
					"name": "hitmonlee",
					"pivot": [0, 0, 0]
				},
				{
					"name": "body",
					"parent": "hitmonlee",
					"pivot": [0, 20, 0]
				},
				{
					"name": "torso",
					"parent": "body",
					"pivot": [0, 13, 0],
					"cubes": [
						{"origin": [-4, 12, -3], "size": [8, 5, 6], "uv": [0, 16]}
					]
				},
				{
					"name": "torso2",
					"parent": "torso",
					"pivot": [0, 16.5, 0],
					"cubes": [
						{"origin": [-4.5, 16, -3.5], "size": [9, 9, 7], "uv": [0, 0]}
					]
				},
				{
					"name": "eye_left",
					"parent": "torso2",
					"pivot": [2.5, 21, -3.01],
					"cubes": [
						{"origin": [1, 19.5, -3.51], "size": [3, 2, 1], "uv": [44, 5]},
						{"origin": [1.5, 20, -3.515], "size": [1, 2, 1], "uv": [47, 0]},
						{"origin": [0.65, 21.25, -3.5175], "size": [3, 1, 1], "pivot": [2.25, 21.75, -3.0175], "rotation": [0, 0, -22.5], "uv": [46, 11]}
					]
				},
				{
					"name": "eyelid_left",
					"parent": "eye_left",
					"pivot": [2.5, 21, -2.91],
					"cubes": [
						{"origin": [1, 19.5, -3.41], "size": [3, 3, 1], "inflate": 0.01, "uv": [42, 31]}
					]
				},
				{
					"name": "eye_right",
					"parent": "torso2",
					"pivot": [-2.5, 21, -3.01],
					"cubes": [
						{"origin": [-4, 19.5, -3.51], "size": [3, 2, 1], "uv": [55, 0]},
						{"origin": [-2.5, 20, -3.515], "size": [1, 2, 1], "uv": [51, 0]},
						{"origin": [-3.65, 21.25, -3.5175], "size": [3, 1, 1], "pivot": [-2.25, 21.75, -3.0175], "rotation": [0, 0, 22.5], "uv": [46, 9]}
					]
				},
				{
					"name": "eyelid_right",
					"parent": "eye_right",
					"pivot": [-2.5, 21, -2.91],
					"cubes": [
						{"origin": [-4, 19.5, -3.41], "size": [3, 3, 1], "inflate": 0.01, "uv": [42, 31]}
					]
				},
				{
					"name": "arm_left",
					"parent": "torso2",
					"pivot": [4.5, 20, 0],
					"cubes": [
						{"origin": [3.5, 19, -1.5], "size": [6, 3, 3], "uv": [16, 29]}
					]
				},
				{
					"name": "arm_left2",
					"parent": "arm_left",
					"pivot": [9, 21, 0],
					"cubes": [
						{"origin": [9, 19.5, -1], "size": [5, 2, 2], "uv": [36, 22]}
					]
				},
				{
					"name": "hand_left",
					"parent": "arm_left2",
					"pivot": [14, 20.5, 0],
					"cubes": [
						{"origin": [14, 19.5, -1.5], "size": [3, 2, 3], "inflate": 0.001, "uv": [38, 26]}
					]
				},
				{
					"name": "finger_left",
					"parent": "hand_left",
					"pivot": [17.25, 21.25, -1],
					"cubes": [
						{"origin": [17, 20.25, -1.5], "size": [3, 1, 1], "uv": [44, 44]}
					]
				},
				{
					"name": "finger_left2",
					"parent": "hand_left",
					"pivot": [17.25, 21.25, 0],
					"cubes": [
						{"origin": [17, 20.25, -0.5], "size": [3, 1, 1], "uv": [42, 39]}
					]
				},
				{
					"name": "finger_left3",
					"parent": "hand_left",
					"pivot": [17.25, 21.25, 1],
					"cubes": [
						{"origin": [17, 20.25, 0.5], "size": [3, 1, 1], "uv": [19, 44]}
					]
				},
				{
					"name": "arm_right",
					"parent": "torso2",
					"pivot": [-4.5, 20, 0],
					"cubes": [
						{"origin": [-9.5, 19, -1.5], "size": [6, 3, 3], "uv": [22, 16]}
					]
				},
				{
					"name": "arm_right2",
					"parent": "arm_right",
					"pivot": [-9, 21, 0],
					"cubes": [
						{"origin": [-14, 19.5, -1], "size": [5, 2, 2], "uv": [32, 7]}
					]
				},
				{
					"name": "hand_right",
					"parent": "arm_right2",
					"pivot": [-14, 20.5, 0],
					"cubes": [
						{"origin": [-17, 19.5, -1.5], "size": [3, 2, 3], "inflate": 0.001, "uv": [38, 0]}
					],
					"locators": {
						"held_item": {
							"offset": [-18.25, 18.25, 1.75],
							"rotation": [0, 0, -65]
						}
					}
				},
				{
					"name": "finger_right",
					"parent": "hand_right",
					"pivot": [-17.25, 21.25, -1],
					"cubes": [
						{"origin": [-20, 20.25, -1.5], "size": [3, 1, 1], "uv": [21, 35]}
					]
				},
				{
					"name": "finger_right2",
					"parent": "hand_right",
					"pivot": [-17.25, 21.25, 0],
					"cubes": [
						{"origin": [-20, 20.25, -0.5], "size": [3, 1, 1], "uv": [32, 11]}
					]
				},
				{
					"name": "finger_right3",
					"parent": "hand_right",
					"pivot": [-17.25, 21.25, 1],
					"cubes": [
						{"origin": [-20, 20.25, 0.5], "size": [3, 1, 1], "uv": [12, 27]}
					]
				},
				{
					"name": "leg_left",
					"parent": "body",
					"pivot": [2, 12.5, 0],
					"cubes": [
						{"origin": [0.5, 10, -2], "size": [4, 4, 4], "uv": [30, 31]}
					]
				},
				{
					"name": "leg_left2",
					"parent": "leg_left",
					"pivot": [2.5, 10, -1.5],
					"cubes": [
						{"origin": [1, 7.5, -1.5], "size": [3, 3, 3], "uv": [21, 38]}
					]
				},
				{
					"name": "leg_left3",
					"parent": "leg_left2",
					"pivot": [2.5, 7.5, -1.5],
					"cubes": [
						{"origin": [1, 4.5, -1.5], "size": [3, 3, 3], "inflate": 0.001, "uv": [33, 39]}
					]
				},
				{
					"name": "leg_left4",
					"parent": "leg_left3",
					"pivot": [2.5, 4.5, -1.5],
					"cubes": [
						{"origin": [1, 1.5, -1.5], "size": [3, 3, 3], "uv": [0, 41]}
					]
				},
				{
					"name": "foot_left",
					"parent": "leg_left4",
					"pivot": [2.5, 2, 0],
					"cubes": [
						{"origin": [0.5, 0, -3], "size": [4, 2, 5], "uv": [25, 0]},
						{"origin": [2.5, 0, -5], "size": [0, 2, 2], "uv": [0, 25]},
						{"origin": [1, 0, -5], "size": [0, 2, 2], "uv": [0, 18]},
						{"origin": [4, 0, -5], "size": [0, 2, 2], "uv": [0, 16]}
					]
				},
				{
					"name": "leg_right",
					"parent": "body",
					"pivot": [-2, 12.5, 0],
					"cubes": [
						{"origin": [-4.5, 10, -2], "size": [4, 4, 4], "uv": [0, 27]}
					]
				},
				{
					"name": "leg_right2",
					"parent": "leg_right",
					"pivot": [-2.5, 10, -1.5],
					"cubes": [
						{"origin": [-4, 7.5, -1.5], "size": [3, 3, 3], "inflate": 0.002, "uv": [37, 11]}
					]
				},
				{
					"name": "leg_right3",
					"parent": "leg_right2",
					"pivot": [-2.5, 7.5, -1.5],
					"cubes": [
						{"origin": [-4, 4.5, -1.5], "size": [3, 3, 3], "inflate": 0.001, "uv": [12, 35]}
					]
				},
				{
					"name": "leg_right4",
					"parent": "leg_right3",
					"pivot": [-2.5, 4.5, -1.5],
					"cubes": [
						{"origin": [-4, 1.5, -1.5], "size": [3, 3, 3], "uv": [0, 35]}
					]
				},
				{
					"name": "foot_right",
					"parent": "leg_right4",
					"pivot": [-2.5, 2, 0],
					"cubes": [
						{"origin": [-4.5, 0, -3], "size": [4, 2, 5], "uv": [23, 22]},
						{"origin": [-2.5, 0, -5], "size": [0, 2, 2], "uv": [0, 14]},
						{"origin": [-1, 0, -5], "size": [0, 2, 2], "uv": [0, 2]},
						{"origin": [-4, 0, -5], "size": [0, 2, 2], "uv": [0, 0]}
					]
				}
			]
		}
	]
}