{
	"format_version": "1.12.0",
	"minecraft:geometry": [
		{
			"description": {
				"identifier": "geometry.unknown",
				"texture_width": 256,
				"texture_height": 256,
				"visible_bounds_width": 4,
				"visible_bounds_height": 3.5,
				"visible_bounds_offset": [0, 1.25, 0]
			},
			"bones": [
				{
					"name": "claydol",
					"pivot": [0, 0, 0]
				},
				{
					"name": "body",
					"parent": "claydol",
					"pivot": [0, 9.88819, -1.82647],
					"cubes": [
						{"origin": [-4.999, 15.499, -5.001], "size": [10, 2, 10], "pivot": [0, 20.5, 0], "rotation": [0, -135, 0], "uv": [88, 44]},
						{"origin": [-5.999, 6.499, -6.001], "size": [12, 10, 12], "pivot": [0, 19.5, 0], "rotation": [0, -135, 0], "uv": [88, 0]},
						{"origin": [-4.999, 4.499, -5.001], "size": [10, 2, 10], "pivot": [0, 9.5, 0], "rotation": [0, -135, 0], "uv": [88, 22]},
						{"origin": [-7.04164, 2.499, -2.001], "size": [4, 4, 4], "pivot": [-5.04264, 4.5, 0], "rotation": [0, 0, 107.5], "uv": [0, 78]},
						{"origin": [3.04364, 2.499, -2.001], "size": [4, 4, 4], "pivot": [5.04264, 4.5, 0], "rotation": [0, 0, -107.5], "uv": [44, 0]},
						{"origin": [4.05, 11.5, -6.05], "size": [2, 2, 2], "pivot": [0, 19.45, 0], "rotation": [0, -135, 0], "uv": [44, 54]},
						{"origin": [4.279, 7.499, -7.979], "size": [0, 8, 8], "pivot": [4.278, 11.8, -4.278], "rotation": [0, 45, 0], "uv": [0, 38]},
						{"origin": [4.329, 10.999, -9.979], "size": [0, 1, 2], "pivot": [4.278, 11.8, -4.278], "rotation": [45, 45, 0], "uv": [0, 0]},
						{"origin": [4.329, 10.499, -5.029], "size": [0, 2, 2], "inflate": 0.001, "pivot": [4.278, 11.8, -4.278], "rotation": [0, 45, 0], "uv": [0, 2]},
						{"origin": [-4.329, 10.499, -5.029], "size": [0, 2, 2], "inflate": 0.001, "pivot": [-4.278, 11.8, -4.278], "rotation": [0, -45, 0], "uv": [0, 12], "mirror": true},
						{"origin": [-4.279, 7.499, -7.979], "size": [0, 8, 8], "pivot": [-4.278, 11.8, -4.278], "rotation": [0, -45, 0], "uv": [44, 0], "mirror": true},
						{"origin": [-4.329, 10.999, -9.979], "size": [0, 1, 2], "pivot": [-4.278, 11.8, -4.278], "rotation": [45, -45, 0], "uv": [0, 10], "mirror": true}
					]
				},
				{
					"name": "head",
					"parent": "body",
					"pivot": [0, 17.53696, 0],
					"cubes": [
						{"origin": [-5, 22.5, -12.05], "size": [10, 8, 0], "uv": [40, 96]},
						{"origin": [-5, 22.5, -12.05], "size": [10, 8, 0], "pivot": [0, 24.5, 0], "rotation": [0, 45, 0], "uv": [44, 16]},
						{"origin": [-5, 22.5, -12.05], "size": [10, 8, 0], "pivot": [0, 24.5, 0], "rotation": [0, 90, 0], "uv": [40, 104]},
						{"origin": [-5, 22.5, -12.05], "size": [10, 8, 0], "pivot": [0, 24.5, 0], "rotation": [0, -45, 0], "uv": [20, 96]},
						{"origin": [-5, 22.5, -12.05], "size": [10, 8, 0], "pivot": [0, 24.5, 0], "rotation": [0, -90, 0], "uv": [60, 96]},
						{"origin": [-5, 22.5, -12.05], "size": [10, 8, 0], "pivot": [0, 24.5, 0], "rotation": [-180, -45, 180], "uv": [80, 96]},
						{"origin": [-5, 22.5, -12.05], "size": [10, 8, 0], "pivot": [0, 24.5, 0], "rotation": [-180, 0, 180], "uv": [100, 96]},
						{"origin": [-5, 22.5, -12.05], "size": [10, 8, 0], "pivot": [0, 24.5, 0], "rotation": [-180, 45, 180], "uv": [20, 104]},
						{"origin": [-5.001, 19.501, -11.999], "size": [10, 10, 24], "inflate": -0.001, "uv": [44, 44]},
						{"origin": [-5, 19.5, -12], "size": [10, 10, 24], "inflate": 0.002, "pivot": [0, 24.5, 0], "rotation": [0, -45, 0], "uv": [0, 34]},
						{"origin": [-7.999, 29.499, -8.001], "size": [16, 2, 16], "pivot": [0, 34.5, 0], "rotation": [0, -135, 0], "uv": [64, 78]},
						{"origin": [-2.999, 31.499, -3.001], "size": [6, 6, 6], "pivot": [0, 36.5, 0], "rotation": [0, -135, 0], "uv": [0, 34]},
						{"origin": [-7.999, 17.499, -8.001], "size": [16, 2, 16], "pivot": [0, 22.5, 0], "rotation": [0, -135, 0], "uv": [0, 78]},
						{"origin": [-4.999, 19.499, -12.001], "size": [10, 10, 24], "inflate": -0.003, "pivot": [0, 24.5, 0], "rotation": [0, -90, 0], "uv": [0, 0]},
						{"origin": [-5, 19.5, -12], "size": [10, 10, 24], "inflate": 0.003, "pivot": [0, 24.5, 0], "rotation": [0, -135, 0], "uv": [44, 10]},
						{"origin": [-0.9718, 19.499, -14.00097], "size": [2, 4, 2], "inflate": 0.003, "pivot": [0, 21.5, 0], "rotation": [0, 22.5, 0], "uv": [88, 44]},
						{"origin": [3.95105, 19.499, -13.02136], "size": [2, 4, 2], "inflate": 0.003, "pivot": [4.95105, 21.499, -12.02136], "rotation": [0, -22.5, 0], "uv": [88, 22]},
						{"origin": [3.95105, 19.499, -13.02136], "size": [2, 4, 2], "inflate": 0.003, "pivot": [4.95105, 21.499, -12.02136], "rotation": [0, -22.5, 0], "uv": [88, 22]},
						{"origin": [-5.94844, 19.499, 11.02027], "size": [2, 4, 2], "inflate": 0.003, "pivot": [-4.94844, 21.499, 12.02027], "rotation": [0, 157.5, 0], "uv": [8, 86]},
						{"origin": [-1.0252, 19.498, -14.00197], "size": [2, 4, 2], "inflate": 0.003, "pivot": [0, 21.5, 0], "rotation": [-180, -67.5, 180], "uv": [60, 10]},
						{"origin": [-0.9708, 19.498, -14.00197], "size": [2, 4, 2], "inflate": 0.003, "pivot": [0, 21.5, 0], "rotation": [0, -67.5, 0], "uv": [68, 78]},
						{"origin": [-13.0182, 19.498, 3.95083], "size": [2, 4, 2], "inflate": 0.003, "pivot": [-12.0182, 21.498, 4.95083], "rotation": [0, 112.5, 0], "uv": [68, 84]},
						{"origin": [-13.01973, 19.498, -5.94713], "size": [2, 4, 2], "inflate": 0.003, "pivot": [-12.01973, 21.498, -4.94713], "rotation": [0, 67.5, 0], "uv": [0, 86]},
						{"origin": [3.95029, 19.499, 11.01951], "size": [2, 4, 2], "inflate": 0.003, "pivot": [4.95029, 21.499, 12.01951], "rotation": [0, -157.5, 0], "uv": [16, 46]}
					]
				},
				{
					"name": "eye1",
					"parent": "head",
					"pivot": [0, 24.5, -12.525],
					"cubes": [
						{"origin": [-4.001, 20.501, -12.999], "size": [8, 8, 2], "uv": [0, 96]}
					]
				},
				{
					"name": "pupil_closed1",
					"parent": "eye1",
					"pivot": [0, 24.5, -12.55],
					"cubes": [
						{"origin": [-2.001, 23.501, -12.549], "size": [4, 2, 0], "uv": [88, 10]}
					]
				},
				{
					"name": "pupil1",
					"parent": "eye1",
					"pivot": [0, 24.5, -13.05],
					"cubes": [
						{"origin": [-1.001, 23.501, -13.049], "size": [2, 2, 0], "uv": [18, 12]}
					]
				},
				{
					"name": "eye2",
					"parent": "head",
					"pivot": [-8.85651, 24.5, -8.85651],
					"cubes": [
						{"origin": [-4.001, 20.501, -12.999], "size": [8, 8, 2], "pivot": [0, 24.5, 0], "rotation": [0, 45, 0], "uv": [80, 0]},
						{"origin": [-2.001, 23.501, -13.049], "size": [4, 2, 0], "pivot": [0, 24.5, 0], "rotation": [0, 45, 0], "uv": [88, 28]}
					]
				},
				{
					"name": "eye3",
					"parent": "head",
					"pivot": [-12.525, 24.5, 0],
					"cubes": [
						{"origin": [-4.001, 20.501, -12.999], "size": [8, 8, 2], "pivot": [0, 24.5, 0], "rotation": [0, 90, 0], "uv": [48, 78]}
					]
				},
				{
					"name": "pupil_closed3",
					"parent": "eye3",
					"pivot": [-12.55, 24.5, 0],
					"cubes": [
						{"origin": [-2.001, 23.501, -12.549], "size": [4, 2, 0], "pivot": [0, 24.5, 0], "rotation": [0, 90, 0], "uv": [16, 52]}
					]
				},
				{
					"name": "pupil3",
					"parent": "eye3",
					"pivot": [-13.05, 24.5, 0],
					"cubes": [
						{"origin": [-1.001, 23.501, -13.049], "size": [2, 2, 0], "pivot": [0, 24.5, 0], "rotation": [0, 90, 0], "uv": [18, 4]}
					]
				},
				{
					"name": "eye4",
					"parent": "head",
					"pivot": [-8.85651, 24.5, 8.85651],
					"cubes": [
						{"origin": [-4.001, 20.501, -12.999], "size": [8, 8, 2], "pivot": [0, 24.5, 0], "rotation": [-180, 45, 180], "uv": [60, 0]}
					]
				},
				{
					"name": "pupil_closed4",
					"parent": "eye4",
					"pivot": [-8.87419, 24.5, 8.87419],
					"cubes": [
						{"origin": [-2.001, 23.501, -12.549], "size": [4, 2, 0], "pivot": [0, 24.5, 0], "rotation": [0, 135, 0], "uv": [50, 54]}
					]
				},
				{
					"name": "pupil4",
					"parent": "eye4",
					"pivot": [-9.22774, 24.5, 9.22774],
					"cubes": [
						{"origin": [-1.001, 23.501, -13.049], "size": [2, 2, 0], "pivot": [0, 24.5, 0], "rotation": [-180, 45, 180], "uv": [0, 16]}
					]
				},
				{
					"name": "eye5",
					"parent": "head",
					"pivot": [0, 24.5, 12.525],
					"cubes": [
						{"origin": [-4.001, 20.501, -12.999], "size": [8, 8, 2], "pivot": [0, 24.5, 0], "rotation": [-180, 0, 180], "uv": [44, 44]}
					]
				},
				{
					"name": "pupil_closed5",
					"parent": "eye5",
					"pivot": [0, 24.5, 12.55],
					"cubes": [
						{"origin": [-2.001, 23.501, -12.549], "size": [4, 2, 0], "pivot": [0, 24.5, 0], "rotation": [0, 180, 0], "uv": [52, 56]}
					]
				},
				{
					"name": "pupil5",
					"parent": "eye5",
					"pivot": [0, 24.5, 13.05],
					"cubes": [
						{"origin": [-1.001, 23.501, -13.049], "size": [2, 2, 0], "pivot": [0, 24.5, 0], "rotation": [-180, 0, 180], "uv": [0, 0]}
					]
				},
				{
					"name": "eye6",
					"parent": "head",
					"pivot": [8.85651, 24.5, 8.85651],
					"cubes": [
						{"origin": [-4.001, 20.501, -12.999], "size": [8, 8, 2], "pivot": [0, 24.5, 0], "rotation": [0, -135, 0], "uv": [0, 68]}
					]
				},
				{
					"name": "pupil_closed6",
					"parent": "eye6",
					"pivot": [8.87419, 24.5, 8.87419],
					"cubes": [
						{"origin": [-2.001, 23.501, -12.549], "size": [4, 2, 0], "pivot": [0, 24.5, 0], "rotation": [0, -135, 0], "uv": [58, 54]}
					]
				},
				{
					"name": "pupil6",
					"parent": "eye6",
					"pivot": [9.22774, 24.5, 9.22774],
					"cubes": [
						{"origin": [-1.001, 23.501, -13.049], "size": [2, 2, 0], "pivot": [0, 24.5, 0], "rotation": [0, -135, 0], "uv": [18, 0]}
					]
				},
				{
					"name": "eye7",
					"parent": "head",
					"pivot": [12.525, 24.5, 0],
					"cubes": [
						{"origin": [-4.001, 20.501, -12.999], "size": [8, 8, 2], "pivot": [0, 24.5, 0], "rotation": [0, -90, 0], "uv": [20, 68]}
					]
				},
				{
					"name": "pupil_closed7",
					"parent": "eye7",
					"pivot": [12.55, 24.5, 0],
					"cubes": [
						{"origin": [-2.001, 23.501, -12.549], "size": [4, 2, 0], "pivot": [0, 24.5, 0], "rotation": [0, -90, 0], "uv": [60, 56]}
					]
				},
				{
					"name": "pupil7",
					"parent": "eye7",
					"pivot": [12, 24.5, 0],
					"cubes": [
						{"origin": [-1.001, 23.501, -13.049], "size": [2, 2, 0], "pivot": [0, 24.5, 0], "rotation": [0, -90, 0], "uv": [18, 2]}
					]
				},
				{
					"name": "eye8",
					"parent": "head",
					"pivot": [8.85651, 24.5, -8.85651],
					"cubes": [
						{"origin": [-4.001, 20.501, -12.999], "size": [8, 8, 2], "pivot": [0, 24.5, 0], "rotation": [0, -45, 0], "uv": [88, 56]},
						{"origin": [-2.001, 23.501, -13.049], "size": [4, 2, 0], "pivot": [0, 24.5, 0], "rotation": [0, -45, 0], "uv": [88, 30]}
					]
				},
				{
					"name": "hand_left",
					"parent": "body",
					"pivot": [12, 14, 0],
					"cubes": [
						{"origin": [9.001, 10.999, -3.001], "size": [6, 6, 6], "uv": [0, 12]},
						{"origin": [14.001, 12.999, -1.001], "size": [4, 2, 2], "uv": [12, 54]}
					]
				},
				{
					"name": "hand_right",
					"parent": "body",
					"pivot": [-12, 14, 0],
					"cubes": [
						{"origin": [-14.999, 10.999, -3.001], "size": [6, 6, 6], "uv": [0, 0]},
						{"origin": [-17.999, 12.999, -1.001], "size": [4, 2, 2], "uv": [0, 54]}
					]
				}
			]
		}
	]
}