{
	"format_version": "1.12.0",
	"minecraft:geometry": [
		{
			"description": {
				"identifier": "geometry.roselia_female",
				"texture_width": 64,
				"texture_height": 64,
				"visible_bounds_width": 4,
				"visible_bounds_height": 3.5,
				"visible_bounds_offset": [0, 1.25, 0]
			},
			"bones": [
				{
					"name": "roselia",
					"pivot": [0, 0, 0]
				},
				{
					"name": "body",
					"parent": "roselia",
					"pivot": [0, 0, 0]
				},
				{
					"name": "torso",
					"parent": "body",
					"pivot": [0, 5.5, 0],
					"cubes": [
						{"origin": [-2.5, 4.5, -2.5], "size": [5, 5, 5], "uv": [25, 27]}
					]
				},
				{
					"name": "upper_torso",
					"parent": "torso",
					"pivot": [0, 9.5, 0],
					"cubes": [
						{"origin": [-2, 9, -2], "size": [4, 5, 4], "uv": [32, 37]}
					]
				},
				{
					"name": "head",
					"parent": "upper_torso",
					"pivot": [0, 13.5, 0],
					"cubes": [
						{"origin": [-4, 13.5, -4], "size": [8, 8, 8], "uv": [0, 0]},
						{"origin": [-3.5, 18.5, -4], "size": [7, 2, 0], "inflate": 0.01, "uv": [46, 14]}
					]
				},
				{
					"name": "eyes",
					"parent": "head",
					"pivot": [0, 17, -4]
				},
				{
					"name": "left_eye",
					"parent": "eyes",
					"pivot": [2, 16.5, -4],
					"cubes": [
						{"origin": [1.5, 15.25, -4], "size": [2, 2, 0], "inflate": 0.01, "uv": [4, 22]},
						{"origin": [1, 16.5, -4], "size": [3, 1, 0], "inflate": 0.03, "uv": [26, 38]},
						{"origin": [1.5, 17, -4], "size": [2, 1, 0], "inflate": 0.01, "uv": [32, 37]},
						{"origin": [2, 15.75, -4], "size": [1, 1, 0], "inflate": 0.02, "uv": [32, 39]},
						{"origin": [2, 17.5, -4], "size": [1, 1, 0], "inflate": 0.02, "uv": [30, 39]}
					]
				},
				{
					"name": "right_eye",
					"parent": "eyes",
					"pivot": [-2, 16.5, -4],
					"cubes": [
						{"origin": [-3.5, 15.25, -4], "size": [2, 2, 0], "inflate": 0.01, "uv": [4, 6]},
						{"origin": [-4, 16.5, -4], "size": [3, 1, 0], "inflate": 0.03, "uv": [26, 37]},
						{"origin": [-3.5, 17, -4], "size": [2, 1, 0], "inflate": 0.01, "uv": [12, 37]},
						{"origin": [-3, 15.75, -4], "size": [1, 1, 0], "inflate": 0.02, "uv": [28, 39]},
						{"origin": [-3, 17.5, -4], "size": [1, 1, 0], "inflate": 0.02, "uv": [26, 39]}
					]
				},
				{
					"name": "closed_eyes",
					"parent": "eyes",
					"pivot": [0, 17, -4]
				},
				{
					"name": "left_eyelid",
					"parent": "closed_eyes",
					"pivot": [1.9, 16.5, -3.9],
					"cubes": [
						{"origin": [0.9, 16, -3.9], "size": [3, 1, 0], "inflate": 0.03, "uv": [26, 41]},
						{"origin": [1.4, 15.5, -3.9], "size": [2, 1, 0], "inflate": 0.01, "uv": [30, 40]},
						{"origin": [1.9, 15.5, -3.9], "size": [1, 1, 0], "inflate": 0.02, "uv": [26, 40]}
					]
				},
				{
					"name": "right_eyelid",
					"parent": "closed_eyes",
					"pivot": [-1.9, 16.5, -3.9],
					"cubes": [
						{"origin": [-3.9, 16, -3.9], "size": [3, 1, 0], "inflate": 0.03, "uv": [26, 42], "mirror": true},
						{"origin": [-3.4, 15.5, -3.9], "size": [2, 1, 0], "inflate": 0.01, "uv": [32, 40], "mirror": true},
						{"origin": [-2.9, 15.5, -3.9], "size": [1, 1, 0], "inflate": 0.02, "uv": [28, 40], "mirror": true}
					]
				},
				{
					"name": "mouth",
					"parent": "head",
					"pivot": [0, 14.5, -4],
					"cubes": [
						{"origin": [-1, 14, -4], "size": [2, 1, 0], "inflate": 0.01, "uv": [32, 38]}
					]
				},
				{
					"name": "mouth_open_happy",
					"parent": "head",
					"pivot": [0, 14.6, -3.9],
					"cubes": [
						{"origin": [-1, 14.6, -3.9], "size": [2, 1, 0], "inflate": 0.01, "uv": [26, 49]},
						{"origin": [-0.5, 13.6, -3.9], "size": [1, 1, 0], "inflate": 0.01, "uv": [30, 49]}
					]
				},
				{
					"name": "mouth_open_o",
					"parent": "head",
					"pivot": [0, 14.5, -3.9],
					"cubes": [
						{"origin": [-0.5, 14, -3.9], "size": [1, 1, 0], "inflate": 0.01, "uv": [30, 50]}
					]
				},
				{
					"name": "middle_spike",
					"parent": "head",
					"pivot": [0, 21.5, 0.5],
					"rotation": [-5, 0, 0],
					"cubes": [
						{"origin": [-1.5, 20.5, -0.5], "size": [3, 4, 2], "uv": [42, 46]},
						{"origin": [-0.5, 26.5, 0.5], "size": [1, 2, 0], "uv": [20, 39]},
						{"origin": [-1, 24.5, 0], "size": [2, 2, 1], "uv": [0, 35]}
					]
				},
				{
					"name": "left_spike",
					"parent": "head",
					"pivot": [3, 20, 0.5],
					"rotation": [-5, 0, 45],
					"cubes": [
						{"origin": [1.5, 19, -0.5], "size": [3, 4, 2], "uv": [32, 46]},
						{"origin": [2.5, 24.5, 0.5], "size": [1, 2, 0], "uv": [20, 37]},
						{"origin": [2, 23, 0], "size": [2, 2, 1], "uv": [0, 32]}
					]
				},
				{
					"name": "right_spike",
					"parent": "head",
					"pivot": [-3, 20, 0.5],
					"rotation": [-5, 0, -45],
					"cubes": [
						{"origin": [-4.5, 19, -0.5], "size": [3, 4, 2], "uv": [46, 8]},
						{"origin": [-3.5, 24.5, 0.5], "size": [1, 2, 0], "uv": [22, 22]},
						{"origin": [-4, 23, 0], "size": [2, 2, 1], "uv": [30, 24]}
					]
				},
				{
					"name": "leaf_bib",
					"parent": "upper_torso",
					"pivot": [0, 13.5, -2],
					"rotation": [-7.5, 0, 0],
					"cubes": [
						{"origin": [-3, 9.5, -2], "size": [6, 5, 0], "uv": [12, 32]}
					]
				},
				{
					"name": "leaf_bib2",
					"parent": "leaf_bib",
					"pivot": [0, 9.5, -2],
					"rotation": [7.5, 0, 0],
					"cubes": [
						{"origin": [-3.5, 1.5, -2], "size": [7, 8, 0], "uv": [0, 56]},
						{"origin": [-1, 6.5, -2], "size": [2, 3, 0], "inflate": 0.01, "uv": [36, 24]}
					]
				},
				{
					"name": "left_upper_arm",
					"parent": "upper_torso",
					"pivot": [2, 13, 0],
					"cubes": [
						{"origin": [2, 12, -0.5], "size": [6, 1, 1], "inflate": 0.01, "uv": [45, 33]}
					]
				},
				{
					"name": "left_lower_arm",
					"parent": "left_upper_arm",
					"pivot": [8, 12, 0],
					"cubes": [
						{"origin": [8, 12, -0.5], "size": [6, 1, 1], "uv": [45, 31]}
					]
				},
				{
					"name": "left_flower",
					"parent": "left_lower_arm",
					"pivot": [12.5, 12.5, 0],
					"cubes": [
						{"origin": [18.5, 9.5, -3], "size": [2, 6, 6], "uv": [16, 37]},
						{"origin": [12.5, 8.5, -4], "size": [7, 8, 8], "uv": [24, 8]}
					]
				},
				{
					"name": "left_top_petal",
					"parent": "left_flower",
					"pivot": [19.5, 16.5, 0],
					"rotation": [0, 0, -25],
					"cubes": [
						{"origin": [19.5, 16.5, -4], "size": [2, 0, 8], "uv": [28, 0]}
					]
				},
				{
					"name": "left_top_petal2",
					"parent": "left_flower",
					"pivot": [20.5, 15.5, 0],
					"rotation": [0, 0, -45],
					"cubes": [
						{"origin": [20.5, 15.5, -3], "size": [1, 0, 6], "uv": [4, 32]}
					]
				},
				{
					"name": "left_bottom_petal",
					"parent": "left_flower",
					"pivot": [19.5, 8.5, 0],
					"rotation": [0, 0, 25],
					"cubes": [
						{"origin": [19.5, 8.5, -4], "size": [2, 0, 8], "uv": [24, 0]}
					]
				},
				{
					"name": "left_bottom_petal2",
					"parent": "left_flower",
					"pivot": [20.5, 9.5, 0],
					"rotation": [0, 0, 45],
					"cubes": [
						{"origin": [20.5, 9.5, -3], "size": [1, 0, 6], "uv": [16, 16]}
					]
				},
				{
					"name": "left_front_petal",
					"parent": "left_flower",
					"pivot": [19.5, 12.5, -4],
					"rotation": [0, 25, 0],
					"cubes": [
						{"origin": [19.5, 8.5, -4], "size": [2, 8, 0], "uv": [22, 49]}
					]
				},
				{
					"name": "left_front_petal2",
					"parent": "left_flower",
					"pivot": [20.5, 12.5, -3],
					"rotation": [0, 45, 0],
					"cubes": [
						{"origin": [20.5, 9.5, -3], "size": [1, 6, 0], "uv": [16, 37]}
					]
				},
				{
					"name": "left_back_petal",
					"parent": "left_flower",
					"pivot": [19.5, 12.5, 4],
					"rotation": [0, -25, 0],
					"cubes": [
						{"origin": [19.5, 8.5, 4], "size": [2, 8, 0], "uv": [18, 49]}
					]
				},
				{
					"name": "left_back_petal2",
					"parent": "left_flower",
					"pivot": [20.5, 12.5, 3],
					"rotation": [0, -45, 0],
					"cubes": [
						{"origin": [20.5, 9.5, 3], "size": [1, 6, 0], "uv": [18, 37]}
					]
				},
				{
					"name": "right_upper_arm",
					"parent": "upper_torso",
					"pivot": [-2, 13, 0],
					"cubes": [
						{"origin": [-8, 12, -0.5], "size": [6, 1, 1], "inflate": 0.01, "uv": [44, 38]}
					]
				},
				{
					"name": "right_lower_arm",
					"parent": "right_upper_arm",
					"pivot": [-8, 12, 0],
					"cubes": [
						{"origin": [-14, 12, -0.5], "size": [6, 1, 1], "uv": [44, 36]}
					]
				},
				{
					"name": "right_flower",
					"parent": "right_lower_arm",
					"pivot": [-12.5, 12.5, 0],
					"cubes": [
						{"origin": [-20.5, 9.5, -3], "size": [2, 6, 6], "uv": [0, 32]},
						{"origin": [-19.5, 8.5, -4], "size": [7, 8, 8], "uv": [0, 16]}
					],
					"locators": {
						"held_item": [-20, 13, 0]
					}
				},
				{
					"name": "right_top_petal",
					"parent": "right_flower",
					"pivot": [-19.5, 16.5, 0],
					"rotation": [0, 0, 25],
					"cubes": [
						{"origin": [-21.5, 16.5, -4], "size": [2, 0, 8], "uv": [20, 0]}
					]
				},
				{
					"name": "right_top_petal2",
					"parent": "right_flower",
					"pivot": [-20.5, 15.5, 0],
					"rotation": [0, 0, 45],
					"cubes": [
						{"origin": [-21.5, 15.5, -3], "size": [1, 0, 6], "uv": [0, 16]}
					]
				},
				{
					"name": "right_bottom_petal",
					"parent": "right_flower",
					"pivot": [-19.5, 8.5, 0],
					"rotation": [0, 0, -25],
					"cubes": [
						{"origin": [-21.5, 8.5, -4], "size": [2, 0, 8], "uv": [16, 0]}
					]
				},
				{
					"name": "right_bottom_petal2",
					"parent": "right_flower",
					"pivot": [-20.5, 9.5, 0],
					"rotation": [0, 0, -45],
					"cubes": [
						{"origin": [-21.5, 9.5, -3], "size": [1, 0, 6], "uv": [0, 0]}
					]
				},
				{
					"name": "right_front_petal",
					"parent": "right_flower",
					"pivot": [-19.5, 12.5, -4],
					"rotation": [0, -25, 0],
					"cubes": [
						{"origin": [-21.5, 8.5, -4], "size": [2, 8, 0], "uv": [0, 16]}
					]
				},
				{
					"name": "right_front_petal2",
					"parent": "right_flower",
					"pivot": [-20.5, 12.5, -3],
					"rotation": [0, -45, 0],
					"cubes": [
						{"origin": [-21.5, 9.5, -3], "size": [1, 6, 0], "uv": [4, 0]}
					]
				},
				{
					"name": "right_back_petal",
					"parent": "right_flower",
					"pivot": [-19.5, 12.5, 4],
					"rotation": [0, 25, 0],
					"cubes": [
						{"origin": [-21.5, 8.5, 4], "size": [2, 8, 0], "uv": [0, 0]}
					]
				},
				{
					"name": "right_back_petal2",
					"parent": "right_flower",
					"pivot": [-20.5, 12.5, 3],
					"rotation": [0, 45, 0],
					"cubes": [
						{"origin": [-21.5, 9.5, 3], "size": [1, 6, 0], "uv": [4, 16]}
					]
				},
				{
					"name": "left_shoulder_leaf",
					"parent": "upper_torso",
					"pivot": [2, 13.25, 0],
					"cubes": [
						{"origin": [1, 13.25, -1.5], "size": [6, 0, 3], "uv": [-3, 51]},
						{"origin": [1, 12.25, -1.5], "size": [4, 1, 0], "uv": [0, 54]},
						{"origin": [1, 12.25, 1.5], "size": [4, 1, 0], "uv": [0, 55]}
					]
				},
				{
					"name": "right_shoulder_leaf",
					"parent": "upper_torso",
					"pivot": [-2, 13.25, 0],
					"cubes": [
						{"origin": [-7, 13.25, -1.5], "size": [6, 0, 3], "uv": [23, 52], "mirror": true},
						{"origin": [-5, 12.25, -1.5], "size": [4, 1, 0], "uv": [38, 52], "mirror": true},
						{"origin": [-5, 12.25, 1.5], "size": [4, 1, 0], "uv": [38, 53], "mirror": true}
					]
				},
				{
					"name": "left_upper_leg",
					"parent": "body",
					"pivot": [2, 6, 0],
					"cubes": [
						{"origin": [0.5, 3, -1.5], "size": [3, 4, 3], "uv": [0, 44]}
					]
				},
				{
					"name": "left_lower_leg",
					"parent": "left_upper_leg",
					"pivot": [1.75, 3, -1],
					"cubes": [
						{"origin": [0.75, 0, -1], "size": [2, 3, 2], "uv": [54, 0]}
					]
				},
				{
					"name": "right_upper_leg",
					"parent": "body",
					"pivot": [-2, 6, 0],
					"cubes": [
						{"origin": [-3.5, 3, -1.5], "size": [3, 4, 3], "uv": [40, 24]}
					]
				},
				{
					"name": "right_lower_leg",
					"parent": "right_upper_leg",
					"pivot": [-1.75, 3, -1],
					"cubes": [
						{"origin": [-2.75, 0, -1], "size": [2, 3, 2], "uv": [48, 40]}
					]
				}
			]
		}
	]
}