{
	"format_version": "1.12.0",
	"minecraft:geometry": [
		{
			"description": {
				"identifier": "geometry.meowth",
				"texture_width": 64,
				"texture_height": 32,
				"visible_bounds_width": 3,
				"visible_bounds_height": 2.5,
				"visible_bounds_offset": [0, 0.75, 0]
			},
			"bones": [
				{
					"name": "meowth",
					"pivot": [0, 0, 0]
				},
				{
					"name": "body",
					"parent": "meowth",
					"pivot": [0, 7, 0]
				},
				{
					"name": "torso",
					"parent": "body",
					"pivot": [-2.5, 4, 1],
					"cubes": [
						{"origin": [-2.5, 4, -2], "size": [5, 6, 4], "uv": [0, 14]}
					]
				},
				{
					"name": "head",
					"parent": "torso",
					"pivot": [0, 10, 0],
					"cubes": [
						{"origin": [-5, 10, -3.5], "size": [10, 7, 7], "uv": [0, 0]},
						{"origin": [-1.5, 15, -4], "size": [3, 5, 1], "pivot": [0, 17.5, -3.5], "rotation": [-5, 0, 0], "uv": [56, 1]}
					]
				},
				{
					"name": "mouth_lips",
					"parent": "head",
					"pivot": [0, 11.00139, -3.52988],
					"cubes": [
						{"origin": [-1.5, 11, -3.53], "size": [3, 1, 0], "inflate": 0.01, "uv": [0, 6]},
						{"origin": [-3.5, 10.5, -3.53], "size": [7, 1, 0], "uv": [26, 22]},
						{"origin": [-4.5, 11, -3.53], "size": [9, 1, 0], "uv": [14, 14]},
						{"origin": [-3, 10, -3.53], "size": [1, 1, 0], "pivot": [-2.5, 10.5, -3.51], "rotation": [-7.10708, 7.05302, 44.56145], "uv": [0, 1]},
						{"origin": [2, 10, -3.53], "size": [1, 1, 0], "pivot": [2.5, 10.5, -3.51], "rotation": [-7.10708, 7.05302, 44.56145], "uv": [0, 0]}
					]
				},
				{
					"name": "mouth_opening",
					"parent": "head",
					"pivot": [0, 11.25, -3.41],
					"cubes": [
						{"origin": [-2.5, 10.25, -3.41], "size": [5, 2, 0], "inflate": 0.01, "uv": [32, 26]}
					]
				},
				{
					"name": "eyes",
					"parent": "head",
					"pivot": [0, 14, -3.525]
				},
				{
					"name": "eye_right",
					"parent": "eyes",
					"pivot": [-3, 14, -3.45],
					"cubes": [
						{"origin": [-3.25, 12.5, -3.515], "size": [1, 3, 0], "pivot": [-3, 14, -3.475], "rotation": [0, 0, 2.5], "uv": [2, 14]},
						{"origin": [-4.5, 12.5, -3.51], "size": [3, 3, 0], "pivot": [-3, 14, -3.45], "rotation": [0, 0, 2.5], "uv": [34, 11]}
					]
				},
				{
					"name": "eyelid_right",
					"parent": "eye_right",
					"pivot": [-3, 14, -3.375],
					"cubes": [
						{"origin": [-4.5, 12.5, -3.41], "size": [3, 3, 1], "inflate": 0.01, "pivot": [-3, 14, -3.275], "rotation": [0, 0, 2.5], "uv": [46, 10]}
					]
				},
				{
					"name": "eye_left",
					"parent": "eyes",
					"pivot": [3, 14, -3.45],
					"cubes": [
						{"origin": [2.25, 12.5, -3.515], "size": [1, 3, 0], "pivot": [3, 14, -3.475], "rotation": [0, 0, -2.5], "uv": [0, 14]},
						{"origin": [1.5, 12.5, -3.51], "size": [3, 3, 0], "pivot": [3, 14, -3.45], "rotation": [0, 0, -2.5], "uv": [34, 8]}
					]
				},
				{
					"name": "eyelid_left",
					"parent": "eye_left",
					"pivot": [3, 14, -3.375],
					"cubes": [
						{"origin": [1.5, 12.5, -3.41], "size": [3, 3, 1], "inflate": 0.01, "pivot": [3, 14, -3.275], "rotation": [0, 0, -2.5], "uv": [48, 3]}
					]
				},
				{
					"name": "eyelids",
					"parent": "head",
					"pivot": [0, 14, -2.95]
				},
				{
					"name": "ear_right",
					"parent": "head",
					"pivot": [-3.25, 16.25, 1],
					"rotation": [0, 10, -20],
					"cubes": [
						{"origin": [-5.25, 16.25, 0], "size": [4, 5, 2], "uv": [16, 22]}
					]
				},
				{
					"name": "ear_left",
					"parent": "head",
					"pivot": [3.25, 16.25, 1],
					"rotation": [0, -10, 20],
					"cubes": [
						{"origin": [1.25, 16.25, 0], "size": [4, 5, 2], "uv": [18, 15]}
					]
				},
				{
					"name": "head_whisker_right",
					"parent": "head",
					"pivot": [-2, 16.75, -2.5],
					"rotation": [0, 15, -5],
					"cubes": [
						{"origin": [-2.5, 16.75, -2.5], "size": [1, 7, 0], "uv": [62, 11]}
					]
				},
				{
					"name": "head_whisker_left",
					"parent": "head",
					"pivot": [2, 16.75, -2.5],
					"rotation": [0, -15, 5],
					"cubes": [
						{"origin": [1.5, 16.75, -2.5], "size": [1, 7, 0], "uv": [60, 11]}
					]
				},
				{
					"name": "whisker_top_right",
					"parent": "head",
					"pivot": [-5, 15, -3],
					"rotation": [0, 10, 12.5],
					"cubes": [
						{"origin": [-10, 14.5, -3], "size": [5, 1, 0], "uv": [34, 7]}
					]
				},
				{
					"name": "whisker_top_left",
					"parent": "head",
					"pivot": [5, 15, -3],
					"rotation": [0, -10, -12.5],
					"cubes": [
						{"origin": [5, 14.5, -3], "size": [5, 1, 0], "uv": [54, 23]}
					]
				},
				{
					"name": "whisker_bottom_right",
					"parent": "head",
					"pivot": [-5, 12.5, -2.75],
					"rotation": [0, 7.5, -5],
					"cubes": [
						{"origin": [-10, 12, -2.75], "size": [5, 1, 0], "uv": [32, 28]}
					]
				},
				{
					"name": "whisker_bottom_left",
					"parent": "head",
					"pivot": [5, 12.5, -2.75],
					"rotation": [0, -7.5, 5],
					"cubes": [
						{"origin": [5, 12, -2.75], "size": [5, 1, 0], "uv": [27, 6]}
					]
				},
				{
					"name": "arm_right",
					"parent": "torso",
					"pivot": [-2.5, 9.75, 0],
					"cubes": [
						{"origin": [-6.5, 8.75, -1], "size": [4, 1, 2], "inflate": 0.01, "uv": [27, 3]}
					]
				},
				{
					"name": "forearm_right",
					"parent": "arm_right",
					"pivot": [-6.5, 9.25, 1],
					"cubes": [
						{"origin": [-9.5, 8.75, -1], "size": [3, 1, 2], "uv": [32, 23]}
					]
				},
				{
					"name": "hand_right",
					"parent": "forearm_right",
					"pivot": [-9.5, 9.25, 0],
					"cubes": [
						{"origin": [-11.5, 8.75, -1.5], "size": [2, 1, 3], "uv": [30, 14]}
					],
					"locators": {
						"held_item": [-12, 9, 0]
					}
				},
				{
					"name": "arm_left",
					"parent": "torso",
					"pivot": [2.5, 9.75, 0],
					"cubes": [
						{"origin": [2.5, 8.75, -1], "size": [4, 1, 2], "inflate": 0.01, "uv": [27, 0]}
					]
				},
				{
					"name": "forearm_left",
					"parent": "arm_left",
					"pivot": [6.5, 9.25, 1],
					"cubes": [
						{"origin": [6.5, 8.75, -1], "size": [3, 1, 2], "uv": [53, 20]}
					]
				},
				{
					"name": "hand_left",
					"parent": "forearm_left",
					"pivot": [9.5, 9.25, 0],
					"cubes": [
						{"origin": [9.5, 8.75, -1.5], "size": [2, 1, 3], "uv": [43, 19]}
					]
				},
				{
					"name": "tail1",
					"parent": "torso",
					"pivot": [0, 5.25, 2],
					"cubes": [
						{"origin": [0, 4.75, 1.5], "size": [0, 1, 4], "uv": [26, 19]}
					]
				},
				{
					"name": "tail2",
					"parent": "tail1",
					"pivot": [0, 4.75, 5.5],
					"cubes": [
						{"origin": [0, 4.75, 5.5], "size": [0, 1, 4], "inflate": 0.01, "uv": [8, 20]}
					]
				},
				{
					"name": "tail3",
					"parent": "tail2",
					"pivot": [0, 4.75, 9.5],
					"cubes": [
						{"origin": [0, 4.75, 9.5], "size": [0, 3, 4], "uv": [48, -4]}
					]
				},
				{
					"name": "leg_right",
					"parent": "body",
					"pivot": [-1.75, 5, 0.25],
					"cubes": [
						{"origin": [-2.25, 1, -0.75], "size": [1, 4, 2], "uv": [54, 10]}
					]
				},
				{
					"name": "foot_right",
					"parent": "leg_right",
					"pivot": [-1.75, 1, 0.25],
					"cubes": [
						{"origin": [-2.75, 0, -2.25], "size": [2, 1, 4], "uv": [0, 24]}
					]
				},
				{
					"name": "foot_right_2",
					"parent": "foot_right",
					"pivot": [-1.75, 0.5, -2.25],
					"cubes": [
						{"origin": [-2.75, 0, -5.25], "size": [2, 1, 3], "uv": [30, 18]}
					]
				},
				{
					"name": "leg_left",
					"parent": "body",
					"pivot": [1.75, 5, 0.25],
					"cubes": [
						{"origin": [1.25, 1, -0.75], "size": [1, 4, 2], "uv": [0, 0]}
					]
				},
				{
					"name": "foot_left",
					"parent": "leg_left",
					"pivot": [1.75, 1, 0.25],
					"cubes": [
						{"origin": [0.75, 0, -2.25], "size": [2, 1, 4], "uv": [8, 25]}
					]
				},
				{
					"name": "foot_left_2",
					"parent": "foot_left",
					"pivot": [1.75, 0.5, -2.25],
					"cubes": [
						{"origin": [0.75, 0, -5.25], "size": [2, 1, 3], "uv": [25, 26]}
					]
				}
			]
		}
	]
}