{
	"format_version": "1.12.0",
	"minecraft:geometry": [
		{
			"description": {
				"identifier": "geometry.meowth_galarian",
				"texture_width": 64,
				"texture_height": 32,
				"visible_bounds_width": 3,
				"visible_bounds_height": 2.5,
				"visible_bounds_offset": [0, 0.75, 0]
			},
			"bones": [
				{
					"name": "meowth_galarian",
					"pivot": [0, 0, 0]
				},
				{
					"name": "body",
					"parent": "meowth_galarian",
					"pivot": [0, 7, 0]
				},
				{
					"name": "torso",
					"parent": "body",
					"pivot": [0, 4.5, 0],
					"cubes": [
						{"origin": [-2.5, 4, -2], "size": [5, 5, 4], "uv": [0, 14]}
					]
				},
				{
					"name": "head",
					"parent": "torso",
					"pivot": [0, 9, 0],
					"cubes": [
						{"origin": [-5, 9, -3.5], "size": [10, 7, 7], "uv": [0, 0]},
						{"origin": [-1.5, 15, -4], "size": [3, 5, 1], "pivot": [0, 16.5, -3.5], "rotation": [-5, 0, 0], "uv": [56, 10]}
					]
				},
				{
					"name": "beard",
					"parent": "head",
					"pivot": [0, 10, -2],
					"cubes": [
						{"origin": [-4, 5, -3], "size": [8, 5, 2], "uv": [18, 14]}
					]
				},
				{
					"name": "beard_scruff",
					"parent": "beard",
					"pivot": [0, 7.5, -3],
					"rotation": [-15, 0, 0],
					"cubes": [
						{"origin": [-1.5, 5.5, -3], "size": [3, 2, 0], "uv": [49, 14]}
					]
				},
				{
					"name": "beard_scruff_right",
					"parent": "beard",
					"pivot": [-2, 8.5, -3],
					"rotation": [-15, 0, 0],
					"cubes": [
						{"origin": [-3.5, 6.5, -3], "size": [3, 2, 0], "uv": [38, 30]}
					]
				},
				{
					"name": "beard_scruff_left",
					"parent": "beard",
					"pivot": [2, 8.5, -3],
					"rotation": [-15, 0, 0],
					"cubes": [
						{"origin": [0.5, 6.5, -3], "size": [3, 2, 0], "uv": [46, 19]}
					]
				},
				{
					"name": "beard2",
					"parent": "beard",
					"pivot": [0, 5.5, -2],
					"cubes": [
						{"origin": [-3, 3, -2.5], "size": [6, 3, 1], "uv": [0, 25]}
					]
				},
				{
					"name": "beard_scruff2",
					"parent": "beard2",
					"pivot": [0, 4.5, -2.5],
					"rotation": [-15, 0, 0],
					"cubes": [
						{"origin": [-1.5, 2.5, -2.5], "size": [3, 2, 0], "uv": [58, 5]}
					]
				},
				{
					"name": "beard_right",
					"parent": "beard",
					"pivot": [-4, 9, -2.75],
					"rotation": [0, 7.5, -25],
					"cubes": [
						{"origin": [-6.5, 8, -2.75], "size": [3, 2, 0], "uv": [41, 4]}
					]
				},
				{
					"name": "beard_left",
					"parent": "beard",
					"pivot": [4, 9, -2.75],
					"rotation": [0, -7.5, 25],
					"cubes": [
						{"origin": [3.5, 8, -2.75], "size": [3, 2, 0], "uv": [58, 20]}
					]
				},
				{
					"name": "beard_left2",
					"parent": "beard",
					"pivot": [3.5, 7, -2.75],
					"rotation": [0, -7.5, 52.5],
					"cubes": [
						{"origin": [3, 6, -2.75], "size": [3, 2, 0], "uv": [52, 20]}
					]
				},
				{
					"name": "beard_right2",
					"parent": "beard",
					"pivot": [-3.5, 7, -2.75],
					"rotation": [0, 7.5, -52.5],
					"cubes": [
						{"origin": [-6, 6, -2.75], "size": [3, 2, 0], "uv": [27, 5]}
					]
				},
				{
					"name": "mouth_closed",
					"parent": "head",
					"pivot": [0, 10.00139, -3.52988],
					"cubes": [
						{"origin": [-4.5, 9.25, -3.505], "size": [9, 2, 0], "inflate": 0.01, "uv": [18, 23]}
					]
				},
				{
					"name": "mouth_opened",
					"parent": "head",
					"pivot": [-0.00313, 11.1875, -3.51875],
					"cubes": [
						{"origin": [-4.5, 9.25, -3.41], "size": [9, 2, 0], "inflate": 0.015, "uv": [18, 21]},
						{"origin": [-4.5, 11.25, -3.42], "size": [9, 1, 0], "inflate": 0.016, "uv": [0, 23]},
						{"origin": [-2.575, 10.75, -3.42], "size": [1, 1, 0], "inflate": 0.01, "pivot": [-2.075, 11.25, -3.41], "rotation": [0, 0, 45], "uv": [21, 23]},
						{"origin": [-3.975, 10.75, -3.42], "size": [1, 1, 0], "inflate": 0.01, "pivot": [-3.475, 11.25, -3.41], "rotation": [0, 0, 45], "uv": [21, 23]},
						{"origin": [-1.2, 10.75, -3.42], "size": [1, 1, 0], "inflate": 0.01, "pivot": [-0.7, 11.25, -3.41], "rotation": [0, 0, 45], "uv": [21, 23]},
						{"origin": [0.175, 10.75, -3.42], "size": [1, 1, 0], "inflate": 0.01, "pivot": [0.675, 11.25, -3.41], "rotation": [0, 0, 45], "uv": [21, 23]},
						{"origin": [1.575, 10.75, -3.42], "size": [1, 1, 0], "inflate": 0.01, "pivot": [2.075, 11.25, -3.41], "rotation": [0, 0, 45], "uv": [21, 23]},
						{"origin": [2.975, 10.75, -3.42], "size": [1, 1, 0], "inflate": 0.01, "pivot": [3.475, 11.25, -3.41], "rotation": [0, 0, 45], "uv": [21, 23]}
					]
				},
				{
					"name": "eyes",
					"parent": "head",
					"pivot": [0, 13, -3.525]
				},
				{
					"name": "eye_right",
					"parent": "eyes",
					"pivot": [-3, 13, -3.45],
					"cubes": [
						{"origin": [-3.25, 12, -3.515], "size": [1, 2, 0], "inflate": 0.01, "pivot": [-3, 13, -3.475], "rotation": [0, 0, 2.5], "uv": [43, 0]},
						{"origin": [-4.5, 11.5, -3.51], "size": [3, 3, 0], "inflate": 0.01, "pivot": [-3, 13, -3.45], "rotation": [0, 0, 2.5], "uv": [38, 18]}
					]
				},
				{
					"name": "eyelid_right",
					"parent": "eye_right",
					"pivot": [-3, 13, -3.375],
					"cubes": [
						{"origin": [-4.5, 11.5, -3.41], "size": [3, 3, 1], "inflate": 0.02, "pivot": [-3, 13, -3.275], "rotation": [0, 0, 2.5], "uv": [56, 16]}
					]
				},
				{
					"name": "eye_left",
					"parent": "eyes",
					"pivot": [3, 13, -3.45],
					"cubes": [
						{"origin": [2.25, 12, -3.515], "size": [1, 2, 0], "inflate": 0.01, "pivot": [3, 13, -3.475], "rotation": [0, 0, -2.5], "uv": [45, 0]},
						{"origin": [1.5, 11.5, -3.51], "size": [3, 3, 0], "inflate": 0.01, "pivot": [3, 13, -3.45], "rotation": [0, 0, -2.5], "uv": [8, 29]}
					]
				},
				{
					"name": "eyelid_left",
					"parent": "eye_left",
					"pivot": [3, 13, -3.375],
					"cubes": [
						{"origin": [1.5, 11.5, -3.41], "size": [3, 3, 1], "inflate": 0.02, "pivot": [3, 13, -3.275], "rotation": [0, 0, -2.5], "uv": [36, 21]}
					]
				},
				{
					"name": "eyelids",
					"parent": "head",
					"pivot": [0, 13, -2.95]
				},
				{
					"name": "ear_right",
					"parent": "head",
					"pivot": [-3.25, 15.25, 1],
					"rotation": [0, 10, -20],
					"cubes": [
						{"origin": [-5.25, 15.25, 0], "size": [4, 5, 2], "uv": [26, 25]}
					]
				},
				{
					"name": "ear_left",
					"parent": "head",
					"pivot": [3.25, 15.25, 1],
					"rotation": [0, -10, 20],
					"cubes": [
						{"origin": [1.25, 15.25, 0], "size": [4, 5, 2], "uv": [14, 25]}
					]
				},
				{
					"name": "head_whisker_right",
					"parent": "head",
					"pivot": [-2, 15.75, -3],
					"rotation": [0, 15, -5],
					"cubes": [
						{"origin": [-4.5, 15.75, -3], "size": [3, 5, 0], "uv": [38, 25]}
					]
				},
				{
					"name": "head_whisker_left",
					"parent": "head",
					"pivot": [2, 15.75, -3],
					"rotation": [0, -15, 5],
					"cubes": [
						{"origin": [1.5, 15.75, -3], "size": [3, 5, 0], "uv": [38, 13]}
					]
				},
				{
					"name": "whisker_top_right",
					"parent": "head",
					"pivot": [-5, 13.25, -3],
					"rotation": [0, 10, 12.5],
					"cubes": [
						{"origin": [-7.5, 12.75, -3], "size": [3, 1, 0], "uv": [41, 9]}
					]
				},
				{
					"name": "whisker_top_left",
					"parent": "head",
					"pivot": [5, 13.25, -3],
					"rotation": [0, -10, -12.5],
					"cubes": [
						{"origin": [4.5, 12.75, -3], "size": [3, 1, 0], "uv": [41, 6]}
					]
				},
				{
					"name": "whisker_middle_right",
					"parent": "head",
					"pivot": [-5, 11.75, -3],
					"rotation": [0, 10, 2.5],
					"cubes": [
						{"origin": [-8, 10.75, -3], "size": [3, 2, 0], "uv": [58, 7]}
					]
				},
				{
					"name": "whisker_middle_left",
					"parent": "head",
					"pivot": [5, 11.75, -3],
					"rotation": [0, -10, -2.5],
					"cubes": [
						{"origin": [5, 10.75, -3], "size": [3, 2, 0], "uv": [46, 21]}
					]
				},
				{
					"name": "whisker_bottom_right",
					"parent": "head",
					"pivot": [-5, 10.25, -2.75],
					"rotation": [0, 7.5, -10],
					"cubes": [
						{"origin": [-7.5, 9.75, -2.75], "size": [3, 1, 0], "uv": [41, 7]}
					]
				},
				{
					"name": "whisker_bottom_left",
					"parent": "head",
					"pivot": [5, 10.25, -2.75],
					"rotation": [0, -7.5, 10],
					"cubes": [
						{"origin": [4.5, 9.75, -2.75], "size": [3, 1, 0], "uv": [0, 6]}
					]
				},
				{
					"name": "arm_right",
					"parent": "torso",
					"pivot": [-2.5, 8.75, 0],
					"cubes": [
						{"origin": [-5.5, 7.75, -1], "size": [3, 1, 2], "inflate": 0.01, "uv": [54, 26]}
					]
				},
				{
					"name": "forearm_right",
					"parent": "arm_right",
					"pivot": [-5.5, 8.25, 1],
					"cubes": [
						{"origin": [-8.5, 7.75, -1], "size": [3, 1, 2], "uv": [45, 11]}
					]
				},
				{
					"name": "hand_right",
					"parent": "forearm_right",
					"pivot": [-8.5, 8.25, 0],
					"cubes": [
						{"origin": [-10.5, 7.75, -1.5], "size": [2, 1, 3], "inflate": 0.01, "uv": [34, 5]}
					],
					"locators": {
						"held_item": [-11.5, 8, 0]
					}
				},
				{
					"name": "claw_middle_right",
					"parent": "hand_right",
					"pivot": [-10.5, 8.75, 0],
					"cubes": [
						{"origin": [-12.5, 7.75, 0], "size": [2, 1, 0], "uv": [27, 0]}
					]
				},
				{
					"name": "claw_front_right",
					"parent": "hand_right",
					"pivot": [-10.5, 8.75, -1],
					"cubes": [
						{"origin": [-12.5, 7.75, -1], "size": [2, 1, 0], "uv": [24, 26]}
					]
				},
				{
					"name": "claw_middle_right2",
					"parent": "hand_right",
					"pivot": [-10.5, 8.75, 1],
					"cubes": [
						{"origin": [-12.5, 7.75, 1], "size": [2, 1, 0], "uv": [24, 25]}
					]
				},
				{
					"name": "arm_left",
					"parent": "torso",
					"pivot": [2.5, 8.75, 0],
					"cubes": [
						{"origin": [2.5, 7.75, -1], "size": [3, 1, 2], "inflate": 0.01, "uv": [54, 23]}
					]
				},
				{
					"name": "forearm_left",
					"parent": "arm_left",
					"pivot": [5.5, 8.25, 1],
					"cubes": [
						{"origin": [5.5, 7.75, -1], "size": [3, 1, 2], "uv": [46, 16]}
					]
				},
				{
					"name": "hand_left",
					"parent": "forearm_left",
					"pivot": [8.5, 8.25, 0],
					"cubes": [
						{"origin": [8.5, 7.75, -1.5], "size": [2, 1, 3], "inflate": 0.01, "uv": [52, 0]}
					]
				},
				{
					"name": "claw_middle_left",
					"parent": "hand_left",
					"pivot": [10.5, 8.75, 0],
					"cubes": [
						{"origin": [10.5, 7.75, 0], "size": [2, 1, 0], "uv": [0, 31]}
					]
				},
				{
					"name": "claw_front_left",
					"parent": "hand_left",
					"pivot": [10.5, 8.75, -1],
					"cubes": [
						{"origin": [10.5, 7.75, -1], "size": [2, 1, 0], "uv": [14, 17]}
					]
				},
				{
					"name": "claw_middle_left2",
					"parent": "hand_left",
					"pivot": [10.5, 8.75, 1],
					"cubes": [
						{"origin": [10.5, 7.75, 1], "size": [2, 1, 0], "uv": [14, 16]}
					]
				},
				{
					"name": "tail1",
					"parent": "torso",
					"pivot": [0, 4.25, 2],
					"cubes": [
						{"origin": [0, 3.75, 1.5], "size": [0, 2, 3], "uv": [14, 11]}
					]
				},
				{
					"name": "tail2",
					"parent": "tail1",
					"pivot": [0, 3.75, 4.5],
					"cubes": [
						{"origin": [0, 3.75, 4.5], "size": [0, 4, 4], "inflate": 0.01, "uv": [46, 19]}
					]
				},
				{
					"name": "leg_right",
					"parent": "body",
					"pivot": [-1.75, 5, 0.25],
					"cubes": [
						{"origin": [-2.25, 1, -0.75], "size": [1, 4, 2], "uv": [52, 4]}
					]
				},
				{
					"name": "foot_right",
					"parent": "leg_right",
					"pivot": [-1.75, 1, 0.25],
					"cubes": [
						{"origin": [-2.75, 0, -2.25], "size": [2, 1, 4], "uv": [27, 0]},
						{"origin": [-2.25, -0.01, -0.75], "size": [1, 1, 1], "uv": [0, 14]}
					]
				},
				{
					"name": "foot_right_end",
					"parent": "foot_right",
					"pivot": [-1.75, 0.5, -2.25],
					"cubes": [
						{"origin": [-2.75, 0, -5.25], "size": [2, 1, 3], "uv": [35, 0]}
					]
				},
				{
					"name": "leg_left",
					"parent": "body",
					"pivot": [1.75, 5, 0.25],
					"cubes": [
						{"origin": [1.25, 1, -0.75], "size": [1, 4, 2], "uv": [0, 0]}
					]
				},
				{
					"name": "foot_left",
					"parent": "leg_left",
					"pivot": [1.75, 1, 0.25],
					"cubes": [
						{"origin": [0.75, 0, -2.25], "size": [2, 1, 4], "uv": [45, 27]},
						{"origin": [1.25, -0.01, -0.75], "size": [1, 1, 1], "uv": [0, 16]}
					]
				},
				{
					"name": "foot_left_end",
					"parent": "foot_left",
					"pivot": [1.75, 0.5, -2.25],
					"cubes": [
						{"origin": [0.75, 0, -5.25], "size": [2, 1, 3], "uv": [34, 9]}
					]
				}
			]
		}
	]
}