{
	"format_version": "1.12.0",
	"minecraft:geometry": [
		{
			"description": {
				"identifier": "geometry.quilava_hisui_bias",
				"texture_width": 128,
				"texture_height": 64,
				"visible_bounds_width": 4,
				"visible_bounds_height": 3.5,
				"visible_bounds_offset": [0, 1.25, 0]
			},
			"bones": [
				{
					"name": "quilava_hisui_bias",
					"pivot": [0, 0, 4]
				},
				{
					"name": "body",
					"parent": "quilava_hisui_bias",
					"pivot": [0, 11, 4]
				},
				{
					"name": "torso",
					"parent": "body",
					"pivot": [-0.5, 7.75, 11.5],
					"cubes": [
						{"origin": [-6, 3.25, 6.5], "size": [12, 9, 9], "uv": [0, 0]},
						{"origin": [-1.5, 11.25, 11.5], "size": [3, 1, 4], "inflate": 0.01, "uv": [26, 51]}
					]
				},
				{
					"name": "fire_back_main",
					"parent": "torso",
					"pivot": [0, 12.25, 13.25]
				},
				{
					"name": "fire_back_right",
					"parent": "fire_back_main",
					"pivot": [-1.75, 11.75, 13.25],
					"rotation": [0, 0, -15],
					"cubes": [
						{"origin": [-4.25, 11.75, 13.25], "size": [5, 18, 0], "uv": [50, 46], "mirror": true}
					]
				},
				{
					"name": "fire_back_right2",
					"parent": "fire_back_main",
					"pivot": [-3.75, 11.75, 13.25],
					"rotation": [0, 0, -32.5],
					"cubes": [
						{"origin": [-6.25, 11.75, 13.25], "size": [5, 13, 0], "inflate": 0.01, "uv": [69, 25], "mirror": true}
					]
				},
				{
					"name": "fire_back_right3",
					"parent": "fire_back_main",
					"pivot": [-4.25, 11.25, 13.25],
					"rotation": [0, 0, -65],
					"cubes": [
						{"origin": [-6.75, 11.25, 13.25], "size": [5, 10, 0], "uv": [69, 15], "mirror": true}
					]
				},
				{
					"name": "fire_back_middle",
					"parent": "fire_back_main",
					"pivot": [0, 12.25, 13.25],
					"cubes": [
						{"origin": [-2.5, 12.25, 13.25], "size": [5, 20, 0], "inflate": 0.01, "uv": [70, 44]}
					]
				},
				{
					"name": "fire_back_left",
					"parent": "fire_back_main",
					"pivot": [1.75, 11.75, 13.25],
					"rotation": [0, 0, 15],
					"cubes": [
						{"origin": [-0.75, 11.75, 13.25], "size": [5, 18, 0], "uv": [60, 46]}
					]
				},
				{
					"name": "fire_back_left2",
					"parent": "fire_back_main",
					"pivot": [3.75, 11.75, 13.25],
					"rotation": [0, 0, 32.5],
					"cubes": [
						{"origin": [1.25, 11.75, 13.25], "size": [5, 13, 0], "inflate": 0.01, "uv": [79, 25]}
					]
				},
				{
					"name": "fire_back_left3",
					"parent": "fire_back_main",
					"pivot": [4.25, 11.25, 13.25],
					"rotation": [0, 0, 65],
					"cubes": [
						{"origin": [1.75, 11.25, 13.25], "size": [5, 10, 0], "uv": [79, 15]}
					]
				},
				{
					"name": "torso2",
					"parent": "torso",
					"pivot": [-0.5, 3.75, 6.5],
					"cubes": [
						{"origin": [-5.5, 3.25, 0.5], "size": [11, 9, 6], "uv": [62, 0]}
					]
				},
				{
					"name": "torso3",
					"parent": "torso2",
					"pivot": [-0.5, 11.75, 0.5],
					"cubes": [
						{"origin": [-5, 3.75, -6.5], "size": [10, 8, 7], "uv": [0, 37]},
						{"origin": [-3.5, 4.25, -8.5], "size": [7, 7, 3], "uv": [42, 0]}
					]
				},
				{
					"name": "head",
					"parent": "torso3",
					"pivot": [-0.5, 7.75, -7],
					"cubes": [
						{"origin": [-4, 4.25, -17.5], "size": [8, 8, 11], "inflate": 0.01, "uv": [0, 18]},
						{"origin": [-1.5, 12.25, -13], "size": [3, 0, 4], "inflate": 0.02, "uv": [16, 52]}
					],
					"locators": {
						"held_item_fixed": {
							"offset": [0, 2, -14],
							"rotation": [-15, 0, 0]
						}
					}
				},
				{
					"name": "fire_head",
					"parent": "head",
					"pivot": [0, 12.5, -16],
					"rotation": [12.5, 0, 0],
					"cubes": [
						{"origin": [0, 11.5, -18], "size": [0, 10, 5], "uv": [89, 21]}
					]
				},
				{
					"name": "fire_head2",
					"parent": "fire_head",
					"pivot": [0, 11, -14.5],
					"rotation": [-30, 0, 0],
					"cubes": [
						{"origin": [0, 11.5, -17.5], "size": [0, 14, 5], "inflate": 0.01, "uv": [96, -5]}
					]
				},
				{
					"name": "fire_head3",
					"parent": "fire_head",
					"pivot": [0, 11.5, -13],
					"rotation": [-57.5, 0, 0],
					"cubes": [
						{"origin": [0, 10.5, -16], "size": [0, 15, 5], "uv": [106, -5]}
					]
				},
				{
					"name": "fire_head4",
					"parent": "fire_head",
					"pivot": [0, 10, -10.25],
					"rotation": [-80, 0, 0],
					"cubes": [
						{"origin": [0, 9, -13.25], "size": [0, 11, 5], "inflate": 0.01, "uv": [89, 10]}
					]
				},
				{
					"name": "mouth",
					"parent": "head",
					"pivot": [-1, 4.35, -15.5],
					"cubes": [
						{"origin": [-1, 4.35, -14], "size": [2, 0, 2], "inflate": 0.02, "uv": [-2, 0]}
					]
				},
				{
					"name": "eyes",
					"parent": "head",
					"pivot": [-1.25, 1.75, -9]
				},
				{
					"name": "eye_right",
					"parent": "eyes",
					"pivot": [-4, 8, -12.25],
					"rotation": [17.5, 0, 0],
					"cubes": [
						{"origin": [-4, 6.5, -14.25], "size": [0, 3, 4], "inflate": 0.02, "uv": [0, 0]}
					]
				},
				{
					"name": "eyelid_right",
					"parent": "eye_right",
					"pivot": [-3.9, 8, -12.25],
					"cubes": [
						{"origin": [-3.9, 6.5, -14.25], "size": [1, 3, 4], "inflate": 0.03, "uv": [59, 15], "mirror": true}
					]
				},
				{
					"name": "eye_left",
					"parent": "eyes",
					"pivot": [4, 8, -12.25],
					"rotation": [17.5, 0, 0],
					"cubes": [
						{"origin": [4, 6.5, -14.25], "size": [0, 3, 4], "inflate": 0.02, "uv": [0, 20]}
					]
				},
				{
					"name": "eyelid_left",
					"parent": "eye_left",
					"pivot": [3.9, 8, -12.25],
					"cubes": [
						{"origin": [2.9, 6.5, -14.25], "size": [1, 3, 4], "inflate": 0.03, "uv": [59, 22]}
					]
				},
				{
					"name": "ear_right",
					"parent": "head",
					"pivot": [-4, 10, -9.5],
					"rotation": [-4.5, -18, -139],
					"cubes": [
						{"origin": [-4, 9.5, -11], "size": [0, 5, 3], "uv": [33, 1]}
					]
				},
				{
					"name": "ear_left",
					"parent": "head",
					"pivot": [4, 10, -9.5],
					"rotation": [-4.5, 18, 139],
					"cubes": [
						{"origin": [4, 9.5, -11], "size": [0, 5, 3], "uv": [44, 40]}
					]
				},
				{
					"name": "arm_right",
					"parent": "torso3",
					"pivot": [-2.75, 4, -2],
					"cubes": [
						{"origin": [-4.25, 1.75, -2.5], "size": [3, 4, 2], "inflate": 0.01, "uv": [0, 18]}
					]
				},
				{
					"name": "arm_right2",
					"parent": "arm_right",
					"pivot": [-4.75, 1.75, -0.5],
					"cubes": [
						{"origin": [-4.25, -1.25, -2.5], "size": [3, 3, 2], "uv": [10, 52]}
					]
				},
				{
					"name": "arm_right3",
					"parent": "arm_right2",
					"pivot": [-2.75, -1.25, -0.5],
					"cubes": [
						{"origin": [-4.25, -4.25, -2.5], "size": [3, 3, 2], "inflate": 0.01, "uv": [0, 52]}
					]
				},
				{
					"name": "arm_left",
					"parent": "torso3",
					"pivot": [2.25, 4, -2],
					"cubes": [
						{"origin": [1.25, 1.75, -2.5], "size": [3, 4, 2], "inflate": 0.01, "uv": [27, 22]}
					]
				},
				{
					"name": "arm_left2",
					"parent": "arm_left",
					"pivot": [4.25, 1.75, -0.5],
					"cubes": [
						{"origin": [1.25, -1.25, -2.5], "size": [3, 3, 2], "uv": [52, 10]}
					]
				},
				{
					"name": "arm_left3",
					"parent": "arm_left2",
					"pivot": [2.25, -1.25, -0.5],
					"cubes": [
						{"origin": [1.25, -4.25, -2.5], "size": [3, 3, 2], "inflate": 0.01, "uv": [34, 47]}
					]
				},
				{
					"name": "leg_right",
					"parent": "body",
					"pivot": [-4.75, 7, 11.25],
					"cubes": [
						{"origin": [-6.75, 2.5, 7.75], "size": [5, 6, 7], "uv": [35, 11]}
					]
				},
				{
					"name": "foot_right",
					"parent": "leg_right",
					"pivot": [-4.5, 2.5, 12],
					"cubes": [
						{"origin": [-6, 0.5, 10], "size": [3, 2, 4], "inflate": 0.01, "uv": [38, 24]}
					]
				},
				{
					"name": "foot_right2",
					"parent": "foot_right",
					"pivot": [-4.5, 0.5, 10],
					"cubes": [
						{"origin": [-6, 0.5, 8], "size": [3, 2, 2], "uv": [48, 24]}
					]
				},
				{
					"name": "leg_left",
					"parent": "body",
					"pivot": [4.75, 7, 11.25],
					"cubes": [
						{"origin": [1.75, 2.5, 7.75], "size": [5, 6, 7], "uv": [31, 30]}
					]
				},
				{
					"name": "foot_left",
					"parent": "leg_left",
					"pivot": [4.5, 2.5, 12],
					"cubes": [
						{"origin": [3, 0.5, 10], "size": [3, 2, 4], "inflate": 0.01, "uv": [0, 57]}
					]
				},
				{
					"name": "foot_left2",
					"parent": "foot_left",
					"pivot": [4.5, 0.5, 10],
					"cubes": [
						{"origin": [3, 0.5, 8], "size": [3, 2, 2], "uv": [34, 43]}
					]
				}
			]
		}
	]
}