{
	"format_version": "1.12.0",
	"minecraft:geometry": [
		{
			"description": {
				"identifier": "geometry.unknown",
				"texture_width": 32,
				"texture_height": 32,
				"visible_bounds_width": 3,
				"visible_bounds_height": 2.5,
				"visible_bounds_offset": [0, 0.75, 0]
			},
			"bones": [
				{
					"name": "bellsprout",
					"pivot": [0, 0, 0]
				},
				{
					"name": "body",
					"parent": "bellsprout",
					"pivot": [0, 0, 0]
				},
				{
					"name": "head",
					"parent": "body",
					"pivot": [0, 17, 0.75],
					"cubes": [
						{"origin": [-3, 17, -4], "size": [6, 6, 6], "uv": [0, 0]},
						{"origin": [-2, 17.25, -7], "size": [4, 4, 3], "uv": [17, 18]}
					]
				},
				{
					"name": "eye_left",
					"parent": "head",
					"pivot": [2.5, 21.5, -4.025],
					"cubes": [
						{"origin": [2.025, 20.5, -4.025], "size": [1, 2, 1], "uv": [24, 0]}
					]
				},
				{
					"name": "eye_right",
					"parent": "head",
					"pivot": [-2.5, 21.5, -4.025],
					"cubes": [
						{"origin": [-3.025, 20.5, -4.025], "size": [1, 2, 1], "uv": [24, 0], "mirror": true}
					]
				},
				{
					"name": "torso1",
					"parent": "body",
					"pivot": [0, 17, 0.75],
					"cubes": [
						{"origin": [-1, 14, 0.75], "size": [2, 3, 0], "uv": [0, 15]}
					]
				},
				{
					"name": "torso2",
					"parent": "torso1",
					"pivot": [0, 14, 0.75],
					"cubes": [
						{"origin": [-1, 11, 0.75], "size": [2, 3, 0], "uv": [0, 12]}
					]
				},
				{
					"name": "leaf_right1",
					"parent": "torso2",
					"pivot": [-1, 12.5, 0.75],
					"cubes": [
						{"origin": [-4, 12.5, -2.25], "size": [3, 0, 6], "uv": [12, 12]}
					]
				},
				{
					"name": "leaf_right2",
					"parent": "leaf_right1",
					"pivot": [-4, 12.5, 0.75],
					"cubes": [
						{"origin": [-7, 12.5, -2.25], "size": [3, 0, 6], "uv": [6, 12]}
					]
				},
				{
					"name": "leaf_right3",
					"parent": "leaf_right2",
					"pivot": [-7, 12.5, 0.75],
					"cubes": [
						{"origin": [-10, 12.5, -1.75], "size": [3, 0, 5], "uv": [6, 18]}
					],
					"locators": {
						"held_item": [-10, 12, 0]
					}
				},
				{
					"name": "leaf_left1",
					"parent": "torso2",
					"pivot": [1, 12.5, 0.75],
					"cubes": [
						{"origin": [1, 12.5, -2.25], "size": [3, 0, 6], "uv": [12, 0]}
					]
				},
				{
					"name": "leaf_left2",
					"parent": "leaf_left1",
					"pivot": [4, 12.5, 0.75],
					"cubes": [
						{"origin": [4, 12.5, -2.25], "size": [3, 0, 6], "uv": [0, 12]}
					]
				},
				{
					"name": "leaf_left3",
					"parent": "leaf_left2",
					"pivot": [7, 12.5, 0.75],
					"cubes": [
						{"origin": [7, 12.5, -1.75], "size": [3, 0, 5], "uv": [0, 18]}
					]
				},
				{
					"name": "torso3",
					"parent": "torso2",
					"pivot": [0, 11, 0.75],
					"cubes": [
						{"origin": [-1, 8, 0.75], "size": [2, 3, 0], "uv": [0, 3]}
					]
				},
				{
					"name": "torso4",
					"parent": "torso3",
					"pivot": [0, 7.75, 0.75],
					"cubes": [
						{"origin": [-1, 5, 0.75], "size": [2, 3, 0], "uv": [0, 0]}
					]
				},
				{
					"name": "leg_right1",
					"parent": "torso4",
					"pivot": [-0.5, 5.5, 0.75],
					"rotation": [0, 0, 45],
					"cubes": [
						{"origin": [-0.5, 2.5, 0.25], "size": [0, 3, 1], "uv": [0, 17]}
					]
				},
				{
					"name": "leg_right2",
					"parent": "leg_right1",
					"pivot": [-0.5, 2.5, 0.75],
					"cubes": [
						{"origin": [-0.5, -0.5, 0.25], "size": [0, 3, 1], "uv": [4, 14]}
					]
				},
				{
					"name": "leg_right3",
					"parent": "leg_right2",
					"pivot": [-0.5, -0.5, 0.75],
					"cubes": [
						{"origin": [-0.5, -3.5, -1.25], "size": [0, 3, 4], "uv": [8, 19]}
					]
				},
				{
					"name": "leg_left1",
					"parent": "torso4",
					"pivot": [0.5, 5.5, 0.75],
					"rotation": [0, 0, -45],
					"cubes": [
						{"origin": [0.5, 2.5, 0.25], "size": [0, 3, 1], "uv": [4, 11]}
					]
				},
				{
					"name": "leg_left2",
					"parent": "leg_left1",
					"pivot": [0.5, 2.5, 0.75],
					"cubes": [
						{"origin": [0.5, -0.5, 0.25], "size": [0, 3, 1], "uv": [4, 0]}
					]
				},
				{
					"name": "leg_left3",
					"parent": "leg_left2",
					"pivot": [0.5, -0.5, 0.75],
					"cubes": [
						{"origin": [0.5, -3.5, -1.25], "size": [0, 3, 4], "uv": [0, 19]}
					]
				}
			]
		}
	]
}