{
	"format_version": "1.12.0",
	"minecraft:geometry": [
		{
			"description": {
				"identifier": "geometry.dragonair",
				"texture_width": 64,
				"texture_height": 64,
				"visible_bounds_width": 5,
				"visible_bounds_height": 6,
				"visible_bounds_offset": [0, 0, 0]
			},
			"bones": [
				{
					"name": "dragonair",
					"pivot": [0, 0, 0]
				},
				{
					"name": "body",
					"parent": "dragonair",
					"pivot": [0, 20, 0]
				},
				{
					"name": "neck",
					"parent": "body",
					"pivot": [0, 8, -0.25],
					"cubes": [
						{"origin": [-2.5, 7, -2.75], "size": [5, 7, 5], "uv": [20, 18]}
					]
				},
				{
					"name": "neck2",
					"parent": "neck",
					"pivot": [0, 14, 0],
					"cubes": [
						{"origin": [-2, 13, -2], "size": [4, 7, 4], "inflate": 0.01, "uv": [38, 7]}
					]
				},
				{
					"name": "neck3",
					"parent": "neck2",
					"pivot": [0, 20, -0.5],
					"cubes": [
						{"origin": [-1.5, 19, -1.5], "size": [3, 8, 3], "uv": [26, 7]}
					]
				},
				{
					"name": "gem",
					"parent": "neck3",
					"pivot": [0, 21, -1.5],
					"cubes": [
						{"origin": [-1, 20, -3.5], "size": [2, 2, 2], "uv": [0, 19]}
					]
				},
				{
					"name": "head",
					"parent": "neck3",
					"pivot": [0, 26.5, 0]
				},
				{
					"name": "head2",
					"parent": "head",
					"pivot": [0, 29.25, 1],
					"cubes": [
						{"origin": [-3, 26, -5], "size": [6, 6, 7], "uv": [0, 0]}
					]
				},
				{
					"name": "eyes",
					"parent": "head2",
					"pivot": [0, 30.5, -4]
				},
				{
					"name": "eye_left",
					"parent": "eyes",
					"pivot": [3.01, 29.5, -3.5],
					"rotation": [-5, 0, 0],
					"cubes": [
						{"origin": [3.01, 28, -4.5], "size": [0, 3, 2], "uv": [0, -2]}
					]
				},
				{
					"name": "pupil_left",
					"parent": "eye_left",
					"pivot": [3.02, 29.5, -3.5],
					"cubes": [
						{"origin": [3.02, 28.5, -4], "size": [0, 2, 1], "uv": [4, -1]}
					]
				},
				{
					"name": "eye_shine_left",
					"parent": "eye_left",
					"pivot": [3.02, 29.5, -4],
					"cubes": [
						{"origin": [3.03, 29.5, -4.5], "size": [0, 1, 1], "uv": [4, 1]}
					]
				},
				{
					"name": "eyelid_left",
					"parent": "eye_left",
					"pivot": [2.91, 29.5, -3.5],
					"cubes": [
						{"origin": [1.93, 28, -4.5], "size": [1, 3, 2], "inflate": 0.01, "uv": [24, 30]}
					]
				},
				{
					"name": "eye_right",
					"parent": "eyes",
					"pivot": [-3.01, 29.5, -3.5],
					"rotation": [-5, 0, 0],
					"cubes": [
						{"origin": [-3.01, 28, -4.5], "size": [0, 3, 2], "uv": [0, 1], "mirror": true}
					]
				},
				{
					"name": "pupil_right",
					"parent": "eye_right",
					"pivot": [-3.02, 29.5, -3.5],
					"cubes": [
						{"origin": [-3.02, 28.5, -4], "size": [0, 2, 1], "uv": [4, 2], "mirror": true}
					]
				},
				{
					"name": "eye_shine_right",
					"parent": "eye_right",
					"pivot": [-3.02, 29.5, -4],
					"cubes": [
						{"origin": [-3.03, 29.5, -4.5], "size": [0, 1, 1], "uv": [4, 4], "mirror": true}
					]
				},
				{
					"name": "eyelid_right",
					"parent": "eye_right",
					"pivot": [-2.91, 29.5, -3.5],
					"cubes": [
						{"origin": [-2.93, 28, -4.5], "size": [1, 3, 2], "inflate": 0.01, "uv": [0, 23], "mirror": true}
					]
				},
				{
					"name": "mouth",
					"parent": "head2",
					"pivot": [0, 26.09, -4],
					"cubes": [
						{"origin": [-1.5, 26.09, -5], "size": [3, 0, 2], "uv": [33, 7]}
					]
				},
				{
					"name": "muzzle",
					"parent": "head2",
					"pivot": [0, 29, -5],
					"cubes": [
						{"origin": [-2.5, 26, -7], "size": [5, 3, 2], "uv": [0, 14]}
					],
					"locators": {
						"held_item_fixed": [0, 23, -6]
					}
				},
				{
					"name": "wings",
					"parent": "head2",
					"pivot": [0, 30, -1]
				},
				{
					"name": "wing_left",
					"parent": "wings",
					"pivot": [3, 30, -1],
					"rotation": [30, 10, 5],
					"cubes": [
						{"origin": [3, 26.5, -1], "size": [0, 7, 10], "uv": [19, -10]}
					]
				},
				{
					"name": "wing_right",
					"parent": "wings",
					"pivot": [-3, 30, -1],
					"rotation": [30, -10, -5],
					"cubes": [
						{"origin": [-3, 26.5, -1], "size": [0, 7, 10], "uv": [39, -10], "mirror": true}
					]
				},
				{
					"name": "spike",
					"parent": "head2",
					"pivot": [0, 31.5, -4.5],
					"rotation": [50, 0, 0],
					"cubes": [
						{"origin": [-1, 31, -5.5], "size": [2, 2, 2], "uv": [14, 14]},
						{"origin": [-0.5, 32.5, -5], "size": [1, 2, 1], "uv": [22, 14]}
					]
				},
				{
					"name": "segment1",
					"parent": "body",
					"pivot": [0, 8, -0.5],
					"cubes": [
						{"origin": [-3, 0, -3.5], "size": [6, 8, 6], "uv": [0, 25]}
					]
				},
				{
					"name": "segment2",
					"parent": "segment1",
					"pivot": [0, 1, -0.5],
					"cubes": [
						{"origin": [-3, -8, -4.25], "size": [6, 9, 7], "inflate": 0.01, "uv": [33, 23]}
					]
				},
				{
					"name": "segment3",
					"parent": "segment2",
					"pivot": [0, -7, -0.5],
					"cubes": [
						{"origin": [-3, -15, -3.5], "size": [6, 8, 6], "uv": [0, 39]}
					]
				},
				{
					"name": "segment4",
					"parent": "segment3",
					"pivot": [0, -15, -0.5],
					"cubes": [
						{"origin": [-2.5, -22, -3], "size": [5, 8, 5], "uv": [24, 39]}
					]
				},
				{
					"name": "segment5",
					"parent": "segment4",
					"pivot": [0, -22, -0.5],
					"cubes": [
						{"origin": [-2, -28, -2.5], "size": [4, 7, 4], "uv": [0, 53]}
					]
				},
				{
					"name": "segment6",
					"parent": "segment5",
					"pivot": [0, -28, -0.5],
					"cubes": [
						{"origin": [-1.5, -34, -2], "size": [3, 7, 3], "uv": [16, 53]}
					]
				},
				{
					"name": "segment7",
					"parent": "segment6",
					"pivot": [0, -34, -0.5],
					"cubes": [
						{"origin": [-1, -40, -1.5], "size": [2, 7, 2], "uv": [28, 52]}
					]
				},
				{
					"name": "segment8",
					"parent": "segment7",
					"pivot": [0, -40, -1],
					"cubes": [
						{"origin": [-0.5, -49.5, -1], "size": [1, 10, 1], "uv": [36, 52]}
					]
				},
				{
					"name": "gem_tail1",
					"parent": "segment8",
					"pivot": [0, -42, -0.5],
					"cubes": [
						{"origin": [-1.5, -43.5, -2], "size": [3, 3, 3], "pivot": [0, -42, -0.5], "rotation": [0, 0, -180], "uv": [8, 19]}
					]
				},
				{
					"name": "gem_tail2",
					"parent": "segment8",
					"pivot": [0, -44.5, -0.5],
					"cubes": [
						{"origin": [-1, -45.5, -1.5], "size": [2, 2, 2], "pivot": [0, -44.5, -0.5], "rotation": [0, 0, -180], "uv": [17, 18]}
					]
				}
			]
		}
	]
}