{
	"format_version": "1.12.0",
	"minecraft:geometry": [
		{
			"description": {
				"identifier": "geometry.poliwag",
				"texture_width": 64,
				"texture_height": 64,
				"visible_bounds_width": 4,
				"visible_bounds_height": 2.5,
				"visible_bounds_offset": [0, 0.75, 0]
			},
			"bones": [
				{
					"name": "poliwag",
					"pivot": [0, 0, 0]
				},
				{
					"name": "body",
					"parent": "poliwag",
					"pivot": [0, 7, 0.25],
					"cubes": [
						{"origin": [-5, 2, -3.75], "size": [10, 10, 8], "uv": [0, 0]},
						{"origin": [-3.5, 2, -3.75], "size": [7, 6, 0], "inflate": 0.02, "uv": [0, 32]},
						{"origin": [-1.5, 7.5, -4.65], "size": [3, 2, 1], "pivot": [0, 8.375, -4.4125], "rotation": [-2.5, 0, 0], "uv": [0, 0]},
						{"origin": [-1, 8.25, -4.675], "size": [2, 1, 0], "inflate": 0.02, "pivot": [0, 8.375, -4.4125], "rotation": [-2.5, 0, 0], "uv": [36, 0]}
					],
					"locators": {
						"held_item_fixed": {
							"offset": [0, 12, 2],
							"rotation": [90, 0, 0]
						}
					}
				},
				{
					"name": "eyes",
					"parent": "body",
					"pivot": [0, 10.275, -3.775],
					"cubes": [
						{"origin": [1.25, 8.775, -3.775], "size": [3, 3, 0], "inflate": 0.02, "pivot": [2.75, 10.275, -3.775], "rotation": [0, 0, -2.5], "uv": [40, 0]},
						{"origin": [-4.25, 8.775, -3.775], "size": [3, 3, 0], "inflate": 0.02, "pivot": [-2.75, 10.275, -3.775], "rotation": [0, 0, 2.5], "uv": [40, 0], "mirror": true}
					]
				},
				{
					"name": "eyelids",
					"parent": "eyes",
					"pivot": [0, 10.275, -3.175],
					"cubes": [
						{"origin": [1.25, 8.775, -3.675], "size": [3, 3, 1], "inflate": 0.04, "pivot": [2.75, 10.275, -3.175], "rotation": [0, 0, -2.5], "uv": [0, 28]},
						{"origin": [-4.25, 8.775, -3.675], "size": [3, 3, 1], "inflate": 0.04, "pivot": [-2.75, 10.275, -3.175], "rotation": [0, 0, 2.5], "uv": [0, 28], "mirror": true}
					]
				},
				{
					"name": "leg_right",
					"parent": "body",
					"pivot": [-2.25, 2, 1.25],
					"rotation": [0, 10, 0],
					"cubes": [
						{"origin": [-2.75, 0.5, 0.25], "size": [1, 3, 2], "uv": [0, 3]}
					]
				},
				{
					"name": "foot_right1",
					"parent": "leg_right",
					"pivot": [-2.25, 1, 1.25],
					"cubes": [
						{"origin": [-3.75, 0, -1.25], "size": [3, 1, 4], "inflate": 0.02, "uv": [15, 22]}
					]
				},
				{
					"name": "foot_right2",
					"parent": "foot_right1",
					"pivot": [-2.25, 0, -1.25],
					"cubes": [
						{"origin": [-3.75, 0, -4.25], "size": [3, 1, 3], "uv": [25, 22]}
					]
				},
				{
					"name": "leg_left",
					"parent": "body",
					"pivot": [2.25, 2, 1.25],
					"rotation": [0, -10, 0],
					"cubes": [
						{"origin": [1.75, 0.5, 0.25], "size": [1, 3, 2], "uv": [12, 27]}
					]
				},
				{
					"name": "foot_left1",
					"parent": "leg_left",
					"pivot": [2.25, 1, 1.25],
					"cubes": [
						{"origin": [0.75, 0, -1.25], "size": [3, 1, 4], "inflate": 0.02, "uv": [0, 23]}
					]
				},
				{
					"name": "foot_left2",
					"parent": "foot_left1",
					"pivot": [2.25, 0, -1.25],
					"cubes": [
						{"origin": [0.75, 0, -4.25], "size": [3, 1, 3], "uv": [26, 26]}
					]
				},
				{
					"name": "tail1",
					"parent": "body",
					"pivot": [0, 2.75, 4.25],
					"cubes": [
						{"origin": [-2.5, 2.75, 4.25], "size": [5, 0, 5], "inflate": 0.02, "uv": [22, 30]}
					]
				},
				{
					"name": "tail2",
					"parent": "tail1",
					"pivot": [0, 2.75, 9.25],
					"cubes": [
						{"origin": [-3.5, 2.75, 9.25], "size": [7, 0, 5], "inflate": 0.02, "uv": [0, 18]}
					]
				},
				{
					"name": "tail3",
					"parent": "tail2",
					"pivot": [0, 2.75, 14.25],
					"cubes": [
						{"origin": [-3.5, 2.75, 14.25], "size": [7, 0, 4], "inflate": 0.02, "uv": [15, 18]}
					]
				}
			]
		}
	]
}