{
	"format_version": "1.12.0",
	"minecraft:geometry": [
		{
			"description": {
				"identifier": "geometry.hariyama",
				"texture_width": 256,
				"texture_height": 128,
				"visible_bounds_width": 6,
				"visible_bounds_height": 3.5,
				"visible_bounds_offset": [0, 1.25, 0]
			},
			"bones": [
				{
					"name": "hariyama",
					"pivot": [0, 0, 0]
				},
				{
					"name": "body",
					"parent": "hariyama",
					"pivot": [-6.5, 11.5, 0]
				},
				{
					"name": "torso",
					"parent": "body",
					"pivot": [0, 12, -0.5],
					"cubes": [
						{"origin": [-9, 21.5, -6.5], "size": [18, 3, 12], "uv": [0, 74]},
						{"origin": [-11.5, 7, -8], "size": [23, 15, 15], "uv": [0, 0]}
					]
				},
				{
					"name": "neck",
					"parent": "torso",
					"pivot": [0, 23.5, -0.5],
					"cubes": [
						{"origin": [-6, 23, -5.5], "size": [12, 3, 10], "uv": [0, 60]}
					]
				},
				{
					"name": "head",
					"parent": "neck",
					"pivot": [0, 25.75, -0.5],
					"cubes": [
						{"origin": [-6.5, 25, -6], "size": [13, 5, 11], "uv": [60, 74]},
						{"origin": [-6, 30, -12], "size": [12, 0, 6], "pivot": [0, 30, -6], "rotation": [72.5, 0, 0], "uv": [102, 68]},
						{"origin": [-8.5, 30, -6], "size": [2, 0, 11], "pivot": [-6.5, 30, -0.5], "rotation": [0, 0, -22.5], "uv": [0, 30]},
						{"origin": [6.5, 30, -6], "size": [2, 0, 11], "pivot": [6.5, 30, -0.5], "rotation": [0, 0, 22.5], "uv": [0, 0]},
						{"origin": [-4, 25, -6], "size": [8, 5, 10], "pivot": [0, 30, -6], "rotation": [24.94727, -0.38818, -0.34037], "uv": [218, 1]}
					]
				},
				{
					"name": "eye_right",
					"parent": "head",
					"pivot": [-3.5, 27.5, -0.51],
					"cubes": [
						{"origin": [-5, 26, -6.01], "size": [3, 2, 1], "uv": [0, 11]},
						{"origin": [-4, 26.5, -6.015], "size": [1, 1, 1], "uv": [7, 10]}
					]
				},
				{
					"name": "eyelid_right",
					"parent": "eye_right",
					"pivot": [-3.5, 27.5, -0.41],
					"cubes": [
						{"origin": [-5, 26, -5.93], "size": [3, 2, 1], "uv": [0, 90]}
					]
				},
				{
					"name": "eye_left",
					"parent": "head",
					"pivot": [3.5, 27.5, -0.51],
					"cubes": [
						{"origin": [2, 26, -6.01], "size": [3, 2, 1], "uv": [0, 8]},
						{"origin": [3, 26.5, -6.015], "size": [1, 1, 1], "uv": [7, 7]}
					]
				},
				{
					"name": "eyelid_left",
					"parent": "eye_left",
					"pivot": [3.5, 27.5, -0.41],
					"cubes": [
						{"origin": [2, 26, -5.93], "size": [3, 2, 1], "uv": [8, 90]}
					]
				},
				{
					"name": "ear_right",
					"parent": "head",
					"pivot": [-6, 27.5, -0.5],
					"cubes": [
						{"origin": [-10, 25.5, -0.5], "size": [4, 4, 0], "uv": [0, 4]}
					]
				},
				{
					"name": "ear_left",
					"parent": "head",
					"pivot": [6, 27.5, -0.5],
					"cubes": [
						{"origin": [6, 25.5, -0.5], "size": [4, 4, 0], "uv": [0, 0]}
					]
				},
				{
					"name": "hair",
					"parent": "head",
					"pivot": [0, 30, 5],
					"cubes": [
						{"origin": [-6.5, 30, 5], "size": [13, 0, 7], "uv": [213, 54]}
					]
				},
				{
					"name": "hair2",
					"parent": "hair",
					"pivot": [0, 30, 12],
					"cubes": [
						{"origin": [-6.5, 30, 12], "size": [13, 0, 7], "uv": [187, 54]},
						{"origin": [-3, 30, 15], "size": [13, 0, 17], "inflate": 0.02, "pivot": [0, 30, 19], "rotation": [0, 25, 0], "uv": [59, 17]},
						{"origin": [-10, 30, 15], "size": [13, 0, 17], "inflate": 0.01, "pivot": [0, 30, 19], "rotation": [0, -25, 0], "uv": [59, 0]}
					]
				},
				{
					"name": "arm_right",
					"parent": "torso",
					"pivot": [-5.5, 23.5, -0.5],
					"cubes": [
						{"origin": [-12.5, 21.5, -2.5], "size": [8, 4, 4], "uv": [114, 90]}
					]
				},
				{
					"name": "arm_right2",
					"parent": "arm_right",
					"pivot": [-12.5, 23.5, 1.5],
					"cubes": [
						{"origin": [-17.5, 21.5, -2.5], "size": [5, 4, 4], "inflate": 0.01, "uv": [232, 69]}
					]
				},
				{
					"name": "hand_right",
					"parent": "arm_right2",
					"pivot": [-17.5, 24, -0.5],
					"cubes": [
						{"origin": [-24.5, 22.5, -6], "size": [9, 3, 11], "inflate": 0.02, "uv": [178, 0]}
					]
				},
				{
					"name": "finger_right",
					"parent": "hand_right",
					"pivot": [-24.5, 25.5, -1],
					"cubes": [
						{"origin": [-35.5, 22.5, -6], "size": [11, 3, 5], "uv": [224, 24]}
					]
				},
				{
					"name": "finger_right3",
					"parent": "hand_right",
					"pivot": [-24.5, 25.75, 0],
					"cubes": [
						{"origin": [-35.5, 22.5, 0], "size": [11, 3, 5], "uv": [224, 61]}
					]
				},
				{
					"name": "finger_right2",
					"parent": "hand_right",
					"pivot": [-16, 25.5, -6],
					"cubes": [
						{"origin": [-21, 22.5, -14], "size": [5, 3, 8], "uv": [214, 69]}
					]
				},
				{
					"name": "arm_left",
					"parent": "torso",
					"pivot": [5.5, 23.5, -0.5],
					"cubes": [
						{"origin": [4.5, 21.5, -2.5], "size": [8, 4, 4], "uv": [178, 25]}
					]
				},
				{
					"name": "arm_left2",
					"parent": "arm_left",
					"pivot": [12.5, 23.5, 1.5],
					"cubes": [
						{"origin": [12.5, 21.5, -2.5], "size": [5, 4, 4], "inflate": 0.01, "uv": [207, 0]}
					]
				},
				{
					"name": "hand_left",
					"parent": "arm_left2",
					"pivot": [17.5, 24, -0.5],
					"cubes": [
						{"origin": [15.5, 22.5, -6], "size": [9, 3, 11], "inflate": 0.02, "uv": [46, 30]}
					]
				},
				{
					"name": "finger_left",
					"parent": "hand_left",
					"pivot": [24.5, 25.5, -1],
					"cubes": [
						{"origin": [24.5, 22.5, -6], "size": [11, 3, 5], "uv": [192, 61]}
					]
				},
				{
					"name": "finger_left3",
					"parent": "hand_left",
					"pivot": [24.5, 25.5, 0],
					"cubes": [
						{"origin": [24.5, 22.5, 0], "size": [11, 3, 5], "uv": [220, 16]}
					]
				},
				{
					"name": "finger_left2",
					"parent": "hand_left",
					"pivot": [16, 25.5, -6],
					"cubes": [
						{"origin": [16, 22.5, -14], "size": [5, 3, 8], "uv": [188, 69]}
					]
				},
				{
					"name": "skirt_front",
					"parent": "torso",
					"pivot": [0, 17.5, -8],
					"rotation": [45, 0, 0],
					"cubes": [
						{"origin": [-7.5, 17.5, -14], "size": [15, 0, 6], "uv": [96, 22]}
					]
				},
				{
					"name": "skirt_front2",
					"parent": "skirt_front",
					"pivot": [0, 17.5, -14],
					"rotation": [15, 0, 0],
					"cubes": [
						{"origin": [-7.5, 17.5, -20], "size": [15, 0, 6], "uv": [96, 16]}
					]
				},
				{
					"name": "skirt_back_left",
					"parent": "torso",
					"pivot": [-0.5, 17.5, 7],
					"rotation": [-29.74098, 13.21922, -7.49295],
					"cubes": [
						{"origin": [-0.5, 17.5, 7], "size": [11, 0, 8], "uv": [102, 28]}
					]
				},
				{
					"name": "skirt_back_left2",
					"parent": "skirt_back_left",
					"pivot": [7, 17.5, 15],
					"rotation": [-37.5, 0, 0],
					"cubes": [
						{"origin": [-0.5, 17.5, 15], "size": [11, 0, 8], "uv": [100, 82]}
					]
				},
				{
					"name": "skirt_back_right",
					"parent": "torso",
					"pivot": [0.5, 17.5, 7],
					"rotation": [-29.74098, -13.21922, 7.49295],
					"cubes": [
						{"origin": [-10.5, 17.5, 7], "size": [11, 0, 8], "uv": [100, 60]}
					]
				},
				{
					"name": "skirt_back_right2",
					"parent": "skirt_back_right",
					"pivot": [-7, 17.5, 15],
					"rotation": [-37.5, 0, 0],
					"cubes": [
						{"origin": [-10.5, 17.5, 15], "size": [11, 0, 8], "uv": [40, 74]}
					]
				},
				{
					"name": "skirt_front_left3",
					"parent": "torso",
					"pivot": [6, 17.5, -8],
					"rotation": [17.97191, -54.21519, -11.22608],
					"cubes": [
						{"origin": [5, 17.5, -16], "size": [12, 0, 8], "uv": [94, 8]}
					]
				},
				{
					"name": "skirt_front_left4",
					"parent": "skirt_front_left3",
					"pivot": [10.5, 17.5, -16],
					"rotation": [37.5, 0, 0],
					"cubes": [
						{"origin": [5, 17.5, -24], "size": [12, 0, 8], "uv": [94, 0]}
					]
				},
				{
					"name": "skirt_front_right3",
					"parent": "torso",
					"pivot": [-6, 17.5, -8],
					"rotation": [17.97191, 54.21519, 11.22608],
					"cubes": [
						{"origin": [-17, 17.5, -16], "size": [12, 0, 8], "uv": [82, 90]}
					]
				},
				{
					"name": "skirt_front_right4",
					"parent": "skirt_front_right3",
					"pivot": [-10.5, 17.5, -16],
					"rotation": [37.5, 0, 0],
					"cubes": [
						{"origin": [-17, 17.5, -24], "size": [12, 0, 8], "uv": [58, 90]}
					]
				},
				{
					"name": "skirt_back_right3",
					"parent": "torso",
					"pivot": [-6, 18, 6],
					"rotation": [-18.04583, -62.11843, 11.12044],
					"cubes": [
						{"origin": [-17, 18, 6], "size": [12, 0, 9], "uv": [83, 43]}
					]
				},
				{
					"name": "skirt_back_right4",
					"parent": "skirt_back_right3",
					"pivot": [-10.5, 18, 15],
					"rotation": [-37.5, 0, 0],
					"cubes": [
						{"origin": [-17, 18, 15], "size": [12, 0, 8], "uv": [89, 74]}
					]
				},
				{
					"name": "skirt_back_left3",
					"parent": "torso",
					"pivot": [6, 18, 6],
					"rotation": [-18.04583, 62.11843, -11.12044],
					"cubes": [
						{"origin": [5, 18, 6], "size": [12, 0, 9], "uv": [77, 34]}
					]
				},
				{
					"name": "skirt_back_left4",
					"parent": "skirt_back_left3",
					"pivot": [10.5, 18, 15],
					"rotation": [-37.5, 0, 0],
					"cubes": [
						{"origin": [5, 18, 15], "size": [12, 0, 8], "uv": [84, 52]}
					]
				},
				{
					"name": "leg_right",
					"parent": "body",
					"pivot": [-7, 12.5, 0],
					"cubes": [
						{"origin": [-16, 2, -8.5], "size": [15, 14, 16], "uv": [46, 44]}
					]
				},
				{
					"name": "foot_right",
					"parent": "leg_right",
					"pivot": [-9, 2, 1.5],
					"cubes": [
						{"origin": [-12, 0, -4.5], "size": [6, 2, 9], "uv": [199, 16]}
					]
				},
				{
					"name": "leg_left",
					"parent": "body",
					"pivot": [7, 12.5, 0],
					"cubes": [
						{"origin": [1, 2, -8.5], "size": [15, 14, 16], "uv": [0, 30]}
					]
				},
				{
					"name": "foot_left",
					"parent": "leg_left",
					"pivot": [9, 2, 1.5],
					"cubes": [
						{"origin": [6, 0, -4.5], "size": [6, 2, 9], "uv": [178, 14]}
					]
				}
			]
		}
	]
}