{
	"format_version": "1.12.0",
	"minecraft:geometry": [
		{
			"description": {
				"identifier": "geometry.weedle",
				"texture_width": 64,
				"texture_height": 32,
				"visible_bounds_width": 4,
				"visible_bounds_height": 2.5,
				"visible_bounds_offset": [0, 0.75, 0]
			},
			"bones": [
				{
					"name": "weedle",
					"pivot": [0, 0, 0]
				},
				{
					"name": "body",
					"parent": "weedle",
					"pivot": [0, 2.5, 4.5]
				},
				{
					"name": "body_segment",
					"parent": "body",
					"pivot": [0, 2.5, 6],
					"cubes": [
						{"origin": [-2.5, 0, 3], "size": [5, 5, 3], "uv": [13, 12]}
					]
				},
				{
					"name": "foot_right",
					"parent": "body_segment",
					"pivot": [-2.5, 1, 4.5],
					"cubes": [
						{"origin": [-3.25, -0.5, 3.5], "size": [1, 2, 2], "uv": [32, 13]}
					]
				},
				{
					"name": "foot_left",
					"parent": "body_segment",
					"pivot": [2.5, 1, 4.5],
					"cubes": [
						{"origin": [2.25, -0.5, 3.5], "size": [1, 2, 2], "uv": [38, 13], "mirror": true}
					]
				},
				{
					"name": "body_segment2",
					"parent": "body_segment",
					"pivot": [0, 2.5, 3],
					"cubes": [
						{"origin": [-2.5, 0, -1], "size": [5, 5, 4], "inflate": 0.01, "uv": [46, 17]}
					]
				},
				{
					"name": "foot_right2",
					"parent": "body_segment2",
					"pivot": [-2.5, 1, 1],
					"cubes": [
						{"origin": [-3.25, -0.5, 0], "size": [1, 2, 2], "uv": [32, 17]}
					]
				},
				{
					"name": "foot_left2",
					"parent": "body_segment2",
					"pivot": [2.5, 1, 1],
					"cubes": [
						{"origin": [2.25, -0.5, 0], "size": [1, 2, 2], "uv": [38, 9], "mirror": true}
					]
				},
				{
					"name": "body_segment3",
					"parent": "body_segment2",
					"pivot": [0, 2.5, -1],
					"cubes": [
						{"origin": [-2.5, 0, -6], "size": [5, 5, 5], "uv": [44, 0]}
					]
				},
				{
					"name": "foot_right3",
					"parent": "body_segment3",
					"pivot": [-2.5, 1, -3],
					"cubes": [
						{"origin": [-3.25, -0.5, -4], "size": [1, 2, 2], "uv": [38, 17]}
					]
				},
				{
					"name": "foot_left3",
					"parent": "body_segment3",
					"pivot": [2.5, 1, -3],
					"cubes": [
						{"origin": [2.25, -0.5, -4], "size": [1, 2, 2], "uv": [38, 5], "mirror": true}
					]
				},
				{
					"name": "head",
					"parent": "body_segment3",
					"pivot": [0, 3.5, -6],
					"cubes": [
						{"origin": [-3.5, 0.5, -11], "size": [7, 6, 6], "uv": [0, 0]},
						{"origin": [-1.5, 1.75, -12], "size": [3, 2, 1], "uv": [20, 0]},
						{"origin": [0, 5.25, -9], "size": [0, 5, 3], "pivot": [0, 2.25, -14.25], "rotation": [7.5, 0, 0], "uv": [7, 9]}
					],
					"locators": {
						"held_item_fixed": {
							"offset": [0, 1.5, -12],
							"rotation": [90, 0, 0]
						}
					}
				},
				{
					"name": "eyes",
					"parent": "head",
					"pivot": [0, 4.75, -11]
				},
				{
					"name": "eye_right",
					"parent": "eyes",
					"pivot": [-2.25, 4.75, -11.01],
					"cubes": [
						{"origin": [-2.75, 4.25, -11.01], "size": [1, 1, 0], "uv": [4, 2], "mirror": true}
					]
				},
				{
					"name": "eyelid_right",
					"parent": "eye_right",
					"pivot": [-2.25, 4.75, -10.41],
					"cubes": [
						{"origin": [-3.25, 4.25, -10.91], "size": [2, 1, 1], "inflate": 0.01, "uv": [0, 0], "mirror": true}
					]
				},
				{
					"name": "eye_left",
					"parent": "eyes",
					"pivot": [2.25, 4.75, -11.01],
					"cubes": [
						{"origin": [1.75, 4.25, -11.01], "size": [1, 1, 0], "uv": [4, 3]}
					]
				},
				{
					"name": "eyelid_left",
					"parent": "eye_left",
					"pivot": [2.25, 4.75, -10.41],
					"cubes": [
						{"origin": [1.25, 4.25, -10.91], "size": [2, 1, 1], "inflate": 0.01, "uv": [0, 4]}
					]
				},
				{
					"name": "tail",
					"parent": "body",
					"pivot": [0, 2, 6],
					"cubes": [
						{"origin": [-2, 0, 6], "size": [4, 4, 3], "inflate": 0.01, "uv": [26, 0]}
					]
				},
				{
					"name": "tail2",
					"parent": "tail",
					"pivot": [0, 2, 9],
					"cubes": [
						{"origin": [-2, 0, 9], "size": [4, 4, 3], "uv": [50, 10]}
					]
				},
				{
					"name": "tail3",
					"parent": "tail2",
					"pivot": [0, 1.5, 12],
					"cubes": [
						{"origin": [-1.5, 0, 12], "size": [3, 3, 3], "inflate": 0.01, "uv": [26, 7]}
					]
				},
				{
					"name": "tail4",
					"parent": "tail3",
					"pivot": [0, 1.5, 15],
					"cubes": [
						{"origin": [-1.5, 0, 15], "size": [3, 3, 2], "uv": [15, 20]}
					]
				},
				{
					"name": "tail5",
					"parent": "tail4",
					"pivot": [0, 2.75, 17],
					"rotation": [-30, 0, 0],
					"cubes": [
						{"origin": [0, 1.25, 16.5], "size": [0, 5, 2], "uv": [0, 11]}
					]
				}
			]
		}
	]
}