{
	"format_version": "1.12.0",
	"minecraft:geometry": [
		{
			"description": {
				"identifier": "geometry.lileep",
				"texture_width": 64,
				"texture_height": 64,
				"visible_bounds_width": 3,
				"visible_bounds_height": 2.5,
				"visible_bounds_offset": [0, 0.75, 0]
			},
			"bones": [
				{
					"name": "lileep",
					"pivot": [0, 0, 0]
				},
				{
					"name": "body",
					"parent": "lileep",
					"pivot": [0, 0, 0]
				},
				{
					"name": "tail",
					"parent": "body",
					"pivot": [0, 1, 2.5],
					"cubes": [
						{"origin": [-3.5, 0, 5.5], "size": [3, 2, 1], "pivot": [0.00771, 1, 5.93792], "rotation": [0, -90, 0], "uv": [14, 45]}
					]
				},
				{
					"name": "torso",
					"parent": "body",
					"pivot": [0, 1.25, 2.5],
					"cubes": [
						{"origin": [-3, 0.01, -3], "size": [6, 3, 6], "uv": [0, 25]},
						{"origin": [-1.5, 2.01, -1.5], "size": [3, 2, 3], "uv": [36, 26]}
					]
				},
				{
					"name": "neck",
					"parent": "torso",
					"pivot": [0, 3.25, 0],
					"cubes": [
						{"origin": [-1, 3.25, -1], "size": [2, 2, 2], "uv": [28, 32]}
					]
				},
				{
					"name": "neck2",
					"parent": "neck",
					"pivot": [0, 5.25, 1],
					"cubes": [
						{"origin": [-1, 5.25, -1], "size": [2, 2, 2], "inflate": 0.02, "uv": [0, 15]}
					]
				},
				{
					"name": "neck3",
					"parent": "neck2",
					"pivot": [0, 7.25, 1],
					"cubes": [
						{"origin": [-1, 7.25, -1], "size": [2, 2, 2], "inflate": 0.04, "uv": [0, 11]}
					]
				},
				{
					"name": "neck4",
					"parent": "neck3",
					"pivot": [0, 9.25, 1],
					"cubes": [
						{"origin": [-1, 9.25, -1], "size": [2, 2, 2], "inflate": 0.05, "uv": [0, 4]}
					]
				},
				{
					"name": "neck5",
					"parent": "neck4",
					"pivot": [0, 11.25, 1],
					"cubes": [
						{"origin": [-1, 11.25, -1], "size": [2, 2, 2], "inflate": 0.06, "uv": [0, 0]}
					]
				},
				{
					"name": "head",
					"parent": "neck5",
					"pivot": [0, 5.5, 0],
					"cubes": [
						{"origin": [-4, 5.5, -3.75], "size": [8, 6, 8], "pivot": [0, -3.5, 0.25], "rotation": [0, -45, 0], "uv": [0, 11]},
						{"origin": [-4.45, 11, -4.2], "size": [9, 2, 9], "pivot": [0, -3.5, 0.25], "rotation": [0, -45, 0], "uv": [0, 0]},
						{"origin": [0, 6.15, -2.58], "size": [5, 4, 0], "inflate": 0.001, "pivot": [2.82913, 8, -2.57913], "rotation": [0, -45, 0], "uv": [39, 12]},
						{"origin": [-5.35, 6.15, -2.56], "size": [5, 4, 0], "inflate": 0.001, "pivot": [-2.82772, 8, -2.57913], "rotation": [0, -135, 0], "uv": [40, 32]},
						{"origin": [1.5, 7.65, -2.57913], "size": [2, 1, 0], "inflate": 0.001, "pivot": [2.82913, 8, -2.57913], "rotation": [0, -45, 0], "uv": [4, 8]},
						{"origin": [-3.75, 7.65, -2.57913], "size": [2, 1, 0], "inflate": 0.001, "pivot": [-2.82913, 8, -2.57913], "rotation": [0, 45, 0], "uv": [0, 8]},
						{"origin": [-3, 11.75, -2], "size": [5, 2, 5], "pivot": [0, 12.5, 1], "rotation": [0, -45, 0], "uv": [24, 11]}
					]
				},
				{
					"name": "eyes",
					"parent": "head",
					"pivot": [2, 13.75, 0.25]
				},
				{
					"name": "eye_right",
					"parent": "eyes",
					"pivot": [2, 13.75, 0.25],
					"cubes": [
						{"origin": [1.25, 13.75, -0.25], "size": [1, 0, 1], "inflate": 0.01, "uv": [5, 0]}
					]
				},
				{
					"name": "eye_left",
					"parent": "eye_right",
					"pivot": [-1.75, 13.75, 0.25],
					"cubes": [
						{"origin": [-2.25, 13.75, -0.25], "size": [1, 0, 1], "inflate": 0.01, "uv": [5, 1]}
					]
				},
				{
					"name": "petals",
					"parent": "head",
					"pivot": [0, 13.5, 0.25]
				},
				{
					"name": "right_petals",
					"parent": "petals",
					"pivot": [0, 13, 0.3]
				},
				{
					"name": "front_right_petal",
					"parent": "right_petals",
					"pivot": [-1.5, 13, -2.5],
					"rotation": [-90, 0, 0],
					"cubes": [
						{"origin": [-2.5, 12, -6.5], "size": [2, 1, 5], "inflate": 0.02, "uv": [27, 20]}
					]
				},
				{
					"name": "front_right_petal2",
					"parent": "front_right_petal",
					"pivot": [-1.5, 13, -6.5],
					"cubes": [
						{"origin": [-2.5, 12, -10.5], "size": [2, 1, 4], "inflate": 0.01, "uv": [0, 34]}
					]
				},
				{
					"name": "front_right_petal3",
					"parent": "front_right_petal2",
					"pivot": [-1.5, 13, -10.5],
					"cubes": [
						{"origin": [-2.5, 12, -12.5], "size": [2, 1, 2], "uv": [0, 42]}
					]
				},
				{
					"name": "front_right_middle_petal",
					"parent": "right_petals",
					"pivot": [-3, 13, -0.7],
					"rotation": [0, 0, 90],
					"cubes": [
						{"origin": [-7, 12, -1.7], "size": [5, 1, 2], "inflate": 0.02, "uv": [36, 21]}
					]
				},
				{
					"name": "front_right_middle_petal2",
					"parent": "front_right_middle_petal",
					"pivot": [-7, 13, -0.75],
					"cubes": [
						{"origin": [-11, 12, -1.7], "size": [4, 1, 2], "inflate": 0.01, "uv": [39, 4]}
					]
				},
				{
					"name": "front_right_middle_petal3",
					"parent": "front_right_middle_petal2",
					"pivot": [-11, 13, -0.75],
					"cubes": [
						{"origin": [-13, 12, -1.7], "size": [2, 1, 2], "uv": [0, 45]}
					]
				},
				{
					"name": "back_right_middle_petal",
					"parent": "right_petals",
					"pivot": [-3, 13, 1.3],
					"rotation": [0, 0, 90],
					"cubes": [
						{"origin": [-7, 12, 0.3], "size": [5, 1, 2], "inflate": 0.02, "uv": [36, 18]}
					]
				},
				{
					"name": "back_right_middle_petal2",
					"parent": "back_right_middle_petal",
					"pivot": [-7, 13, 1.25],
					"cubes": [
						{"origin": [-11, 12, 0.3], "size": [4, 1, 2], "inflate": 0.01, "uv": [0, 39]}
					]
				},
				{
					"name": "back_right_middle_petal3",
					"parent": "back_right_middle_petal2",
					"pivot": [-11, 13, 1.25],
					"cubes": [
						{"origin": [-13, 12, 0.3], "size": [2, 1, 2], "uv": [37, 44]}
					]
				},
				{
					"name": "back_right_petal",
					"parent": "right_petals",
					"pivot": [-1.5, 13, 3],
					"rotation": [-90, 0, 0],
					"cubes": [
						{"origin": [-2.5, 13, -1], "size": [2, 1, 5], "inflate": 0.02, "uv": [18, 25]}
					]
				},
				{
					"name": "back_right_petal2",
					"parent": "back_right_petal",
					"pivot": [-1.5, 13, -1],
					"cubes": [
						{"origin": [-2.5, 13, -5], "size": [2, 1, 4], "inflate": 0.01, "uv": [20, 32]}
					]
				},
				{
					"name": "back_right_petal3",
					"parent": "back_right_petal2",
					"pivot": [-1.5, 13, -5],
					"cubes": [
						{"origin": [-2.5, 13, -7], "size": [2, 1, 2], "uv": [8, 34]}
					]
				},
				{
					"name": "left_petals",
					"parent": "petals",
					"pivot": [0, 13, 0.3]
				},
				{
					"name": "front_left_petal",
					"parent": "left_petals",
					"pivot": [1.5, 13, -2.5],
					"rotation": [-90, 0, 0],
					"cubes": [
						{"origin": [0.5, 12, -6.5], "size": [2, 1, 5], "inflate": 0.02, "uv": [27, 26]}
					]
				},
				{
					"name": "front_left_petal2",
					"parent": "front_left_petal",
					"pivot": [1.5, 13, -6.5],
					"cubes": [
						{"origin": [0.5, 12, -10.5], "size": [2, 1, 4], "inflate": 0.01, "uv": [12, 34]}
					]
				},
				{
					"name": "front_left_petal3",
					"parent": "front_left_petal2",
					"pivot": [1.5, 13, -10.5],
					"cubes": [
						{"origin": [0.5, 12, -12.5], "size": [2, 1, 2], "uv": [42, 41]}
					]
				},
				{
					"name": "front_left_middle_petal",
					"parent": "left_petals",
					"pivot": [3, 13, -0.7],
					"rotation": [0, 0, -90],
					"cubes": [
						{"origin": [2, 12, -1.7], "size": [5, 1, 2], "inflate": 0.02, "uv": [36, 0]}
					]
				},
				{
					"name": "front_left_middle_petal2",
					"parent": "front_left_middle_petal",
					"pivot": [7, 13, -0.75],
					"cubes": [
						{"origin": [7, 12, -1.7], "size": [4, 1, 2], "inflate": 0.01, "uv": [34, 37]}
					]
				},
				{
					"name": "front_left_middle_petal3",
					"parent": "front_left_middle_petal2",
					"pivot": [11, 13, -0.75],
					"cubes": [
						{"origin": [11, 12, -1.7], "size": [2, 1, 2], "uv": [44, 36]}
					]
				},
				{
					"name": "back_left_middle_petal",
					"parent": "left_petals",
					"pivot": [3, 13, 1.3],
					"rotation": [0, 0, -90],
					"cubes": [
						{"origin": [2, 12, 0.3], "size": [5, 1, 2], "inflate": 0.02, "uv": [27, 6]}
					]
				},
				{
					"name": "back_left_middle_petal2",
					"parent": "back_left_middle_petal",
					"pivot": [7, 13, 1.25],
					"cubes": [
						{"origin": [7, 12, 0.3], "size": [4, 1, 2], "inflate": 0.01, "uv": [22, 37]}
					]
				},
				{
					"name": "back_left_middle_petal3",
					"parent": "back_left_middle_petal2",
					"pivot": [11, 13, 1.25],
					"cubes": [
						{"origin": [11, 12, 0.3], "size": [2, 1, 2], "uv": [6, 44]}
					]
				},
				{
					"name": "back_left_petal",
					"parent": "left_petals",
					"pivot": [1.5, 13, 3],
					"rotation": [-90, 0, 0],
					"cubes": [
						{"origin": [0.5, 13, -1], "size": [2, 1, 5], "inflate": 0.02, "uv": [27, 0]}
					]
				},
				{
					"name": "back_left_petal2",
					"parent": "back_left_petal",
					"pivot": [1.5, 13, -1],
					"cubes": [
						{"origin": [0.5, 13, -5], "size": [2, 1, 4], "inflate": 0.01, "uv": [32, 32]}
					]
				},
				{
					"name": "back_left_petal3",
					"parent": "back_left_petal2",
					"pivot": [1.5, 13, -5],
					"cubes": [
						{"origin": [0.5, 13, -7], "size": [2, 1, 2], "uv": [36, 40]}
					]
				},
				{
					"name": "back_leg_right",
					"parent": "body",
					"pivot": [-2, 1, 2],
					"cubes": [
						{"origin": [-3, 0, 2], "size": [2, 2, 3], "uv": [9, 39]}
					]
				},
				{
					"name": "back_leg_left",
					"parent": "body",
					"pivot": [2, 1, 2],
					"cubes": [
						{"origin": [1, 0, 2], "size": [2, 2, 3], "uv": [39, 7]}
					]
				},
				{
					"name": "leg_left",
					"parent": "body",
					"pivot": [2, 1, -2],
					"cubes": [
						{"origin": [1, 0, -5], "size": [2, 2, 3], "uv": [29, 40]}
					]
				},
				{
					"name": "leg_right",
					"parent": "body",
					"pivot": [-2, 1, -2],
					"cubes": [
						{"origin": [-3, 0, -5], "size": [2, 2, 3], "uv": [19, 40]}
					]
				}
			]
		}
	]
}