{
	"format_version": "1.12.0",
	"minecraft:geometry": [
		{
			"description": {
				"identifier": "geometry.slowking",
				"texture_width": 128,
				"texture_height": 64,
				"visible_bounds_width": 3,
				"visible_bounds_height": 3.5,
				"visible_bounds_offset": [0, 1.25, 0]
			},
			"bones": [
				{
					"name": "slowking",
					"pivot": [0, 0, 0]
				},
				{
					"name": "body",
					"parent": "slowking",
					"pivot": [0, 11, 1]
				},
				{
					"name": "torso",
					"parent": "body",
					"pivot": [-0.5, 5.5, 0.5],
					"cubes": [
						{"origin": [-4, 3.5, -3.5], "size": [8, 10, 8], "uv": [0, 14]},
						{"origin": [-3, 13.5, -2.5], "size": [6, 1, 6], "inflate": 0.01, "uv": [38, 6]}
					]
				},
				{
					"name": "frills",
					"parent": "torso",
					"pivot": [0, 14.5, 0.5]
				},
				{
					"name": "front_frill",
					"parent": "frills",
					"pivot": [0, 14.5, -1.5],
					"cubes": [
						{"origin": [-5, 14.5, -7.5], "size": [10, 0, 6], "pivot": [0, 14.5, -1.5], "rotation": [22.5, 0, 0], "uv": [34, 0]}
					]
				},
				{
					"name": "right_frill",
					"parent": "frills",
					"pivot": [-2, 14.5, 0.25],
					"cubes": [
						{"origin": [-8, 14.5, -4.5], "size": [6, 0, 10], "pivot": [-2, 14.5, 0.5], "rotation": [0, 0, -22.5], "uv": [4, 2]}
					]
				},
				{
					"name": "left_frill",
					"parent": "frills",
					"pivot": [2, 14.5, 0.5],
					"cubes": [
						{"origin": [2, 14.5, -4.5], "size": [6, 0, 10], "pivot": [2, 14.5, 0.5], "rotation": [0, 0, 22.5], "uv": [16, 2]}
					]
				},
				{
					"name": "back_frill",
					"parent": "frills",
					"pivot": [0, 14.5, 2.5],
					"cubes": [
						{"origin": [-5, 14.5, 2.5], "size": [10, 0, 6], "pivot": [0, 14.5, 2.5], "rotation": [-22.5, 0, 0], "uv": [20, 14]}
					]
				},
				{
					"name": "neck",
					"parent": "torso",
					"pivot": [0, 13.5, 0.5],
					"cubes": [
						{"origin": [-2.5, 13.5, -2], "size": [5, 4, 5], "uv": [78, 38]}
					]
				},
				{
					"name": "head",
					"parent": "neck",
					"pivot": [0, 14.5, 0.75],
					"cubes": [
						{"origin": [-3, 15.75, -5.75], "size": [6, 2, 3], "uv": [51, 46]},
						{"origin": [-1.5, 16.75, -5.76], "size": [1, 1, 0], "uv": [0, 1]},
						{"origin": [0.5, 16.75, -5.76], "size": [1, 1, 0], "uv": [0, 0]},
						{"origin": [1.5, 15.5, -5.5], "size": [1, 1, 0], "pivot": [2, 16, -5.5], "rotation": [0, 0, 45], "uv": [0, 5]},
						{"origin": [-2.5, 15.5, -5.5], "size": [1, 1, 0], "pivot": [-2, 16, -5.5], "rotation": [0, 0, -45], "uv": [0, 2]},
						{"origin": [-3.5, 14.5, -3.25], "size": [7, 7, 7], "uv": [0, 32]}
					]
				},
				{
					"name": "crown",
					"parent": "head",
					"pivot": [0, 22.25, 0.5],
					"rotation": [-15, 0, 0],
					"cubes": [
						{"origin": [-4.5, 19.75, -3.75], "size": [9, 4, 9], "uv": [23, 23]},
						{"origin": [4.5, 20.25, -1.75], "size": [5, 7, 0], "pivot": [4.5, 22.25, -1.75], "rotation": [0, 45, 0], "uv": [100, 22]},
						{"origin": [-9.5, 20.25, -1.75], "size": [5, 7, 0], "pivot": [-4.5, 22.25, -1.75], "rotation": [0, -45, 0], "uv": [58, 13]},
						{"origin": [-3.5, 23.75, -2.75], "size": [7, 3, 7], "uv": [28, 36]},
						{"origin": [-7, 26.75, 2.75], "size": [5, 2, 0], "pivot": [-2, 26.75, 2.75], "rotation": [38.42684, 25.49671, 61.51653], "uv": [59, 32]},
						{"origin": [2, 26.75, 2.75], "size": [5, 2, 0], "pivot": [2, 26.75, 2.75], "rotation": [38.42684, -25.49671, -61.51653], "uv": [24, 20]},
						{"origin": [-2, 26.75, -1.25], "size": [4, 2, 4], "uv": [72, 5]},
						{"origin": [2, 26.75, -1.25], "size": [5, 2, 0], "pivot": [2, 26.75, -1.25], "rotation": [-38.42684, 25.49671, -61.51653], "uv": [56, 43]},
						{"origin": [-7, 26.75, -1.25], "size": [5, 2, 0], "pivot": [-2, 26.75, -1.25], "rotation": [-38.42684, -25.49671, 61.51653], "uv": [50, 30]},
						{"origin": [-1, 28.75, -0.25], "size": [2, 3, 2], "uv": [0, 12]},
						{"origin": [-1, 26.75, -2.25], "size": [2, 2, 2], "pivot": [0, 26.75, -2.25], "rotation": [-12.5, 0, 0], "uv": [64, 23]}
					]
				},
				{
					"name": "crown_eye_left",
					"parent": "crown",
					"pivot": [2, 21.75, 4.76],
					"rotation": [0, 0, -10],
					"cubes": [
						{"origin": [0.5, 20.25, 4.26], "size": [3, 3, 1], "uv": [110, 22]}
					]
				},
				{
					"name": "crown_eyelid_left",
					"parent": "crown_eye_left",
					"pivot": [2.00449, 21.77549, 4.75659],
					"cubes": [
						{"origin": [0.5, 20.25, 4.16], "size": [3, 3, 1], "inflate": 0.01, "uv": [33, 46]}
					]
				},
				{
					"name": "crown_eye_right",
					"parent": "crown",
					"pivot": [-2, 21.75, 4.76],
					"rotation": [0, 0, 10],
					"cubes": [
						{"origin": [-3.5, 20.25, 4.26], "size": [3, 3, 1], "uv": [14, 46]}
					]
				},
				{
					"name": "crown_eyelid_right",
					"parent": "crown_eye_right",
					"pivot": [-2, 21.75, 4.66],
					"cubes": [
						{"origin": [-3.5, 20.25, 4.16], "size": [3, 3, 1], "inflate": 0.01, "uv": [0, 17]}
					]
				},
				{
					"name": "eye_left",
					"parent": "head",
					"pivot": [1.88, 19, -2.7625],
					"cubes": [
						{"origin": [1.26, 18.5, -3.265], "size": [1, 1, 1], "uv": [38, 10]},
						{"origin": [1, 17.5, -3.26], "size": [2, 3, 1], "uv": [0, 46]}
					]
				},
				{
					"name": "eyelid_left",
					"parent": "eye_left",
					"pivot": [2, 19, -2.66],
					"cubes": [
						{"origin": [1, 17.5, -3.16], "size": [2, 3, 1], "inflate": 0.01, "uv": [28, 39]}
					]
				},
				{
					"name": "eye_right",
					"parent": "head",
					"pivot": [-1.88, 19, -2.7625],
					"cubes": [
						{"origin": [-2.26, 18.5, -3.265], "size": [1, 1, 1], "uv": [29, 36]},
						{"origin": [-3, 17.5, -3.26], "size": [2, 3, 1], "uv": [38, 6]}
					]
				},
				{
					"name": "eyelid_right",
					"parent": "eye_right",
					"pivot": [-2, 19, -2.66],
					"cubes": [
						{"origin": [-3, 17.5, -3.16], "size": [2, 3, 1], "inflate": 0.01, "uv": [0, 32]}
					]
				},
				{
					"name": "jaw",
					"parent": "head",
					"pivot": [0, 15.75, -3.25],
					"cubes": [
						{"origin": [-3, 14.75, -5.25], "size": [6, 1, 2], "uv": [100, 2]}
					]
				},
				{
					"name": "arm_left",
					"parent": "torso",
					"pivot": [4, 11.5, -0.75],
					"cubes": [
						{"origin": [3.5, 10.5, -2.25], "size": [4, 2, 3], "inflate": 0.001, "uv": [56, 6]}
					]
				},
				{
					"name": "arm_left2",
					"parent": "arm_left",
					"pivot": [7.5, 12.5, 0.75],
					"cubes": [
						{"origin": [7.5, 10.5, -2.25], "size": [4, 2, 3], "uv": [82, 0]}
					]
				},
				{
					"name": "finger_left",
					"parent": "arm_left2",
					"pivot": [11.5, 12.5, -0.75],
					"cubes": [
						{"origin": [11.5, 11.5, -1.75], "size": [1, 1, 2], "uv": [72, 24]}
					]
				},
				{
					"name": "thumb_left",
					"parent": "arm_left2",
					"pivot": [10.75, 11.5, -1.75],
					"cubes": [
						{"origin": [10.25, 11, -3.25], "size": [1, 1, 2], "uv": [122, 2]}
					]
				},
				{
					"name": "arm_right",
					"parent": "torso",
					"pivot": [-4, 11.5, -0.75],
					"cubes": [
						{"origin": [-7.5, 10.5, -2.25], "size": [4, 2, 3], "inflate": 0.001, "uv": [0, 5]}
					]
				},
				{
					"name": "arm_right2",
					"parent": "arm_right",
					"pivot": [-7.5, 12.5, 0.75],
					"cubes": [
						{"origin": [-11.5, 10.5, -2.25], "size": [4, 2, 3], "uv": [0, 0]}
					]
				},
				{
					"name": "finger_right",
					"parent": "arm_right2",
					"pivot": [-11.5, 12.5, -0.75],
					"cubes": [
						{"origin": [-12.5, 11.5, -1.75], "size": [1, 1, 2], "uv": [0, 36]}
					]
				},
				{
					"name": "thumb_right",
					"parent": "arm_right2",
					"pivot": [-10.75, 12, -1.75],
					"cubes": [
						{"origin": [-11.25, 11, -3.25], "size": [1, 1, 2], "uv": [8, 10]}
					]
				},
				{
					"name": "tail",
					"parent": "torso",
					"pivot": [0, 6.5, 3.5],
					"cubes": [
						{"origin": [-2, 4.5, 2.5], "size": [4, 4, 6], "uv": [0, 46]}
					]
				},
				{
					"name": "tail2",
					"parent": "tail",
					"pivot": [0, 6.5, 7.5],
					"cubes": [
						{"origin": [-1.5, 5, 6.5], "size": [3, 3, 6], "uv": [46, 14]}
					]
				},
				{
					"name": "tail3",
					"parent": "tail2",
					"pivot": [0, 6.5, 11.5],
					"cubes": [
						{"origin": [0, 5.5, 10.5], "size": [0, 2, 5], "uv": [0, 5]}
					]
				},
				{
					"name": "leg_left",
					"parent": "body",
					"pivot": [3.5, 5, 0.5],
					"cubes": [
						{"origin": [2, 2.5, -2], "size": [4, 5, 5], "uv": [38, 46]}
					]
				},
				{
					"name": "leg_left2",
					"parent": "leg_left",
					"pivot": [4, 2.5, -0.5],
					"cubes": [
						{"origin": [2.5, 0.5, -0.5], "size": [3, 3, 3], "uv": [88, 20]}
					]
				},
				{
					"name": "foot_left",
					"parent": "leg_left2",
					"pivot": [4, 1.5, 2],
					"cubes": [
						{"origin": [2, 0, -2], "size": [4, 2, 5], "inflate": 0.001, "uv": [50, 23]},
						{"origin": [2.5, 0, -3.5], "size": [3, 1, 2], "uv": [21, 36]}
					]
				},
				{
					"name": "leg_right",
					"parent": "body",
					"pivot": [-3.5, 5, 0.5],
					"cubes": [
						{"origin": [-6, 2.5, -2], "size": [4, 5, 5], "uv": [20, 46]}
					]
				},
				{
					"name": "leg_right2",
					"parent": "leg_right",
					"pivot": [-4, 2.5, -0.5],
					"cubes": [
						{"origin": [-5.5, 0.5, -0.5], "size": [3, 3, 3], "uv": [76, 20]}
					]
				},
				{
					"name": "foot_right",
					"parent": "leg_right2",
					"pivot": [-4, 1.5, 2],
					"cubes": [
						{"origin": [-6, 0, -2], "size": [4, 2, 5], "inflate": 0.001, "uv": [49, 36]},
						{"origin": [-5.5, 0, -3.5], "size": [3, 1, 2], "uv": [32, 20]}
					]
				}
			]
		}
	]
}