{
	"format_version": "1.12.0",
	"minecraft:geometry": [
		{
			"description": {
				"identifier": "geometry.nidorino",
				"texture_width": 64,
				"texture_height": 64,
				"visible_bounds_width": 3,
				"visible_bounds_height": 2.5,
				"visible_bounds_offset": [0, 0.75, 0]
			},
			"bones": [
				{
					"name": "nidorino",
					"pivot": [0, 0, 0]
				},
				{
					"name": "body",
					"parent": "nidorino",
					"pivot": [0, 0, 1.5]
				},
				{
					"name": "torso",
					"parent": "body",
					"pivot": [0, 0, 1.5],
					"cubes": [
						{"origin": [-4, 3.5, -5.5], "size": [8, 8, 12], "uv": [0, 0]},
						{"origin": [0, 10.5, -6.5], "size": [0, 8, 13], "uv": [0, 7]},
						{"origin": [0, 4, 6.5], "size": [0, 8, 4], "uv": [0, 0]}
					]
				},
				{
					"name": "neck",
					"parent": "torso",
					"pivot": [0, 11, -5.5],
					"cubes": [
						{"origin": [-3, 4, -7.25], "size": [6, 7, 2], "inflate": 0.01, "uv": [28, 20]}
					]
				},
				{
					"name": "head",
					"parent": "neck",
					"pivot": [0, 10.5, -7],
					"rotation": [15, 0, 0],
					"cubes": [
						{"origin": [-3, 5.50884, -11.86718], "size": [6, 5, 5], "uv": [28, 0]},
						{"origin": [0, 9, -13.2], "size": [0, 5, 2], "pivot": [0, 9.5, -11.85], "rotation": [60, 0, 0], "uv": [8, 0]},
						{"origin": [-2, 5.5, -13.75], "size": [4, 3, 2], "uv": [38, 40]}
					],
					"locators": {
						"held_item_fixed": {
							"offset": [0, 5.25, -11.5],
							"rotation": [90, 0, 0]
						}
					}
				},
				{
					"name": "teeth",
					"parent": "head",
					"pivot": [0, 10.5, -7],
					"cubes": [
						{"origin": [2.75, 4.25, -10.25], "size": [0, 2, 1], "uv": [26, 21]},
						{"origin": [-2.75, 4.25, -10.25], "size": [0, 2, 1], "uv": [26, 19]}
					]
				},
				{
					"name": "eyes",
					"parent": "head",
					"pivot": [0, 10.5, -6.9]
				},
				{
					"name": "eye_left",
					"parent": "eyes",
					"pivot": [0, 10.5, -6.9],
					"cubes": [
						{"origin": [3.01, 6.50884, -11.36718], "size": [0, 2, 2], "uv": [8, 7]}
					]
				},
				{
					"name": "eye_right",
					"parent": "eyes",
					"pivot": [0, 10.5, -6.9],
					"cubes": [
						{"origin": [-3.01, 6.50884, -11.36718], "size": [0, 2, 2], "uv": [8, 5]}
					]
				},
				{
					"name": "eyelid",
					"parent": "eyes",
					"pivot": [0, 10.5, -6.9]
				},
				{
					"name": "eyelid_left",
					"parent": "eyelid",
					"pivot": [0, 10.5, -6.9],
					"cubes": [
						{"origin": [2.92, 6.50884, -11.36718], "size": [0, 2, 2], "inflate": 0.01, "uv": [4, 0]}
					]
				},
				{
					"name": "eyelid_right",
					"parent": "eyelid",
					"pivot": [0, 10.5, -6.9],
					"cubes": [
						{"origin": [-2.92, 6.50884, -11.36718], "size": [0, 2, 2], "inflate": 0.01, "uv": [0, 0]}
					]
				},
				{
					"name": "jaw",
					"parent": "head",
					"pivot": [0, 5.75, -7.25],
					"rotation": [-10, 0, 0],
					"cubes": [
						{"origin": [-2, 3.67745, -10.27822], "size": [4, 2, 3], "uv": [40, 10]},
						{"origin": [-1.5, 3.67745, -13.27822], "size": [3, 2, 3], "uv": [40, 15]}
					]
				},
				{
					"name": "ears",
					"parent": "head",
					"pivot": [1.9, 11.17708, -8.24503],
					"rotation": [7.5, 0, 0],
					"cubes": [
						{"origin": [2.9, 8.23876, -12.6579], "size": [0, 11, 7], "pivot": [2.9, 8.17708, -9.24503], "rotation": [-39.10406, 18.17696, 20.99692], "uv": [14, 21]},
						{"origin": [-2.9, 8.23876, -12.6579], "size": [0, 11, 7], "pivot": [-2.9, 8.17708, -9.24503], "rotation": [-39.10406, -18.17696, -20.99692], "uv": [0, 21]}
					]
				},
				{
					"name": "leg_front_left",
					"parent": "body",
					"pivot": [3.5, 5, -2.5],
					"cubes": [
						{"origin": [2, 3, -4.5], "size": [3, 3, 4], "inflate": 0.01, "uv": [38, 33]}
					]
				},
				{
					"name": "leg_front_left2",
					"parent": "leg_front_left",
					"pivot": [3.5, 3, -1],
					"rotation": [-27.5, 0, 0],
					"cubes": [
						{"origin": [2, 0, -4], "size": [3, 3, 3], "uv": [40, 50]}
					]
				},
				{
					"name": "leg_front_left3",
					"parent": "leg_front_left2",
					"pivot": [3.5, 0, -2.5],
					"rotation": [27.5, 0, 0],
					"cubes": [
						{"origin": [2, -1, -4], "size": [3, 2, 3], "inflate": 0.01, "uv": [11, 45]},
						{"origin": [2.5, -1, -4.75], "size": [0, 1, 1], "pivot": [2.5, -1, -3.75], "rotation": [0, 22.5, 0], "uv": [0, 49]},
						{"origin": [3.5, -1, -5.5], "size": [0, 1, 2], "uv": [0, 47]},
						{"origin": [4.5, -1, -4.75], "size": [0, 1, 1], "pivot": [4.5, -1, -3.75], "rotation": [0, -22.5, 0], "uv": [0, 47]}
					]
				},
				{
					"name": "leg_front_right",
					"parent": "body",
					"pivot": [-3.5, 5, -2.5],
					"cubes": [
						{"origin": [-5, 3, -4.5], "size": [3, 3, 4], "inflate": 0.01, "uv": [0, 39], "mirror": true}
					]
				},
				{
					"name": "leg_front_right2",
					"parent": "leg_front_right",
					"pivot": [-3.5, 3, -1],
					"rotation": [-27.5, 0, 0],
					"cubes": [
						{"origin": [-5, 0, -4], "size": [3, 3, 3], "uv": [41, 26], "mirror": true}
					]
				},
				{
					"name": "leg_front_right3",
					"parent": "leg_front_right2",
					"pivot": [-3.5, 0, -2.5],
					"rotation": [27.5, 0, 0],
					"cubes": [
						{"origin": [-5, -1, -4], "size": [3, 2, 3], "inflate": 0.01, "uv": [50, 31], "mirror": true},
						{"origin": [-4.5, -1, -4.75], "size": [0, 1, 1], "pivot": [-4.5, -1, -3.75], "rotation": [0, 22.5, 0], "uv": [5, 47], "mirror": true},
						{"origin": [-3.5, -1, -5.75], "size": [0, 1, 2], "uv": [5, 47], "mirror": true},
						{"origin": [-2.5, -1, -4.75], "size": [0, 1, 1], "pivot": [-2.5, -1, -3.75], "rotation": [0, -22.5, 0], "uv": [5, 49], "mirror": true}
					]
				},
				{
					"name": "leg_back_left",
					"parent": "body",
					"pivot": [3.5, 5, 4],
					"rotation": [12.5, 0, 0],
					"cubes": [
						{"origin": [2, 2.5, 2], "size": [3, 4, 4], "inflate": 0.01, "uv": [28, 29]}
					]
				},
				{
					"name": "leg_back_left2",
					"parent": "leg_back_left",
					"pivot": [3.5, 2.5, 2.5],
					"rotation": [17.5, 0, 0],
					"cubes": [
						{"origin": [2, 0.5, 2.5], "size": [3, 2, 3], "uv": [45, 0]}
					]
				},
				{
					"name": "leg_back_left3",
					"parent": "leg_back_left2",
					"pivot": [3.5, 0.5, 5.5],
					"rotation": [-30, 0, 0],
					"cubes": [
						{"origin": [2, -1.5, 2.5], "size": [3, 2, 3], "inflate": 0.01, "uv": [44, 20]},
						{"origin": [2.5, -1.5, 1.5], "size": [0, 1, 1], "pivot": [2.5, -1.5, 2.5], "rotation": [0, 22.5, 0], "uv": [2, 47]},
						{"origin": [4.5, -1.5, 1.5], "size": [0, 1, 1], "pivot": [4.5, -1.5, 2.5], "rotation": [0, -22.5, 0], "uv": [2, 49]}
					]
				},
				{
					"name": "leg_back_right",
					"parent": "body",
					"pivot": [-3.5, 5, 4],
					"rotation": [12.5, 0, 0],
					"cubes": [
						{"origin": [-5, 2.5, 2], "size": [3, 4, 4], "inflate": 0.01, "uv": [24, 37], "mirror": true}
					]
				},
				{
					"name": "leg_back_right2",
					"parent": "leg_back_right",
					"pivot": [-3.5, 2.5, 2.5],
					"rotation": [17.5, 0, 0],
					"cubes": [
						{"origin": [-5, 0.5, 2.5], "size": [3, 2, 3], "uv": [39, 45], "mirror": true}
					]
				},
				{
					"name": "leg_back_right3",
					"parent": "leg_back_right2",
					"pivot": [-3.5, 0.5, 5.5],
					"rotation": [-30, 0, 0],
					"cubes": [
						{"origin": [-5, -1.5, 2.5], "size": [3, 2, 3], "inflate": 0.01, "uv": [24, 45], "mirror": true},
						{"origin": [-4.5, -1.5, 1.5], "size": [0, 1, 1], "pivot": [-4.5, -1.5, 2.5], "rotation": [0, 22.5, 0], "uv": [7, 47], "mirror": true},
						{"origin": [-2.5, -1.5, 1.5], "size": [0, 1, 1], "pivot": [-2.5, -1.5, 2.5], "rotation": [0, -22.5, 0], "uv": [7, 49], "mirror": true}
					]
				}
			]
		}
	]
}