{
	"format_version": "1.12.0",
	"minecraft:geometry": [
		{
			"description": {
				"identifier": "geometry.goldeen_male",
				"texture_width": 64,
				"texture_height": 64,
				"visible_bounds_width": 3,
				"visible_bounds_height": 2.5,
				"visible_bounds_offset": [0, 0.75, 0]
			},
			"bones": [
				{
					"name": "goldeen",
					"pivot": [0, 0, 0]
				},
				{
					"name": "body",
					"parent": "goldeen",
					"pivot": [0, 2.5, -1],
					"cubes": [
						{"origin": [-2.5, 0, -4.5], "size": [5, 5, 7], "uv": [14, 12]},
						{"origin": [-1, 0.75, -4.6], "size": [2, 2, 0], "inflate": 0.02, "uv": [60, 0]},
						{"origin": [0, 4.75, -4], "size": [0, 4, 2], "inflate": 0.02, "pivot": [0, 6.75, -3], "rotation": [10, 0, 0], "uv": [0, 6]},
						{"origin": [0, 3.25, -1.25], "size": [0, 3, 5], "inflate": 0.02, "uv": [0, 0]}
					]
				},
				{
					"name": "eyes",
					"parent": "body",
					"pivot": [0, 3.5, -3],
					"cubes": [
						{"origin": [2.525, 2.25, -3.75], "size": [0, 2, 2], "inflate": 0.02, "pivot": [2.525, 3.25, -2.75], "rotation": [-2.5, 0, 0], "uv": [60, 7], "mirror": true},
						{"origin": [-2.525, 2.25, -3.75], "size": [0, 2, 2], "inflate": 0.02, "pivot": [-2.525, 3.25, -2.75], "rotation": [-2.5, 0, 0], "uv": [60, 7]}
					]
				},
				{
					"name": "tail",
					"parent": "body",
					"pivot": [0, 2.5, 2.5],
					"cubes": [
						{"origin": [-2.5, 2.5, 2.5], "size": [5, 0, 10], "inflate": 0.02, "uv": [0, 0]}
					]
				},
				{
					"name": "lefttail",
					"parent": "body",
					"pivot": [1.5, 2.25, 2.5],
					"cubes": [
						{"origin": [-0.5, 2.25, 2.5], "size": [6, 0, 9], "inflate": 0.02, "uv": [0, 10]}
					]
				},
				{
					"name": "righttail",
					"parent": "body",
					"pivot": [-1.5, 2.25, 2.5],
					"cubes": [
						{"origin": [-5.5, 2.25, 2.5], "size": [6, 0, 9], "inflate": 0.02, "uv": [11, 0]}
					]
				},
				{
					"name": "leftwing",
					"parent": "body",
					"pivot": [2.5, 2.75, -0.75],
					"cubes": [
						{"origin": [2.5, 2.75, -3.25], "size": [8, 0, 5], "inflate": 0.02, "uv": [0, 24]}
					]
				},
				{
					"name": "rightwing",
					"parent": "body",
					"pivot": [-2.5, 2.75, -0.75],
					"cubes": [
						{"origin": [-10.5, 2.75, -3.25], "size": [8, 0, 5], "inflate": 0.02, "uv": [16, 24]}
					],
					"locators": {
						"held_item_fixed": {
							"offset": [-5.5, 2, -1],
							"rotation": [90, 0, 0]
						}
					}
				}
			]
		}
	]
}