{
	"format_version": "1.12.0",
	"minecraft:geometry": [
		{
			"description": {
				"identifier": "geometry.shedinja",
				"texture_width": 64,
				"texture_height": 64,
				"visible_bounds_width": 3,
				"visible_bounds_height": 2.5,
				"visible_bounds_offset": [0, 0.75, 0]
			},
			"bones": [
				{
					"name": "shedinja",
					"pivot": [0, 0, 0]
				},
				{
					"name": "body",
					"parent": "shedinja",
					"pivot": [0, 14.5, -2]
				},
				{
					"name": "main_body",
					"parent": "body",
					"pivot": [0, 14.5, -2],
					"rotation": [15, 0, 0],
					"cubes": [
						{"origin": [-3.5, 2, -5], "size": [7, 3, 6], "uv": [34, 22]},
						{"origin": [-4.5, 5, -6], "size": [9, 8, 8], "uv": [0, 15]},
						{"origin": [-4, 12.5, -5], "size": [8, 2, 6], "uv": [26, 14]}
					]
				},
				{
					"name": "limbs",
					"parent": "main_body",
					"pivot": [0, 9.5, -5]
				},
				{
					"name": "limb_front_left",
					"parent": "limbs",
					"pivot": [2, 11, -6],
					"rotation": [0, 0, 5],
					"cubes": [
						{"origin": [2, 6, -8], "size": [2, 5, 2], "pivot": [2, 11, -6], "rotation": [0, -20, 0], "uv": [0, 1]}
					]
				},
				{
					"name": "limb_back_left",
					"parent": "limbs",
					"pivot": [2, 4.75, -5],
					"rotation": [0, 0, 7.5],
					"cubes": [
						{"origin": [2, 2.75, -5.5], "size": [1, 2, 1], "pivot": [2, 4.75, -5], "rotation": [0, -5, 0], "uv": [34, 22]}
					]
				},
				{
					"name": "limb_front_right",
					"parent": "limbs",
					"pivot": [-2, 11, -6],
					"rotation": [0, 0, -5],
					"cubes": [
						{"origin": [-4, 6, -8], "size": [2, 5, 2], "pivot": [-2, 11, -6], "rotation": [0, 20, 0], "uv": [0, 16], "mirror": true}
					]
				},
				{
					"name": "limb_back_right",
					"parent": "limbs",
					"pivot": [-2, 4.75, -5],
					"rotation": [0, 0, -7.5],
					"cubes": [
						{"origin": [-3, 2.75, -5.5], "size": [1, 2, 1], "pivot": [-2, 4.75, -5], "rotation": [0, 5, 0], "uv": [34, 25], "mirror": true}
					]
				},
				{
					"name": "wings",
					"parent": "main_body",
					"pivot": [0, 11, 2]
				},
				{
					"name": "wing_left",
					"parent": "wings",
					"pivot": [2.5, 9, 2]
				},
				{
					"name": "wing_part_left",
					"parent": "wing_left",
					"pivot": [1, 13, 2],
					"rotation": [0, 0, -22.5],
					"cubes": [
						{"origin": [1, 10, 2], "size": [11, 3, 0], "inflate": 0.01, "pivot": [1, 13, 2], "rotation": [-2.5, -15, 0], "uv": [0, 31]}
					]
				},
				{
					"name": "wing_part_left2",
					"parent": "wing_left",
					"pivot": [2.5, 11.5, 2],
					"rotation": [0, 0, -2.5],
					"cubes": [
						{"origin": [2.5, 6.5, 2], "size": [11, 5, 0], "inflate": 0.02, "pivot": [2.5, 11.5, 2], "rotation": [0, -17.5, 0], "uv": [0, 34]}
					]
				},
				{
					"name": "wing_part_left3",
					"parent": "wing_left",
					"pivot": [1.5, 5.5, 2],
					"rotation": [0, 0, 22.5],
					"cubes": [
						{"origin": [1.5, 5.5, 2], "size": [9, 3, 0], "inflate": 0.01, "pivot": [1.5, 5.5, 2], "rotation": [2.5, -15, 0], "uv": [44, 31]}
					]
				},
				{
					"name": "wing_part_left4",
					"parent": "wing_left",
					"pivot": [0.5, 5.5, 2],
					"rotation": [0, 0, -5],
					"cubes": [
						{"origin": [0.5, 4.5, 2], "size": [1, 1, 0], "pivot": [0.5, 5.5, 2], "rotation": [15, 0, 0], "uv": [60, 29]}
					]
				},
				{
					"name": "wing_right",
					"parent": "wings",
					"pivot": [-2.5, 9, 2]
				},
				{
					"name": "wing_part_right",
					"parent": "wing_right",
					"pivot": [-1, 13, 2],
					"rotation": [0, 0, 22.5],
					"cubes": [
						{"origin": [-12, 10, 2], "size": [11, 3, 0], "inflate": 0.01, "pivot": [-1, 13, 2], "rotation": [-2.5, 15, 0], "uv": [22, 31], "mirror": true}
					]
				},
				{
					"name": "wing_part_right2",
					"parent": "wing_right",
					"pivot": [-2.5, 11.5, 2],
					"rotation": [0, 0, 2.5],
					"cubes": [
						{"origin": [-13.5, 6.5, 2], "size": [11, 5, 0], "inflate": 0.02, "pivot": [-2.5, 11.5, 2], "rotation": [0, 17.5, 0], "uv": [22, 34], "mirror": true}
					]
				},
				{
					"name": "wing_part_right3",
					"parent": "wing_right",
					"pivot": [-1.5, 5.5, 2],
					"rotation": [0, 0, -22.5],
					"cubes": [
						{"origin": [-10.5, 5.5, 2], "size": [9, 3, 0], "inflate": 0.01, "pivot": [-1.5, 5.5, 2], "rotation": [2.5, 15, 0], "uv": [44, 34], "mirror": true}
					]
				},
				{
					"name": "wing_part_right4",
					"parent": "wing_right",
					"pivot": [-0.5, 5.5, 2],
					"rotation": [0, 0, 5],
					"cubes": [
						{"origin": [-1.5, 4.5, 2], "size": [1, 1, 0], "pivot": [-0.5, 5.5, 2], "rotation": [15, 0, 0], "uv": [60, 30], "mirror": true}
					]
				},
				{
					"name": "head",
					"parent": "main_body",
					"pivot": [0, 14.5, -1],
					"rotation": [-15, 0, 0],
					"cubes": [
						{"origin": [-4, 10, -9], "size": [8, 7, 8], "inflate": 0.01, "pivot": [0, 14, -5.5], "rotation": [0, 0, 0], "uv": [0, 0]},
						{"origin": [-0.5, 10, -9], "size": [1, 7, 2], "inflate": 0.02, "pivot": [0, 14, -5.5], "rotation": [0, 0, 0], "uv": [30, 40]},
						{"origin": [-2, 9, -9], "size": [3, 3, 3], "pivot": [0, 10, -8], "rotation": [0, 0, 45], "uv": [24, 2]}
					]
				},
				{
					"name": "eyes",
					"parent": "head",
					"pivot": [0, 16, -4]
				},
				{
					"name": "eye_left",
					"parent": "eyes",
					"pivot": [4, 13.5, -5],
					"cubes": [
						{"origin": [2.5, 11.5, -7], "size": [3, 4, 4], "pivot": [4.5, 13.5, -5], "rotation": [0, 0, 0], "uv": [32, 6]},
						{"origin": [5.5, 13, -7], "size": [0, 1, 4], "inflate": 0.01, "pivot": [4.5, 13.5, -5], "rotation": [0, 0, 0], "uv": [24, -4]},
						{"origin": [3.5, 13, -3], "size": [2, 1, 0], "inflate": 0.01, "pivot": [4.5, 13.5, -5], "rotation": [0, 0, 0], "uv": [32, 0]}
					]
				},
				{
					"name": "eye_right",
					"parent": "eyes",
					"pivot": [-4, 13.5, -5],
					"cubes": [
						{"origin": [-5.5, 11.5, -7], "size": [3, 4, 4], "pivot": [-4.5, 13.5, -5], "rotation": [0, 0, 0], "uv": [48, 10], "mirror": true},
						{"origin": [-5.5, 13, -7], "size": [0, 1, 4], "inflate": 0.01, "pivot": [-4.5, 13.5, -5], "rotation": [0, 0, 0], "uv": [24, -3], "mirror": true},
						{"origin": [-5.5, 13, -3], "size": [2, 1, 0], "inflate": 0.01, "pivot": [-4.5, 13.5, -5], "rotation": [0, 0, 0], "uv": [32, 1], "mirror": true}
					]
				},
				{
					"name": "ear_left",
					"parent": "head",
					"pivot": [1.9, 16.5, -5.5],
					"rotation": [0, 0, 10],
					"cubes": [
						{"origin": [1.9, 15, -6.5], "size": [2, 3, 3], "pivot": [3.4, 17, -5.5], "rotation": [-45, 0, 0], "uv": [36, 0]}
					]
				},
				{
					"name": "ear_right",
					"parent": "head",
					"pivot": [-1.9, 16.5, -5.5],
					"rotation": [0, 0, -10],
					"cubes": [
						{"origin": [-3.9, 15, -6.5], "size": [2, 3, 3], "pivot": [-3.4, 17, -5.5], "rotation": [-45, 0, 0], "uv": [54, 18], "mirror": true}
					]
				},
				{
					"name": "tail",
					"parent": "main_body",
					"pivot": [0, 2, -2],
					"cubes": [
						{"origin": [-1, 1, -5.5], "size": [2, 3, 7], "uv": [42, 0]}
					]
				},
				{
					"name": "halo",
					"parent": "body",
					"pivot": [0, 20, -5],
					"cubes": [
						{"origin": [-5, 20, -10], "size": [10, 0, 10], "inflate": 0.01, "pivot": [0, 23, -5.5], "rotation": [0, 0, 0], "uv": [-10, 39]}
					]
				}
			]
		}
	]
}