{
	"format_version": "1.12.0",
	"minecraft:geometry": [
		{
			"description": {
				"identifier": "geometry.kricketot_female",
				"texture_width": 64,
				"texture_height": 64,
				"visible_bounds_width": 2,
				"visible_bounds_height": 2.5,
				"visible_bounds_offset": [0, 0.75, 0]
			},
			"bones": [
				{
					"name": "kricketot",
					"pivot": [0, 0, 0]
				},
				{
					"name": "body",
					"parent": "kricketot",
					"pivot": [0, 5, 0]
				},
				{
					"name": "torso",
					"parent": "body",
					"pivot": [0, 2, 0],
					"cubes": [
						{"origin": [-3.5, 1, -3], "size": [7, 6, 7], "uv": [0, 20]}
					]
				},
				{
					"name": "head",
					"parent": "torso",
					"pivot": [0, 7, 0],
					"cubes": [
						{"origin": [-1, 9.75, -3.5], "size": [2, 2, 2], "uv": [0, 16]},
						{"origin": [-3, 7, -3], "size": [6, 4, 6], "uv": [23, 14]},
						{"origin": [-3.5, 7, -5], "size": [7, 0, 2], "pivot": [0, 7, -3], "rotation": [80, 0, 0], "uv": [19, 24]},
						{"origin": [-1.5, 6.75, -4], "size": [3, 2, 1], "uv": [29, 11]},
						{"origin": [-6, 7, -3], "size": [12, 0, 11], "pivot": [0, 7, -3], "rotation": [25, 0, 0], "uv": [0, 0]}
					]
				},
				{
					"name": "antenna_left",
					"parent": "head",
					"pivot": [1, 11, -3.1],
					"cubes": [
						{"origin": [0.75, 10.5, -3.1], "size": [6, 7, 0], "uv": [0, 33]}
					]
				},
				{
					"name": "antenna_right",
					"parent": "head",
					"pivot": [-1, 11, -3.1],
					"cubes": [
						{"origin": [-6.75, 10.5, -3.1], "size": [6, 7, 0], "uv": [28, 26]}
					]
				},
				{
					"name": "eye_left",
					"parent": "head",
					"pivot": [2.25, 9, -2.51],
					"cubes": [
						{"origin": [1.75, 8, -3.01], "size": [1, 2, 1], "uv": [3, 22]}
					]
				},
				{
					"name": "eyelid_left",
					"parent": "eye_left",
					"pivot": [2.25, 9, -2.41],
					"cubes": [
						{"origin": [1.75, 8, -2.91], "size": [1, 2, 1], "inflate": 0.01, "uv": [0, 20]}
					]
				},
				{
					"name": "eye_right",
					"parent": "head",
					"pivot": [-2.25, 9, -2.51],
					"cubes": [
						{"origin": [-2.75, 8, -3.01], "size": [1, 2, 1], "uv": [7, 4]}
					]
				},
				{
					"name": "eyelid_right",
					"parent": "eye_right",
					"pivot": [-2.25, 9, -2.51],
					"cubes": [
						{"origin": [-2.75, 8, -2.91], "size": [1, 2, 1], "inflate": 0.01, "uv": [7, 0]}
					]
				},
				{
					"name": "hand_right",
					"parent": "torso",
					"pivot": [-2.25, 4, -3],
					"cubes": [
						{"origin": [-3.25, 3, -4], "size": [2, 2, 2], "uv": [0, 12]}
					]
				},
				{
					"name": "hand_left",
					"parent": "torso",
					"pivot": [2.25, 4, -3],
					"cubes": [
						{"origin": [1.25, 3, -4], "size": [2, 2, 2], "uv": [0, 8]}
					]
				},
				{
					"name": "foot_left",
					"parent": "body",
					"pivot": [2.25, 1, 0],
					"cubes": [
						{"origin": [1.25, 0, -2], "size": [2, 1, 3], "uv": [0, 4]}
					]
				},
				{
					"name": "foot_right",
					"parent": "body",
					"pivot": [-2.25, 1, 0],
					"cubes": [
						{"origin": [-3.25, 0, -2], "size": [2, 1, 3], "uv": [0, 0]}
					]
				}
			]
		}
	]
}