{
	"format_version": "1.12.0",
	"minecraft:geometry": [
		{
			"description": {
				"identifier": "geometry.starmie",
				"texture_width": 64,
				"texture_height": 64,
				"visible_bounds_width": 3,
				"visible_bounds_height": 2.5,
				"visible_bounds_offset": [0, 0.75, 0]
			},
			"bones": [
				{
					"name": "starmie",
					"pivot": [0, 0, 0]
				},
				{
					"name": "body",
					"parent": "starmie",
					"pivot": [0, 8, -1.25],
					"cubes": [
						{"origin": [-3, 4.75, -3.25], "size": [6, 6, 1], "inflate": 0.01, "uv": [28, 28]},
						{"origin": [-0.5, 10.75, -3.25], "size": [1, 2, 1], "uv": [22, 7]},
						{"origin": [1.75, 10, -3.25], "size": [1, 2, 1], "pivot": [2.25, 10, -3.25], "rotation": [0, 0, 45], "uv": [20, 0]},
						{"origin": [3, 7.25, -3.25], "size": [2, 1, 1], "uv": [0, 2]},
						{"origin": [1.75, 3.5, -3.25], "size": [1, 2, 1], "pivot": [2.25, 5.5, -2.75], "rotation": [0, 0, -45], "uv": [16, 0]},
						{"origin": [-0.5, 2.75, -3.25], "size": [1, 2, 1], "uv": [16, 3]},
						{"origin": [-2.75, 3.5, -3.25], "size": [1, 2, 1], "pivot": [-2.25, 5.5, -2.75], "rotation": [0, 0, 45], "uv": [11, 11]},
						{"origin": [-5, 7.25, -3.25], "size": [2, 1, 1], "uv": [0, 0]},
						{"origin": [-2.75, 10, -3.25], "size": [1, 2, 1], "pivot": [-2.25, 10, -2.75], "rotation": [0, 0, -45], "uv": [11, 18]},
						{"origin": [-2, 5.75, -3.75], "size": [4, 4, 1], "uv": [34, 40]}
					]
				},
				{
					"name": "back",
					"parent": "body",
					"pivot": [0, 7.75, 0.25],
					"cubes": [
						{"origin": [-2.5, 5.5, -2.5], "size": [5, 5, 6], "uv": [0, 0]}
					]
				},
				{
					"name": "arm_back_bottom",
					"parent": "back",
					"pivot": [0, 6.25, 2],
					"rotation": [2.5, 0, 0],
					"cubes": [
						{"origin": [-2, 2.25, 0.5], "size": [4, 4, 3], "uv": [22, 0]}
					]
				},
				{
					"name": "arm_back_bottom2",
					"parent": "arm_back_bottom",
					"pivot": [0, 3.25, 2],
					"rotation": [2.5, 0, 0],
					"cubes": [
						{"origin": [-1.5, -0.75, 1], "size": [3, 4, 2], "uv": [39, 10]}
					]
				},
				{
					"name": "leg_back_left",
					"parent": "back",
					"pivot": [1.5, 7.25, 2],
					"rotation": [0, -2.5, 17.5],
					"cubes": [
						{"origin": [1.5, 5.25, 0.5], "size": [4, 4, 3], "uv": [14, 18]}
					]
				},
				{
					"name": "leg_back_left2",
					"parent": "leg_back_left",
					"pivot": [4.5, 7.25, 2],
					"rotation": [0, -2.5, 0],
					"cubes": [
						{"origin": [4.5, 5.75, 1], "size": [4, 3, 2], "uv": [34, 35]}
					]
				},
				{
					"name": "leg_back_right",
					"parent": "back",
					"pivot": [-1.5, 7.25, 2],
					"rotation": [0, 2.5, -17.5],
					"cubes": [
						{"origin": [-5.5, 5.25, 0.5], "size": [4, 4, 3], "uv": [14, 11]}
					]
				},
				{
					"name": "leg_back_right2",
					"parent": "leg_back_right",
					"pivot": [-4.5, 7.25, 2],
					"rotation": [0, 2.5, 0],
					"cubes": [
						{"origin": [-8.5, 5.75, 1], "size": [4, 3, 2], "uv": [12, 32]}
					]
				},
				{
					"name": "arm_back_left",
					"parent": "back",
					"pivot": [1, 9.25, 2],
					"rotation": [0, -2.5, -55],
					"cubes": [
						{"origin": [1, 7.25, 0.5], "size": [4, 4, 3], "uv": [0, 18]}
					]
				},
				{
					"name": "arm_back_left2",
					"parent": "arm_back_left",
					"pivot": [4, 9.25, 2],
					"rotation": [0, -2.5, 0],
					"cubes": [
						{"origin": [4, 7.75, 1], "size": [4, 3, 2], "uv": [22, 35]}
					]
				},
				{
					"name": "arm_back_right",
					"parent": "back",
					"pivot": [-1, 9.25, 2],
					"rotation": [0, 2.5, 55],
					"cubes": [
						{"origin": [-5, 7.25, 0.5], "size": [4, 4, 3], "uv": [0, 11]}
					]
				},
				{
					"name": "arm_back_right2",
					"parent": "arm_back_right",
					"pivot": [-4, 9.25, 2],
					"rotation": [0, 2.5, 0],
					"cubes": [
						{"origin": [-8, 7.75, 1], "size": [4, 3, 2], "uv": [0, 32]}
					]
				},
				{
					"name": "arm_top",
					"parent": "body",
					"pivot": [0, 9.5, -0.75],
					"cubes": [
						{"origin": [-2, 9.5, -2.25], "size": [4, 4, 3], "uv": [28, 21]}
					]
				},
				{
					"name": "arm_top2",
					"parent": "arm_top",
					"pivot": [0, 12.5, -0.75],
					"cubes": [
						{"origin": [-1.5, 12.5, -1.75], "size": [3, 4, 2], "uv": [24, 40]}
					]
				},
				{
					"name": "arm_left",
					"parent": "body",
					"pivot": [1.5, 8.5, -0.25],
					"rotation": [0, 0, -17.5],
					"cubes": [
						{"origin": [1.5, 6.5, -2.25], "size": [4, 4, 3], "uv": [28, 14]}
					]
				},
				{
					"name": "arm_left2",
					"parent": "arm_left",
					"pivot": [4.5, 8.5, -0.75],
					"cubes": [
						{"origin": [4.5, 7, -1.75], "size": [4, 3, 2], "uv": [12, 38]}
					]
				},
				{
					"name": "arm_right",
					"parent": "body",
					"pivot": [-1.5, 8.5, -0.25],
					"rotation": [0, 0, 17.5],
					"cubes": [
						{"origin": [-5.5, 6.5, -2.25], "size": [4, 4, 3], "uv": [14, 25]}
					],
					"locators": {
						"held_item": [-9.5, 8.75, 0]
					}
				},
				{
					"name": "arm_right2",
					"parent": "arm_right",
					"pivot": [-4.5, 8.5, -0.75],
					"cubes": [
						{"origin": [-8.5, 7, -1.75], "size": [4, 3, 2], "uv": [0, 37]}
					]
				},
				{
					"name": "leg_left",
					"parent": "body",
					"pivot": [1, 6.5, -0.25],
					"rotation": [0, 0, 55],
					"cubes": [
						{"origin": [1, 4.5, -2.25], "size": [4, 4, 3], "uv": [0, 25]}
					]
				},
				{
					"name": "leg_left2",
					"parent": "leg_left",
					"pivot": [5, 6.5, -0.75],
					"cubes": [
						{"origin": [4, 5, -1.75], "size": [4, 3, 2], "uv": [36, 5]}
					]
				},
				{
					"name": "leg_right",
					"parent": "body",
					"pivot": [-1, 6.5, -0.25],
					"rotation": [0, 0, -55],
					"cubes": [
						{"origin": [-5, 4.5, -2.25], "size": [4, 4, 3], "uv": [25, 7]}
					]
				},
				{
					"name": "leg_right2",
					"parent": "leg_right",
					"pivot": [-5, 6.5, -0.75],
					"cubes": [
						{"origin": [-8, 5, -1.75], "size": [4, 3, 2], "uv": [36, 0]}
					]
				}
			]
		}
	]
}