{
	"format_version": "1.12.0",
	"minecraft:geometry": [
		{
			"description": {
				"identifier": "geometry.monferno",
				"texture_width": 64,
				"texture_height": 64,
				"visible_bounds_width": 5,
				"visible_bounds_height": 3.5,
				"visible_bounds_offset": [0, 1.25, 0]
			},
			"bones": [
				{
					"name": "monferno",
					"pivot": [0, 1.6, 0]
				},
				{
					"name": "body",
					"parent": "monferno",
					"pivot": [0, 1.6, 0]
				},
				{
					"name": "torso_bottom",
					"parent": "body",
					"pivot": [0, 8, 0.25],
					"cubes": [
						{"origin": [-3.5, 7.15, -2.25], "size": [7, 5, 5], "uv": [21, 24]}
					]
				},
				{
					"name": "torso_top",
					"parent": "torso_bottom",
					"pivot": [0, 12.15, 0.25],
					"cubes": [
						{"origin": [-3, 10.9, -1.75], "size": [6, 7, 4], "uv": [0, 29]}
					]
				},
				{
					"name": "neck",
					"parent": "torso_top",
					"pivot": [0, 17.9, 0.25],
					"cubes": [
						{"origin": [-1, 16.9, -0.75], "size": [2, 4, 2], "uv": [0, 0]}
					]
				},
				{
					"name": "head",
					"parent": "neck",
					"pivot": [0, 18.9, 0.25],
					"cubes": [
						{"origin": [-4.5, 18.9, -4.25], "size": [9, 8, 9], "uv": [0, 0]}
					]
				},
				{
					"name": "eyes",
					"parent": "head",
					"pivot": [0, 22.95, -3.75]
				},
				{
					"name": "eye_right",
					"parent": "eyes",
					"pivot": [2.65, 23.2, -4.25],
					"rotation": [0, 0, -5],
					"cubes": [
						{"origin": [1.65, 21.7, -4.25], "size": [2, 3, 0], "inflate": 0.01, "uv": [0, 52]}
					]
				},
				{
					"name": "eyelid_right",
					"parent": "eye_right",
					"pivot": [2.65, 23.2, -4.15],
					"cubes": [
						{"origin": [1.65, 21.7, -4.15], "size": [2, 3, 1], "inflate": 0.02, "uv": [0, 55]}
					]
				},
				{
					"name": "eye_left",
					"parent": "eyes",
					"pivot": [-2.65, 23.2, -4.25],
					"rotation": [0, 0, 5],
					"cubes": [
						{"origin": [-3.65, 21.7, -4.25], "size": [2, 3, 0], "inflate": 0.01, "uv": [4, 52], "mirror": true}
					]
				},
				{
					"name": "eyelid_left",
					"parent": "eye_left",
					"pivot": [-2.65, 23.2, -4.15],
					"cubes": [
						{"origin": [-3.65, 21.7, -4.15], "size": [2, 3, 1], "inflate": 0.02, "uv": [6, 55], "mirror": true}
					]
				},
				{
					"name": "muzzle",
					"parent": "head",
					"pivot": [0, 21.9, -4],
					"rotation": [5, 0, 0],
					"cubes": [
						{"origin": [-4, 19.9, -6], "size": [8, 2, 2], "uv": [28, 53]},
						{"origin": [-1.5, 20.9, -6], "size": [3, 1, 1], "inflate": 0.01, "uv": [36, 14]},
						{"origin": [-3.25, 19.4, -5.75], "size": [1, 1, 0], "pivot": [-2.75, 19.9, -5.75], "rotation": [0, 0, -45], "uv": [28, 54], "mirror": true},
						{"origin": [2.25, 19.4, -5.75], "size": [1, 1, 0], "pivot": [2.75, 19.9, -5.75], "rotation": [0, 0, 45], "uv": [28, 53]}
					]
				},
				{
					"name": "jaw",
					"parent": "muzzle",
					"pivot": [-0.5, 19.9, -3.75],
					"rotation": [-2.5, 0, 0],
					"cubes": [
						{"origin": [-3.5, 18.9, -5.75], "size": [7, 1, 2], "uv": [27, 0]}
					]
				},
				{
					"name": "ear_right",
					"parent": "head",
					"pivot": [-4.5, 22.15, -1.5],
					"rotation": [0, 45, -5],
					"cubes": [
						{"origin": [-7.5, 19.65, -1.5], "size": [3, 6, 0], "uv": [16, 50]}
					]
				},
				{
					"name": "ear_left",
					"parent": "head",
					"pivot": [4.5, 22.15, -1.5],
					"rotation": [0, -45, 5],
					"cubes": [
						{"origin": [4.5, 19.65, -1.5], "size": [3, 6, 0], "uv": [22, 50]}
					]
				},
				{
					"name": "head_fur",
					"parent": "head",
					"pivot": [0, 26.4, -1],
					"rotation": [30, 0, 0],
					"cubes": [
						{"origin": [-1.5, 24.9, -1], "size": [3, 2, 3], "uv": [35, 45]}
					]
				},
				{
					"name": "head_fur2",
					"parent": "head_fur",
					"pivot": [0, 26.9, 2],
					"rotation": [-15, 0, 0],
					"cubes": [
						{"origin": [-1, 24.9, 2], "size": [2, 2, 2], "uv": [8, 50]}
					]
				},
				{
					"name": "head_fur3",
					"parent": "head_fur2",
					"pivot": [0, 26.9, 4],
					"rotation": [-7.5, 0, 0],
					"cubes": [
						{"origin": [-1, 25.9, 4], "size": [2, 1, 2], "uv": [11, 40]}
					]
				},
				{
					"name": "neck_ruff",
					"parent": "neck",
					"pivot": [0, 18.15, 0.25]
				},
				{
					"name": "ruff_right",
					"parent": "neck_ruff",
					"pivot": [-1, 18.15, 0.25],
					"rotation": [0, 0, -7],
					"cubes": [
						{"origin": [-4, 18.15, -1.75], "size": [3, 0, 4], "uv": [41, 26]}
					]
				},
				{
					"name": "ruff_left",
					"parent": "neck_ruff",
					"pivot": [1, 18.15, 0.25],
					"rotation": [0, 0, 7],
					"cubes": [
						{"origin": [1, 18.15, -1.75], "size": [3, 0, 4], "uv": [40, 34]}
					]
				},
				{
					"name": "ruff_front",
					"parent": "neck_ruff",
					"pivot": [0, 18.15, -1.75],
					"rotation": [77.5, 0, 0],
					"cubes": [
						{"origin": [-4, 18.15, -4.75], "size": [8, 0, 3], "uv": [23, 20]}
					]
				},
				{
					"name": "ruff_back",
					"parent": "neck_ruff",
					"pivot": [0, 18.15, 2.25],
					"rotation": [-77.5, 0, 0],
					"cubes": [
						{"origin": [-4, 18.15, 2.25], "size": [8, 0, 3], "uv": [23, 17]}
					]
				},
				{
					"name": "arm_right",
					"parent": "torso_top",
					"pivot": [-3, 17.4, 0.25],
					"cubes": [
						{"origin": [-8, 15.4, -1.25], "size": [5, 2, 3], "inflate": 0.01, "uv": [27, 4]}
					]
				},
				{
					"name": "arm_right2",
					"parent": "arm_right",
					"pivot": [-8, 16.4, 1.75],
					"cubes": [
						{"origin": [-12, 14.9, -1.25], "size": [4, 3, 3], "uv": [0, 40]}
					]
				},
				{
					"name": "hand_right",
					"parent": "arm_right2",
					"pivot": [-12, 16.4, 0.25],
					"cubes": [
						{"origin": [-14, 14.9, -1.25], "size": [2, 3, 3], "uv": [0, 46]}
					]
				},
				{
					"name": "finger_thumb_right",
					"parent": "hand_right",
					"pivot": [-13.25, 16.4, -1.25],
					"cubes": [
						{"origin": [-15.25, 15.9, -1.75], "size": [2, 1, 1], "inflate": 0.01, "uv": [49, 37]}
					]
				},
				{
					"name": "finger_thumb_right2",
					"parent": "finger_thumb_right",
					"pivot": [-15.25, 16.4, -1.75],
					"cubes": [
						{"origin": [-16.25, 15.9, -1.75], "size": [1, 1, 1], "uv": [49, 10]}
					]
				},
				{
					"name": "finger_index_right",
					"parent": "hand_right",
					"pivot": [-13.5, 17.4, -1.25],
					"cubes": [
						{"origin": [-15.5, 16.9, -1.75], "size": [2, 1, 1], "inflate": 0.01, "uv": [47, 18]}
					]
				},
				{
					"name": "finger_index_right2",
					"parent": "finger_index_right",
					"pivot": [-15.5, 17.9, -1.25],
					"cubes": [
						{"origin": [-17.5, 16.9, -1.75], "size": [2, 1, 1], "uv": [44, 45]}
					]
				},
				{
					"name": "finger_middle_right",
					"parent": "hand_right",
					"pivot": [-13.5, 17.4, -0.25],
					"cubes": [
						{"origin": [-15.5, 16.9, -0.75], "size": [2, 1, 1], "inflate": 0.01, "uv": [32, 43]}
					]
				},
				{
					"name": "finger_middle_right2",
					"parent": "finger_middle_right",
					"pivot": [-15.5, 17.9, -0.25],
					"cubes": [
						{"origin": [-17.5, 16.9, -0.75], "size": [2, 1, 1], "uv": [20, 43]}
					]
				},
				{
					"name": "finger_ring_right",
					"parent": "hand_right",
					"pivot": [-13.5, 17.4, 0.75],
					"cubes": [
						{"origin": [-15.5, 16.9, 0.25], "size": [2, 1, 1], "inflate": 0.01, "uv": [43, 6]}
					]
				},
				{
					"name": "finger_ring_right2",
					"parent": "finger_ring_right",
					"pivot": [-15.5, 17.9, 0.75],
					"cubes": [
						{"origin": [-17.5, 16.9, 0.25], "size": [2, 1, 1], "uv": [42, 17]}
					]
				},
				{
					"name": "finger_pinkie_right",
					"parent": "hand_right",
					"pivot": [-13.5, 17.4, 1.75],
					"cubes": [
						{"origin": [-15.5, 16.9, 1.25], "size": [2, 1, 1], "inflate": 0.01, "uv": [29, 34]}
					]
				},
				{
					"name": "finger_pinkie_right2",
					"parent": "finger_pinkie_right",
					"pivot": [-15.5, 17.9, 1.75],
					"cubes": [
						{"origin": [-16.5, 16.9, 1.25], "size": [1, 1, 1], "uv": [0, 29]}
					]
				},
				{
					"name": "arm_left",
					"parent": "torso_top",
					"pivot": [3, 17.4, 0.25],
					"cubes": [
						{"origin": [3, 15.4, -1.25], "size": [5, 2, 3], "inflate": 0.01, "uv": [36, 9]}
					]
				},
				{
					"name": "arm_left2",
					"parent": "arm_left",
					"pivot": [8, 16.4, 1.75],
					"cubes": [
						{"origin": [8, 14.9, -1.25], "size": [4, 3, 3], "uv": [40, 20]}
					]
				},
				{
					"name": "hand_left",
					"parent": "arm_left2",
					"pivot": [12, 16.4, 0.25],
					"cubes": [
						{"origin": [12, 14.9, -1.25], "size": [2, 3, 3], "uv": [44, 47]}
					]
				},
				{
					"name": "finger_thumb_left",
					"parent": "hand_left",
					"pivot": [13.25, 16.4, -1.25],
					"cubes": [
						{"origin": [13.25, 15.9, -1.75], "size": [2, 1, 1], "inflate": 0.01, "uv": [34, 50]}
					]
				},
				{
					"name": "finger_thumb_left2",
					"parent": "finger_thumb_left",
					"pivot": [15.25, 16.4, -1.75],
					"cubes": [
						{"origin": [15.25, 15.9, -1.75], "size": [1, 1, 1], "uv": [28, 50]}
					]
				},
				{
					"name": "finger_index_left",
					"parent": "hand_left",
					"pivot": [13.5, 17.4, -1.25],
					"cubes": [
						{"origin": [13.5, 16.9, -1.75], "size": [2, 1, 1], "inflate": 0.01, "uv": [50, 45]}
					]
				},
				{
					"name": "finger_index_left2",
					"parent": "finger_index_left",
					"pivot": [15.5, 17.9, -1.25],
					"cubes": [
						{"origin": [15.5, 16.9, -1.75], "size": [2, 1, 1], "uv": [50, 41]}
					]
				},
				{
					"name": "finger_middle_left",
					"parent": "hand_left",
					"pivot": [13.5, 17.4, -0.25],
					"cubes": [
						{"origin": [13.5, 16.9, -0.75], "size": [2, 1, 1], "inflate": 0.01, "uv": [51, 2]}
					]
				},
				{
					"name": "finger_middle_left2",
					"parent": "finger_middle_left",
					"pivot": [15.5, 17.9, -0.25],
					"cubes": [
						{"origin": [15.5, 16.9, -0.75], "size": [2, 1, 1], "uv": [51, 0]}
					]
				},
				{
					"name": "finger_ring_left",
					"parent": "hand_left",
					"pivot": [13.5, 17.4, 0.75],
					"cubes": [
						{"origin": [13.5, 16.9, 0.25], "size": [2, 1, 1], "inflate": 0.01, "uv": [50, 39]}
					]
				},
				{
					"name": "finger_ring_left2",
					"parent": "finger_ring_left",
					"pivot": [15.5, 17.9, 0.75],
					"cubes": [
						{"origin": [15.5, 16.9, 0.25], "size": [2, 1, 1], "uv": [50, 34]}
					]
				},
				{
					"name": "finger_pinkie_left",
					"parent": "hand_left",
					"pivot": [13.5, 17.4, 1.75],
					"cubes": [
						{"origin": [13.5, 16.9, 1.25], "size": [2, 1, 1], "inflate": 0.01, "uv": [44, 14]}
					]
				},
				{
					"name": "finger_pinkie_left2",
					"parent": "finger_pinkie_left",
					"pivot": [15.5, 17.9, 1.75],
					"cubes": [
						{"origin": [15.5, 16.9, 1.25], "size": [1, 1, 1], "uv": [16, 29]}
					]
				},
				{
					"name": "tail",
					"parent": "torso_bottom",
					"pivot": [0, 8.4, 2.75],
					"cubes": [
						{"origin": [0, 7.9, 1.75], "size": [0, 1, 4], "uv": [0, 2]}
					]
				},
				{
					"name": "tail2",
					"parent": "tail",
					"pivot": [0, 7.9, 5.75],
					"cubes": [
						{"origin": [0, 7.9, 5.75], "size": [0, 1, 3], "uv": [26, 20]}
					]
				},
				{
					"name": "tail3",
					"parent": "tail2",
					"pivot": [0, 7.9, 8.75],
					"cubes": [
						{"origin": [0, 7.9, 8.75], "size": [0, 1, 3], "uv": [0, 5]}
					]
				},
				{
					"name": "tail4",
					"parent": "tail3",
					"pivot": [0, 7.9, 11.75],
					"cubes": [
						{"origin": [0, 7.9, 11.75], "size": [0, 1, 3], "uv": [0, 4]}
					]
				},
				{
					"name": "tail_fire",
					"parent": "tail4",
					"pivot": [0, 8.4, 14.75],
					"cubes": [
						{"origin": [0, 5.4, 14.75], "size": [0, 6, 13], "uv": [0, 10]},
						{"origin": [0, 5.4, 14.75], "size": [0, 6, 13], "pivot": [0, 8.4, 19.25], "rotation": [0, 0, 90], "uv": [0, 4]}
					]
				},
				{
					"name": "leg_right",
					"parent": "body",
					"pivot": [-2.85, 8, 0.25],
					"rotation": [-30, 0, 10],
					"cubes": [
						{"origin": [-4.35, 3, -1.25], "size": [3, 6, 3], "inflate": 0.01, "uv": [32, 34]}
					]
				},
				{
					"name": "leg_right2",
					"parent": "leg_right",
					"pivot": [-3.85, 3, -1.25],
					"rotation": [55, 0, 0],
					"cubes": [
						{"origin": [-4.35, -1, -1.25], "size": [3, 4, 3], "uv": [23, 43]}
					]
				},
				{
					"name": "foot_right",
					"parent": "leg_right2",
					"pivot": [-2.85, -0.5, 0.25],
					"rotation": [-25, 0, -10],
					"cubes": [
						{"origin": [-4.35, -2.5, -2.25], "size": [3, 2, 4], "uv": [41, 0]}
					]
				},
				{
					"name": "foot_right2",
					"parent": "foot_right",
					"pivot": [-2.85, -2.5, -2.25],
					"cubes": [
						{"origin": [-4.35, -2.5, -4.25], "size": [3, 2, 2], "uv": [49, 6]}
					]
				},
				{
					"name": "leg_left",
					"parent": "body",
					"pivot": [2.85, 8, 0.25],
					"rotation": [-30, 0, -10],
					"cubes": [
						{"origin": [1.35, 3, -1.25], "size": [3, 6, 3], "inflate": 0.01, "uv": [20, 34]}
					]
				},
				{
					"name": "leg_left2",
					"parent": "leg_left",
					"pivot": [3.85, 3, -1.25],
					"rotation": [55, 0, 0],
					"cubes": [
						{"origin": [1.35, -1, -1.25], "size": [3, 4, 3], "uv": [11, 43]}
					]
				},
				{
					"name": "foot_left",
					"parent": "leg_left2",
					"pivot": [2.85, -0.5, 0.25],
					"rotation": [-25, 0, 10],
					"cubes": [
						{"origin": [1.35, -2.5, -2.25], "size": [3, 2, 4], "uv": [40, 39]}
					]
				},
				{
					"name": "foot_left2",
					"parent": "foot_left",
					"pivot": [2.85, -2.5, -2.25],
					"cubes": [
						{"origin": [1.35, -2.5, -4.25], "size": [3, 2, 2], "uv": [45, 30]}
					]
				}
			]
		}
	]
}