{
	"format_version": "1.12.0",
	"minecraft:geometry": [
		{
			"description": {
				"identifier": "geometry.politoed",
				"texture_width": 64,
				"texture_height": 64,
				"visible_bounds_width": 3,
				"visible_bounds_height": 2.5,
				"visible_bounds_offset": [0, 0.75, 0]
			},
			"bones": [
				{
					"name": "politoed",
					"pivot": [0, 0, 0]
				},
				{
					"name": "body",
					"parent": "politoed",
					"pivot": [0, 8, 0.75],
					"cubes": [
						{"origin": [-4, 3, -2.75], "size": [8, 9, 7], "uv": [0, 0]}
					]
				},
				{
					"name": "head",
					"parent": "body",
					"pivot": [0, 13.75, 0.5],
					"cubes": [
						{"origin": [-3.5, 11.5, -4], "size": [7, 5, 8], "uv": [0, 16]},
						{"origin": [0, 16.25, -3], "size": [0, 5, 6], "pivot": [0, 18.75, 0], "rotation": [5, 0, 0], "uv": [14, 23]}
					]
				},
				{
					"name": "eyes",
					"parent": "head",
					"pivot": [0, 14.75, -2],
					"rotation": [-2.5, 0, 0],
					"cubes": [
						{"origin": [3.5, 13.25, -3.5], "size": [0, 3, 3], "inflate": 0.02, "uv": [0, 16]},
						{"origin": [-3.5, 13.25, -3.5], "size": [0, 3, 3], "inflate": 0.02, "uv": [0, 16], "mirror": true}
					]
				},
				{
					"name": "leftleg",
					"parent": "body",
					"pivot": [3.25, 6, -0.25],
					"cubes": [
						{"origin": [1.75, 1, -1.25], "size": [3, 1, 3], "uv": [28, 34]},
						{"origin": [1.75, 2, -2.25], "size": [3, 5, 4], "uv": [26, 25]}
					]
				},
				{
					"name": "leftfoot",
					"parent": "leftleg",
					"pivot": [3.25, 1, 0.5],
					"cubes": [
						{"origin": [1.75, 0, -3.75], "size": [3, 1, 6], "uv": [22, 16]}
					]
				},
				{
					"name": "rightleg",
					"parent": "body",
					"pivot": [-3.25, 6, -0.25],
					"cubes": [
						{"origin": [-4.75, 1, -1.25], "size": [3, 1, 3], "uv": [35, 0]},
						{"origin": [-4.75, 2, -2.25], "size": [3, 5, 4], "uv": [0, 29]}
					]
				},
				{
					"name": "rightfoot",
					"parent": "rightleg",
					"pivot": [-3.25, 1, 0.5],
					"cubes": [
						{"origin": [-4.75, 0, -3.75], "size": [3, 1, 6], "uv": [23, 0]}
					]
				},
				{
					"name": "leftarm",
					"parent": "body",
					"pivot": [4, 11.5, -0.25],
					"cubes": [
						{"origin": [2, 8.5, -1.25], "size": [5, 3, 2], "uv": [34, 12]}
					]
				},
				{
					"name": "leftforearm",
					"parent": "leftarm",
					"pivot": [7, 11.5, 0.75],
					"cubes": [
						{"origin": [7, 8.5, -1.25], "size": [5, 3, 2], "uv": [30, 7]}
					]
				},
				{
					"name": "rightarm",
					"parent": "body",
					"pivot": [-4, 11.5, -0.25],
					"cubes": [
						{"origin": [-7, 8.5, -1.25], "size": [5, 3, 2], "uv": [34, 17]}
					]
				},
				{
					"name": "rightforearm",
					"parent": "rightarm",
					"pivot": [-7, 11.5, 0.75],
					"cubes": [
						{"origin": [-12, 8.5, -1.25], "size": [5, 3, 2], "uv": [14, 34]}
					],
					"locators": {
						"held_item": [-12, 10, 0]
					}
				}
			]
		}
	]
}