{
	"format_version": "1.12.0",
	"minecraft:geometry": [
		{
			"description": {
				"identifier": "geometry.relicanth_male",
				"texture_width": 64,
				"texture_height": 64,
				"visible_bounds_width": 3,
				"visible_bounds_height": 2.5,
				"visible_bounds_offset": [0, 0.75, 0]
			},
			"bones": [
				{
					"name": "relicanth",
					"pivot": [0, 0, 0]
				},
				{
					"name": "body",
					"parent": "relicanth",
					"pivot": [0.25, 6, -1.25],
					"cubes": [
						{"origin": [-3.5, 3.5, -10.25], "size": [7, 7, 4], "inflate": 0.01, "uv": [0, 49]},
						{"origin": [-2.5, 3.5, -12.25], "size": [5, 5, 2], "uv": [46, 16]}
					]
				},
				{
					"name": "eyes",
					"parent": "body",
					"pivot": [0.25, -2, 2.75]
				},
				{
					"name": "eye_left",
					"parent": "eyes",
					"pivot": [3.5, 7.5, -8.75],
					"cubes": [
						{"origin": [3.5, 7, -10.25], "size": [0, 1, 3], "inflate": 0.02, "uv": [37, 39]}
					]
				},
				{
					"name": "eye_right",
					"parent": "eyes",
					"pivot": [-3.5, 7.5, -8.75],
					"cubes": [
						{"origin": [-3.5, 7, -10.25], "size": [0, 1, 3], "inflate": 0.02, "uv": [1, 21]}
					]
				},
				{
					"name": "jaw",
					"parent": "body",
					"pivot": [0, 3.5, -6.25],
					"cubes": [
						{"origin": [-3.5, 1.5, -11.25], "size": [7, 2, 5], "inflate": 0.01, "uv": [23, 20]},
						{"origin": [-3, 1.5, -13.25], "size": [6, 2, 2], "pivot": [0, 1.5, -11.25], "rotation": [-15, 0, 0], "uv": [32, 10]},
						{"origin": [-3.515, 3.5, -10.25], "size": [0, 2, 4], "pivot": [-3.515, 3.5, -10.25], "rotation": [-15, 0, 0], "uv": [33, 10]},
						{"origin": [3.515, 3.5, -10.25], "size": [0, 2, 4], "pivot": [3.515, 3.5, -10.25], "rotation": [-15, 0, 0], "uv": [33, 12]}
					]
				},
				{
					"name": "plate_right",
					"parent": "body",
					"pivot": [-3, 7, -9.75],
					"rotation": [-7.5, -12.5, 20],
					"cubes": [
						{"origin": [-3, 1, -10], "size": [0, 6, 5], "uv": [10, 28]}
					]
				},
				{
					"name": "plate_left",
					"parent": "body",
					"pivot": [3, 7, -9.75],
					"rotation": [-7.5, 12.5, -20],
					"cubes": [
						{"origin": [3, 1, -10], "size": [0, 6, 5], "uv": [0, 28]}
					]
				},
				{
					"name": "body2",
					"parent": "body",
					"pivot": [0, 6.5, -7.25],
					"cubes": [
						{"origin": [-3.5, 1, -7.25], "size": [7, 10, 9], "uv": [0, 0]},
						{"origin": [0, 11, -7.25], "size": [0, 4, 5], "pivot": [0, 11, -7.25], "rotation": [-5, 0, 0], "uv": [32, 1]}
					]
				},
				{
					"name": "fin_front_right",
					"parent": "body2",
					"pivot": [-3.5, 2.5, -5.25],
					"rotation": [15, -5, 17.5],
					"cubes": [
						{"origin": [-3.5, -2, -6.25], "size": [0, 5, 3], "uv": [23, 1]}
					]
				},
				{
					"name": "fin_front_left",
					"parent": "body2",
					"pivot": [3.5, 2.5, -5.25],
					"rotation": [15, 5, -17.5],
					"cubes": [
						{"origin": [3.5, -2, -6.25], "size": [0, 5, 3], "uv": [28, 39]}
					]
				},
				{
					"name": "fin_rear_right",
					"parent": "body2",
					"pivot": [-3.5, 2.5, -1.5],
					"rotation": [25, -5, 17.5],
					"cubes": [
						{"origin": [-3.5, -2, -2.5], "size": [0, 5, 3], "uv": [0, 1]}
					]
				},
				{
					"name": "fin_rear_left",
					"parent": "body2",
					"pivot": [3.5, 2.5, -1.5],
					"rotation": [25, 5, -17.5],
					"cubes": [
						{"origin": [3.5, -2, -2.5], "size": [0, 5, 3], "uv": [0, 16]}
					]
				},
				{
					"name": "tail",
					"parent": "body2",
					"pivot": [0.25, 6, 1.75],
					"cubes": [
						{"origin": [-2.5, 1.5, 0.75], "size": [5, 9, 5], "inflate": 0.01, "uv": [26, 28]}
					]
				},
				{
					"name": "fin_top",
					"parent": "tail",
					"pivot": [-0.25, 9.5, 3.25],
					"rotation": [-55, 0, 0],
					"cubes": [
						{"origin": [0, 8.5, 1], "size": [0, 9, 3], "uv": [12, 36]}
					]
				},
				{
					"name": "fin_bottom",
					"parent": "tail",
					"pivot": [-0.25, 0.75, 1.5],
					"rotation": [-112.5, 0, 0],
					"cubes": [
						{"origin": [0, 0.75, -0.75], "size": [0, 8, 3], "uv": [6, 36]}
					]
				},
				{
					"name": "tail2",
					"parent": "tail",
					"pivot": [0, 6, 5.75],
					"cubes": [
						{"origin": [-1.5, 2.5, 4.75], "size": [3, 7, 4], "inflate": 0.01, "uv": [30, 43]}
					]
				},
				{
					"name": "tail3",
					"parent": "tail2",
					"pivot": [0, 6, 8.75],
					"cubes": [
						{"origin": [0, 0.5, 7.75], "size": [0, 11, 6], "uv": [48, -5]}
					]
				}
			]
		}
	]
}