{
	"format_version": "1.12.0",
	"minecraft:geometry": [
		{
			"description": {
				"identifier": "geometry.wailmer",
				"texture_width": 128,
				"texture_height": 64,
				"visible_bounds_width": 4,
				"visible_bounds_height": 2.5,
				"visible_bounds_offset": [0, 0.75, 0]
			},
			"bones": [
				{
					"name": "wailmer",
					"pivot": [0, 0, 0]
				},
				{
					"name": "body",
					"parent": "wailmer",
					"pivot": [0, 0, 0]
				},
				{
					"name": "head",
					"parent": "body",
					"pivot": [0, 7, 8],
					"cubes": [
						{"origin": [-7.5, 5, -8.2], "size": [15, 2, 11], "uv": [0, 51]},
						{"origin": [-8.5, 7, -8.5], "size": [17, 7, 17], "inflate": 0.01, "uv": [0, 27]}
					]
				},
				{
					"name": "eyes",
					"parent": "head",
					"pivot": [0, -5, 0]
				},
				{
					"name": "eye_right",
					"parent": "eyes",
					"pivot": [4.5, 10, -8.515],
					"cubes": [
						{"origin": [4, 9.5, -8.515], "size": [1, 1, 0], "uv": [0, 0]}
					]
				},
				{
					"name": "eyelid_right",
					"parent": "eye_right",
					"pivot": [4.5, 10, -7.915],
					"cubes": [
						{"origin": [3.5, 9.5, -8.415], "size": [2, 1, 1], "inflate": 0.01, "uv": [11, 5]}
					]
				},
				{
					"name": "eye_left",
					"parent": "eyes",
					"pivot": [-4.5, 10, -8.515],
					"cubes": [
						{"origin": [-5, 9.5, -8.515], "size": [1, 1, 0], "uv": [0, 1]}
					]
				},
				{
					"name": "eyelid_left",
					"parent": "eye_left",
					"pivot": [-4.5, 10, -7.915],
					"cubes": [
						{"origin": [-5.5, 9.5, -8.415], "size": [2, 1, 1], "inflate": 0.01, "uv": [11, 0], "mirror": true}
					]
				},
				{
					"name": "fin_right",
					"parent": "head",
					"pivot": [8, 9, 0],
					"cubes": [
						{"origin": [8, 8, -6], "size": [6, 2, 12], "uv": [51, 27]}
					]
				},
				{
					"name": "finger_right_front",
					"parent": "fin_right",
					"pivot": [14, 9, -4.5],
					"cubes": [
						{"origin": [14, 8, -6], "size": [5, 2, 3], "uv": [54, 53]}
					]
				},
				{
					"name": "finger_right_middle_front",
					"parent": "fin_right",
					"pivot": [14, 9, -1.5],
					"cubes": [
						{"origin": [14, 8, -3], "size": [5, 2, 3], "uv": [0, 32]}
					]
				},
				{
					"name": "finger_right_middle_back",
					"parent": "fin_right",
					"pivot": [14, 9, 1.5],
					"cubes": [
						{"origin": [14, 8, 0], "size": [5, 2, 3], "uv": [0, 37]}
					]
				},
				{
					"name": "finger_right_back",
					"parent": "fin_right",
					"pivot": [14, 9, 4.5],
					"cubes": [
						{"origin": [14, 8, 3], "size": [5, 2, 3], "uv": [41, 51]}
					]
				},
				{
					"name": "fin_left",
					"parent": "head",
					"pivot": [-8, 9, 0],
					"cubes": [
						{"origin": [-14, 8, -6], "size": [6, 2, 12], "uv": [51, 27], "mirror": true}
					]
				},
				{
					"name": "finger_left_front",
					"parent": "fin_left",
					"pivot": [-14, 9, -4.5],
					"cubes": [
						{"origin": [-19, 8, -6], "size": [5, 2, 3], "uv": [54, 53], "mirror": true}
					]
				},
				{
					"name": "finger_left_middle_front",
					"parent": "fin_left",
					"pivot": [-14, 9, -1.5],
					"cubes": [
						{"origin": [-19, 8, -3], "size": [5, 2, 3], "uv": [0, 32], "mirror": true}
					]
				},
				{
					"name": "finger_left_middle_back",
					"parent": "fin_left",
					"pivot": [-14, 9, 1.5],
					"cubes": [
						{"origin": [-19, 8, 0], "size": [5, 2, 3], "uv": [0, 37], "mirror": true}
					]
				},
				{
					"name": "finger_left_back",
					"parent": "fin_left",
					"pivot": [-14, 9, 4.5],
					"cubes": [
						{"origin": [-19, 8, 3], "size": [5, 2, 3], "uv": [41, 51], "mirror": true}
					]
				},
				{
					"name": "jaw",
					"parent": "body",
					"pivot": [0, 7, 6],
					"rotation": [15, 0, 0],
					"cubes": [
						{"origin": [-8.5, 0, -8.5], "size": [17, 9, 17], "inflate": -0.1, "uv": [0, 0]}
					]
				}
			]
		}
	]
}