{
	"format_version": "1.12.0",
	"minecraft:geometry": [
		{
			"description": {
				"identifier": "geometry.unknown",
				"texture_width": 64,
				"texture_height": 64,
				"visible_bounds_width": 3,
				"visible_bounds_height": 2.5,
				"visible_bounds_offset": [0, 0.75, 0]
			},
			"bones": [
				{
					"name": "weepinbell",
					"pivot": [0, 0, 0]
				},
				{
					"name": "body",
					"parent": "weepinbell",
					"pivot": [0, 0, 1.5]
				},
				{
					"name": "torso",
					"parent": "body",
					"pivot": [0, 6, 4.5],
					"cubes": [
						{"origin": [-3.5, 6, -2.5], "size": [7, 8, 7], "inflate": 0.02, "uv": [0, 0]},
						{"origin": [-1.5, 14, -0.5], "size": [3, 1, 3], "inflate": 0.01, "uv": [21, 15]}
					]
				},
				{
					"name": "eyes",
					"parent": "torso",
					"pivot": [0, -1, 1.5]
				},
				{
					"name": "eye_right",
					"parent": "eyes",
					"pivot": [-2.5, 9.15, -2.25],
					"rotation": [-2.5, 5, 0],
					"cubes": [
						{"origin": [-4, 7.65, -3.25], "size": [3, 3, 1], "uv": [28, 26]},
						{"origin": [-3.5, 8.15, -3.275], "size": [2, 2, 0], "inflate": 0.01, "uv": [0, 35]}
					]
				},
				{
					"name": "eye_left",
					"parent": "eyes",
					"pivot": [2.5, 9.15, -2.25],
					"rotation": [-2.5, -5, 0],
					"cubes": [
						{"origin": [1, 7.65, -3.25], "size": [3, 3, 1], "uv": [0, 29]},
						{"origin": [1.5, 8.15, -3.275], "size": [2, 2, 0], "inflate": 0.01, "uv": [0, 33]}
					]
				},
				{
					"name": "stem1",
					"parent": "torso",
					"pivot": [0, 15, 1],
					"cubes": [
						{"origin": [0, 14.5, 0.5], "size": [0, 2, 1], "inflate": 0.01, "uv": [21, 14]}
					]
				},
				{
					"name": "stem2",
					"parent": "stem1",
					"pivot": [0, 16.5, 0.5],
					"cubes": [
						{"origin": [0, 16.5, 0.5], "size": [0, 2, 1], "inflate": 0.02, "uv": [21, 2]}
					]
				},
				{
					"name": "stem3",
					"parent": "stem2",
					"pivot": [0, 18.5, 0.5],
					"cubes": [
						{"origin": [0, 18.5, 0.5], "size": [0, 2, 1], "inflate": 0.01, "uv": [21, 0]}
					]
				},
				{
					"name": "leaf_right1",
					"parent": "torso",
					"pivot": [-3.5, 6, 2],
					"cubes": [
						{"origin": [-7.5, 2.5, 2], "size": [4, 7, 0], "inflate": 0.01, "uv": [28, 19]}
					]
				},
				{
					"name": "leaf_right2",
					"parent": "leaf_right1",
					"pivot": [-7.5, 9.5, 2],
					"cubes": [
						{"origin": [-10.5, 2.5, 2], "size": [3, 7, 0], "inflate": 0.02, "uv": [0, 15]}
					],
					"locators": {
						"held_item_fixed": [-9, 2.75, 1.5]
					}
				},
				{
					"name": "leaf_right3",
					"parent": "leaf_right2",
					"pivot": [-10.5, 9.5, 2],
					"cubes": [
						{"origin": [-13.5, 3.5, 2], "size": [3, 6, 0], "inflate": 0.01, "uv": [14, 29]}
					]
				},
				{
					"name": "leaf_left1",
					"parent": "torso",
					"pivot": [3.5, 6, 2],
					"cubes": [
						{"origin": [3.5, 2.5, 2], "size": [4, 7, 0], "inflate": 0.01, "uv": [28, 7]}
					]
				},
				{
					"name": "leaf_left2",
					"parent": "leaf_left1",
					"pivot": [7.5, 9.5, 2],
					"cubes": [
						{"origin": [7.5, 2.5, 2], "size": [3, 7, 0], "inflate": 0.02, "uv": [0, 0]}
					]
				},
				{
					"name": "leaf_left3",
					"parent": "leaf_left2",
					"pivot": [10.5, 9.5, 2],
					"cubes": [
						{"origin": [10.5, 3.5, 2], "size": [3, 6, 0], "inflate": 0.01, "uv": [8, 29]}
					]
				},
				{
					"name": "torso_bottom",
					"parent": "body",
					"pivot": [0, 6, 4.5],
					"rotation": [-35, 0, 0],
					"cubes": [
						{"origin": [-3.5, -1, -2.5], "size": [7, 7, 7], "inflate": 0.01, "uv": [0, 15]},
						{"origin": [-2.5, -1, -1.5], "size": [5, 2, 5], "uv": [21, 0]}
					]
				}
			]
		}
	]
}