{
	"format_version": "1.12.0",
	"minecraft:geometry": [
		{
			"description": {
				"identifier": "geometry.rhyhorn",
				"texture_width": 128,
				"texture_height": 128,
				"visible_bounds_width": 3,
				"visible_bounds_height": 2.5,
				"visible_bounds_offset": [0, 0.75, 0]
			},
			"bones": [
				{
					"name": "rhyhorn",
					"pivot": [0, 0, 0]
				},
				{
					"name": "body",
					"parent": "rhyhorn",
					"pivot": [0, 7.5, 3.1288],
					"cubes": [
						{"origin": [0, 10, -4], "size": [0, 9, 18], "inflate": 0.02, "uv": [0, 6]},
						{"origin": [-6.19361, 3, -4.0606], "size": [0, 7, 8], "inflate": 0.02, "pivot": [-6.19361, 6.5, -0.0606], "rotation": [0, -10, 0], "uv": [0, 41]},
						{"origin": [-6.19361, 6, -3.8106], "size": [0, 8, 9], "inflate": 0.02, "pivot": [-6.19361, 9.5, 0.1894], "rotation": [0, -10, 0], "uv": [0, 32]},
						{"origin": [-6.19361, 3, 1.9394], "size": [0, 6, 9], "inflate": 0.02, "pivot": [-6.19361, 6.5, 5.9394], "rotation": [0, -10, 0], "uv": [38, 30]},
						{"origin": [-5.84763, 9, 1.98487], "size": [0, 5, 10], "inflate": 0.02, "pivot": [-5.84763, 10.5, 5.98487], "rotation": [0, -5, 0], "uv": [18, 34]},
						{"origin": [-5.84763, 9, -2.51513], "size": [0, 6, 6], "inflate": 0.02, "pivot": [-5.84763, 10.5, 1.48487], "rotation": [0, -5, 0], "uv": [42, 46]},
						{"origin": [6.19361, 6, -3.8106], "size": [0, 8, 9], "inflate": 0.02, "pivot": [6.19361, 9.5, 0.1894], "rotation": [0, 10, 0], "uv": [0, 24]},
						{"origin": [6.19361, 3, -4.0606], "size": [0, 7, 8], "inflate": 0.02, "pivot": [6.19361, 6.5, -0.0606], "rotation": [0, 10, 0], "uv": [38, 37]},
						{"origin": [6.19361, 3, 1.9394], "size": [0, 6, 9], "inflate": 0.02, "pivot": [6.19361, 6.5, 5.9394], "rotation": [0, 10, 0], "uv": [37, 0]},
						{"origin": [5.84763, 9, 1.98487], "size": [0, 5, 10], "inflate": 0.02, "pivot": [5.84763, 10.5, 5.98487], "rotation": [0, 5, 0], "uv": [18, 29]},
						{"origin": [5.84763, 9, -2.51513], "size": [0, 6, 6], "inflate": 0.02, "pivot": [5.84763, 10.5, 1.48487], "rotation": [0, 5, 0], "uv": [30, 46]},
						{"origin": [-5.5, 3, -4], "size": [11, 9, 15], "uv": [0, 0]}
					]
				},
				{
					"name": "head",
					"parent": "body",
					"pivot": [0, 7, -3.75],
					"cubes": [
						{"origin": [-2.76405, 7.89893, -15.33968], "size": [0, 4, 11], "inflate": 0.02, "pivot": [-3.26405, 9.89893, -9.83968], "rotation": [10, -10, 10], "uv": [0, 49]},
						{"origin": [2.76405, 7.89893, -15.33968], "size": [0, 4, 11], "inflate": 0.02, "pivot": [3.26405, 9.89893, -9.83968], "rotation": [10, 10, -10], "uv": [0, 49], "mirror": true},
						{"origin": [0, 7.24976, -15.25854], "size": [0, 4, 2], "inflate": 0.02, "pivot": [0, 9.24976, -14.00854], "rotation": [17.5, 0, 0], "uv": [0, 0]},
						{"origin": [-3, 2.00305, -14.57529], "size": [6, 5, 4], "pivot": [1.75, 5.00305, -15.07529], "rotation": [10, 0, 0], "uv": [37, 0]},
						{"origin": [-4.92263, 3.34971, -10.83177], "size": [0, 6, 7], "inflate": 0.02, "pivot": [-4.92263, 6.34971, -7.33177], "rotation": [10, -15, -2.5], "uv": [16, 42]},
						{"origin": [4.92263, 3.34971, -10.83177], "size": [0, 6, 7], "inflate": 0.02, "pivot": [4.92263, 6.34971, -7.33177], "rotation": [10, 15, 2.5], "uv": [0, 0]},
						{"origin": [-4, 3.21858, -10.68163], "size": [8, 6, 7], "pivot": [1, 6.21858, -8.18163], "rotation": [10, 0, 0], "uv": [29, 26]}
					],
					"locators": {
						"held_item_fixed": {
							"offset": [0, 3.25, -13],
							"rotation": [90, 0, 0]
						}
					}
				},
				{
					"name": "eyes",
					"parent": "head",
					"pivot": [0, 5.92957, -12.70009],
					"rotation": [5, 0, 0],
					"cubes": [
						{"origin": [3.025, 5.00305, -14.07529], "size": [0, 1, 3], "inflate": 0.02, "pivot": [-1.75, 5.00305, -15.07529], "rotation": [10, 0, 0], "uv": [121, 0], "mirror": true},
						{"origin": [-3.025, 5.00305, -14.07529], "size": [0, 1, 3], "inflate": 0.02, "pivot": [1.75, 5.00305, -15.07529], "rotation": [10, 0, 0], "uv": [121, 0]}
					]
				},
				{
					"name": "rightfrontleg",
					"parent": "body",
					"pivot": [-4.25, 4.5, -1.5],
					"cubes": [
						{"origin": [-5.75, 0, -3], "size": [3, 5, 3], "uv": [52, 12]},
						{"origin": [-5.25, 0, -4], "size": [0, 1, 1], "inflate": 0.02, "uv": [2, 0]},
						{"origin": [-3.25, 0, -4], "size": [0, 1, 1], "inflate": 0.02, "uv": [0, 0]}
					]
				},
				{
					"name": "leftfrontleg",
					"parent": "body",
					"pivot": [4.25, 4.5, -1.5],
					"cubes": [
						{"origin": [2.75, 0, -3], "size": [3, 5, 3], "uv": [52, 20]},
						{"origin": [5.25, 0, -4], "size": [0, 1, 1], "inflate": 0.02, "uv": [4, 1]},
						{"origin": [3.25, 0, -4], "size": [0, 1, 1], "inflate": 0.02, "uv": [4, 0]}
					]
				},
				{
					"name": "leftbackleg",
					"parent": "body",
					"pivot": [4.25, 4.5, 9.25],
					"cubes": [
						{"origin": [2.75, 0, 7.75], "size": [3, 5, 3], "uv": [54, 42]},
						{"origin": [5.25, 0, 6.75], "size": [0, 1, 1], "inflate": 0.02, "uv": [4, 3]},
						{"origin": [3.25, 0, 6.75], "size": [0, 1, 1], "inflate": 0.02, "uv": [4, 2]}
					]
				},
				{
					"name": "rightbackleg",
					"parent": "body",
					"pivot": [-4.25, 4.5, 9.25],
					"cubes": [
						{"origin": [-5.75, 0, 7.75], "size": [3, 5, 3], "uv": [54, 50]},
						{"origin": [-5.25, 0, 6.75], "size": [0, 1, 1], "inflate": 0.02, "uv": [0, 5]},
						{"origin": [-3.25, 0, 6.75], "size": [0, 1, 1], "inflate": 0.02, "uv": [4, 4]}
					]
				}
			]
		}
	]
}