{
	"format_version": "1.12.0",
	"minecraft:geometry": [
		{
			"description": {
				"identifier": "geometry.gorebyss",
				"texture_width": 64,
				"texture_height": 64,
				"visible_bounds_width": 5,
				"visible_bounds_height": 2.5,
				"visible_bounds_offset": [0, 0.75, 0]
			},
			"bones": [
				{
					"name": "gorebyss",
					"pivot": [0, 0, 0]
				},
				{
					"name": "body",
					"parent": "gorebyss",
					"pivot": [0, 3.5, 0]
				},
				{
					"name": "head",
					"parent": "body",
					"pivot": [0, 3.5, -10],
					"cubes": [
						{"origin": [-1.5, 0, -18], "size": [3, 7, 8], "uv": [0, 16]}
					]
				},
				{
					"name": "beak",
					"parent": "head",
					"pivot": [0, 3.5, -18],
					"cubes": [
						{"origin": [-1, 1, -20], "size": [2, 5, 2], "uv": [0, 0]},
						{"origin": [0, 2, -23], "size": [0, 2, 3], "uv": [0, 16]},
						{"origin": [0, 2.5, -26], "size": [0, 1, 3], "uv": [14, 17]}
					]
				},
				{
					"name": "fin_head_top",
					"parent": "head",
					"pivot": [0, 7, -17],
					"cubes": [
						{"origin": [-0.5, 7, -17], "size": [1, 1, 0], "uv": [18, 0]},
						{"origin": [-1, 8, -17], "size": [2, 2, 0], "uv": [6, 0]},
						{"origin": [-1, 15, -17], "size": [2, 2, 0], "uv": [18, 5]},
						{"origin": [-1.5, 10, -17], "size": [3, 5, 0], "uv": [20, 0]}
					]
				},
				{
					"name": "fin_head_bottom",
					"parent": "head",
					"pivot": [0, 0, -17],
					"cubes": [
						{"origin": [-1, -7, -17], "size": [2, 6, 0], "uv": [24, 20]},
						{"origin": [-0.5, -1, -17], "size": [1, 1, 0], "uv": [14, 0]},
						{"origin": [-0.5, -8, -17], "size": [1, 1, 0], "uv": [0, 0]}
					]
				},
				{
					"name": "eye_left",
					"parent": "head",
					"pivot": [1.5, 3, -15],
					"cubes": [
						{"origin": [1.52, 2, -16], "size": [0, 3, 2], "uv": [0, 19]},
						{"origin": [1.53, 2.5, -15.5], "size": [0, 2, 1], "uv": [6, 15]}
					]
				},
				{
					"name": "eyelash_left",
					"parent": "eye_left",
					"pivot": [1.5, 3, -15],
					"cubes": [
						{"origin": [1.51, 4.5, -14.5], "size": [0, 1, 1], "uv": [6, 17]}
					]
				},
				{
					"name": "eyelid_left",
					"parent": "eye_left",
					"pivot": [1.4, 3, -15],
					"cubes": [
						{"origin": [0.43, 2, -16], "size": [1, 3, 2], "inflate": 0.01, "uv": [14, 5]},
						{"origin": [1.41, 2.5, -14.5], "size": [0, 1, 1], "uv": [14, 0]}
					]
				},
				{
					"name": "eye_right",
					"parent": "head",
					"pivot": [-1.5, 3, -15],
					"cubes": [
						{"origin": [-1.52, 2, -16], "size": [0, 3, 2], "uv": [6, 5]},
						{"origin": [-1.53, 2.5, -15.5], "size": [0, 2, 1], "uv": [14, 4]}
					]
				},
				{
					"name": "eyelash_left2",
					"parent": "eye_right",
					"pivot": [-1.5, 3, -15],
					"cubes": [
						{"origin": [-1.51, 4.5, -14.5], "size": [0, 1, 1], "uv": [8, 5]}
					]
				},
				{
					"name": "eyelid_left2",
					"parent": "eye_right",
					"pivot": [-1.4, 3, -15],
					"cubes": [
						{"origin": [-1.41, 2.5, -14.5], "size": [0, 1, 1], "uv": [0, 0]},
						{"origin": [-1.43, 2, -16], "size": [1, 3, 2], "inflate": 0.01, "uv": [14, 0]}
					]
				},
				{
					"name": "tail",
					"parent": "body",
					"pivot": [0, 3.5, -10],
					"cubes": [
						{"origin": [-1, 0.5, -11], "size": [2, 6, 10], "inflate": 0.01, "uv": [0, 0]}
					]
				},
				{
					"name": "tail2",
					"parent": "tail",
					"pivot": [0, 3.5, -2],
					"cubes": [
						{"origin": [-1, 1.5, -2], "size": [2, 4, 10], "uv": [14, 6]}
					]
				},
				{
					"name": "tail3",
					"parent": "tail2",
					"pivot": [0, 3.5, 7],
					"cubes": [
						{"origin": [-0.5, 2, 7], "size": [1, 3, 9], "inflate": 0.01, "uv": [29, 0]}
					]
				},
				{
					"name": "tail4",
					"parent": "tail3",
					"pivot": [0, 3.5, 15],
					"cubes": [
						{"origin": [-0.5, 2.5, 15], "size": [1, 2, 9], "uv": [24, 20]}
					]
				},
				{
					"name": "tail5",
					"parent": "tail4",
					"pivot": [0, 3.5, 20],
					"cubes": [
						{"origin": [0, 0.5, 22], "size": [0, 6, 6], "uv": [26, -6]}
					]
				},
				{
					"name": "shell_left",
					"parent": "tail",
					"pivot": [1, 0.5, -4.5],
					"cubes": [
						{"origin": [1.02, -1, -7.5], "size": [0, 3, 3], "uv": [0, 13]},
						{"origin": [1.02, -0.5, -4.5], "size": [0, 2, 1], "uv": [8, 3]}
					]
				},
				{
					"name": "shell_right",
					"parent": "tail",
					"pivot": [-1, 0.5, -4.5],
					"cubes": [
						{"origin": [-1.02, -1, -7.5], "size": [0, 3, 3], "uv": [0, 4]},
						{"origin": [-1.02, -0.5, -4.5], "size": [0, 2, 1], "uv": [8, 1]}
					]
				}
			]
		}
	]
}