{
	"format_version": "1.12.0",
	"minecraft:geometry": [
		{
			"description": {
				"identifier": "geometry.mimejr",
				"texture_width": 64,
				"texture_height": 64,
				"visible_bounds_width": 3,
				"visible_bounds_height": 3.5,
				"visible_bounds_offset": [0, 1.25, 0]
			},
			"bones": [
				{
					"name": "mime_jr",
					"pivot": [0, 0, 0]
				},
				{
					"name": "body",
					"parent": "mime_jr",
					"pivot": [0, 0, 0]
				},
				{
					"name": "torso",
					"parent": "body",
					"pivot": [0, 1.75, 0],
					"cubes": [
						{"origin": [-3, 1.75, -2.5], "size": [6, 5, 5], "uv": [25, 8]},
						{"origin": [-2, 6.75, -2], "size": [4, 2, 4], "uv": [26, 18]},
						{"origin": [-4, 3, -3.5], "size": [8, 1, 7], "uv": [0, 13]},
						{"origin": [-1, 4, -3], "size": [2, 2, 1], "pivot": [0, 5, -2.5], "rotation": [-10, 0, 0], "uv": [0, 13]}
					]
				},
				{
					"name": "head",
					"parent": "torso",
					"pivot": [0, 7.75, -0.25],
					"cubes": [
						{"origin": [-4, 7.75, -3.75], "size": [8, 6, 7], "uv": [0, 0]},
						{"origin": [-1.5, 9.25, -4.75], "size": [3, 2, 1], "uv": [13, 39]},
						{"origin": [4, 9, -2.25], "size": [2, 5, 5], "uv": [0, 30]},
						{"origin": [-4.5, 9.25, 2.25], "size": [9, 5, 2], "uv": [23, 0]},
						{"origin": [-4, 13.75, -3], "size": [8, 3, 6], "uv": [0, 21]},
						{"origin": [-6, 9, -2.25], "size": [2, 5, 5], "uv": [23, 25]}
					]
				},
				{
					"name": "hat_top",
					"parent": "head",
					"pivot": [0, 16.75, 1.25],
					"rotation": [10, 0, 0],
					"cubes": [
						{"origin": [-1.5, 15.75, -0.25], "size": [3, 4, 3], "uv": [14, 32]}
					]
				},
				{
					"name": "hat_top2",
					"parent": "hat_top",
					"pivot": [0, 19.75, 0],
					"rotation": [-15, 0, 0],
					"cubes": [
						{"origin": [-1, 19.75, 0], "size": [2, 2, 4], "uv": [33, 31]}
					]
				},
				{
					"name": "hat_top3",
					"parent": "hat_top2",
					"pivot": [0, 21.75, 4],
					"rotation": [10, 0, 0],
					"cubes": [
						{"origin": [-0.5, 21.75, 2], "size": [1, 3, 2], "uv": [0, 0]}
					]
				},
				{
					"name": "hat_top4",
					"parent": "hat_top3",
					"pivot": [0, 23.75, 3],
					"cubes": [
						{"origin": [-1.5, 23.75, 1.5], "size": [3, 3, 3], "uv": [32, 24]}
					]
				},
				{
					"name": "eye_right",
					"parent": "head",
					"pivot": [-2.8, 10.75, -3.75],
					"rotation": [0, 0, 2.5],
					"cubes": [
						{"origin": [-3.82181, 9.74952, -3.75], "size": [2, 2, 0], "inflate": 0.01, "uv": [0, 43]}
					]
				},
				{
					"name": "eyelid_right",
					"parent": "eye_right",
					"pivot": [-2.8, 10.75, -3.65],
					"cubes": [
						{"origin": [-3.82181, 9.74952, -3.65], "size": [2, 2, 1], "inflate": 0.02, "uv": [0, 45]}
					]
				},
				{
					"name": "eye_left",
					"parent": "head",
					"pivot": [2.8, 10.75, -3.75],
					"rotation": [0, 0, -2.5],
					"cubes": [
						{"origin": [1.82181, 9.74952, -3.75], "size": [2, 2, 0], "inflate": 0.01, "uv": [0, 43], "mirror": true}
					]
				},
				{
					"name": "eyelid_left",
					"parent": "eye_left",
					"pivot": [2.8, 10.75, -3.65],
					"cubes": [
						{"origin": [1.82181, 9.74952, -3.65], "size": [2, 2, 1], "inflate": 0.02, "uv": [0, 45], "mirror": true}
					]
				},
				{
					"name": "mouth",
					"parent": "head",
					"pivot": [0, 8.5, -3.75],
					"cubes": [
						{"origin": [-1, 8, -3.75], "size": [2, 1, 0], "inflate": 0.01, "uv": [0, 49]}
					]
				},
				{
					"name": "arm_right",
					"parent": "torso",
					"pivot": [-2, 7.5, 0],
					"cubes": [
						{"origin": [-5, 6.5, -0.5], "size": [3, 1, 1], "inflate": 0.01, "uv": [29, 40]}
					]
				},
				{
					"name": "arm_right2",
					"parent": "arm_right",
					"pivot": [-5, 6.5, 0.5],
					"cubes": [
						{"origin": [-8, 6.5, -0.5], "size": [3, 1, 1], "uv": [21, 40]}
					]
				},
				{
					"name": "hand_right",
					"parent": "arm_right2",
					"pivot": [-8, 7, 0],
					"cubes": [
						{"origin": [-11, 6.5, -1], "size": [3, 1, 2], "inflate": 0.01, "uv": [34, 37]}
					]
				},
				{
					"name": "arm_left",
					"parent": "torso",
					"pivot": [2, 7.5, 0],
					"cubes": [
						{"origin": [2, 6.5, -0.5], "size": [3, 1, 1], "inflate": 0.01, "uv": [0, 40]}
					]
				},
				{
					"name": "arm_left2",
					"parent": "arm_left",
					"pivot": [5, 6.5, 0.5],
					"cubes": [
						{"origin": [5, 6.5, -0.5], "size": [3, 1, 1], "uv": [15, 30]}
					]
				},
				{
					"name": "hand_left",
					"parent": "arm_left2",
					"pivot": [8, 7, 0],
					"cubes": [
						{"origin": [8, 6.5, -1], "size": [3, 1, 2], "inflate": 0.01, "uv": [24, 37]}
					]
				},
				{
					"name": "leg_right",
					"parent": "body",
					"pivot": [-1.75, 1.75, 0],
					"cubes": [
						{"origin": [-2.75, 0, -1], "size": [2, 2, 2], "uv": [9, 30]}
					]
				},
				{
					"name": "leg_left",
					"parent": "body",
					"pivot": [1.75, 1.75, 0],
					"cubes": [
						{"origin": [0.75, 0, -1], "size": [2, 2, 2], "uv": [38, 18]}
					]
				}
			]
		}
	]
}