{
	"format_version": "1.12.0",
	"minecraft:geometry": [
		{
			"description": {
				"identifier": "geometry.scyther_male",
				"texture_width": 128,
				"texture_height": 128,
				"visible_bounds_width": 6,
				"visible_bounds_height": 3.5,
				"visible_bounds_offset": [0, 1.25, 0]
			},
			"bones": [
				{
					"name": "scyther",
					"pivot": [0, 2.25, 0]
				},
				{
					"name": "body",
					"parent": "scyther",
					"pivot": [0, 2.25, 0]
				},
				{
					"name": "abdomen",
					"parent": "body",
					"pivot": [0, 15.25, 0],
					"cubes": [
						{"origin": [-3.5, 12.25, -3.5], "size": [7, 6, 7], "uv": [46, 46]},
						{"origin": [-2.5, 18.25, -2.5], "size": [5, 1, 5], "uv": [18, 22]},
						{"origin": [-2.5, 10.25, -2.5], "size": [5, 2, 5], "uv": [36, 37]}
					]
				},
				{
					"name": "spine",
					"parent": "abdomen",
					"pivot": [0, 19.25, 0],
					"cubes": [
						{"origin": [-2, 18.25, -2], "size": [4, 3, 4], "uv": [65, 67]}
					]
				},
				{
					"name": "thorax",
					"parent": "spine",
					"pivot": [0, 20.25, 0],
					"cubes": [
						{"origin": [-3.5, 20.25, -3.5], "size": [7, 6, 7], "uv": [36, 22]}
					]
				},
				{
					"name": "neck",
					"parent": "thorax",
					"pivot": [0, 26.25, 0],
					"cubes": [
						{"origin": [-1.5, 25.25, -1.5], "size": [3, 5, 3], "uv": [0, 77]}
					]
				},
				{
					"name": "head",
					"parent": "neck",
					"pivot": [0, 28.25, 0],
					"cubes": [
						{"origin": [-3, 29.25, -4], "size": [6, 5, 7], "uv": [0, 53]},
						{"origin": [-2, 28.25, -2], "size": [4, 1, 5], "inflate": 0.01, "uv": [66, 28]},
						{"origin": [-2, 29.25, -7.25], "size": [4, 3, 4], "inflate": 0.02, "pivot": [0, 32.5, -4], "rotation": [10, 0, 0], "uv": [75, 49]},
						{"origin": [2, 28.90867, -5.90146], "size": [0, 1, 1], "inflate": 0.01, "pivot": [2, 28.90867, -5.65146], "rotation": [-35, 0, 0], "uv": [13, 22]},
						{"origin": [-2, 28.90867, -5.90146], "size": [0, 1, 1], "inflate": 0.01, "pivot": [-2, 28.90867, -5.65146], "rotation": [-35, 0, 0], "uv": [0, 11]}
					],
					"locators": {
						"held_item_fixed": {
							"offset": [0, 29.25, -5],
							"rotation": [90, 0, 0]
						}
					}
				},
				{
					"name": "jaw",
					"parent": "head",
					"pivot": [0, 29.25, -2],
					"rotation": [-2.5, 0, 0],
					"cubes": [
						{"origin": [-2, 28.31917, -6.1657], "size": [4, 1, 5], "uv": [68, 42]}
					]
				},
				{
					"name": "left_crest",
					"parent": "head",
					"pivot": [3, 31.25, 0],
					"rotation": [20, 20, 0],
					"cubes": [
						{"origin": [2, 31.25, 0], "size": [1, 3, 4], "uv": [24, 77]},
						{"origin": [2.5, 32, 3.25], "size": [0, 2, 3], "uv": [84, 25]}
					]
				},
				{
					"name": "right_crest",
					"parent": "head",
					"pivot": [-3, 31.25, 0],
					"rotation": [20, -20, 0],
					"cubes": [
						{"origin": [-3, 31.25, 0], "size": [1, 3, 4], "uv": [13, 77]},
						{"origin": [-2.5, 32, 3], "size": [0, 2, 3], "uv": [56, 83]}
					]
				},
				{
					"name": "top_crest",
					"parent": "head",
					"pivot": [0, 34.25, -1],
					"rotation": [35, 0, 0],
					"cubes": [
						{"origin": [-1.5, 33.25, -1], "size": [3, 1, 4], "uv": [20, 53]},
						{"origin": [-1, 33.75, 2], "size": [2, 0, 2], "uv": [34, 22]},
						{"origin": [-0.5, 33.75, 4], "size": [1, 0, 1], "uv": [5, 11]}
					]
				},
				{
					"name": "left_lower_crest",
					"parent": "head",
					"pivot": [2.5, 28.25, -0.5],
					"rotation": [-15, 20, 0],
					"cubes": [
						{"origin": [2.5, 29.25, -1.5], "size": [0, 4, 4], "uv": [68, 77]}
					]
				},
				{
					"name": "right_lower_crest",
					"parent": "head",
					"pivot": [-2.5, 28.25, -0.5],
					"rotation": [-15, -20, 0],
					"cubes": [
						{"origin": [-2.5, 29.25, -1.5], "size": [0, 4, 4], "uv": [0, 11]}
					]
				},
				{
					"name": "backcrest",
					"parent": "head",
					"pivot": [0, 32.25, 3],
					"cubes": [
						{"origin": [0, 30.5, 2.75], "size": [0, 3, 3], "uv": [16, 20]}
					]
				},
				{
					"name": "eyes",
					"parent": "head",
					"pivot": [0, 28.25, 0]
				},
				{
					"name": "left_eye",
					"parent": "eyes",
					"pivot": [3, 32.25, -2],
					"cubes": [
						{"origin": [3, 31.25, -4], "size": [0, 2, 3], "inflate": 0.01, "uv": [84, 14]},
						{"origin": [3, 31.75, -4], "size": [0, 1, 1], "inflate": 0.015, "uv": [18, 29]},
						{"origin": [2, 31.25, -4], "size": [1, 1, 0], "inflate": 0.01, "uv": [31, 31]}
					]
				},
				{
					"name": "right_eye",
					"parent": "eyes",
					"pivot": [-3, 32.25, -2],
					"cubes": [
						{"origin": [-3, 31.25, -4], "size": [0, 2, 3], "inflate": 0.01, "uv": [83, 32]},
						{"origin": [-3, 31.75, -4], "size": [0, 1, 1], "inflate": 0.015, "uv": [0, 22]},
						{"origin": [-3, 31.25, -4], "size": [1, 1, 0], "inflate": 0.01, "uv": [5, 13]}
					]
				},
				{
					"name": "closed",
					"parent": "eyes",
					"pivot": [3, 32.25, -3]
				},
				{
					"name": "left_eyelid",
					"parent": "closed",
					"pivot": [2.9, 32.25, -1.9],
					"cubes": [
						{"origin": [2.9, 31.25, -3.9], "size": [0, 2, 3], "inflate": 0.02, "uv": [63, 83]},
						{"origin": [1.9, 31.25, -3.9], "size": [1, 1, 0], "inflate": 0.02, "uv": [31, 29]}
					]
				},
				{
					"name": "right_eyelid",
					"parent": "closed",
					"pivot": [-2.9, 32.25, -1.9],
					"cubes": [
						{"origin": [-2.9, 31.25, -3.9], "size": [0, 2, 3], "inflate": 0.02, "uv": [77, 82]},
						{"origin": [-2.9, 31.25, -3.9], "size": [1, 1, 0], "inflate": 0.02, "uv": [7, 0]}
					]
				},
				{
					"name": "left_shoulder",
					"parent": "thorax",
					"pivot": [4.5, 24.75, 0],
					"cubes": [
						{"origin": [3, 22.25, -2.5], "size": [5, 5, 5], "uv": [66, 17]}
					]
				},
				{
					"name": "left_arm",
					"parent": "left_shoulder",
					"pivot": [8, 24.75, 0],
					"cubes": [
						{"origin": [7.25, 23.75, -1], "size": [5, 2, 2], "uv": [0, 46]}
					]
				},
				{
					"name": "left_scythe",
					"parent": "left_arm",
					"pivot": [11.75, 24.75, -0.25],
					"cubes": [
						{"origin": [11.75, 24.75, -1.75], "size": [2, 0, 3], "inflate": 0.02, "uv": [77, 77]},
						{"origin": [12.25, 24.75, -4.75], "size": [24, 0, 10], "uv": [0, 11]}
					]
				},
				{
					"name": "right_shoulder",
					"parent": "thorax",
					"pivot": [-4.5, 24.75, 0],
					"cubes": [
						{"origin": [-8, 22.25, -2.5], "size": [5, 5, 5], "uv": [0, 66]}
					]
				},
				{
					"name": "right_arm",
					"parent": "right_shoulder",
					"pivot": [-8, 24.75, 0],
					"cubes": [
						{"origin": [-12.25, 23.75, -1], "size": [5, 2, 2], "uv": [1, 32]}
					]
				},
				{
					"name": "right_scythe",
					"parent": "right_arm",
					"pivot": [-11.75, 24.75, -0.25],
					"cubes": [
						{"origin": [-13.75, 24.75, -1.75], "size": [2, 0, 3], "inflate": 0.02, "uv": [70, 0]},
						{"origin": [-36.25, 24.75, -4.75], "size": [24, 0, 10], "uv": [1, 0]}
					]
				},
				{
					"name": "left_wing",
					"parent": "thorax",
					"pivot": [2, 24.5, 3.5]
				},
				{
					"name": "left_upper_wing",
					"parent": "left_wing",
					"pivot": [2, 24.75, 3.5],
					"cubes": [
						{"origin": [2, 20.75, 3.5], "size": [0, 6, 17], "uv": [18, 29]}
					]
				},
				{
					"name": "left_lower_wing",
					"parent": "left_wing",
					"pivot": [2.1, 24.25, 3.5],
					"cubes": [
						{"origin": [2.1, 21.25, 3.5], "size": [0, 5, 10], "uv": [55, 26]}
					]
				},
				{
					"name": "right_wing",
					"parent": "thorax",
					"pivot": [-2, 24.5, 3.5]
				},
				{
					"name": "right_upper_wing",
					"parent": "right_wing",
					"pivot": [-2, 24.75, 3.5],
					"cubes": [
						{"origin": [-2, 20.75, 3.5], "size": [0, 6, 17], "uv": [0, 22]}
					]
				},
				{
					"name": "right_lower_wing",
					"parent": "right_wing",
					"pivot": [-2.1, 24.25, 3.5],
					"cubes": [
						{"origin": [-2.1, 21.25, 3.5], "size": [0, 5, 10], "uv": [27, 53]}
					]
				},
				{
					"name": "left_upper_leg",
					"parent": "body",
					"pivot": [3.5, 15.25, 0],
					"rotation": [-7.5, 0, 0],
					"cubes": [
						{"origin": [3, 12.75, -2.5], "size": [5, 5, 5], "uv": [66, 6]}
					]
				},
				{
					"name": "front_left_leg_spike",
					"parent": "left_upper_leg",
					"pivot": [7.5, 17.75, -2.5],
					"rotation": [-10, 0, 0],
					"cubes": [
						{"origin": [2.5, 17.75, -2.5], "size": [5, 3, 0], "uv": [68, 49]}
					]
				},
				{
					"name": "side_left_leg_spike",
					"parent": "left_upper_leg",
					"pivot": [8.25, 17.75, -2],
					"rotation": [-25, 0, 30],
					"cubes": [
						{"origin": [7.25, 16.75, -2], "size": [1, 3, 4], "pivot": [8.25, 17.75, -2], "rotation": [12.5, 0, 0], "uv": [76, 35]},
						{"origin": [7.75, 19.25, -1.5], "size": [0, 3, 3], "pivot": [8.25, 17.75, -2], "rotation": [12.5, 0, 0], "uv": [61, 14]}
					]
				},
				{
					"name": "left_lower_leg",
					"parent": "left_upper_leg",
					"pivot": [5.5, 12.75, 0],
					"rotation": [35, 0, 0],
					"cubes": [
						{"origin": [4.5, 8.25, -1], "size": [2, 6, 2], "uv": [61, 0]}
					]
				},
				{
					"name": "foot_left1",
					"parent": "left_lower_leg",
					"pivot": [5.5, 9.225, 0],
					"rotation": [-27.5, 0, 0],
					"cubes": [
						{"origin": [4, 4.225, -2], "size": [3, 5, 4], "uv": [53, 73]}
					]
				},
				{
					"name": "foot_left2",
					"parent": "foot_left1",
					"pivot": [5.5, 4.225, 2],
					"rotation": [-25, 0, 0],
					"cubes": [
						{"origin": [3.5, -0.775, -2], "size": [4, 5, 4], "uv": [18, 29]}
					]
				},
				{
					"name": "foot_left3",
					"parent": "foot_left2",
					"pivot": [5.5, -0.775, 2],
					"rotation": [-65, 0, 0],
					"cubes": [
						{"origin": [3, -4.775, -1], "size": [5, 4, 3], "inflate": 0.01, "uv": [72, 57]}
					]
				},
				{
					"name": "toes_left",
					"parent": "foot_left3",
					"pivot": [5.5, -4.775, 0],
					"cubes": [
						{"origin": [5.5, -8.775, -1], "size": [0, 4, 3], "uv": [82, 65]},
						{"origin": [7.4353, -8.29996, -1], "size": [0, 4, 3], "pivot": [7, -6.775, 0.5], "rotation": [0, 0, -10], "uv": [82, 0]},
						{"origin": [3.5647, -8.29996, -1], "size": [0, 4, 3], "pivot": [4, -6.775, 0.5], "rotation": [0, 0, 10], "uv": [49, 81]}
					]
				},
				{
					"name": "right_upper_leg",
					"parent": "body",
					"pivot": [-3.5, 15.25, 0],
					"rotation": [-7.5, 0, 0],
					"cubes": [
						{"origin": [-8, 12.75, -2.5], "size": [5, 5, 5], "uv": [48, 60]}
					]
				},
				{
					"name": "front_right_leg_spike",
					"parent": "right_upper_leg",
					"pivot": [-7.5, 17.75, -2.5],
					"rotation": [-10, 0, 0],
					"cubes": [
						{"origin": [-7.5, 17.75, -2.5], "size": [5, 3, 0], "uv": [57, 42]}
					]
				},
				{
					"name": "side_right_leg_spike",
					"parent": "right_upper_leg",
					"pivot": [-8.25, 17.75, -2],
					"rotation": [-25, 0, -30],
					"cubes": [
						{"origin": [-8.25, 16.75, -2], "size": [1, 3, 4], "pivot": [-8.25, 17.75, -2], "rotation": [12.5, 0, 0], "uv": [38, 55]},
						{"origin": [-7.75, 19.25, -1.5], "size": [0, 3, 3], "pivot": [-8.25, 17.75, -2], "rotation": [12.5, 0, 0], "uv": [58, 22]}
					]
				},
				{
					"name": "right_lower_leg",
					"parent": "right_upper_leg",
					"pivot": [-5.5, 12.75, 0],
					"rotation": [35, 0, 0],
					"cubes": [
						{"origin": [-6.5, 8.25, -1], "size": [2, 6, 2], "uv": [0, 0]}
					]
				},
				{
					"name": "foot_right1",
					"parent": "right_lower_leg",
					"pivot": [-5.5, 9.225, 0],
					"rotation": [-27.5, 0, 0],
					"cubes": [
						{"origin": [-7, 4.225, -2], "size": [3, 5, 4], "uv": [38, 71]}
					]
				},
				{
					"name": "foot_right2",
					"parent": "foot_right1",
					"pivot": [-5.5, 4.225, 2],
					"rotation": [-25, 0, 0],
					"cubes": [
						{"origin": [-7.5, -0.775, -2], "size": [4, 5, 4], "uv": [0, 22]}
					]
				},
				{
					"name": "foot_right3",
					"parent": "foot_right2",
					"pivot": [-5.5, -0.775, 2],
					"rotation": [-65, 0, 0],
					"cubes": [
						{"origin": [-8, -4.775, -1], "size": [5, 4, 3], "inflate": 0.01, "uv": [21, 69]}
					]
				},
				{
					"name": "toes_right",
					"parent": "foot_right3",
					"pivot": [-5.5, -4.775, 0],
					"cubes": [
						{"origin": [-5.5, -8.775, -1], "size": [0, 4, 3], "uv": [42, 81]},
						{"origin": [-7.4353, -8.29996, -1], "size": [0, 4, 3], "pivot": [-7, -6.775, 0.5], "rotation": [0, 0, 10], "uv": [35, 81]},
						{"origin": [-3.5647, -8.29996, -1], "size": [0, 4, 3], "pivot": [-4, -6.775, 0.5], "rotation": [0, 0, -10], "uv": [0, 51]}
					]
				}
			]
		}
	]
}