{
	"format_version": "1.12.0",
	"minecraft:geometry": [
		{
			"description": {
				"identifier": "geometry.nidoranm",
				"texture_width": 64,
				"texture_height": 64,
				"visible_bounds_width": 2,
				"visible_bounds_height": 2.5,
				"visible_bounds_offset": [0, 0.75, 0]
			},
			"bones": [
				{
					"name": "nidoran_m",
					"pivot": [0, 0, 0]
				},
				{
					"name": "body",
					"parent": "nidoran_m",
					"pivot": [0, 0, 0]
				},
				{
					"name": "torso",
					"parent": "body",
					"pivot": [0, 5, 0.5],
					"cubes": [
						{"origin": [-3.5, 2, -4.5], "size": [7, 6, 10], "uv": [0, 0]},
						{"origin": [0, 5, -3], "size": [0, 9, 11], "uv": [0, 5]},
						{"origin": [2, 8, -1.75], "size": [0, 3, 7], "pivot": [2, 8, 1.25], "rotation": [0, 0, 20], "uv": [34, 3]},
						{"origin": [-2, 8, -1.75], "size": [0, 3, 7], "pivot": [-2, 8, 1.25], "rotation": [0, 0, -20], "uv": [0, 35]}
					]
				},
				{
					"name": "head",
					"parent": "torso",
					"pivot": [0, 6, -2.5],
					"cubes": [
						{"origin": [-3, 4, -9], "size": [6, 6, 7], "uv": [15, 18]},
						{"origin": [0, 8.65, -12], "size": [0, 2, 4], "pivot": [0, 9.5, -9.75], "rotation": [-20, 0, 0], "uv": [0, 0]}
					]
				},
				{
					"name": "eyes",
					"parent": "head",
					"pivot": [0, 6.98933, -6.98886]
				},
				{
					"name": "eye_left",
					"parent": "eyes",
					"pivot": [3, 7, -7],
					"cubes": [
						{"origin": [3, 6, -8.5], "size": [0, 2, 3], "inflate": 0.01, "uv": [28, 13]}
					]
				},
				{
					"name": "eyelid_left",
					"parent": "eyes",
					"pivot": [2.9, 7, -7],
					"cubes": [
						{"origin": [2.9, 6, -8.5], "size": [0, 2, 3], "inflate": 0.02, "uv": [0, 5]}
					]
				},
				{
					"name": "eyelid_right",
					"parent": "eyes",
					"pivot": [-2.9, 7, -7],
					"cubes": [
						{"origin": [-2.9, 6, -8.5], "size": [0, 2, 3], "inflate": 0.02, "uv": [0, 3]}
					]
				},
				{
					"name": "eye_right",
					"parent": "eyes",
					"pivot": [-3, 7, -7],
					"cubes": [
						{"origin": [-3, 6, -8.5], "size": [0, 2, 3], "inflate": 0.01, "uv": [22, 13]}
					]
				},
				{
					"name": "ear_left",
					"parent": "head",
					"pivot": [3, 8.75, -4.25],
					"rotation": [-15, 0, 20],
					"cubes": [
						{"origin": [3, 7.75, -7.75], "size": [0, 11, 6], "uv": [12, 25]}
					]
				},
				{
					"name": "ear_right",
					"parent": "head",
					"pivot": [-3, 8.75, -4.25],
					"rotation": [-15, 0, -20],
					"cubes": [
						{"origin": [-3, 7.75, -7.75], "size": [0, 11, 6], "uv": [0, 19]}
					]
				},
				{
					"name": "muzzle",
					"parent": "head",
					"pivot": [0, 7, -9],
					"cubes": [
						{"origin": [-2, 4, -10.5], "size": [4, 3, 2], "inflate": 0.01, "uv": [35, 0]},
						{"origin": [-1, 3.5, -10.5], "size": [2, 2, 0], "inflate": 0.01, "pivot": [0, 5, -10.5], "rotation": [-5, 0, 0], "uv": [1, 48]}
					],
					"locators": {
						"held_item_fixed": [0, 0.75, -9.75]
					}
				},
				{
					"name": "leg_front_left",
					"parent": "body",
					"pivot": [2.5, 5, -2.5],
					"cubes": [
						{"origin": [1, 3, -4], "size": [3, 3, 3], "inflate": 0.01, "uv": [38, 28]}
					]
				},
				{
					"name": "leg_front_left2",
					"parent": "leg_front_left",
					"pivot": [2.5, 3, -1],
					"cubes": [
						{"origin": [1, 0, -4], "size": [3, 3, 3], "uv": [34, 13]}
					]
				},
				{
					"name": "leg_front_right",
					"parent": "body",
					"pivot": [-2.5, 5, -2.5],
					"cubes": [
						{"origin": [-4, 3, -4], "size": [3, 3, 3], "inflate": 0.01, "uv": [0, 36]}
					]
				},
				{
					"name": "leg_front_right2",
					"parent": "leg_front_right",
					"pivot": [-2.5, 3, -1],
					"cubes": [
						{"origin": [-4, 0, -4], "size": [3, 3, 3], "uv": [34, 19]}
					]
				},
				{
					"name": "leg_back_left",
					"parent": "body",
					"pivot": [3, 5, 2.75],
					"cubes": [
						{"origin": [1.5, 1, 0.25], "size": [3, 5, 5], "inflate": 0.01, "uv": [24, 31]}
					]
				},
				{
					"name": "foot_back_left",
					"parent": "leg_back_left",
					"pivot": [3, 1, 4.25],
					"cubes": [
						{"origin": [1.5, 0, 2.25], "size": [3, 1, 3], "uv": [40, 5]}
					]
				},
				{
					"name": "foot_back_left2",
					"parent": "foot_back_left",
					"pivot": [3, 0, 2.25],
					"cubes": [
						{"origin": [1.5, 0, 1.25], "size": [3, 1, 1], "inflate": 0.01, "uv": [0, 2]},
						{"origin": [2, 0, 0.25], "size": [2, 1, 1], "uv": [0, 45]}
					]
				},
				{
					"name": "leg_back_right",
					"parent": "body",
					"pivot": [-3, 5, 2.75],
					"cubes": [
						{"origin": [-4.5, 1, 0.25], "size": [3, 5, 5], "inflate": 0.01, "uv": [24, 0]}
					]
				},
				{
					"name": "foot_back_right",
					"parent": "leg_back_right",
					"pivot": [-3, 1, 4.25],
					"cubes": [
						{"origin": [-4.5, 0, 2.25], "size": [3, 1, 3], "uv": [37, 38]}
					]
				},
				{
					"name": "foot_back_right2",
					"parent": "foot_back_right",
					"pivot": [-3, 0, 2.25],
					"cubes": [
						{"origin": [-4.5, 0, 1.25], "size": [3, 1, 1], "inflate": 0.01, "uv": [0, 0]},
						{"origin": [-4, 0, 0.25], "size": [2, 1, 1], "uv": [6, 45], "mirror": true}
					]
				}
			]
		}
	]
}