{
	"format_version": "1.12.0",
	"minecraft:geometry": [
		{
			"description": {
				"identifier": "geometry.torterra_oak",
				"texture_width": 256,
				"texture_height": 256,
				"visible_bounds_width": 7,
				"visible_bounds_height": 5.5,
				"visible_bounds_offset": [0, 2.25, 0]
			},
			"bones": [
				{
					"name": "torterra",
					"pivot": [0, 0, 0]
				},
				{
					"name": "body",
					"parent": "torterra",
					"pivot": [0, 14, 0]
				},
				{
					"name": "torso",
					"parent": "body",
					"pivot": [0, 13, 0],
					"cubes": [
						{"origin": [-12, 6.5, -16], "size": [24, 12, 31], "uv": [0, 80]},
						{"origin": [-14, 15, -15], "size": [28, 4, 33], "uv": [0, 43]},
						{"origin": [-14, 15, -23], "size": [28, 4, 8], "inflate": 0.001, "pivot": [0, 15, -15], "rotation": [-20, 0, 0], "uv": [72, 140]},
						{"origin": [-13, 19, -19.5], "size": [26, 7, 36], "inflate": 0.001, "uv": [0, 0]}
					]
				},
				{
					"name": "tree",
					"parent": "torso",
					"pivot": [7, 27.25, 4.5],
					"rotation": [-5, 0, 5],
					"cubes": [
						{"origin": [4.73853, 29.06437, 2.23572], "size": [5, 18, 5], "inflate": 0.001, "uv": [79, 80]},
						{"origin": [9.73853, 29.06437, -7.76428], "size": [0, 5, 10], "inflate": 0.001, "uv": [0, 20]},
						{"origin": [9.73853, 29.06437, 7.23572], "size": [0, 5, 5], "inflate": 0.001, "uv": [20, 80]},
						{"origin": [4.73853, 34.06437, 7.23572], "size": [5, 0, 5], "inflate": 0.001, "uv": [84, 59]},
						{"origin": [4.73853, 34.06437, -7.76428], "size": [5, 0, 10], "inflate": 0.001, "uv": [78, 0]},
						{"origin": [4.73853, 29.06437, -7.76428], "size": [0, 5, 20], "inflate": 0.001, "uv": [89, 50]},
						{"origin": [4.73853, 29.06437, -2.76428], "size": [5, 0, 5], "inflate": 0.001, "uv": [15, 80]},
						{"origin": [-0.26147, 24.06437, 7.23572], "size": [5, 10, 0], "inflate": 0.001, "uv": [190, 116]},
						{"origin": [-0.26147, 24.06437, 2.23572], "size": [5, 10, 0], "inflate": 0.001, "uv": [162, 36]},
						{"origin": [-0.26147, 34.06437, 2.23572], "size": [5, 0, 5], "inflate": 0.001, "uv": [18, 60]},
						{"origin": [-0.26147, 24.06437, 2.23572], "size": [0, 10, 5], "inflate": 0.001, "uv": [0, 75]},
						{"origin": [4.73853, 24.06437, 2.23572], "size": [0, 5, 5], "inflate": 0.001, "uv": [94, 75]},
						{"origin": [-5.26147, 23.06437, 2.23572], "size": [0, 6, 5], "inflate": 0.001, "uv": [21, 90]},
						{"origin": [-5.26147, 23.06437, 2.23572], "size": [5, 6, 0], "inflate": 0.001, "uv": [162, 160]},
						{"origin": [-5.26147, 29.06437, 2.23572], "size": [5, 0, 5], "inflate": 0.001, "uv": [15, 30]},
						{"origin": [-5.26147, 23.06437, 7.23572], "size": [5, 6, 0], "inflate": 0.001, "uv": [161, 100]},
						{"origin": [4.73853, 24.06437, 7.23572], "size": [5, 5, 0], "inflate": 0.001, "uv": [15, 135]},
						{"origin": [9.73853, 24.06437, 7.23572], "size": [0, 5, 5], "inflate": 0.001, "uv": [51, 129]},
						{"origin": [4.73853, 24.06437, 12.23572], "size": [5, 10, 0], "inflate": 0.001, "uv": [190, 75]},
						{"origin": [4.73853, 24.06437, 7.23572], "size": [0, 5, 5], "inflate": 0.001, "uv": [15, 118]},
						{"origin": [9.73853, 23.06437, -7.76428], "size": [0, 6, 5], "inflate": 0.001, "uv": [72, 128]},
						{"origin": [4.73853, 23.06437, -7.76428], "size": [0, 6, 5], "inflate": 0.001, "uv": [89, 59]},
						{"origin": [4.73853, 23.06437, -2.76428], "size": [5, 6, 0], "inflate": 0.001, "uv": [107, 166]},
						{"origin": [4.73853, 23.06437, -7.76428], "size": [5, 11, 0], "inflate": 0.001, "uv": [148, 116]}
					]
				},
				{
					"name": "leaves",
					"parent": "tree",
					"pivot": [6.97537, 42.69136, 1.49908],
					"cubes": [
						{"origin": [0.23853, 60.56437, -7.26428], "size": [14, 5, 14], "inflate": 0.001, "uv": [154, 0]},
						{"origin": [-4.76147, 51.56437, -12.26428], "size": [19, 9, 24], "inflate": 0.001, "uv": [100, 37]},
						{"origin": [0.23853, 46.56437, -17.26428], "size": [19, 4, 24], "inflate": 0.001, "uv": [86, 112]},
						{"origin": [0.23853, 41.56437, -12.26428], "size": [14, 5, 14], "inflate": 0.001, "uv": [148, 116]},
						{"origin": [9.23853, 41.56437, 1.73572], "size": [5, 5, 5], "inflate": 0.001, "uv": [0, 135]},
						{"origin": [0.23853, 41.56437, 1.73572], "size": [5, 5, 5], "inflate": 0.001, "uv": [36, 134]},
						{"origin": [5.23853, 41.56437, -17.26428], "size": [4, 5, 5], "inflate": 0.001, "uv": [51, 188]},
						{"origin": [0.23853, 46.47721, 6.73953], "size": [14, 5, 5], "inflate": 0.001, "uv": [72, 123]},
						{"origin": [-4.76147, 46.56437, -12.26428], "size": [5, 5, 20], "inflate": 0.001, "uv": [77, 152]},
						{"origin": [-4.76147, 41.56437, -12.26428], "size": [5, 5, 9], "inflate": 0.001, "uv": [107, 152]},
						{"origin": [-4.76147, 51.56437, -17.26428], "size": [19, 4, 5], "inflate": 0.001, "uv": [174, 135]},
						{"origin": [0.23853, 51.06437, -17.26428], "size": [14, 1, 5], "inflate": 0.001, "uv": [154, 19]},
						{"origin": [0.23853, 55.56437, -17.26428], "size": [9, 5, 5], "inflate": 0.001, "uv": [181, 90]},
						{"origin": [14.23853, 55.56437, -7.26428], "size": [5, 5, 14], "inflate": 0.001, "uv": [153, 166]},
						{"origin": [14.23853, 51.56437, -12.26428], "size": [5, 4, 24], "inflate": 0.001, "uv": [38, 130]},
						{"origin": [14.23853, 50.56437, -12.26428], "size": [5, 1, 19], "inflate": 0.001, "uv": [1, 155]},
						{"origin": [5.23853, 60.56437, 6.73572], "size": [4, 5, 5], "inflate": 0.001, "uv": [187, 56]},
						{"origin": [5.23853, 60.56437, -12.26428], "size": [4, 5, 5], "inflate": 0.001, "uv": [181, 185]},
						{"origin": [-4.76147, 60.56437, -2.26428], "size": [5, 5, 4], "inflate": 0.001, "uv": [0, 190]}
					]
				},
				{
					"name": "vine",
					"parent": "leaves",
					"pivot": [12.23853, 41.06437, -12.76428],
					"cubes": [
						{"origin": [9.73853, 31.06437, -12.76428], "size": [5, 10, 0], "inflate": 0.001, "pivot": [12.23853, 41.06437, -12.76428], "rotation": [5, 0, 0], "uv": [154, 0]}
					]
				},
				{
					"name": "vine2",
					"parent": "leaves",
					"pivot": [7.23853, 46.06437, 13.23572],
					"cubes": [
						{"origin": [4.73853, 31.06437, 12.23572], "size": [5, 15, 0], "inflate": 0.001, "pivot": [7.23853, 46.06437, 13.23572], "rotation": [5, 0, 0], "uv": [103, 0]}
					]
				},
				{
					"name": "vine3",
					"parent": "leaves",
					"pivot": [-2.76147, 51.06437, -17.76428],
					"cubes": [
						{"origin": [-5.26147, 36.06437, -17.76428], "size": [5, 15, 0], "inflate": 0.001, "pivot": [-2.76147, 51.06437, -17.76428], "rotation": [5, 0, 0], "uv": [152, 160]}
					]
				},
				{
					"name": "outerleaves",
					"parent": "leaves",
					"pivot": [2.23853, 17.56437, -6.76428],
					"cubes": [
						{"origin": [-0.26147, 61.06437, -7.76428], "size": [15, 5, 15], "inflate": 0.001, "uv": [145, 70]},
						{"origin": [-5.26147, 51.06437, -12.76428], "size": [20, 10, 25], "inflate": 0.001, "uv": [89, 1]},
						{"origin": [-0.26147, 46.06437, -17.76428], "size": [20, 5, 25], "inflate": 0.001, "uv": [80, 81]},
						{"origin": [-0.26147, 41.06437, -12.76428], "size": [15, 5, 15], "inflate": 0.001, "uv": [129, 140]},
						{"origin": [9.73853, 41.06437, 2.23572], "size": [5, 5, 5], "inflate": 0.001, "uv": [0, 154]},
						{"origin": [-0.26147, 41.06437, 2.23572], "size": [5, 5, 5], "inflate": 0.001, "uv": [145, 90]},
						{"origin": [4.73853, 41.06437, -17.76428], "size": [5, 5, 5], "inflate": 0.001, "uv": [0, 164]},
						{"origin": [-0.26147, 45.97721, 7.23953], "size": [15, 5, 5], "inflate": 0.001, "uv": [174, 144]},
						{"origin": [-5.26147, 46.06437, -12.76428], "size": [5, 5, 21], "inflate": 0.001, "uv": [150, 90]},
						{"origin": [-5.26147, 41.06437, -12.76428], "size": [5, 5, 10], "inflate": 0.001, "uv": [0, 80]},
						{"origin": [-5.26147, 51.06437, -17.76428], "size": [20, 5, 5], "inflate": 0.001, "uv": [30, 158]},
						{"origin": [-0.26147, 56.06437, -17.76428], "size": [10, 5, 5], "inflate": 0.001, "uv": [180, 25]},
						{"origin": [14.73853, 56.06437, -7.76428], "size": [5, 5, 15], "inflate": 0.001, "uv": [127, 160]},
						{"origin": [14.73853, 51.06437, -12.76428], "size": [5, 5, 25], "inflate": 0.001, "uv": [1, 124]},
						{"origin": [4.73853, 61.06437, 7.23572], "size": [5, 5, 5], "inflate": 0.001, "uv": [161, 185]},
						{"origin": [4.73853, 61.06437, -12.76428], "size": [5, 5, 5], "inflate": 0.001, "uv": [36, 183]},
						{"origin": [-5.26147, 61.06437, -2.76428], "size": [5, 5, 5], "inflate": 0.001, "uv": [181, 100]}
					]
				},
				{
					"name": "spike3",
					"parent": "torso",
					"pivot": [-6.5, 26.5, -10],
					"rotation": [0, 0, -27.5],
					"cubes": [
						{"origin": [-12.12132, 24, -9.37868], "size": [5, 7, 5], "inflate": 0.001, "pivot": [-6.5, 26, -10], "rotation": [0, -55, 0], "uv": [88, 10]},
						{"origin": [-11.12132, 31, -8.37868], "size": [3, 4, 3], "inflate": 0.001, "pivot": [-6.5, 26, -10], "rotation": [0, -55, 0], "uv": [105, 194]}
					]
				},
				{
					"name": "spike2",
					"parent": "torso",
					"pivot": [-6.5, 26.5, -1],
					"rotation": [0, 0, -22.5],
					"cubes": [
						{"origin": [-12.12132, 24, -2.37868], "size": [7, 9, 7], "inflate": 0.001, "pivot": [-6.5, 26, -1], "rotation": [0, -45, 0], "uv": [0, 95]},
						{"origin": [-11.12132, 33, -1.37868], "size": [5, 6, 5], "inflate": 0.001, "pivot": [-6.5, 26, -1], "rotation": [0, -45, 0], "uv": [36, 123]}
					]
				},
				{
					"name": "spike",
					"parent": "torso",
					"pivot": [-6.5, 26.5, 8],
					"rotation": [0, 0, -27.5],
					"cubes": [
						{"origin": [-12.12132, 24, 8.62132], "size": [5, 7, 5], "inflate": 0.001, "pivot": [-6.5, 26, 8], "rotation": [0, -35, 0], "uv": [0, 123]},
						{"origin": [-11.12132, 31, 9.62132], "size": [3, 4, 3], "inflate": 0.001, "pivot": [-6.5, 26, 8], "rotation": [0, -35, 0], "uv": [117, 194]}
					]
				},
				{
					"name": "head",
					"parent": "torso",
					"pivot": [0, 12.5, -16],
					"cubes": [
						{"origin": [-4.5, 8, -22.5], "size": [9, 3, 7], "inflate": 0.001, "uv": [122, 70]},
						{"origin": [4.5, 10, -27.5], "size": [0, 1, 5], "uv": [18, 30]},
						{"origin": [-4.5, 10, -27.5], "size": [0, 1, 5], "uv": [23, 60]},
						{"origin": [-4.5, 10, -27.5], "size": [9, 1, 0], "uv": [0, 35]},
						{"origin": [-2.5, 9.5, -30.5], "size": [5, 6, 3], "uv": [190, 66]},
						{"origin": [-4.5, 11, -27.5], "size": [9, 6, 12], "inflate": 0.001, "uv": [162, 36]},
						{"origin": [4.5, 9, -21.75], "size": [4, 4, 5], "uv": [18, 190]},
						{"origin": [8.5, 10, -20.75], "size": [4, 2, 4], "uv": [145, 100]},
						{"origin": [-16.5, 11, -19.75], "size": [4, 0, 3], "uv": [24, 0]},
						{"origin": [-12.5, 10, -20.75], "size": [4, 2, 4], "uv": [56, 123]},
						{"origin": [12.5, 11, -19.75], "size": [4, 0, 3], "uv": [24, 3]},
						{"origin": [-8.5, 9, -21.75], "size": [4, 4, 5], "uv": [75, 163]}
					]
				},
				{
					"name": "eye_left",
					"parent": "head",
					"pivot": [4.01, 13, -24.5],
					"cubes": [
						{"origin": [3.51, 11, -27], "size": [1, 3, 5], "uv": [191, 177]}
					]
				},
				{
					"name": "eyelid_left",
					"parent": "eye_left",
					"pivot": [3.91, 13, -24.5],
					"cubes": [
						{"origin": [3.41, 11, -27], "size": [1, 3, 5], "inflate": 0.01, "uv": [93, 177]}
					]
				},
				{
					"name": "eye_right",
					"parent": "head",
					"pivot": [-4.01, 13, -24.5],
					"cubes": [
						{"origin": [-4.51, 11, -27], "size": [1, 3, 5], "uv": [27, 175]}
					]
				},
				{
					"name": "eyelid_right",
					"parent": "eye_right",
					"pivot": [-3.91, 13, -24.5],
					"cubes": [
						{"origin": [-4.41, 11, -27], "size": [1, 3, 5], "inflate": 0.01, "uv": [130, 161]}
					]
				},
				{
					"name": "jaw",
					"parent": "head",
					"pivot": [0, 11, -22],
					"cubes": [
						{"origin": [-4.5, 10, -27.5], "size": [0, 1, 5], "uv": [23, 62]},
						{"origin": [4.5, 10, -27.5], "size": [0, 1, 5], "uv": [23, 61]},
						{"origin": [-4.5, 8, -27.5], "size": [9, 2, 5], "uv": [162, 54]}
					]
				},
				{
					"name": "tail",
					"parent": "torso",
					"pivot": [0, 12, 14],
					"cubes": [
						{"origin": [-4.5, 7.5, 14], "size": [9, 8, 8], "uv": [89, 43]}
					]
				},
				{
					"name": "tail2",
					"parent": "tail",
					"pivot": [0, 12, 21.5],
					"cubes": [
						{"origin": [-3.5, 8.5, 21], "size": [7, 6, 9], "uv": [0, 60]}
					]
				},
				{
					"name": "tail3",
					"parent": "tail2",
					"pivot": [0, 12, 29.5],
					"cubes": [
						{"origin": [-2.5, 9.5, 29], "size": [5, 4, 9], "uv": [133, 180]}
					]
				},
				{
					"name": "leg_front_left",
					"parent": "body",
					"pivot": [9.20214, 10.36054, -10],
					"cubes": [
						{"origin": [7.5, 5.5, -14.5], "size": [8, 9, 8], "pivot": [15.5, 5.5, -10.5], "rotation": [0, 0, -20], "uv": [177, 160]}
					]
				},
				{
					"name": "foot_front_left",
					"parent": "leg_front_left",
					"pivot": [11.5, 5.5, -12.5],
					"cubes": [
						{"origin": [7, 0, -15], "size": [9, 6, 9], "uv": [0, 175]},
						{"origin": [16, 0, -13], "size": [1, 3, 2], "uv": [89, 43]},
						{"origin": [6, 0, -13], "size": [1, 3, 2], "uv": [0, 60]},
						{"origin": [9.5, 0, -17], "size": [4, 5, 2], "uv": [93, 194]},
						{"origin": [9.5, 0, -6], "size": [4, 5, 2], "uv": [81, 194]}
					]
				},
				{
					"name": "leg_back_left",
					"parent": "body",
					"pivot": [9.20214, 10.36054, 9.5],
					"cubes": [
						{"origin": [7.5, 5.5, 6], "size": [8, 9, 8], "pivot": [15.5, 5.5, 9], "rotation": [0, 0, -20], "uv": [101, 177]}
					]
				},
				{
					"name": "foot_back_left",
					"parent": "leg_back_left",
					"pivot": [11.5, 5.5, 7],
					"cubes": [
						{"origin": [7, 0, 5.5], "size": [9, 6, 9], "uv": [41, 168]},
						{"origin": [16, 0, 7.5], "size": [1, 3, 2], "uv": [24, 43]},
						{"origin": [6, 0, 7.5], "size": [1, 3, 2], "uv": [0, 43]},
						{"origin": [9.5, 0, 3.5], "size": [4, 5, 2], "uv": [69, 194]},
						{"origin": [9.5, 0, 14.5], "size": [4, 5, 2], "uv": [143, 193]}
					]
				},
				{
					"name": "leg_back_right",
					"parent": "body",
					"pivot": [-9.20214, 10.36054, 9.5],
					"cubes": [
						{"origin": [-15.5, 5.5, 6], "size": [8, 9, 8], "pivot": [-15.5, 5.5, 9], "rotation": [0, 0, 20], "uv": [0, 43]}
					]
				},
				{
					"name": "foot_back_right",
					"parent": "leg_back_right",
					"pivot": [-11.5, 5.5, 7],
					"cubes": [
						{"origin": [-16, 0, 5.5], "size": [9, 6, 9], "uv": [0, 0]},
						{"origin": [-17, 0, 7.5], "size": [1, 3, 2], "uv": [0, 15]},
						{"origin": [-7, 0, 7.5], "size": [1, 3, 2], "uv": [0, 0]},
						{"origin": [-13.5, 0, 3.5], "size": [4, 5, 2], "uv": [192, 35]},
						{"origin": [-13.5, 0, 14.5], "size": [4, 5, 2], "uv": [147, 70]}
					]
				},
				{
					"name": "leg_front_right",
					"parent": "body",
					"pivot": [-9.20214, 10.36054, -10],
					"cubes": [
						{"origin": [-15.5, 5.5, -14.5], "size": [8, 9, 8], "pivot": [-15.5, 5.5, -10.5], "rotation": [0, 0, 20], "uv": [69, 177]}
					]
				},
				{
					"name": "foot_front_right",
					"parent": "leg_front_right",
					"pivot": [-11.5, 5.5, -12.5],
					"cubes": [
						{"origin": [-16, 0, -15], "size": [9, 6, 9], "uv": [0, 15]},
						{"origin": [-17, 0, -13], "size": [1, 3, 2], "uv": [30, 30]},
						{"origin": [-7, 0, -13], "size": [1, 3, 2], "uv": [27, 15]},
						{"origin": [-13.5, 0, -17], "size": [4, 5, 2], "uv": [131, 193]},
						{"origin": [-13.5, 0, -6], "size": [4, 5, 2], "uv": [36, 193]}
					]
				}
			]
		}
	]
}