{
	"format_version": "1.12.0",
	"minecraft:geometry": [
		{
			"description": {
				"identifier": "geometry.torterra_oak",
				"texture_width": 256,
				"texture_height": 256,
				"visible_bounds_width": 7,
				"visible_bounds_height": 5.5,
				"visible_bounds_offset": [0, 2.25, 0]
			},
			"bones": [
				{
					"name": "torterra",
					"pivot": [0, 0, 0]
				},
				{
					"name": "body",
					"parent": "torterra",
					"pivot": [0, 14, 0]
				},
				{
					"name": "torso",
					"parent": "body",
					"pivot": [0, 13, 0],
					"cubes": [
						{"origin": [-12, 6.5, -16], "size": [24, 12, 31], "uv": [113, 13]},
						{"origin": [-14, 15, -15], "size": [28, 4, 33], "uv": [91, 96]},
						{"origin": [-14, 15, -23], "size": [28, 4, 8], "inflate": 0.001, "pivot": [0, 15, -15], "rotation": [-20, 0, 0], "uv": [104, 0]},
						{"origin": [-13, 19, -19.5], "size": [26, 7, 36], "inflate": 0.001, "uv": [0, 86]},
						{"origin": [8, 26, -13], "size": [0, 3, 18], "inflate": 0.001, "pivot": [8, 26, -4], "rotation": [0, 0, 5], "uv": [0, 14]},
						{"origin": [10, 22, 5], "size": [5, 6, 0], "inflate": 0.001, "uv": [28, 74]},
						{"origin": [-2, 26, 6], "size": [6, 2, 0], "inflate": 0.001, "pivot": [5.5, 25, 6], "rotation": [0, 42.5, 0], "uv": [20, 36]}
					]
				},
				{
					"name": "tree",
					"parent": "torso",
					"pivot": [7, 25.25, 5.5],
					"rotation": [-5, 0, 5],
					"cubes": [
						{"origin": [3.5, 24, 1], "size": [8, 24, 8], "inflate": 0.001, "uv": [0, 0]}
					]
				},
				{
					"name": "leaves",
					"parent": "tree",
					"pivot": [7.5, 48.26316, 5],
					"cubes": [
						{"origin": [-4, 54.5, -6.5], "size": [23, 4, 23], "inflate": 0.001, "uv": [85, 161]},
						{"origin": [-4, 50.5, -10.5], "size": [23, 4, 31], "inflate": 0.001, "uv": [0, 129]},
						{"origin": [19, 50.5, -6.5], "size": [4, 4, 23], "inflate": 0.001, "uv": [88, 188]},
						{"origin": [23, 47.5, -10.5], "size": [4, 3, 31], "inflate": 0.001, "uv": [41, 169]},
						{"origin": [-12, 47.5, -10.5], "size": [4, 3, 31], "inflate": 0.001, "uv": [180, 92]},
						{"origin": [-8, 47.5, -14.5], "size": [31, 3, 39], "inflate": 0.001, "uv": [0, 44]},
						{"origin": [-8, 50.5, -6.5], "size": [4, 4, 23], "inflate": 0.001, "uv": [188, 56]},
						{"origin": [-8, 54.5, 1.5], "size": [4, 4, 7], "inflate": 0.001, "uv": [185, 165]},
						{"origin": [-12, 50.5, 1.5], "size": [4, 4, 7], "inflate": 0.001, "uv": [40, 181]},
						{"origin": [-16, 47.5, 1.5], "size": [4, 3, 7], "inflate": 0.001, "uv": [188, 56]},
						{"origin": [19, 54.5, 1.5], "size": [4, 4, 7], "inflate": 0.001, "uv": [0, 181]},
						{"origin": [23, 50.5, 1.5], "size": [4, 4, 7], "inflate": 0.001, "uv": [104, 29]},
						{"origin": [27, 47.5, 1.5], "size": [4, 3, 7], "inflate": 0.001, "uv": [185, 176]},
						{"origin": [4, 54.5, -10.5], "size": [7, 4, 4], "inflate": 0.001, "uv": [0, 200]},
						{"origin": [4, 50.5, -14.5], "size": [7, 4, 4], "inflate": 0.001, "uv": [199, 197]},
						{"origin": [4, 47.5, -18.5], "size": [7, 3, 4], "inflate": 0.001, "uv": [22, 200]},
						{"origin": [4, 54.5, 16.5], "size": [7, 4, 4], "inflate": 0.001, "uv": [177, 197]},
						{"origin": [4, 50.5, 20.5], "size": [7, 4, 4], "inflate": 0.001, "uv": [155, 197]},
						{"origin": [4, 47.5, 24.5], "size": [7, 3, 4], "inflate": 0.001, "uv": [180, 116]}
					]
				},
				{
					"name": "vine",
					"parent": "leaves",
					"pivot": [19.5, 47, -15],
					"cubes": [
						{"origin": [15.5, 27, -15], "size": [8, 20, 0], "inflate": 0.001, "pivot": [19.5, 47, -15], "rotation": [5, 0, 0], "uv": [154, 161]}
					]
				},
				{
					"name": "vine2",
					"parent": "leaves",
					"pivot": [-0.5, 47, 25],
					"cubes": [
						{"origin": [-4.5, 31, 25], "size": [8, 16, 0], "inflate": 0.001, "pivot": [-0.5, 47, 25], "rotation": [5, 0, 0], "uv": [119, 188]}
					]
				},
				{
					"name": "vine4",
					"parent": "leaves",
					"pivot": [-12.5, 47.36384, -2.6666],
					"cubes": [
						{"origin": [-12.5, 39, -7], "size": [0, 8, 8], "inflate": 0.001, "pivot": [-12.5, 47, -7], "rotation": [5, 0, 0], "uv": [126, 21]}
					]
				},
				{
					"name": "vine5",
					"parent": "leaves",
					"pivot": [27.5, 47.37145, -2.49229],
					"cubes": [
						{"origin": [27.5, 35, -7], "size": [0, 12, 8], "inflate": 0.001, "pivot": [27.5, 47, -7], "rotation": [5, 0, 0], "uv": [107, 125]}
					]
				},
				{
					"name": "outerleaves",
					"parent": "leaves",
					"pivot": [2.5, 14.5, -11.5],
					"cubes": [
						{"origin": [-4.5, 55, -7], "size": [24, 4, 24], "inflate": 0.001, "uv": [108, 133]},
						{"origin": [-4.5, 51, -11], "size": [24, 4, 32], "inflate": 0.001, "uv": [108, 56]},
						{"origin": [19.5, 51, -7], "size": [4, 4, 24], "inflate": 0.001, "uv": [185, 165]},
						{"origin": [23.5, 47, -11], "size": [4, 4, 32], "inflate": 0.001, "uv": [0, 164]},
						{"origin": [-12.5, 47, -11], "size": [4, 4, 32], "inflate": 0.001, "uv": [145, 161]},
						{"origin": [-8.5, 47, -15], "size": [32, 4, 40], "inflate": 0.001, "uv": [0, 0]},
						{"origin": [-8.5, 51, -7], "size": [4, 4, 24], "inflate": 0.001, "uv": [185, 137]},
						{"origin": [-8.5, 55, 1], "size": [4, 4, 8], "inflate": 0.001, "uv": [180, 145]},
						{"origin": [-12.5, 51, 1], "size": [4, 4, 8], "inflate": 0.001, "uv": [180, 92]},
						{"origin": [-16.5, 47, 1], "size": [4, 4, 8], "inflate": 0.001, "uv": [176, 0]},
						{"origin": [19.5, 55, 1], "size": [4, 4, 8], "inflate": 0.001, "uv": [180, 133]},
						{"origin": [23.5, 51, 1], "size": [4, 4, 8], "inflate": 0.001, "uv": [180, 104]},
						{"origin": [27.5, 47, 1], "size": [4, 4, 8], "inflate": 0.001, "uv": [80, 164]},
						{"origin": [3.5, 55, -11], "size": [8, 4, 4], "inflate": 0.001, "uv": [192, 20]},
						{"origin": [3.5, 51, -15], "size": [8, 4, 4], "inflate": 0.001, "uv": [192, 0]},
						{"origin": [3.5, 47, -19], "size": [8, 4, 4], "inflate": 0.001, "uv": [80, 176]},
						{"origin": [3.5, 55, 17], "size": [8, 4, 4], "inflate": 0.001, "uv": [192, 12]},
						{"origin": [3.5, 51, 21], "size": [8, 4, 4], "inflate": 0.001, "uv": [80, 188]},
						{"origin": [3.5, 47, 25], "size": [8, 4, 4], "inflate": 0.001, "uv": [77, 151]}
					]
				},
				{
					"name": "spike3",
					"parent": "torso",
					"pivot": [-6.5, 26.5, -10],
					"rotation": [0, 0, -27.5],
					"cubes": [
						{"origin": [-12.12132, 24, -9.37868], "size": [5, 7, 5], "inflate": 0.001, "pivot": [-6.5, 26, -10], "rotation": [0, -55, 0], "uv": [188, 66]},
						{"origin": [-11.12132, 31, -8.37868], "size": [3, 4, 3], "inflate": 0.001, "pivot": [-6.5, 26, -10], "rotation": [0, -55, 0], "uv": [15, 181]}
					]
				},
				{
					"name": "spike2",
					"parent": "torso",
					"pivot": [-6.5, 26.5, -1],
					"rotation": [0, 0, -22.5],
					"cubes": [
						{"origin": [-12.12132, 24, -2.37868], "size": [7, 9, 7], "inflate": 0.001, "pivot": [-6.5, 26, -1], "rotation": [0, -45, 0], "uv": [0, 129]},
						{"origin": [-11.12132, 33, -1.37868], "size": [5, 6, 5], "inflate": 0.001, "pivot": [-6.5, 26, -1], "rotation": [0, -45, 0], "uv": [135, 197]}
					]
				},
				{
					"name": "spike",
					"parent": "torso",
					"pivot": [-6.5, 26.5, 8],
					"rotation": [0, 0, -27.5],
					"cubes": [
						{"origin": [-12.12132, 24, 8.62132], "size": [5, 7, 5], "inflate": 0.001, "pivot": [-6.5, 26, 8], "rotation": [0, -35, 0], "uv": [192, 28]},
						{"origin": [-11.12132, 31, 9.62132], "size": [3, 4, 3], "inflate": 0.001, "pivot": [-6.5, 26, 8], "rotation": [0, -35, 0], "uv": [55, 181]}
					]
				},
				{
					"name": "head",
					"parent": "torso",
					"pivot": [0, 12.5, -16],
					"cubes": [
						{"origin": [-4.5, 8, -22.5], "size": [9, 3, 7], "inflate": 0.001, "uv": [101, 73]},
						{"origin": [4.5, 10, -27.5], "size": [0, 1, 5], "uv": [18, 30]},
						{"origin": [-4.5, 10, -27.5], "size": [0, 1, 5], "uv": [28, 30]},
						{"origin": [-4.5, 10, -27.5], "size": [9, 1, 0], "uv": [0, 35]},
						{"origin": [-2.5, 9.5, -30.5], "size": [5, 6, 3], "uv": [57, 203]},
						{"origin": [-4.5, 11, -27.5], "size": [9, 6, 12], "inflate": 0.001, "uv": [77, 133]},
						{"origin": [4.5, 9, -21.75], "size": [4, 4, 5], "uv": [39, 203]},
						{"origin": [8.5, 10, -20.75], "size": [4, 2, 4], "uv": [88, 86]},
						{"origin": [-16.5, 11, -19.75], "size": [4, 0, 3], "uv": [29, 6]},
						{"origin": [-12.5, 10, -20.75], "size": [4, 2, 4], "uv": [24, 0]},
						{"origin": [12.5, 11, -19.75], "size": [4, 0, 3], "uv": [29, 9]},
						{"origin": [-8.5, 9, -21.75], "size": [4, 4, 5], "uv": [114, 146]}
					]
				},
				{
					"name": "eye_left",
					"parent": "head",
					"pivot": [4.01, 13, -24.5],
					"cubes": [
						{"origin": [3.51, 11, -27], "size": [1, 3, 5], "uv": [111, 107]}
					]
				},
				{
					"name": "eyelid_left",
					"parent": "eye_left",
					"pivot": [3.91, 13, -24.5],
					"cubes": [
						{"origin": [3.41, 11, -27], "size": [1, 3, 5], "inflate": 0.01, "uv": [101, 44]}
					]
				},
				{
					"name": "eye_right",
					"parent": "head",
					"pivot": [-4.01, 13, -24.5],
					"cubes": [
						{"origin": [-4.51, 11, -27], "size": [1, 3, 5], "uv": [27, 59]}
					]
				},
				{
					"name": "eyelid_right",
					"parent": "eye_right",
					"pivot": [-3.91, 13, -24.5],
					"cubes": [
						{"origin": [-4.41, 11, -27], "size": [1, 3, 5], "inflate": 0.01, "uv": [27, 44]}
					]
				},
				{
					"name": "jaw",
					"parent": "head",
					"pivot": [0, 11, -22],
					"cubes": [
						{"origin": [-4.5, 10, -27.5], "size": [0, 1, 5], "uv": [10, 31]},
						{"origin": [4.5, 10, -27.5], "size": [0, 1, 5], "uv": [0, 31]},
						{"origin": [-4.5, 8, -27.5], "size": [9, 2, 5], "uv": [0, 74]}
					]
				},
				{
					"name": "tail",
					"parent": "torso",
					"pivot": [0, 12, 14],
					"cubes": [
						{"origin": [-4.5, 7.5, 14], "size": [9, 8, 8], "uv": [0, 101]}
					]
				},
				{
					"name": "tail2",
					"parent": "tail",
					"pivot": [0, 12, 21.5],
					"cubes": [
						{"origin": [-3.5, 8.5, 21], "size": [7, 6, 9], "uv": [88, 107]}
					]
				},
				{
					"name": "tail3",
					"parent": "tail2",
					"pivot": [0, 12, 29.5],
					"cubes": [
						{"origin": [-2.5, 9.5, 29], "size": [5, 4, 9], "uv": [0, 145]}
					]
				},
				{
					"name": "leg_front_left",
					"parent": "body",
					"pivot": [9.20214, 10.36054, -10],
					"cubes": [
						{"origin": [7.5, 5.5, -14.5], "size": [8, 9, 8], "pivot": [15.5, 5.5, -10.5], "rotation": [0, 0, -20], "uv": [40, 164]}
					]
				},
				{
					"name": "foot_front_left",
					"parent": "leg_front_left",
					"pivot": [11.5, 5.5, -12.5],
					"cubes": [
						{"origin": [7, 0, -15], "size": [9, 6, 9], "uv": [88, 92]},
						{"origin": [16, 0, -13], "size": [1, 3, 2], "uv": [0, 86]},
						{"origin": [6, 0, -13], "size": [1, 3, 2], "uv": [0, 59]},
						{"origin": [9.5, 0, -17], "size": [4, 5, 2], "uv": [168, 0]},
						{"origin": [9.5, 0, -6], "size": [4, 5, 2], "uv": [96, 164]}
					]
				},
				{
					"name": "leg_back_left",
					"parent": "body",
					"pivot": [9.20214, 10.36054, 9.5],
					"cubes": [
						{"origin": [7.5, 5.5, 6], "size": [8, 9, 8], "pivot": [15.5, 5.5, 9], "rotation": [0, 0, -20], "uv": [0, 164]}
					]
				},
				{
					"name": "foot_back_left",
					"parent": "leg_back_left",
					"pivot": [11.5, 5.5, 7],
					"cubes": [
						{"origin": [7, 0, 5.5], "size": [9, 6, 9], "uv": [0, 86]},
						{"origin": [16, 0, 7.5], "size": [1, 3, 2], "uv": [0, 44]},
						{"origin": [6, 0, 7.5], "size": [1, 3, 2], "uv": [32, 27]},
						{"origin": [9.5, 0, 3.5], "size": [4, 5, 2], "uv": [19, 145]},
						{"origin": [9.5, 0, 14.5], "size": [4, 5, 2], "uv": [77, 136]}
					]
				},
				{
					"name": "leg_back_right",
					"parent": "body",
					"pivot": [-9.20214, 10.36054, 9.5],
					"cubes": [
						{"origin": [-15.5, 5.5, 6], "size": [8, 9, 8], "pivot": [-15.5, 5.5, 9], "rotation": [0, 0, 20], "uv": [101, 56]}
					]
				},
				{
					"name": "foot_back_right",
					"parent": "leg_back_right",
					"pivot": [-11.5, 5.5, 7],
					"cubes": [
						{"origin": [-16, 0, 5.5], "size": [9, 6, 9], "uv": [0, 44]},
						{"origin": [-17, 0, 7.5], "size": [1, 3, 2], "uv": [32, 12]},
						{"origin": [-7, 0, 7.5], "size": [1, 3, 2], "uv": [0, 0]},
						{"origin": [-13.5, 0, 3.5], "size": [4, 5, 2], "uv": [126, 73]},
						{"origin": [-13.5, 0, 14.5], "size": [4, 5, 2], "uv": [125, 56]}
					]
				},
				{
					"name": "leg_front_right",
					"parent": "body",
					"pivot": [-9.20214, 10.36054, -10],
					"cubes": [
						{"origin": [-15.5, 5.5, -14.5], "size": [8, 9, 8], "pivot": [-15.5, 5.5, -10.5], "rotation": [0, 0, 20], "uv": [104, 12]}
					]
				},
				{
					"name": "foot_front_right",
					"parent": "leg_front_right",
					"pivot": [-11.5, 5.5, -12.5],
					"cubes": [
						{"origin": [-16, 0, -15], "size": [9, 6, 9], "uv": [0, 59]},
						{"origin": [-17, 0, -13], "size": [1, 3, 2], "uv": [32, 22]},
						{"origin": [-7, 0, -13], "size": [1, 3, 2], "uv": [32, 17]},
						{"origin": [-13.5, 0, -17], "size": [4, 5, 2], "uv": [77, 129]},
						{"origin": [-13.5, 0, -6], "size": [4, 5, 2], "uv": [128, 12]}
					]
				}
			]
		}
	]
}