{
	"format_version": "1.12.0",
	"minecraft:geometry": [
		{
			"description": {
				"identifier": "geometry.torterra_cherry",
				"texture_width": 512,
				"texture_height": 256,
				"visible_bounds_width": 7,
				"visible_bounds_height": 5.5,
				"visible_bounds_offset": [0, 2.25, 0]
			},
			"bones": [
				{
					"name": "torterra",
					"pivot": [0, 0, 0]
				},
				{
					"name": "body",
					"parent": "torterra",
					"pivot": [0, 14, 0]
				},
				{
					"name": "torso",
					"parent": "body",
					"pivot": [0, 13, 0],
					"cubes": [
						{"origin": [-12, 6.5, -16], "size": [24, 12, 31], "uv": [290, 157]},
						{"origin": [-14, 15, -15], "size": [28, 4, 33], "uv": [198, 93]},
						{"origin": [-14, 15, -23], "size": [28, 4, 8], "inflate": 0.001, "pivot": [0, 15, -15], "rotation": [-20, 0, 0], "uv": [84, 189]},
						{"origin": [-13, 19, -19.5], "size": [26, 7, 36], "inflate": 0.001, "uv": [86, 146]},
						{"origin": [8, 26, -13], "size": [0, 3, 18], "inflate": 0.001, "pivot": [8, 26, -4], "rotation": [0, 0, 5], "uv": [0, 32]},
						{"origin": [10, 22, 5], "size": [5, 6, 0], "inflate": 0.001, "uv": [0, 35]},
						{"origin": [0, 26, 6], "size": [6, 2, 0], "inflate": 0.001, "pivot": [5.5, 25, 6], "rotation": [0, 42.5, 0], "uv": [41, 13]}
					]
				},
				{
					"name": "tree",
					"parent": "torso",
					"pivot": [7, 25.25, 5.5],
					"rotation": [-5, 0, 5],
					"cubes": [
						{"origin": [5, 24, 2.5], "size": [5, 20, 5], "uv": [170, 201]},
						{"origin": [5, 29, -7.5], "size": [5, 5, 10], "uv": [189, 65]},
						{"origin": [5, 34, 7.5], "size": [5, 5, 10], "uv": [189, 50]},
						{"origin": [5, 34, -7.5], "size": [5, 10, 5], "uv": [456, 0]},
						{"origin": [5, 39, 12.5], "size": [5, 5, 5], "uv": [487, 55]}
					]
				},
				{
					"name": "leaves",
					"parent": "tree",
					"pivot": [7.83333, 41.33333, 2.83333],
					"cubes": [
						{"origin": [1, 60, -1.5], "size": [5, 5, 8], "inflate": 0.001, "uv": [205, 201]},
						{"origin": [6, 60, -11.5], "size": [8, 5, 33], "inflate": 0.001, "uv": [220, 130]},
						{"origin": [6, 60, -13.5], "size": [3, 5, 2], "inflate": 0.001, "uv": [0, 20]},
						{"origin": [-4, 55, -21.5], "size": [23, 5, 33], "inflate": 0.001, "uv": [400, 157]},
						{"origin": [1, 55, 11.5], "size": [18, 5, 10], "inflate": 0.001, "uv": [374, 50]},
						{"origin": [6, 55, 21.5], "size": [8, 5, 5], "inflate": 0.001, "uv": [220, 146]},
						{"origin": [6, 55, -26.5], "size": [8, 5, 5], "inflate": 0.001, "uv": [205, 214]},
						{"origin": [1, 50, -26.5], "size": [18, 5, 5], "inflate": 0.001, "uv": [79, 133]},
						{"origin": [6, 50, -31.5], "size": [3, 5, 5], "inflate": 0.001, "uv": [112, 60]},
						{"origin": [1, 47, -31.5], "size": [8, 3, 5], "inflate": 0.001, "uv": [189, 80]},
						{"origin": [1, 42, -31.5], "size": [3, 5, 5], "inflate": 0.001, "uv": [37, 103]},
						{"origin": [-4, 42, -16.5], "size": [5, 5, 3], "inflate": 0.001, "uv": [125, 105]},
						{"origin": [1, 32, -16.5], "size": [3, 10, 3], "inflate": 0.001, "uv": [89, 60]},
						{"origin": [-9, 42, -6.5], "size": [3, 5, 3], "inflate": 0.001, "uv": [129, 118]},
						{"origin": [-9, 42, 3.5], "size": [5, 5, 3], "inflate": 0.001, "uv": [122, 30]},
						{"origin": [-9, 37, 13.5], "size": [3, 10, 3], "inflate": 0.001, "uv": [0, 70]},
						{"origin": [1, 42, -26.5], "size": [13, 5, 5], "inflate": 0.001, "uv": [150, 50]},
						{"origin": [1, 42, -21.5], "size": [18, 5, 43], "inflate": 0.001, "uv": [0, 118]},
						{"origin": [1, 42, 21.5], "size": [13, 5, 10], "inflate": 0.001, "uv": [0, 35]},
						{"origin": [11, 37, 28.5], "size": [3, 5, 3], "inflate": 0.001, "uv": [116, 78]},
						{"origin": [-4, 42, -1.5], "size": [5, 5, 23], "inflate": 0.001, "uv": [456, 0]},
						{"origin": [-4, 37, 23.5], "size": [3, 10, 3], "inflate": 0.001, "uv": [43, 17]},
						{"origin": [19, 42, 3.5], "size": [5, 5, 8], "inflate": 0.001, "uv": [28, 0]},
						{"origin": [16, 37, 8.5], "size": [3, 5, 3], "inflate": 0.001, "uv": [0, 90]},
						{"origin": [16, 37, -11.5], "size": [3, 5, 3], "inflate": 0.001, "uv": [43, 47]},
						{"origin": [19, 47, -16.5], "size": [5, 5, 3], "inflate": 0.001, "uv": [122, 15]},
						{"origin": [19, 47, -1.5], "size": [5, 3, 23], "inflate": 0.001, "uv": [456, 88]},
						{"origin": [19, 50, -1.5], "size": [5, 2, 18], "inflate": 0.001, "uv": [0, 0]},
						{"origin": [1, 47, -26.5], "size": [18, 5, 53], "inflate": 0.001, "uv": [0, 60]},
						{"origin": [-4, 50, -21.5], "size": [23, 2, 38], "inflate": 0.001, "uv": [0, 166]},
						{"origin": [1, 47, 26.5], "size": [13, 3, 5], "inflate": 0.001, "uv": [89, 105]},
						{"origin": [-4, 47, -21.5], "size": [5, 5, 48], "inflate": 0.001, "uv": [189, 40]},
						{"origin": [-9, 47, -11.5], "size": [5, 3, 33], "inflate": 0.001, "uv": [413, 0]},
						{"origin": [11, 50, 26.5], "size": [3, 5, 5], "inflate": 0.001, "uv": [36, 35]},
						{"origin": [-4, 52, -21.5], "size": [28, 3, 38], "inflate": 0.001, "uv": [104, 105]},
						{"origin": [-9, 50, -1.5], "size": [5, 5, 13], "inflate": 0.001, "uv": [89, 60]},
						{"origin": [-9, 52, -16.5], "size": [5, 3, 8], "inflate": 0.001, "uv": [211, 57]},
						{"origin": [-9, 50, -11.5], "size": [5, 2, 3], "inflate": 0.001, "uv": [28, 13]},
						{"origin": [-4, 52, 16.5], "size": [23, 3, 10], "inflate": 0.001, "uv": [220, 183]},
						{"origin": [1, 60, -16.5], "size": [8, 5, 3], "inflate": 0.001, "uv": [456, 103]}
					],
					"locators": {
						"petals": [-2, 50, -12]
					}
				},
				{
					"name": "outerleaves",
					"parent": "leaves",
					"pivot": [2.48678, 40.37824, 3.41736],
					"cubes": [
						{"origin": [5, 61, -12.5], "size": [10, 5, 35], "inflate": 0.001, "uv": [401, 88]},
						{"origin": [-5, 56, -22.5], "size": [25, 5, 35], "inflate": 0.001, "uv": [180, 0]},
						{"origin": [0, 56, 12.5], "size": [20, 5, 10], "inflate": 0.001, "uv": [79, 118]},
						{"origin": [5, 56, 22.5], "size": [10, 5, 5], "inflate": 0.001, "uv": [401, 98]},
						{"origin": [5, 56, -27.5], "size": [10, 5, 5], "inflate": 0.001, "uv": [88, 206]},
						{"origin": [0, 51, -27.5], "size": [20, 5, 5], "inflate": 0.001, "uv": [0, 60]},
						{"origin": [5, 51, -32.5], "size": [5, 5, 5], "inflate": 0.001, "uv": [247, 70]},
						{"origin": [0, 46, -32.5], "size": [10, 5, 5], "inflate": 0.001, "uv": [401, 88]},
						{"origin": [0, 41, -32.5], "size": [5, 5, 5], "inflate": 0.001, "uv": [247, 40]},
						{"origin": [-5, 41, -17.5], "size": [5, 5, 5], "inflate": 0.001, "uv": [487, 45]},
						{"origin": [0, 31, -17.5], "size": [5, 10, 5], "inflate": 0.001, "uv": [456, 88]},
						{"origin": [-10, 41, -7.5], "size": [5, 5, 5], "inflate": 0.001, "uv": [416, 2]},
						{"origin": [-10, 41, 2.5], "size": [5, 5, 5], "inflate": 0.001, "uv": [396, 2]},
						{"origin": [-10, 36, 12.5], "size": [5, 10, 5], "inflate": 0.001, "uv": [452, 45]},
						{"origin": [0, 41, -27.5], "size": [15, 5, 5], "inflate": 0.001, "uv": [0, 118]},
						{"origin": [0, 41, -22.5], "size": [20, 5, 45], "inflate": 0.001, "uv": [95, 0]},
						{"origin": [0, 41, 22.5], "size": [15, 5, 10], "inflate": 0.001, "uv": [0, 20]},
						{"origin": [10, 36, 27.5], "size": [5, 5, 5], "inflate": 0.001, "uv": [376, 2]},
						{"origin": [-5, 41, -2.5], "size": [5, 5, 25], "inflate": 0.001, "uv": [369, 157]},
						{"origin": [-5, 36, 22.5], "size": [5, 10, 5], "inflate": 0.001, "uv": [401, 108]},
						{"origin": [20, 41, 2.5], "size": [5, 5, 10], "inflate": 0.001, "uv": [180, 0]},
						{"origin": [15, 36, 7.5], "size": [5, 5, 5], "inflate": 0.001, "uv": [356, 2]},
						{"origin": [15, 36, -12.5], "size": [5, 5, 5], "inflate": 0.001, "uv": [420, 50]},
						{"origin": [20, 46, -17.5], "size": [5, 5, 5], "inflate": 0.001, "uv": [247, 50]},
						{"origin": [20, 46, -2.5], "size": [5, 5, 25], "inflate": 0.001, "uv": [452, 45]},
						{"origin": [0, 46, -27.5], "size": [20, 5, 55], "inflate": 0.001, "uv": [0, 0]},
						{"origin": [0, 46, 27.5], "size": [15, 5, 5], "inflate": 0.001, "uv": [0, 128]},
						{"origin": [-5, 46, -22.5], "size": [5, 5, 50], "inflate": 0.001, "uv": [160, 146]},
						{"origin": [-10, 46, -12.5], "size": [5, 5, 35], "inflate": 0.001, "uv": [407, 45]},
						{"origin": [10, 51, 27.5], "size": [5, 5, 5], "inflate": 0.001, "uv": [247, 60]},
						{"origin": [-5, 51, -22.5], "size": [30, 5, 40], "inflate": 0.001, "uv": [89, 60]},
						{"origin": [-10, 51, -2.5], "size": [5, 5, 15], "inflate": 0.001, "uv": [0, 70]},
						{"origin": [-10, 51, -17.5], "size": [5, 5, 10], "inflate": 0.001, "uv": [180, 15]},
						{"origin": [-5, 51, 17.5], "size": [25, 5, 10], "inflate": 0.001, "uv": [220, 168]},
						{"origin": [0, 61, -17.5], "size": [10, 5, 5], "inflate": 0.001, "uv": [88, 216]},
						{"origin": [0, 61, -2.5], "size": [5, 5, 10], "inflate": 0.001, "uv": [0, 183]}
					]
				},
				{
					"name": "spike3",
					"parent": "torso",
					"pivot": [-6.5, 26.5, -10],
					"rotation": [0, 0, -27.5],
					"cubes": [
						{"origin": [-12.12132, 24, -9.37868], "size": [5, 7, 5], "inflate": 0.001, "pivot": [-6.5, 26, -10], "rotation": [0, -55, 0], "uv": [30, 90]},
						{"origin": [-11.12132, 31, -8.37868], "size": [3, 4, 3], "inflate": 0.001, "pivot": [-6.5, 26, -10], "rotation": [0, -55, 0], "uv": [172, 189]}
					]
				},
				{
					"name": "spike2",
					"parent": "torso",
					"pivot": [-6.5, 26.5, -1],
					"rotation": [0, 0, -22.5],
					"cubes": [
						{"origin": [-12.12132, 24, -2.37868], "size": [7, 9, 7], "inflate": 0.001, "pivot": [-6.5, 26, -1], "rotation": [0, -45, 0], "uv": [198, 105]},
						{"origin": [-11.12132, 33, -1.37868], "size": [5, 6, 5], "inflate": 0.001, "pivot": [-6.5, 26, -1], "rotation": [0, -45, 0], "uv": [230, 130]}
					]
				},
				{
					"name": "spike",
					"parent": "torso",
					"pivot": [-6.5, 26.5, 8],
					"rotation": [0, 0, -27.5],
					"cubes": [
						{"origin": [-12.12132, 24, 8.62132], "size": [5, 7, 5], "inflate": 0.001, "pivot": [-6.5, 26, 8], "rotation": [0, -35, 0], "uv": [215, 75]},
						{"origin": [-11.12132, 31, 9.62132], "size": [3, 4, 3], "inflate": 0.001, "pivot": [-6.5, 26, 8], "rotation": [0, -35, 0], "uv": [184, 189]}
					]
				},
				{
					"name": "head",
					"parent": "torso",
					"pivot": [0, 12.5, -16],
					"cubes": [
						{"origin": [-4.5, 8, -22.5], "size": [9, 3, 7], "inflate": 0.001, "uv": [198, 130]},
						{"origin": [4.5, 10, -27.5], "size": [0, 1, 5], "uv": [0, 22]},
						{"origin": [-4.5, 10, -27.5], "size": [0, 1, 5], "uv": [0, 23]},
						{"origin": [-4.5, 10, -27.5], "size": [9, 1, 0], "uv": [0, 53]},
						{"origin": [-2.5, 9.5, -30.5], "size": [5, 6, 3], "uv": [122, 0]},
						{"origin": [-4.5, 11, -27.5], "size": [9, 6, 12], "inflate": 0.001, "uv": [0, 90]},
						{"origin": [4.5, 9, -21.75], "size": [4, 4, 5], "uv": [0, 9]},
						{"origin": [8.5, 10, -20.75], "size": [4, 2, 4], "uv": [26, 138]},
						{"origin": [-16.5, 11, -19.75], "size": [4, 0, 3], "uv": [25, 0]},
						{"origin": [-12.5, 10, -20.75], "size": [4, 2, 4], "uv": [125, 133]},
						{"origin": [12.5, 11, -19.75], "size": [4, 0, 3], "uv": [25, 3]},
						{"origin": [-8.5, 9, -21.75], "size": [4, 4, 5], "uv": [0, 0]}
					]
				},
				{
					"name": "eye_left",
					"parent": "head",
					"pivot": [4.01, 13, -24.5],
					"cubes": [
						{"origin": [3.51, 11, -27], "size": [1, 3, 5], "uv": [20, 183]}
					]
				},
				{
					"name": "eyelid_left",
					"parent": "eye_left",
					"pivot": [3.91, 13, -24.5],
					"cubes": [
						{"origin": [3.41, 11, -27], "size": [1, 3, 5], "inflate": 0.01, "uv": [107, 166]}
					]
				},
				{
					"name": "eye_right",
					"parent": "head",
					"pivot": [-4.01, 13, -24.5],
					"cubes": [
						{"origin": [-4.51, 11, -27], "size": [1, 3, 5], "uv": [24, 166]}
					]
				},
				{
					"name": "eyelid_right",
					"parent": "eye_right",
					"pivot": [-3.91, 13, -24.5],
					"cubes": [
						{"origin": [-4.41, 11, -27], "size": [1, 3, 5], "inflate": 0.01, "uv": [29, 149]}
					]
				},
				{
					"name": "jaw",
					"parent": "head",
					"pivot": [0, 11, -22],
					"cubes": [
						{"origin": [-4.5, 10, -27.5], "size": [0, 1, 5], "uv": [0, 36]},
						{"origin": [4.5, 10, -27.5], "size": [0, 1, 5], "uv": [0, 24]},
						{"origin": [-4.5, 8, -27.5], "size": [9, 2, 5], "uv": [89, 93]}
					]
				},
				{
					"name": "tail",
					"parent": "torso",
					"pivot": [0, 12, 14],
					"cubes": [
						{"origin": [-4.5, 7.5, 14], "size": [9, 8, 8], "uv": [0, 138]}
					]
				},
				{
					"name": "tail2",
					"parent": "tail",
					"pivot": [0, 12, 21.5],
					"cubes": [
						{"origin": [-3.5, 8.5, 21], "size": [7, 6, 9], "uv": [84, 166]}
					]
				},
				{
					"name": "tail3",
					"parent": "tail2",
					"pivot": [0, 12, 29.5],
					"cubes": [
						{"origin": [-2.5, 9.5, 29], "size": [5, 4, 9], "uv": [25, 70]}
					]
				},
				{
					"name": "leg_front_left",
					"parent": "body",
					"pivot": [9.20214, 10.36054, -10],
					"cubes": [
						{"origin": [7.5, 5.5, -14.5], "size": [8, 9, 8], "pivot": [15.5, 5.5, -10.5], "rotation": [0, 0, -20], "uv": [174, 163]}
					]
				},
				{
					"name": "foot_front_left",
					"parent": "leg_front_left",
					"pivot": [11.5, 5.5, -12.5],
					"cubes": [
						{"origin": [7, 0, -15], "size": [9, 6, 9], "uv": [95, 30]},
						{"origin": [16, 0, -13], "size": [1, 3, 2], "uv": [45, 90]},
						{"origin": [6, 0, -13], "size": [1, 3, 2], "uv": [89, 78]},
						{"origin": [9.5, 0, -17], "size": [4, 5, 2], "uv": [160, 189]},
						{"origin": [9.5, 0, -6], "size": [4, 5, 2], "uv": [148, 189]}
					]
				},
				{
					"name": "leg_back_left",
					"parent": "body",
					"pivot": [9.20214, 10.36054, 9.5],
					"cubes": [
						{"origin": [7.5, 5.5, 6], "size": [8, 9, 8], "pivot": [15.5, 5.5, 9], "rotation": [0, 0, -20], "uv": [174, 146]}
					]
				},
				{
					"name": "foot_back_left",
					"parent": "leg_back_left",
					"pivot": [11.5, 5.5, 7],
					"cubes": [
						{"origin": [7, 0, 5.5], "size": [9, 6, 9], "uv": [95, 15]},
						{"origin": [16, 0, 7.5], "size": [1, 3, 2], "uv": [44, 70]},
						{"origin": [6, 0, 7.5], "size": [1, 3, 2], "uv": [25, 70]},
						{"origin": [9.5, 0, 3.5], "size": [4, 5, 2], "uv": [189, 93]},
						{"origin": [9.5, 0, 14.5], "size": [4, 5, 2], "uv": [186, 50]}
					]
				},
				{
					"name": "leg_back_right",
					"parent": "body",
					"pivot": [-9.20214, 10.36054, 9.5],
					"cubes": [
						{"origin": [-15.5, 5.5, 6], "size": [8, 9, 8], "pivot": [-15.5, 5.5, 9], "rotation": [0, 0, 20], "uv": [79, 143]}
					]
				},
				{
					"name": "foot_back_right",
					"parent": "leg_back_right",
					"pivot": [-11.5, 5.5, 7],
					"cubes": [
						{"origin": [-16, 0, 5.5], "size": [9, 6, 9], "uv": [89, 78]},
						{"origin": [-17, 0, 7.5], "size": [1, 3, 2], "uv": [47, 35]},
						{"origin": [-7, 0, 7.5], "size": [1, 3, 2], "uv": [46, 0]},
						{"origin": [-13.5, 0, 3.5], "size": [4, 5, 2], "uv": [117, 93]},
						{"origin": [-13.5, 0, 14.5], "size": [4, 5, 2], "uv": [40, 83]}
					]
				},
				{
					"name": "leg_front_right",
					"parent": "body",
					"pivot": [-9.20214, 10.36054, -10],
					"cubes": [
						{"origin": [-15.5, 5.5, -14.5], "size": [8, 9, 8], "pivot": [-15.5, 5.5, -10.5], "rotation": [0, 0, 20], "uv": [0, 166]}
					]
				},
				{
					"name": "foot_front_right",
					"parent": "leg_front_right",
					"pivot": [-11.5, 5.5, -12.5],
					"cubes": [
						{"origin": [-16, 0, -15], "size": [9, 6, 9], "uv": [95, 0]},
						{"origin": [-17, 0, -13], "size": [1, 3, 2], "uv": [45, 60]},
						{"origin": [-7, 0, -13], "size": [1, 3, 2], "uv": [36, 50]},
						{"origin": [-13.5, 0, -17], "size": [4, 5, 2], "uv": [12, 154]},
						{"origin": [-13.5, 0, -6], "size": [4, 5, 2], "uv": [0, 154]}
					]
				}
			]
		}
	]
}