{
	"format_version": "1.12.0",
	"minecraft:geometry": [
		{
			"description": {
				"identifier": "geometry.torterra",
				"texture_width": 256,
				"texture_height": 256,
				"visible_bounds_width": 7,
				"visible_bounds_height": 5.5,
				"visible_bounds_offset": [0, 2.25, 0]
			},
			"bones": [
				{
					"name": "torterra",
					"pivot": [0, 0, 0]
				},
				{
					"name": "body",
					"parent": "torterra",
					"pivot": [0, 14, 0]
				},
				{
					"name": "torso",
					"parent": "body",
					"pivot": [0, 13, 0],
					"cubes": [
						{"origin": [-12, 6.5, -16], "size": [24, 12, 31], "uv": [0, 80]},
						{"origin": [-14, 15, -15], "size": [28, 4, 33], "uv": [0, 43]},
						{"origin": [-14, 15, -23], "size": [28, 4, 8], "inflate": 0.001, "pivot": [0, 15, -15], "rotation": [-20, 0, 0], "uv": [88, 0]},
						{"origin": [-13, 19, -19.5], "size": [26, 7, 36], "inflate": 0.001, "uv": [0, 0]},
						{"origin": [8, 26, -13], "size": [0, 3, 18], "inflate": 0.001, "pivot": [8, 26, -4], "rotation": [0, 0, 12.5], "uv": [0, 0]},
						{"origin": [10, 22, 5], "size": [5, 6, 0], "inflate": 0.001, "uv": [25, 24]},
						{"origin": [0, 26, 6], "size": [6, 2, 0], "inflate": 0.001, "pivot": [5.5, 25, 6], "rotation": [0, 42.5, 0], "uv": [10, 34]}
					]
				},
				{
					"name": "tree",
					"parent": "torso",
					"pivot": [5, 25.25, 5.5],
					"rotation": [-12.5, 0, 12.5],
					"cubes": [
						{"origin": [3.73205, 31.18085, 0.92642], "size": [4, 12, 4], "inflate": 0.001, "pivot": [4.5, 35, 4], "rotation": [35, 0, -30], "uv": [92, 136]},
						{"origin": [5, 24, 2.5], "size": [5, 12, 5], "inflate": 0.001, "uv": [55, 123]},
						{"origin": [6, 33, 4.5], "size": [3, 12, 3], "inflate": 0.001, "pivot": [5.5, 34, 6], "rotation": [-37.5, 0, 0], "uv": [144, 94]},
						{"origin": [6.53209, 34.28558, 4], "size": [3, 9, 3], "inflate": 0.001, "pivot": [6.5, 33.5, 5.5], "rotation": [0, 0, 40], "uv": [0, 43]}
					]
				},
				{
					"name": "leaves2",
					"parent": "tree",
					"pivot": [7, 41.59442, 4.57923],
					"rotation": [9.91615, 1.29876, -7.38733],
					"cubes": [
						{"origin": [-8.5, 37.00966, -16.94474], "size": [6, 9, 31], "inflate": 0.001, "uv": [49, 136]},
						{"origin": [-2.5, 37.00966, -16.94474], "size": [7, 9, 5], "inflate": 0.001, "uv": [0, 96]},
						{"origin": [-2.5, 37.00966, -11.94474], "size": [7, 2, 26], "inflate": 0.001, "uv": [138, 141]},
						{"origin": [-2.5, 39.00966, -11.94474], "size": [18, 14, 26], "inflate": 0.001, "uv": [96, 54]},
						{"origin": [1.5, 39.00966, 14.05526], "size": [12, 9, 8], "inflate": 0.001, "uv": [71, 176]},
						{"origin": [10.5, 35.00966, -3.94474], "size": [11, 10, 13], "inflate": 0.001, "uv": [158, 51]}
					]
				},
				{
					"name": "outerleaves2",
					"parent": "leaves2",
					"pivot": [-2.5, 13.00966, -7.44474],
					"cubes": [
						{"origin": [-8, 37.50966, -16.44474], "size": [12, 8, 30], "inflate": 0.002, "uv": [94, 13]},
						{"origin": [-2, 39.50966, -11.44474], "size": [17, 13, 25], "inflate": 0.001, "uv": [85, 98]},
						{"origin": [2, 39.50966, 13.55526], "size": [11, 8, 8], "inflate": 0.001, "uv": [178, 30]},
						{"origin": [11, 35.50966, -3.44474], "size": [10, 9, 12], "inflate": 0.001, "uv": [111, 169]}
					]
				},
				{
					"name": "spike3",
					"parent": "torso",
					"pivot": [-6.5, 26.5, -10],
					"rotation": [0, 0, -27.5],
					"cubes": [
						{"origin": [-12.12132, 24, -9.37868], "size": [5, 7, 5], "inflate": 0.001, "pivot": [-6.5, 26, -10], "rotation": [0, -55, 0], "uv": [141, 136]},
						{"origin": [-11.12132, 31, -8.37868], "size": [3, 4, 3], "inflate": 0.001, "pivot": [-6.5, 26, -10], "rotation": [0, -55, 0], "uv": [178, 0]}
					]
				},
				{
					"name": "spike2",
					"parent": "torso",
					"pivot": [-6.5, 26.5, -1],
					"rotation": [0, 0, -22.5],
					"cubes": [
						{"origin": [-12.12132, 24, -2.37868], "size": [7, 9, 7], "inflate": 0.001, "pivot": [-6.5, 26, -1], "rotation": [0, -45, 0], "uv": [0, 80]},
						{"origin": [-11.12132, 33, -1.37868], "size": [5, 6, 5], "inflate": 0.001, "pivot": [-6.5, 26, -1], "rotation": [0, -45, 0], "uv": [141, 148]}
					]
				},
				{
					"name": "spike",
					"parent": "torso",
					"pivot": [-6.5, 26.5, 8],
					"rotation": [0, 0, -27.5],
					"cubes": [
						{"origin": [-12.12132, 24, 8.62132], "size": [5, 7, 5], "inflate": 0.001, "pivot": [-6.5, 26, 8], "rotation": [0, -35, 0], "uv": [148, 30]},
						{"origin": [-11.12132, 31, 9.62132], "size": [3, 4, 3], "inflate": 0.001, "pivot": [-6.5, 26, 8], "rotation": [0, -35, 0], "uv": [56, 183]}
					]
				},
				{
					"name": "head",
					"parent": "torso",
					"pivot": [0, 12.5, -16],
					"cubes": [
						{"origin": [-4.5, 8, -22.5], "size": [9, 3, 7], "inflate": 0.001, "uv": [0, 24]},
						{"origin": [4.5, 10, -27.5], "size": [0, 1, 5], "uv": [0, 11]},
						{"origin": [-4.5, 10, -27.5], "size": [0, 1, 5], "uv": [0, 12]},
						{"origin": [-4.5, 10, -27.5], "size": [9, 1, 0], "uv": [0, 15]},
						{"origin": [-2.5, 9.5, -30.5], "size": [5, 6, 3], "uv": [79, 80]},
						{"origin": [-4.5, 11, -27.5], "size": [9, 6, 12], "inflate": 0.001, "uv": [178, 0]},
						{"origin": [4.5, 9, -21.75], "size": [4, 4, 5], "uv": [48, 158]},
						{"origin": [8.5, 10, -20.75], "size": [4, 2, 4], "uv": [92, 152]},
						{"origin": [-16.5, 11, -19.75], "size": [4, 0, 3], "uv": [15, 15]},
						{"origin": [-12.5, 10, -20.75], "size": [4, 2, 4], "uv": [0, 142]},
						{"origin": [12.5, 11, -19.75], "size": [4, 0, 3], "uv": [23, 15]},
						{"origin": [-8.5, 9, -21.75], "size": [4, 4, 5], "uv": [0, 158]}
					]
				},
				{
					"name": "eye_left",
					"parent": "head",
					"pivot": [4.01, 13, -24.5],
					"cubes": [
						{"origin": [3.51, 11, -27], "size": [1, 3, 5], "uv": [111, 12]}
					]
				},
				{
					"name": "eyelid_left",
					"parent": "eye_left",
					"pivot": [3.91, 13, -24.5],
					"cubes": [
						{"origin": [3.41, 11, -27], "size": [1, 3, 5], "inflate": 0.01, "uv": [98, 94]}
					]
				},
				{
					"name": "eye_right",
					"parent": "head",
					"pivot": [-4.01, 13, -24.5],
					"cubes": [
						{"origin": [-4.51, 11, -27], "size": [1, 3, 5], "uv": [88, 12]}
					]
				},
				{
					"name": "eyelid_right",
					"parent": "eye_right",
					"pivot": [-3.91, 13, -24.5],
					"cubes": [
						{"origin": [-4.41, 11, -27], "size": [1, 3, 5], "inflate": 0.01, "uv": [19, 43]}
					]
				},
				{
					"name": "jaw",
					"parent": "head",
					"pivot": [0, 11, -22],
					"cubes": [
						{"origin": [-4.5, 10, -27.5], "size": [0, 1, 5], "uv": [0, 29]},
						{"origin": [4.5, 10, -27.5], "size": [0, 1, 5], "uv": [25, 25]},
						{"origin": [-4.5, 8, -27.5], "size": [9, 2, 5], "uv": [89, 68]}
					]
				},
				{
					"name": "tail",
					"parent": "torso",
					"pivot": [0, 12, 14],
					"cubes": [
						{"origin": [-4.5, 7.5, 14], "size": [9, 8, 8], "uv": [187, 186]}
					]
				},
				{
					"name": "tail2",
					"parent": "tail",
					"pivot": [0, 12, 21.5],
					"cubes": [
						{"origin": [-3.5, 8.5, 21], "size": [7, 6, 9], "uv": [0, 61]}
					]
				},
				{
					"name": "tail3",
					"parent": "tail2",
					"pivot": [0, 12, 29.5],
					"cubes": [
						{"origin": [-2.5, 9.5, 29], "size": [5, 4, 9], "uv": [79, 94]}
					]
				},
				{
					"name": "leg_front_left",
					"parent": "body",
					"pivot": [9.20214, 10.36054, -10],
					"cubes": [
						{"origin": [7.5, 5.5, -14.5], "size": [8, 9, 8], "pivot": [15.5, 5.5, -10.5], "rotation": [0, 0, -20], "uv": [103, 190]}
					]
				},
				{
					"name": "foot_front_left",
					"parent": "leg_front_left",
					"pivot": [11.5, 5.5, -12.5],
					"cubes": [
						{"origin": [7, 0, -15], "size": [9, 6, 9], "uv": [184, 74]},
						{"origin": [16, 0, -13], "size": [1, 3, 2], "uv": [0, 80]},
						{"origin": [6, 0, -13], "size": [1, 3, 2], "uv": [0, 61]},
						{"origin": [9.5, 0, -17], "size": [4, 5, 2], "uv": [176, 114]},
						{"origin": [9.5, 0, -6], "size": [4, 5, 2], "uv": [56, 176]}
					]
				},
				{
					"name": "leg_back_left",
					"parent": "body",
					"pivot": [9.20214, 10.36054, 9.5],
					"cubes": [
						{"origin": [7.5, 5.5, 6], "size": [8, 9, 8], "pivot": [15.5, 5.5, 9], "rotation": [0, 0, -20], "uv": [189, 89]}
					]
				},
				{
					"name": "foot_back_left",
					"parent": "leg_back_left",
					"pivot": [11.5, 5.5, 7],
					"cubes": [
						{"origin": [7, 0, 5.5], "size": [9, 6, 9], "uv": [180, 169]},
						{"origin": [16, 0, 7.5], "size": [1, 3, 2], "uv": [25, 51]},
						{"origin": [6, 0, 7.5], "size": [1, 3, 2], "uv": [19, 51]},
						{"origin": [9.5, 0, 3.5], "size": [4, 5, 2], "uv": [168, 30]},
						{"origin": [9.5, 0, 14.5], "size": [4, 5, 2], "uv": [28, 168]}
					]
				},
				{
					"name": "leg_back_right",
					"parent": "body",
					"pivot": [-9.20214, 10.36054, 9.5],
					"cubes": [
						{"origin": [-15.5, 5.5, 6], "size": [8, 9, 8], "pivot": [-15.5, 5.5, 9], "rotation": [0, 0, 20], "uv": [89, 51]}
					]
				},
				{
					"name": "foot_back_right",
					"parent": "leg_back_right",
					"pivot": [-11.5, 5.5, 7],
					"cubes": [
						{"origin": [-16, 0, 5.5], "size": [9, 6, 9], "uv": [0, 0]},
						{"origin": [-17, 0, 7.5], "size": [1, 3, 2], "uv": [0, 24]},
						{"origin": [-7, 0, 7.5], "size": [1, 3, 2], "uv": [0, 0]},
						{"origin": [-13.5, 0, 3.5], "size": [4, 5, 2], "uv": [66, 158]},
						{"origin": [-13.5, 0, 14.5], "size": [4, 5, 2], "uv": [158, 51]}
					]
				},
				{
					"name": "leg_front_right",
					"parent": "body",
					"pivot": [-9.20214, 10.36054, -10],
					"cubes": [
						{"origin": [-15.5, 5.5, -14.5], "size": [8, 9, 8], "pivot": [-15.5, 5.5, -10.5], "rotation": [0, 0, 20], "uv": [0, 188]}
					]
				},
				{
					"name": "foot_front_right",
					"parent": "leg_front_right",
					"pivot": [-11.5, 5.5, -12.5],
					"cubes": [
						{"origin": [-16, 0, -15], "size": [9, 6, 9], "uv": [178, 141]},
						{"origin": [-17, 0, -13], "size": [1, 3, 2], "uv": [26, 43]},
						{"origin": [-7, 0, -13], "size": [1, 3, 2], "uv": [27, 0]},
						{"origin": [-13.5, 0, -17], "size": [4, 5, 2], "uv": [0, 167]},
						{"origin": [-13.5, 0, -6], "size": [4, 5, 2], "uv": [164, 114]}
					]
				}
			]
		}
	]
}