{
	"format_version": "1.12.0",
	"minecraft:geometry": [
		{
			"description": {
				"identifier": "geometry.gengar",
				"texture_width": 128,
				"texture_height": 128,
				"visible_bounds_width": 4,
				"visible_bounds_height": 4.5,
				"visible_bounds_offset": [0, 1.75, 0]
			},
			"bones": [
				{
					"name": "gengar",
					"pivot": [0, 0, 0]
				},
				{
					"name": "body",
					"parent": "gengar",
					"pivot": [0, 18, 0.5]
				},
				{
					"name": "torso",
					"parent": "body",
					"pivot": [0, 9, 0.25],
					"cubes": [
						{"origin": [-10.5, 5.5, -9], "size": [21, 25, 20], "uv": [0, 0]},
						{"origin": [0, 15.5, 0.5], "size": [0, 19, 17], "uv": [0, 30]},
						{"origin": [6, 17.5, 0.5], "size": [0, 17, 15], "pivot": [6, 45.5, 9], "rotation": [0, 20, 0], "uv": [34, 49]},
						{"origin": [-6, 17.5, 1.5], "size": [0, 17, 15], "pivot": [-6, 45.5, 9], "rotation": [0, -20, 0], "uv": [34, 32]}
					]
				},
				{
					"name": "tongue",
					"parent": "torso",
					"pivot": [0, 11.5, 2],
					"cubes": [
						{"origin": [-7.5, 11.5, -8], "size": [15, 0, 10], "uv": [57, 10]}
					]
				},
				{
					"name": "tongue2",
					"parent": "tongue",
					"pivot": [0, 11.5, -8],
					"rotation": [-90, 0, 0],
					"cubes": [
						{"origin": [-7.5, 11.5, -18], "size": [15, 0, 10], "uv": [57, 0]}
					]
				},
				{
					"name": "tongue3",
					"parent": "tongue2",
					"pivot": [0, 11.5, -18],
					"rotation": [-90, 0, 0],
					"cubes": [
						{"origin": [-7.5, 11.5, -28], "size": [15, 0, 10], "uv": [54, 47]}
					]
				},
				{
					"name": "eye_right",
					"parent": "torso",
					"pivot": [-6, 22.5, -8.5],
					"cubes": [
						{"origin": [-9, 18.5, -9], "size": [7, 7, 1], "inflate": 0.01, "uv": [98, 102]}
					]
				},
				{
					"name": "eyelid_right",
					"parent": "eye_right",
					"pivot": [-5.5, 22, -8.4],
					"cubes": [
						{"origin": [-9, 18.5, -8.9], "size": [7, 7, 1], "inflate": 0.02, "uv": [94, 48]}
					]
				},
				{
					"name": "eye_left",
					"parent": "torso",
					"pivot": [6, 22.5, -8.5],
					"cubes": [
						{"origin": [2, 18.5, -9], "size": [7, 7, 1], "inflate": 0.01, "uv": [34, 81]}
					]
				},
				{
					"name": "eyelid_left",
					"parent": "eye_left",
					"pivot": [5.5, 22, -8.4],
					"cubes": [
						{"origin": [2, 18.5, -8.9], "size": [7, 7, 1], "inflate": 0.02, "uv": [0, 12]}
					]
				},
				{
					"name": "mouth_closed",
					"parent": "torso",
					"pivot": [0, 15.45, -9],
					"cubes": [
						{"origin": [-10.5, 11.45, -9], "size": [21, 7, 0], "inflate": 0.01, "uv": [80, 79]}
					]
				},
				{
					"name": "mouth_ajar",
					"parent": "torso",
					"pivot": [0, 14.45, -8.9],
					"cubes": [
						{"origin": [-10.5, 9.95, -8.9], "size": [21, 9, 0], "inflate": 0.01, "uv": [64, 70]}
					]
				},
				{
					"name": "mouth_open",
					"parent": "torso",
					"pivot": [0, 13.95, -8.9],
					"cubes": [
						{"origin": [-10.5, 7.45, -8.9], "size": [21, 13, 0], "inflate": 0.01, "uv": [64, 57]}
					]
				},
				{
					"name": "ear_right",
					"parent": "torso",
					"pivot": [-7.75, 26.75, 0.5],
					"rotation": [-20, 20, -35],
					"cubes": [
						{"origin": [-11.25, 27.25, 0.5], "size": [9, 12, 0], "uv": [80, 102]}
					]
				},
				{
					"name": "ear_left",
					"parent": "torso",
					"pivot": [7.75, 26.75, 0.5],
					"rotation": [-20, -20, 35],
					"cubes": [
						{"origin": [2.25, 27.25, 0.5], "size": [9, 12, 0], "uv": [0, 0]}
					]
				},
				{
					"name": "arm_right",
					"parent": "torso",
					"pivot": [-11, 20.25, -0.25],
					"cubes": [
						{"origin": [-16, 16.75, -4.25], "size": [7, 7, 8], "uv": [88, 20]}
					]
				},
				{
					"name": "arm_right2",
					"parent": "arm_right",
					"pivot": [-16, 20.25, 3.25],
					"cubes": [
						{"origin": [-21, 17.25, -3.75], "size": [5, 6, 7], "uv": [97, 0]}
					],
					"locators": {
						"held_item": [-22.5, 19.75, 0]
					}
				},
				{
					"name": "finger_right_index",
					"parent": "arm_right2",
					"pivot": [-20.75, 20.25, -1.75],
					"rotation": [0, -30, 0],
					"cubes": [
						{"origin": [-22.75, 20.25, -3.25], "size": [2, 0, 2], "uv": [23, 66]}
					]
				},
				{
					"name": "finger_right_middle",
					"parent": "arm_right2",
					"pivot": [-21, 20.25, -0.25],
					"cubes": [
						{"origin": [-23, 20.25, -1.25], "size": [2, 0, 2], "uv": [0, 66]}
					]
				},
				{
					"name": "finger_right_ring",
					"parent": "arm_right2",
					"pivot": [-20.75, 20.25, 1.25],
					"rotation": [0, 30, 0],
					"cubes": [
						{"origin": [-22.75, 20.25, 0.75], "size": [2, 0, 2], "uv": [14, 18]}
					]
				},
				{
					"name": "arm_left",
					"parent": "torso",
					"pivot": [11, 20.25, -0.25],
					"cubes": [
						{"origin": [9, 16.75, -4.25], "size": [7, 7, 8], "uv": [81, 87]}
					]
				},
				{
					"name": "arm_left2",
					"parent": "arm_left",
					"pivot": [16, 20.25, 3.25],
					"cubes": [
						{"origin": [16, 17.25, -3.75], "size": [5, 6, 7], "uv": [56, 95]}
					]
				},
				{
					"name": "finger_left_index",
					"parent": "arm_left2",
					"pivot": [20.75, 20.25, -1.75],
					"rotation": [0, 30, 0],
					"cubes": [
						{"origin": [20.75, 20.25, -3.25], "size": [2, 0, 2], "uv": [14, 16]}
					]
				},
				{
					"name": "finger_left_middle",
					"parent": "arm_left2",
					"pivot": [21, 20.25, -0.25],
					"cubes": [
						{"origin": [21, 20.25, -1.25], "size": [2, 0, 2], "uv": [14, 14]}
					]
				},
				{
					"name": "finger_left_ring",
					"parent": "arm_left2",
					"pivot": [20.75, 20.25, 1.25],
					"rotation": [0, -30, 0],
					"cubes": [
						{"origin": [20.75, 20.25, 0.75], "size": [2, 0, 2], "uv": [14, 12]}
					]
				},
				{
					"name": "tail",
					"parent": "torso",
					"pivot": [0, 10.5, 6.5],
					"cubes": [
						{"origin": [-5.5, 5, 8], "size": [11, 10, 6], "uv": [0, 82]}
					]
				},
				{
					"name": "tail2",
					"parent": "tail",
					"pivot": [0, 9.5, 13],
					"cubes": [
						{"origin": [-3.5, 6, 13], "size": [7, 7, 5], "uv": [0, 98]}
					]
				},
				{
					"name": "leg_right",
					"parent": "body",
					"pivot": [-10, 10, 0.5],
					"cubes": [
						{"origin": [-12, 5, -4], "size": [8, 7, 9], "inflate": 0.01, "uv": [55, 79]}
					]
				},
				{
					"name": "leg_right2",
					"parent": "leg_right",
					"pivot": [-8, 5, -3.5],
					"cubes": [
						{"origin": [-11.5, 0, -3.5], "size": [7, 5, 8], "uv": [94, 35]}
					]
				},
				{
					"name": "toe_right",
					"parent": "leg_right2",
					"pivot": [-8, 0, -3.5],
					"cubes": [
						{"origin": [-8, 0, -5.5], "size": [0, 2, 2], "uv": [0, 68]}
					]
				},
				{
					"name": "toe_right2",
					"parent": "leg_right2",
					"pivot": [-10, 0, -3.5],
					"rotation": [0, 30, 0],
					"cubes": [
						{"origin": [-10, 0, -5.5], "size": [0, 2, 2], "uv": [29, 66]}
					]
				},
				{
					"name": "toe_left2",
					"parent": "leg_right2",
					"pivot": [-6, 0, -3.5],
					"rotation": [0, -30, 0],
					"cubes": [
						{"origin": [-6, 0, -5.5], "size": [0, 2, 2], "uv": [25, 66]}
					]
				},
				{
					"name": "leg_left",
					"parent": "body",
					"pivot": [10, 10, 0.5],
					"cubes": [
						{"origin": [4, 5, -4], "size": [8, 7, 9], "inflate": 0.01, "uv": [0, 66]}
					]
				},
				{
					"name": "leg_left2",
					"parent": "leg_left",
					"pivot": [8, 5, -3.5],
					"cubes": [
						{"origin": [4.5, 0, -3.5], "size": [7, 5, 8], "uv": [26, 90]}
					]
				},
				{
					"name": "toe_left",
					"parent": "leg_left2",
					"pivot": [8, 0, -3.5],
					"cubes": [
						{"origin": [8, 0, -5.5], "size": [0, 2, 2], "uv": [4, 66]}
					]
				},
				{
					"name": "toe_right4",
					"parent": "leg_left2",
					"pivot": [10, 0, -3.5],
					"rotation": [0, -30, 0],
					"cubes": [
						{"origin": [10, 0, -5.5], "size": [0, 2, 2], "uv": [0, 66]}
					]
				},
				{
					"name": "toe_left3",
					"parent": "leg_left2",
					"pivot": [6, 0, -3.5],
					"rotation": [0, 30, 0],
					"cubes": [
						{"origin": [6, 0, -5.5], "size": [0, 2, 2], "uv": [29, 64]}
					]
				}
			]
		}
	]
}