{
	"format_version": "1.12.0",
	"minecraft:geometry": [
		{
			"description": {
				"identifier": "geometry.jolteon",
				"texture_width": 64,
				"texture_height": 64,
				"visible_bounds_width": 3,
				"visible_bounds_height": 2.5,
				"visible_bounds_offset": [0, 0.75, 0]
			},
			"bones": [
				{
					"name": "jolteon",
					"pivot": [0, 0, 0]
				},
				{
					"name": "body",
					"parent": "jolteon",
					"pivot": [0, 9.75, 0]
				},
				{
					"name": "torso",
					"parent": "body",
					"pivot": [0, 9.75, 0],
					"cubes": [
						{"origin": [-3.5, 6.75, -7], "size": [7, 6, 14], "uv": [0, 0]}
					]
				},
				{
					"name": "head",
					"parent": "torso",
					"pivot": [0, 11.75, -6.5],
					"cubes": [
						{"origin": [-3.5, 10.75, -11], "size": [7, 6, 6], "inflate": 0.01, "uv": [19, 21]},
						{"origin": [-3, 17.5, -8.75], "size": [6, 0, 5], "pivot": [0, 17.25, -6.25], "rotation": [20, 0, 0], "uv": [0, 27]},
						{"origin": [-2, 11.75, -13], "size": [4, 2, 2], "uv": [50, 32]},
						{"origin": [-0.5, 12.75, -13.01], "size": [1, 1, 0], "uv": [12, 62]}
					],
					"locators": {
						"held_item_fixed": {
							"offset": [0, 11.75, -11.5],
							"rotation": [90, 0, 0]
						}
					}
				},
				{
					"name": "jaw",
					"parent": "head",
					"pivot": [0, 11.75, -11.05],
					"cubes": [
						{"origin": [-1.5, 10.75, -12.9], "size": [3, 1, 2], "uv": [51, 37]}
					]
				},
				{
					"name": "eyes",
					"parent": "head",
					"pivot": [0, 14, -9]
				},
				{
					"name": "eye_right",
					"parent": "eyes",
					"pivot": [-3.015, 14.25, -9.515],
					"cubes": [
						{"origin": [-3.515, 13.25, -11.015], "size": [1, 2, 3], "uv": [10, 56], "mirror": true}
					]
				},
				{
					"name": "eyelid_right",
					"parent": "eye_right",
					"pivot": [-2.915, 14.25, -9.415],
					"cubes": [
						{"origin": [-3.415, 13.25, -10.915], "size": [1, 2, 3], "inflate": 0.01, "uv": [0, 56]}
					]
				},
				{
					"name": "eye_left",
					"parent": "eyes",
					"pivot": [3.015, 14.25, -9.515],
					"cubes": [
						{"origin": [2.515, 13.25, -11.015], "size": [1, 2, 3], "uv": [10, 56]}
					]
				},
				{
					"name": "eyelid_left",
					"parent": "eye_left",
					"pivot": [2.915, 14.25, -9.415],
					"cubes": [
						{"origin": [2.415, 13.25, -10.915], "size": [1, 2, 3], "inflate": 0.01, "uv": [0, 56], "mirror": true}
					]
				},
				{
					"name": "ear_right",
					"parent": "head",
					"pivot": [-3, 15.5, -7.5],
					"rotation": [-55, -10, -7.5],
					"cubes": [
						{"origin": [-3, 15.5, -10], "size": [0, 10, 5], "uv": [40, 28]}
					]
				},
				{
					"name": "ear_left",
					"parent": "head",
					"pivot": [3, 15.5, -7.5],
					"rotation": [-55, 10, 7.5],
					"cubes": [
						{"origin": [3, 15.5, -10], "size": [0, 10, 5], "uv": [40, 28], "mirror": true}
					]
				},
				{
					"name": "ruff",
					"parent": "torso",
					"pivot": [0, 10.42959, -4.15284],
					"cubes": [
						{"origin": [-4, 5.5, -7.5], "size": [8, 6, 0], "pivot": [0, 9.25, -7.5], "rotation": [5, 0, 0], "uv": [14, 47]},
						{"origin": [-4.5, 13.25, -5.5], "size": [9, 0, 7], "pivot": [0, 13.25, -3], "rotation": [12.5, 0, 0], "uv": [0, 20]},
						{"origin": [-5.25, 6.25, -7.5], "size": [0, 7, 8], "pivot": [-4.92101, 9.75, -2.78015], "rotation": [0, -17.5, 0], "uv": [0, 25]},
						{"origin": [5.25, 6.25, -7.5], "size": [0, 7, 8], "pivot": [4.92101, 9.75, -2.78015], "rotation": [0, 17.5, 0], "uv": [19, 25]}
					]
				},
				{
					"name": "spikes",
					"parent": "torso",
					"pivot": [0, 12.75, 1],
					"cubes": [
						{"origin": [-5, 13.5, 1], "size": [10, 0, 10], "pivot": [-0.5, 13.325, 4.25], "rotation": [12.5, 0, 0], "uv": [18, 0]},
						{"origin": [-5.25, 6.575, 0.75], "size": [0, 7, 10], "pivot": [-4.65, 10.575, 6.25], "rotation": [0, -17.5, 0], "uv": [20, 30]},
						{"origin": [5.25, 6.575, 0.75], "size": [0, 7, 10], "pivot": [4.65, 10.575, 6.25], "rotation": [0, 17.5, 0], "uv": [0, 30]}
					]
				},
				{
					"name": "leg_front_right",
					"parent": "body",
					"pivot": [-2.5, 9, -4.5],
					"rotation": [7.5, 0, 0],
					"cubes": [
						{"origin": [-4, 4.5, -6], "size": [3, 6, 3], "inflate": 0.01, "uv": [42, 10], "mirror": true}
					]
				},
				{
					"name": "leg_front_right2",
					"parent": "leg_front_right",
					"pivot": [-2.5, 4.5, -3],
					"rotation": [-22.5, 0, 0],
					"cubes": [
						{"origin": [-4, 0.5, -6], "size": [3, 4, 3], "uv": [42, 19], "mirror": true}
					]
				},
				{
					"name": "leg_front_right3",
					"parent": "leg_front_right2",
					"pivot": [-2.5, 1, -4.5],
					"rotation": [15, 0, 0],
					"cubes": [
						{"origin": [-4, -0.75, -6.25], "size": [3, 2, 3], "inflate": 0.01, "uv": [26, 59], "mirror": true}
					]
				},
				{
					"name": "leg_front_left",
					"parent": "body",
					"pivot": [2.5, 9, -4.5],
					"rotation": [7.5, 0, 0],
					"cubes": [
						{"origin": [1, 4.5, -6], "size": [3, 6, 3], "inflate": 0.01, "uv": [42, 10]}
					]
				},
				{
					"name": "leg_front_left2",
					"parent": "leg_front_left",
					"pivot": [2.5, 4.5, -3],
					"rotation": [-22.5, 0, 0],
					"cubes": [
						{"origin": [1, 0.5, -6], "size": [3, 4, 3], "uv": [42, 19]}
					]
				},
				{
					"name": "leg_front_left3",
					"parent": "leg_front_left2",
					"pivot": [2.5, 1, -4.5],
					"rotation": [15, 0, 0],
					"cubes": [
						{"origin": [1, -0.75, -6.25], "size": [3, 2, 3], "inflate": 0.01, "uv": [26, 59]}
					]
				},
				{
					"name": "leg_back_right",
					"parent": "body",
					"pivot": [-2.5, 9, 4.75],
					"rotation": [5, 0, 0],
					"cubes": [
						{"origin": [-4, 4.5, 2.75], "size": [3, 6, 4], "inflate": 0.01, "uv": [50, 54], "mirror": true}
					]
				},
				{
					"name": "leg_back_right2",
					"parent": "leg_back_right",
					"pivot": [-2.5, 4.25, 6.25],
					"rotation": [-12.5, 0, 0],
					"cubes": [
						{"origin": [-4, 0.75, 4.25], "size": [3, 4, 3], "uv": [48, 0], "mirror": true}
					]
				},
				{
					"name": "leg_back_right3",
					"parent": "leg_back_right2",
					"pivot": [-2.5, 1.25, 5.75],
					"rotation": [7.5, 0, 0],
					"cubes": [
						{"origin": [-4, -0.25, 4], "size": [3, 2, 3], "inflate": 0.01, "uv": [38, 59], "mirror": true}
					]
				},
				{
					"name": "leg_back_left",
					"parent": "body",
					"pivot": [2.5, 9, 4.75],
					"rotation": [5, 0, 0],
					"cubes": [
						{"origin": [1, 4.5, 2.75], "size": [3, 6, 4], "inflate": 0.01, "uv": [50, 54]}
					]
				},
				{
					"name": "leg_back_left2",
					"parent": "leg_back_left",
					"pivot": [2.5, 4.25, 6.25],
					"rotation": [-12.5, 0, 0],
					"cubes": [
						{"origin": [1, 0.75, 4.25], "size": [3, 4, 3], "uv": [48, 0]}
					]
				},
				{
					"name": "leg_back_left3",
					"parent": "leg_back_left2",
					"pivot": [2.5, 1.25, 5.75],
					"rotation": [7.5, 0, 0],
					"cubes": [
						{"origin": [1, -0.25, 4], "size": [3, 2, 3], "inflate": 0.01, "uv": [38, 59]}
					]
				}
			]
		}
	]
}