{
	"format_version": "1.12.0",
	"minecraft:geometry": [
		{
			"description": {
				"identifier": "geometry.minun",
				"texture_width": 64,
				"texture_height": 64,
				"visible_bounds_width": 3,
				"visible_bounds_height": 2.5,
				"visible_bounds_offset": [0, 0.75, 0]
			},
			"bones": [
				{
					"name": "minun",
					"pivot": [0, 0, 0]
				},
				{
					"name": "body",
					"parent": "minun",
					"pivot": [0, 4, -0.75],
					"cubes": [
						{"origin": [-3, 1, -2.75], "size": [6, 6, 4], "uv": [0, 14]}
					]
				},
				{
					"name": "head",
					"parent": "body",
					"pivot": [0, 7, -0.75],
					"cubes": [
						{"origin": [-4.5, 7, -4.25], "size": [9, 7, 7], "uv": [0, 0]},
						{"origin": [-1, 7.75, -4.325], "size": [2, 1, 0], "uv": [0, 0]},
						{"origin": [-0.5, 9, -4.325], "size": [1, 1, 0], "uv": [0, 0]}
					]
				},
				{
					"name": "lefteye",
					"parent": "head",
					"pivot": [2.5, 10.5, -4.275],
					"rotation": [0, 0, -2.5],
					"cubes": [
						{"origin": [1.5, 9, -4.275], "size": [2, 3, 0], "uv": [45, 0]}
					]
				},
				{
					"name": "righteye",
					"parent": "head",
					"pivot": [-2.5, 10.5, -4.275],
					"rotation": [0, 0, 2.5],
					"cubes": [
						{"origin": [-3.5, 9, -4.275], "size": [2, 3, 0], "uv": [45, 0], "mirror": true}
					]
				},
				{
					"name": "lefteyelid",
					"parent": "head",
					"pivot": [2.5, 10.5, -3.525],
					"rotation": [0, 0, -2.5],
					"cubes": [
						{"origin": [1.5, 9, -4.025], "size": [2, 3, 1], "inflate": 0.02, "uv": [45, 5]}
					]
				},
				{
					"name": "righteyelid",
					"parent": "head",
					"pivot": [-2.5, 10.5, -3.525],
					"rotation": [0, 0, 2.5],
					"cubes": [
						{"origin": [-3.5, 9, -4.025], "size": [2, 3, 1], "inflate": 0.02, "uv": [45, 5], "mirror": true}
					]
				},
				{
					"name": "leftear",
					"parent": "head",
					"pivot": [2.75, 13, -0.75],
					"rotation": [0, 0, 30],
					"cubes": [
						{"origin": [0.25, 13, -0.75], "size": [5, 10, 0], "uv": [0, 24]}
					]
				},
				{
					"name": "rightear",
					"parent": "head",
					"pivot": [-2.75, 13, -0.75],
					"rotation": [0, 0, -30],
					"cubes": [
						{"origin": [-5.25, 13, -0.75], "size": [5, 10, 0], "uv": [20, 14]}
					]
				},
				{
					"name": "leftarm",
					"parent": "body",
					"pivot": [3, 5.75, -1],
					"cubes": [
						{"origin": [3, 4.75, -2], "size": [4, 2, 2], "uv": [26, 24]}
					]
				},
				{
					"name": "rightarm",
					"parent": "body",
					"pivot": [-3, 5.75, -1],
					"cubes": [
						{"origin": [-7, 4.75, -2], "size": [4, 2, 2], "uv": [28, 28]}
					]
				},
				{
					"name": "tail",
					"parent": "body",
					"pivot": [0, 2.75, 1.25],
					"cubes": [
						{"origin": [0, 1.75, 1.25], "size": [0, 2, 1], "uv": [0, 0]},
						{"origin": [0, 0.25, 2.25], "size": [0, 5, 2], "uv": [12, 22]}
					]
				},
				{
					"name": "leftfoot",
					"parent": "body",
					"pivot": [1.75, 1, 0],
					"cubes": [
						{"origin": [0.75, 0, -3], "size": [2, 1, 4], "uv": [25, 0]}
					]
				},
				{
					"name": "rightfoot",
					"parent": "body",
					"pivot": [-1.75, 1, 0],
					"cubes": [
						{"origin": [-2.75, 0, -3], "size": [2, 1, 4], "uv": [18, 24]}
					]
				}
			]
		}
	]
}