{
	"format_version": "1.12.0",
	"minecraft:geometry": [
		{
			"description": {
				"identifier": "geometry.gastly",
				"texture_width": 32,
				"texture_height": 32,
				"visible_bounds_width": 2,
				"visible_bounds_height": 2.5,
				"visible_bounds_offset": [0, 0.75, 0]
			},
			"bones": [
				{
					"name": "gastly",
					"pivot": [0, 0, 0]
				},
				{
					"name": "body",
					"parent": "gastly",
					"pivot": [0, 4, 0],
					"locators": {
						"gas": {
							"offset": [0, 4, 2],
							"rotation": [-90, 0, 0]
						}
					}
				},
				{
					"name": "torso",
					"parent": "body",
					"pivot": [0, 4, 0],
					"cubes": [
						{"origin": [-3, 1, -3], "size": [6, 6, 6], "uv": [0, 0]}
					],
					"locators": {
						"held_item_fixed": {
							"offset": [0, 7.5, 1.5],
							"rotation": [90, 0, 0]
						}
					}
				},
				{
					"name": "mouth",
					"parent": "torso",
					"pivot": [0, 2, -3.01]
				},
				{
					"name": "mouth_closed",
					"parent": "mouth",
					"pivot": [0, 2, -3.01],
					"cubes": [
						{"origin": [-2.25, 2, -3.01], "size": [1, 1, 0], "pivot": [-1.75, 2.5, -3.01], "rotation": [-16.32495, -15.69986, -42.73421], "uv": [0, 0]},
						{"origin": [1.25, 2, -3.01], "size": [1, 1, 0], "pivot": [1.75, 2.5, -3.01], "rotation": [-16.32495, -15.69986, -42.73421], "uv": [0, 1], "mirror": true}
					]
				},
				{
					"name": "mouth_open",
					"parent": "mouth",
					"pivot": [0, 2, -2.01],
					"cubes": [
						{"origin": [-2.25, 2.5, -2.01], "size": [1, 1, 0], "pivot": [-1.75, 3, -2.01], "rotation": [-16.32495, -15.69986, -42.73421], "uv": [0, 0]},
						{"origin": [1.25, 2.5, -2.01], "size": [1, 1, 0], "pivot": [1.75, 3, -2.01], "rotation": [-16.32495, -15.69986, -42.73421], "uv": [0, 1], "mirror": true},
						{"origin": [-2.5, 1, -2.01], "size": [5, 2, 0], "uv": [22, 2]}
					]
				},
				{
					"name": "eyes",
					"parent": "torso",
					"pivot": [0, 4.5, -3]
				},
				{
					"name": "eye_right",
					"parent": "eyes",
					"pivot": [-2.4, 5, -3],
					"rotation": [0, 0, 35],
					"cubes": [
						{"origin": [-5.4, 3, -3.01], "size": [5, 3, 0], "uv": [20, 28], "mirror": true},
						{"origin": [-1.9, 4, -3.015], "size": [1, 1, 0], "pivot": [-1.9, 4.5, -3], "rotation": [0, 0, -35], "uv": [24, 26], "mirror": true}
					]
				},
				{
					"name": "eyelid_right",
					"parent": "eye_right",
					"pivot": [-1.9, 4.5, -3],
					"cubes": [
						{"origin": [-5.4, 3, -2.99], "size": [5, 3, 0], "inflate": 0.01, "uv": [20, 22], "mirror": true}
					]
				},
				{
					"name": "eye_left",
					"parent": "eyes",
					"pivot": [2.4, 5, -3],
					"rotation": [0, 0, -35],
					"cubes": [
						{"origin": [0.4, 3, -3.01], "size": [5, 3, 0], "uv": [20, 28]},
						{"origin": [0.9, 4, -3.015], "size": [1, 1, 0], "pivot": [1.9, 4.5, -3], "rotation": [0, 0, 35], "uv": [24, 26]}
					]
				},
				{
					"name": "eyelid_left",
					"parent": "eye_left",
					"pivot": [1.9, 4.5, -3],
					"cubes": [
						{"origin": [0.4, 3, -2.99], "size": [5, 3, 0], "inflate": 0.01, "uv": [20, 22]}
					]
				}
			]
		}
	]
}