{
	"format_version": "1.12.0",
	"minecraft:geometry": [
		{
			"description": {
				"identifier": "geometry.pignite",
				"texture_width": 128,
				"texture_height": 64,
				"visible_bounds_width": 4,
				"visible_bounds_height": 3.5,
				"visible_bounds_offset": [0, 1.25, 0]
			},
			"bones": [
				{
					"name": "pignite",
					"pivot": [0, 0, 0]
				},
				{
					"name": "body",
					"parent": "pignite",
					"pivot": [0, 12, 0]
				},
				{
					"name": "torso",
					"parent": "body",
					"pivot": [0.5, 7, 0.5],
					"cubes": [
						{"origin": [-6.5, 5, -6], "size": [13, 11, 12], "uv": [0, 0]}
					]
				},
				{
					"name": "tail",
					"parent": "torso",
					"pivot": [0, 7.5, 5.5],
					"cubes": [
						{"origin": [0, 6, 5.5], "size": [0, 5, 6], "uv": [0, 0]}
					]
				},
				{
					"name": "tail2",
					"parent": "tail",
					"pivot": [0, 7, 10.5],
					"cubes": [
						{"origin": [0, 6, 10.5], "size": [0, 2, 3], "uv": [0, 28]}
					]
				},
				{
					"name": "tail3",
					"parent": "tail2",
					"pivot": [0, 7.5, 13],
					"cubes": [
						{"origin": [-2.5, 5.5, 13], "size": [5, 5, 5], "uv": [84, 5]}
					]
				},
				{
					"name": "head",
					"parent": "torso",
					"pivot": [0, 16, 0.5],
					"cubes": [
						{"origin": [-5.5, 15, -4.5], "size": [11, 8, 10], "uv": [0, 23]}
					]
				},
				{
					"name": "snout",
					"parent": "head",
					"pivot": [0, 21, -4.5],
					"cubes": [
						{"origin": [-1.5, 18, -7], "size": [3, 3, 3], "pivot": [0, 20.5, -4.5], "rotation": [5, 0, 0], "uv": [0, 0]},
						{"origin": [0.25, 18.5, -7.01], "size": [1, 2, 1], "pivot": [0, 20.5, -4.5], "rotation": [5, 0, 0], "uv": [32, 23]},
						{"origin": [-1.25, 18.5, -7.01], "size": [1, 2, 1], "pivot": [0, 20.5, -4.5], "rotation": [5, 0, 0], "uv": [0, 41]}
					]
				},
				{
					"name": "mouth_closed",
					"parent": "head",
					"pivot": [0, 17.25, -4.51],
					"cubes": [
						{"origin": [-4.5, 16.25, -4.51], "size": [9, 2, 0], "uv": [17, 41]}
					]
				},
				{
					"name": "mouth_open",
					"parent": "head",
					"pivot": [0, 17.25, -4.41],
					"cubes": [
						{"origin": [-3, 16.25, -4.41], "size": [6, 2, 0], "uv": [17, 43]}
					]
				},
				{
					"name": "ear_left",
					"parent": "head",
					"pivot": [1.5, 23, 0],
					"cubes": [
						{"origin": [0.5, 23, 0], "size": [4, 8, 0], "uv": [104, 14]}
					]
				},
				{
					"name": "ear_right",
					"parent": "head",
					"pivot": [-1.5, 23, 0],
					"cubes": [
						{"origin": [-4.5, 23, 0], "size": [4, 8, 0], "uv": [0, 23]}
					]
				},
				{
					"name": "eye_left",
					"parent": "head",
					"pivot": [3.26, 20.5, -4.01],
					"cubes": [
						{"origin": [1.76, 18.5, -4.51], "size": [3, 4, 1], "pivot": [3.26, 20.5, -4.51], "rotation": [0, 0, -5], "uv": [120, 14]}
					]
				},
				{
					"name": "eyelid_left",
					"parent": "eye_left",
					"pivot": [3.26, 20.5, -3.91],
					"cubes": [
						{"origin": [1.76, 18.5, -4.41], "size": [3, 4, 1], "inflate": 0.01, "pivot": [3.26, 20.5, -4.41], "rotation": [0, 0, -5], "uv": [112, 14]}
					]
				},
				{
					"name": "eye_right",
					"parent": "head",
					"pivot": [-3.26, 20.5, -4.01],
					"cubes": [
						{"origin": [-4.76, 18.5, -4.51], "size": [3, 4, 1], "pivot": [-3.26, 20.5, -4.51], "rotation": [0, 0, 5], "uv": [54, 0]}
					]
				},
				{
					"name": "eyelid_right",
					"parent": "eye_right",
					"pivot": [-3.26, 20.5, -3.91],
					"cubes": [
						{"origin": [-4.76, 18.5, -4.41], "size": [3, 4, 1], "inflate": 0.01, "pivot": [-3.26, 20.5, -4.41], "rotation": [0, 0, 5], "uv": [50, 12]}
					]
				},
				{
					"name": "arm_right",
					"parent": "torso",
					"pivot": [-5.5, 15, 0.75],
					"cubes": [
						{"origin": [-10, 12.5, -1.75], "size": [6, 5, 5], "uv": [32, 23]}
					]
				},
				{
					"name": "arm_right2",
					"parent": "arm_right",
					"pivot": [-10, 15, 1.75],
					"cubes": [
						{"origin": [-15, 13, -1.25], "size": [6, 4, 4], "uv": [104, 6]}
					]
				},
				{
					"name": "finger_right",
					"parent": "arm_right2",
					"pivot": [-15, 16, -0.25],
					"cubes": [
						{"origin": [-17, 14, -0.75], "size": [2, 2, 1], "uv": [38, 3]}
					]
				},
				{
					"name": "finger_right2",
					"parent": "arm_right2",
					"pivot": [-15, 16, 1.75],
					"cubes": [
						{"origin": [-17, 14, 1.25], "size": [2, 2, 1], "uv": [38, 0]}
					]
				},
				{
					"name": "arm_left",
					"parent": "torso",
					"pivot": [5.5, 15, 0.75],
					"cubes": [
						{"origin": [4, 12.5, -1.75], "size": [6, 5, 5], "uv": [0, 41]}
					]
				},
				{
					"name": "arm_left2",
					"parent": "arm_left",
					"pivot": [10, 15, 1.75],
					"cubes": [
						{"origin": [9, 13, -1.25], "size": [6, 4, 4], "uv": [49, 19]}
					]
				},
				{
					"name": "finger_left",
					"parent": "arm_left2",
					"pivot": [15, 16, -0.25],
					"cubes": [
						{"origin": [15, 14, -0.75], "size": [2, 2, 1], "uv": [52, 37]}
					]
				},
				{
					"name": "finger_left2",
					"parent": "arm_left2",
					"pivot": [15, 16, 1.75],
					"cubes": [
						{"origin": [15, 14, 1.25], "size": [2, 2, 1], "uv": [99, 6]}
					]
				},
				{
					"name": "leg_left",
					"parent": "body",
					"pivot": [4.5, 7, 0.5],
					"cubes": [
						{"origin": [2, 3, -2.5], "size": [5, 6, 6], "uv": [38, 0]}
					]
				},
				{
					"name": "leg_left2",
					"parent": "leg_left",
					"pivot": [4.5, 3, -0.5],
					"cubes": [
						{"origin": [2.5, 0, -2], "size": [4, 4, 5], "uv": [52, 28]},
						{"origin": [3, 0, -3], "size": [3, 1, 1], "uv": [28, 44]}
					]
				},
				{
					"name": "leg_right",
					"parent": "body",
					"pivot": [-4.5, 7, 0.5],
					"cubes": [
						{"origin": [-7, 3, -2.5], "size": [5, 6, 6], "uv": [36, 35]}
					]
				},
				{
					"name": "leg_right2",
					"parent": "leg_right",
					"pivot": [-4.5, 3, -0.5],
					"cubes": [
						{"origin": [-6.5, 0, -2], "size": [4, 4, 5], "uv": [67, 10]},
						{"origin": [-6, 0, -3], "size": [3, 1, 1], "uv": [42, 33]}
					]
				}
			]
		}
	]
}