{
	"format_version": "1.12.0",
	"minecraft:geometry": [
		{
			"description": {
				"identifier": "geometry.horsea",
				"texture_width": 64,
				"texture_height": 32,
				"visible_bounds_width": 3,
				"visible_bounds_height": 2.5,
				"visible_bounds_offset": [0, 0.75, 0]
			},
			"bones": [
				{
					"name": "horsea",
					"pivot": [0, 0, 0]
				},
				{
					"name": "body",
					"parent": "horsea",
					"pivot": [0, 7.5, 1],
					"rotation": [-10, 0, 0]
				},
				{
					"name": "waist",
					"parent": "body",
					"pivot": [0, 3.5, 1.5],
					"cubes": [
						{"origin": [-2.5, 3.5, -0.5], "size": [5, 7, 4], "uv": [0, 12]}
					]
				},
				{
					"name": "fin",
					"parent": "waist",
					"pivot": [0, 7.25, 3.5],
					"rotation": [5, 0, 0],
					"cubes": [
						{"origin": [0, 6.25, 3], "size": [0, 4, 6], "uv": [29, 18]}
					]
				},
				{
					"name": "neck",
					"parent": "waist",
					"pivot": [0, 10, 1.5],
					"rotation": [10, 0, 0],
					"cubes": [
						{"origin": [-2, 9.5, 0], "size": [4, 4, 3], "uv": [0, 23]}
					]
				},
				{
					"name": "head",
					"parent": "neck",
					"pivot": [0, 13, 1.5]
				},
				{
					"name": "head_correction",
					"parent": "head",
					"pivot": [0, 13, 1.5]
				},
				{
					"name": "head_ai",
					"parent": "head_correction",
					"pivot": [0, 12, 1.5]
				},
				{
					"name": "head_angle",
					"parent": "head_ai",
					"pivot": [0, 12, 1.5],
					"rotation": [5, 0, 0],
					"cubes": [
						{"origin": [-3, 12, -1.5], "size": [6, 6, 6], "uv": [0, 0]}
					]
				},
				{
					"name": "ear_right",
					"parent": "head_angle",
					"pivot": [-3, 15, 2],
					"rotation": [0, -45, 0],
					"cubes": [
						{"origin": [-3, 11.5, 1.75], "size": [0, 7, 5], "uv": [18, 11]}
					]
				},
				{
					"name": "ear_left",
					"parent": "head_angle",
					"pivot": [3, 15, 2],
					"rotation": [0, 45, 0],
					"cubes": [
						{"origin": [3, 11.5, 1.75], "size": [0, 7, 5], "uv": [28, 11], "mirror": true}
					]
				},
				{
					"name": "mouth",
					"parent": "head_angle",
					"pivot": [0, 14, -1.25],
					"rotation": [-2.5, 0, 0],
					"cubes": [
						{"origin": [-1.5, 12.5, -5.25], "size": [3, 3, 4], "uv": [14, 23]}
					]
				},
				{
					"name": "eyes",
					"parent": "head_angle",
					"pivot": [0, 15, -0.5]
				},
				{
					"name": "eye_right",
					"parent": "eyes",
					"pivot": [-2.51, 15.25, -0.01],
					"rotation": [2.5, 0, 0],
					"cubes": [
						{"origin": [-3.01, 13.75, -1.01], "size": [0, 3, 2], "uv": [24, -2], "mirror": true}
					]
				},
				{
					"name": "eyelid_right",
					"parent": "eye_right",
					"pivot": [-2.41, 15.25, 0.09],
					"cubes": [
						{"origin": [-2.91, 13.75, -0.91], "size": [1, 3, 2], "inflate": 0.01, "uv": [18, 0], "mirror": true}
					]
				},
				{
					"name": "eye_left",
					"parent": "eyes",
					"pivot": [2.51, 15.25, -0.01],
					"rotation": [2.5, 0, 0],
					"cubes": [
						{"origin": [3.01, 13.75, -1.01], "size": [0, 3, 2], "uv": [28, -2], "mirror": true}
					]
				},
				{
					"name": "eyelid_left",
					"parent": "eye_left",
					"pivot": [2.41, 15.25, 0.19],
					"cubes": [
						{"origin": [1.91, 13.75, -0.81], "size": [1, 3, 2], "inflate": 0.01, "uv": [0, 0], "mirror": true}
					]
				},
				{
					"name": "tail",
					"parent": "body",
					"pivot": [0, 3.5, 3.25],
					"rotation": [50, 0, 0],
					"cubes": [
						{"origin": [-1.5, 3.5, -1.75], "size": [3, 3, 5], "uv": [27, 0]}
					]
				},
				{
					"name": "tail2",
					"parent": "tail",
					"pivot": [0, 3.5, -1.75],
					"rotation": [-60, 0, 0],
					"cubes": [
						{"origin": [-1.5, 3.5, -5.75], "size": [3, 4, 4], "inflate": 0.01, "uv": [20, 8]}
					],
					"locators": {
						"held_item": {
							"offset": [1.25, 5.75, -4.5],
							"rotation": [-90, -65, 90]
						}
					}
				}
			]
		}
	]
}