{
	"format_version": "1.12.0",
	"minecraft:geometry": [
		{
			"description": {
				"identifier": "geometry.Larvitar",
				"texture_width": 64,
				"texture_height": 64,
				"visible_bounds_width": 3,
				"visible_bounds_height": 2.5,
				"visible_bounds_offset": [0, 0.75, 0]
			},
			"bones": [
				{
					"name": "larvitar",
					"pivot": [0, 0, 0]
				},
				{
					"name": "body",
					"parent": "larvitar",
					"pivot": [0, 7, 1.25]
				},
				{
					"name": "torso",
					"parent": "body",
					"pivot": [0, 2, 1.25]
				},
				{
					"name": "upper_body",
					"parent": "torso",
					"pivot": [0, 5, 1],
					"cubes": [
						{"origin": [-2.5, 5.25, -2], "size": [5, 5, 6], "uv": [20, 7]}
					]
				},
				{
					"name": "head",
					"parent": "upper_body",
					"pivot": [0, 9, 1],
					"cubes": [
						{"origin": [-3, 8.75, -2.75], "size": [6, 6, 7], "uv": [0, 13]},
						{"origin": [-2, 9.5, -5.25], "size": [4, 3.5, 4], "pivot": [0, 11.2482, -3.25872], "rotation": [90, 0, 0], "uv": [19, 0]}
					]
				},
				{
					"name": "horn",
					"parent": "head",
					"pivot": [0, 14, 0.75],
					"rotation": [7.5, 0, 0],
					"cubes": [
						{"origin": [0, 14.25, 0.5], "size": [0, 7, 3], "pivot": [0, 17, 0.5], "rotation": [-22.5, 0, 0], "uv": [31, 33]}
					]
				},
				{
					"name": "mouth_closed",
					"parent": "head",
					"pivot": [0, 9.75, -5],
					"cubes": [
						{"origin": [1, 9.51, -7.75], "size": [1, 0, 2], "pivot": [0, 11.24824, -6.75872], "rotation": [90, 0, 90], "uv": [2, 13]}
					]
				},
				{
					"name": "mouth_open",
					"parent": "head",
					"pivot": [0, 10, -4],
					"cubes": [
						{"origin": [1, 8.75, -7.75], "size": [1, 0, 2], "inflate": 0.01, "pivot": [0, 11.49824, -6.75872], "rotation": [90, 0, 90], "uv": [0, 13]}
					]
				},
				{
					"name": "eye_right",
					"parent": "head",
					"pivot": [-3, 11.75, -1.25],
					"cubes": [
						{"origin": [-3.01, 10.75, -2.75], "size": [0, 2, 3], "uv": [0, 2]},
						{"origin": [-3.02, 11.25, -2.75], "size": [0, 1, 1], "uv": [44, 0]}
					]
				},
				{
					"name": "eye_left",
					"parent": "head",
					"pivot": [3, 11.75, -1.25],
					"cubes": [
						{"origin": [3.01, 10.75, -2.75], "size": [0, 2, 3], "uv": [0, 15], "mirror": true},
						{"origin": [3.02, 11.25, -2.75], "size": [0, 1, 1], "uv": [44, 1], "mirror": true}
					]
				},
				{
					"name": "eyelid_right",
					"parent": "head",
					"pivot": [-3, 11.75, -1.25],
					"cubes": [
						{"origin": [-2.92, 10.75, -2.66], "size": [1, 2, 3], "inflate": 0.01, "uv": [54, 12]}
					]
				},
				{
					"name": "eyelid_left",
					"parent": "head",
					"pivot": [3, 11.75, -1.25],
					"cubes": [
						{"origin": [1.92, 10.75, -2.66], "size": [1, 2, 3], "inflate": 0.01, "uv": [46, 10], "mirror": true}
					]
				},
				{
					"name": "arm_right",
					"parent": "upper_body",
					"pivot": [-2, 7.75, 1.25],
					"cubes": [
						{"origin": [-6, 6.75, 0.25], "size": [4, 2, 2], "inflate": 0.01, "uv": [11, 27]}
					]
				},
				{
					"name": "arm_left",
					"parent": "upper_body",
					"pivot": [2, 7.75, 1.25],
					"cubes": [
						{"origin": [2, 6.75, 0.25], "size": [4, 2, 2], "inflate": 0.01, "uv": [11, 27], "mirror": true}
					]
				},
				{
					"name": "lower_body",
					"parent": "torso",
					"pivot": [0, 6, 1.75],
					"cubes": [
						{"origin": [-3, 1, -2.75], "size": [6, 6, 7], "inflate": 0.01, "uv": [0, 0]}
					]
				},
				{
					"name": "tail",
					"parent": "lower_body",
					"pivot": [0, 3.75, 3.5],
					"cubes": [
						{"origin": [1.75, 2.75, 1.5], "size": [2, 1, 7], "pivot": [1.5175, 3.36093, 3.36732], "rotation": [38.1003, -7.26156, 167.71456], "uv": [23, 54]},
						{"origin": [-0.53466, 4.40591, 2.35012], "size": [2, 1, 7], "pivot": [-0.03217, 3.7502, 4.85608], "rotation": [39.20345, -7.02641, 101.44453], "uv": [39, 35]},
						{"origin": [-1, 5.2307, 1.99804], "size": [2, 1, 7], "pivot": [0, 5.5043, 5.18765], "rotation": [35, 0, 0], "uv": [0, 34]},
						{"origin": [0.26354, 5.66544, 2.20556], "size": [2, 1, 7], "pivot": [0, 5.5043, 5.18765], "rotation": [43.84396, -4.97343, 56.76574], "uv": [42, 43], "mirror": true},
						{"origin": [-2.26354, 5.66544, 2.20556], "size": [2, 1, 7], "pivot": [0, 5.5043, 5.18765], "rotation": [43.84396, 4.97343, -56.76574], "uv": [24, 43]},
						{"origin": [-1.46534, 4.40591, 2.35012], "size": [2, 1, 7], "pivot": [0.03217, 3.7502, 4.85608], "rotation": [39.20345, 7.02641, -101.44453], "uv": [0, 44], "mirror": true},
						{"origin": [-3.75, 2.75, 1.5], "size": [2, 1, 7], "pivot": [-1.5175, 3.36093, 3.36732], "rotation": [38.1003, 7.26156, -167.71456], "uv": [41, 54], "mirror": true},
						{"origin": [-1, 3, 3.75], "size": [2, 2, 4], "uv": [44, 3]}
					]
				},
				{
					"name": "leg_right",
					"parent": "body",
					"pivot": [-3.25, 4, 1],
					"cubes": [
						{"origin": [-4.5, 1, -1.5], "size": [3, 4, 5], "uv": [18, 27]}
					]
				},
				{
					"name": "foot_right",
					"parent": "leg_right",
					"pivot": [-3, 0.5, 2.25],
					"cubes": [
						{"origin": [-4, 0, -0.25], "size": [2, 1, 3], "inflate": 0.01, "uv": [29, 27]}
					]
				},
				{
					"name": "toe_right",
					"parent": "foot_right",
					"pivot": [-3, 0.5, -0.25],
					"cubes": [
						{"origin": [-4, 0, -1], "size": [2, 1, 1], "uv": [0, 0]}
					]
				},
				{
					"name": "leg_left",
					"parent": "body",
					"pivot": [3.25, 4, 0],
					"cubes": [
						{"origin": [1.5, 1, -1.5], "size": [3, 4, 5], "uv": [18, 27], "mirror": true}
					]
				},
				{
					"name": "foot_left",
					"parent": "leg_left",
					"pivot": [3, 0.5, 2.25],
					"cubes": [
						{"origin": [2, 0, -0.25], "size": [2, 1, 3], "inflate": 0.01, "uv": [29, 27], "mirror": true}
					]
				},
				{
					"name": "toe_left",
					"parent": "foot_left",
					"pivot": [3, 0.5, -0.25],
					"cubes": [
						{"origin": [2, 0, -1], "size": [2, 1, 1], "uv": [0, 0], "mirror": true}
					]
				}
			]
		}
	]
}