{
	"format_version": "1.12.0",
	"minecraft:geometry": [
		{
			"description": {
				"identifier": "geometry.shroomish",
				"texture_width": 64,
				"texture_height": 32,
				"visible_bounds_width": 2,
				"visible_bounds_height": 2.5,
				"visible_bounds_offset": [0, 0.75, 0]
			},
			"bones": [
				{
					"name": "shroomish",
					"pivot": [0, 0, 0]
				},
				{
					"name": "body",
					"parent": "shroomish",
					"pivot": [0, 5, 0]
				},
				{
					"name": "torso",
					"parent": "body",
					"pivot": [0, 1.5, 0],
					"cubes": [
						{"origin": [-4.5, 1, -4.5], "size": [9, 8, 9], "uv": [0, 1]}
					]
				},
				{
					"name": "skirt_left",
					"parent": "torso",
					"pivot": [4.5, 3.5, 0],
					"rotation": [0, 0, 45],
					"cubes": [
						{"origin": [4.5, 3.5, -4.5], "size": [3, 0, 9], "uv": [37, 1]}
					]
				},
				{
					"name": "skirt_right",
					"parent": "torso",
					"pivot": [-4.5, 3.5, 0],
					"rotation": [0, 0, -45],
					"cubes": [
						{"origin": [-7.5, 3.5, -4.5], "size": [3, 0, 9], "uv": [15, 18]}
					]
				},
				{
					"name": "skirt_front",
					"parent": "torso",
					"pivot": [0, 3.5, -4.5],
					"rotation": [45, 0, 0],
					"cubes": [
						{"origin": [-4.5, 3.5, -7.5], "size": [9, 0, 3], "uv": [15, 27]}
					]
				},
				{
					"name": "skirt_back",
					"parent": "torso",
					"pivot": [0, 3.5, 4.5],
					"rotation": [-45, 0, 0],
					"cubes": [
						{"origin": [-4.5, 3.5, 4.5], "size": [9, 0, 3], "uv": [37, 10]}
					]
				},
				{
					"name": "face",
					"parent": "torso",
					"pivot": [0, 6.21667, -4.525]
				},
				{
					"name": "eye_left",
					"parent": "face",
					"pivot": [1.5, 6.45, -4.01],
					"cubes": [
						{"origin": [1, 5.95, -4.51], "size": [1, 1, 1], "uv": [53, 2]}
					]
				},
				{
					"name": "eyelid_left",
					"parent": "eye_left",
					"pivot": [1.5, 6.45, -3.91],
					"cubes": [
						{"origin": [0.5, 5.95, -4.41], "size": [2, 1, 1], "inflate": 0.01, "uv": [57, 2]}
					]
				},
				{
					"name": "eye_right",
					"parent": "face",
					"pivot": [-1.5, 6.45, -4.01],
					"cubes": [
						{"origin": [-2, 5.95, -4.51], "size": [1, 1, 1], "uv": [53, 4], "mirror": true}
					]
				},
				{
					"name": "eyelid_right",
					"parent": "eye_right",
					"pivot": [-1.5, 6.45, -3.91],
					"cubes": [
						{"origin": [-2.5, 5.95, -4.41], "size": [2, 1, 1], "inflate": 0.01, "uv": [57, 4], "mirror": true}
					]
				},
				{
					"name": "mouth_closed",
					"parent": "face",
					"pivot": [0, 4.70711, -4.51],
					"cubes": [
						{"origin": [-1.5, 3.5, -4.51], "size": [2, 2, 0], "pivot": [0, 4, -4.525], "rotation": [0, 0, 45], "uv": [1, 19]}
					]
				},
				{
					"name": "mouth_open",
					"parent": "face",
					"pivot": [0, 4, -4.41],
					"cubes": [
						{"origin": [-1.5, 2.5, -4.41], "size": [3, 3, 0], "pivot": [0, 4, -4.425], "rotation": [0, 0, 45], "uv": [10, 19]}
					]
				},
				{
					"name": "Eyebrow",
					"parent": "face",
					"pivot": [0, 7.5, -4.01],
					"cubes": [
						{"origin": [-3.5, 7, -4.51], "size": [7, 1, 1], "uv": [1, 28]}
					]
				},
				{
					"name": "hair",
					"parent": "torso",
					"pivot": [0, 9, 0],
					"cubes": [
						{"origin": [-1, 8, -1], "size": [2, 3, 0], "pivot": [0, 8.5, -1], "rotation": [17.5, 0, 0], "uv": [50, 20]},
						{"origin": [-1, 8, -1], "size": [0, 3, 2], "pivot": [-1, 8.5, 0], "rotation": [0, 0, -17.5], "uv": [50, 15]},
						{"origin": [-1, 8, 1], "size": [2, 3, 0], "pivot": [0, 8.5, 1], "rotation": [-17.5, 0, 0], "uv": [50, 23]},
						{"origin": [1, 8, -1], "size": [0, 3, 2], "pivot": [1, 8.5, 0], "rotation": [0, 0, 17.5], "uv": [50, 24]}
					]
				},
				{
					"name": "foot_left",
					"parent": "body",
					"pivot": [2.5, 0.5, 0.5],
					"cubes": [
						{"origin": [1, 0, -1.5], "size": [3, 1, 3], "uv": [49, 13]}
					]
				},
				{
					"name": "foot_right",
					"parent": "body",
					"pivot": [-2.5, 0.5, 0.5],
					"cubes": [
						{"origin": [-4, 0, -1.5], "size": [3, 1, 3], "uv": [37, 13]}
					]
				}
			]
		}
	]
}