{
	"format_version": "1.12.0",
	"minecraft:geometry": [
		{
			"description": {
				"identifier": "geometry.omanyte",
				"texture_width": 64,
				"texture_height": 64,
				"visible_bounds_width": 3,
				"visible_bounds_height": 2.5,
				"visible_bounds_offset": [0, 0.75, 0]
			},
			"bones": [
				{
					"name": "omanyte",
					"pivot": [0, 0, 0]
				},
				{
					"name": "body",
					"parent": "omanyte",
					"pivot": [0, 0, 0]
				},
				{
					"name": "shell",
					"parent": "body",
					"pivot": [0, 4, -2.75],
					"rotation": [-10, 0, 0],
					"cubes": [
						{"origin": [-3, 2, -1.75], "size": [6, 8, 9], "inflate": 0.02, "pivot": [0, 6, 4.25], "rotation": [-22.5, 0, 0], "uv": [0, 0]},
						{"origin": [-3.5, 1.45, -1.8], "size": [7, 2, 7], "inflate": 0.02, "pivot": [0, 6, 4.25], "rotation": [-22.5, 0, 0], "uv": [0, 17]},
						{"origin": [-3, 1.48, -1.35], "size": [6, 0, 6], "inflate": 0.02, "pivot": [0, 6, 4.15], "rotation": [-22.5, 0, 0], "uv": [15, 0]},
						{"origin": [-0.5, 1.15, -1.89], "size": [1, 1, 1], "inflate": 0.021, "pivot": [0, 5.75, 4.25], "rotation": [-22.5, 0, 0], "uv": [7, 27]}
					]
				},
				{
					"name": "torso",
					"parent": "body",
					"pivot": [0, 4, -3],
					"cubes": [
						{"origin": [-3, 0, -2], "size": [6, 4, 4], "uv": [24, 22]}
					]
				},
				{
					"name": "eyes",
					"parent": "torso",
					"pivot": [0, 2.5, -1.75]
				},
				{
					"name": "eye_right",
					"parent": "eyes",
					"pivot": [-1.65, 2.55, -1.75],
					"cubes": [
						{"origin": [-2.6, 1.5, -2.5], "size": [2, 2, 1], "uv": [18, 26]}
					]
				},
				{
					"name": "open_pupil_right",
					"parent": "eye_right",
					"pivot": [-1.65, 2.55, -2.32],
					"cubes": [
						{"origin": [-2.1, 2, -2.31], "size": [1, 1, 0], "inflate": 0.2, "uv": [0, 1]}
					]
				},
				{
					"name": "closed_pupil_right",
					"parent": "eye_right",
					"pivot": [-1.65, 2.55, -2.22],
					"cubes": [
						{"origin": [-2.1, 2.5, -2.22], "size": [1, 0, 0], "inflate": 0.2, "uv": [0, 1]}
					]
				},
				{
					"name": "eye_left",
					"parent": "eyes",
					"pivot": [1.65, 2.55, -1.75],
					"cubes": [
						{"origin": [0.6, 1.5, -2.5], "size": [2, 2, 1], "uv": [12, 26]}
					]
				},
				{
					"name": "open_pupil_left",
					"parent": "eye_left",
					"pivot": [1.65, 2.55, -2.32],
					"cubes": [
						{"origin": [1.1, 2, -2.31], "size": [1, 1, 0], "inflate": 0.2, "uv": [0, 0]}
					]
				},
				{
					"name": "closed_pupil_left",
					"parent": "eye_left",
					"pivot": [1.65, 2.55, -2.22],
					"cubes": [
						{"origin": [1.1, 2.5, -2.22], "size": [1, 0, 0], "inflate": 0.2, "uv": [0, 0]}
					]
				},
				{
					"name": "right_hand",
					"parent": "torso",
					"pivot": [-3, 2, -1],
					"cubes": [
						{"origin": [-5.75, 1, -1], "size": [3, 4, 0], "uv": [0, 26]}
					],
					"locators": {
						"held_item": [-6, 3, 0]
					}
				},
				{
					"name": "left_hand",
					"parent": "torso",
					"pivot": [3, 2, -1],
					"cubes": [
						{"origin": [3, 1, -1], "size": [3, 4, 0], "uv": [0, 20]}
					]
				},
				{
					"name": "front_legs",
					"parent": "torso",
					"pivot": [0, 0, -2]
				},
				{
					"name": "front_leg_left",
					"parent": "front_legs",
					"pivot": [2.05, 0.1, -2],
					"cubes": [
						{"origin": [1, 0, -4], "size": [2, 0, 2], "uv": [19, 18]}
					]
				},
				{
					"name": "front_leg_middle",
					"parent": "front_legs",
					"pivot": [0.05, 0.1, -2],
					"cubes": [
						{"origin": [-1, 0, -4], "size": [2, 0, 2], "uv": [19, 7]}
					]
				},
				{
					"name": "front_leg_right",
					"parent": "front_legs",
					"pivot": [-1.95, 0.1, -2],
					"cubes": [
						{"origin": [-3, 0, -4], "size": [2, 0, 2], "uv": [1, 18]}
					]
				},
				{
					"name": "back_legs",
					"parent": "torso",
					"pivot": [0, 0, 2]
				},
				{
					"name": "back_leg_left",
					"parent": "back_legs",
					"pivot": [2, 0, 2],
					"cubes": [
						{"origin": [1, 0, 2], "size": [2, 0, 2], "uv": [1, 6]}
					]
				},
				{
					"name": "back_leg_middle",
					"parent": "back_legs",
					"pivot": [0, 0, 2],
					"cubes": [
						{"origin": [-1, 0, 2], "size": [2, 0, 2], "uv": [1, 0]}
					]
				},
				{
					"name": "back_leg_right",
					"parent": "back_legs",
					"pivot": [-2, 0, 2],
					"cubes": [
						{"origin": [-3, 0, 2], "size": [2, 0, 2], "uv": [1, 3]}
					]
				},
				{
					"name": "right_legs",
					"parent": "torso",
					"pivot": [-2.95, 0, 0]
				},
				{
					"name": "right_back_leg",
					"parent": "right_legs",
					"pivot": [-3, 0, 1],
					"cubes": [
						{"origin": [-5, 0.01, 0], "size": [2, 0, 2], "uv": [23, 6]}
					]
				},
				{
					"name": "right_front_leg",
					"parent": "right_legs",
					"pivot": [-3, 0, -1],
					"cubes": [
						{"origin": [-5, 0.01, -2], "size": [2, 0, 2], "uv": [23, 17]}
					]
				},
				{
					"name": "left_legs",
					"parent": "torso",
					"pivot": [3, 0, 0]
				},
				{
					"name": "left_back_leg",
					"parent": "left_legs",
					"pivot": [3, 0, 1],
					"cubes": [
						{"origin": [3, 0, 0], "size": [2, 0, 2], "uv": [23, 6], "mirror": true}
					]
				},
				{
					"name": "left_front_leg",
					"parent": "left_legs",
					"pivot": [3, 0, -1],
					"cubes": [
						{"origin": [3, 0, -2], "size": [2, 0, 2], "uv": [23, 17], "mirror": true}
					]
				}
			]
		}
	]
}