{
	"format_version": "1.12.0",
	"minecraft:geometry": [
		{
			"description": {
				"identifier": "geometry.snorlax",
				"texture_width": 128,
				"texture_height": 64,
				"visible_bounds_width": 4,
				"visible_bounds_height": 3.5,
				"visible_bounds_offset": [0, 1.25, 0]
			},
			"bones": [
				{
					"name": "snorlax",
					"pivot": [0, 0, 0]
				},
				{
					"name": "body",
					"parent": "snorlax",
					"pivot": [0, 0, 0]
				},
				{
					"name": "torso",
					"parent": "body",
					"pivot": [0, 3.5, 0.75],
					"cubes": [
						{"origin": [-8, 12.5, -5.5], "size": [16, 6, 12], "uv": [0, 22]},
						{"origin": [-10, 2.5, -5.5], "size": [20, 10, 12], "uv": [0, 0]}
					]
				},
				{
					"name": "head",
					"parent": "torso",
					"pivot": [0, 18.25, 0],
					"cubes": [
						{"origin": [-6.5, 18.25, -4.5], "size": [13, 9, 10], "uv": [64, 0]},
						{"origin": [-2, 21.25, -4.55], "size": [4, 1, 0], "inflate": 0.01, "uv": [0, 24]},
						{"origin": [-1.75, 21.5, -4.55], "size": [1, 1, 0], "pivot": [-1.25, 22, -4.55], "rotation": [0, 0, -45], "uv": [0, 9], "mirror": true},
						{"origin": [0.75, 21.5, -4.55], "size": [1, 1, 0], "pivot": [1.25, 22, -4.55], "rotation": [0, 0, 45], "uv": [0, 10]}
					]
				},
				{
					"name": "eye_right",
					"parent": "head",
					"pivot": [-2.75, 23.75, -4.51],
					"rotation": [0, 0, -2.5],
					"cubes": [
						{"origin": [-4.25, 23.25, -4.51], "size": [3, 1, 0], "uv": [0, 22], "mirror": true}
					]
				},
				{
					"name": "eye_left",
					"parent": "head",
					"pivot": [2.75, 23.75, -4.51],
					"rotation": [0, 0, 2.5],
					"cubes": [
						{"origin": [1.25, 23.25, -4.51], "size": [3, 1, 0], "uv": [0, 23]}
					]
				},
				{
					"name": "ear_right",
					"parent": "head",
					"pivot": [-5, 25.75, 0],
					"rotation": [0, 5, -35],
					"cubes": [
						{"origin": [-7, 25.75, -1], "size": [4, 3, 3], "uv": [60, 0]},
						{"origin": [-6, 28.75, -0.5], "size": [2, 1, 2], "uv": [52, 3], "mirror": true}
					]
				},
				{
					"name": "ear_left",
					"parent": "head",
					"pivot": [5, 25.75, 0],
					"rotation": [0, -5, 35],
					"cubes": [
						{"origin": [3, 25.75, -1], "size": [4, 3, 3], "uv": [110, 10]},
						{"origin": [4, 28.75, -0.5], "size": [2, 1, 2], "uv": [52, 0]}
					]
				},
				{
					"name": "arm_right",
					"parent": "torso",
					"pivot": [-8, 18.25, 0.5],
					"cubes": [
						{"origin": [-13, 13.25, -2.5], "size": [5, 5, 6], "inflate": 0.01, "uv": [0, 40]}
					]
				},
				{
					"name": "arm_right2",
					"parent": "arm_right",
					"pivot": [-13, 15.75, 3.25],
					"cubes": [
						{"origin": [-18, 13.25, -2.5], "size": [5, 5, 6], "uv": [22, 40]},
						{"origin": [-19, 16.25, -2], "size": [1, 0, 1], "uv": [7, 3]},
						{"origin": [-18, 16.25, -3.25], "size": [1, 0, 1], "pivot": [-17.5, 16.25, -2.75], "rotation": [0, 20, 0], "uv": [7, 2]},
						{"origin": [-19, 16.25, -0.75], "size": [1, 0, 1], "uv": [6, 1]},
						{"origin": [-18.75, 16.25, 1.75], "size": [1, 0, 1], "pivot": [-18.25, 16.25, 2.25], "rotation": [0, 15, 0], "uv": [6, 0]},
						{"origin": [-19, 16.25, 0.5], "size": [1, 0, 1], "uv": [4, 1]}
					],
					"locators": {
						"held_item": [-19, 15.5, 0.25]
					}
				},
				{
					"name": "arm_left",
					"parent": "torso",
					"pivot": [8, 18.25, 0.5],
					"cubes": [
						{"origin": [8, 13.25, -2.5], "size": [5, 5, 6], "inflate": 0.01, "uv": [44, 22]}
					]
				},
				{
					"name": "arm_left2",
					"parent": "arm_left",
					"pivot": [13, 15.75, 3.5],
					"cubes": [
						{"origin": [13, 13.25, -2.5], "size": [5, 5, 6], "uv": [76, 29]},
						{"origin": [18, 16.25, -2], "size": [1, 0, 1], "inflate": 0.01, "uv": [4, 0]},
						{"origin": [17, 16.25, -3.25], "size": [1, 0, 1], "inflate": 0.01, "pivot": [17.5, 16.25, -2.75], "rotation": [0, -20, 0], "uv": [2, 1]},
						{"origin": [18, 16.25, -0.75], "size": [1, 0, 1], "inflate": 0.01, "uv": [2, 0]},
						{"origin": [17.75, 16.25, 1.75], "size": [1, 0, 1], "inflate": 0.01, "pivot": [18.25, 16.25, 2.25], "rotation": [0, -15, 0], "uv": [0, 1]},
						{"origin": [18, 16.25, 0.5], "size": [1, 0, 1], "inflate": 0.01, "uv": [0, 0]}
					]
				},
				{
					"name": "foot_right",
					"parent": "body",
					"pivot": [-6.75, 3.5, 0],
					"rotation": [0, 10, 0],
					"cubes": [
						{"origin": [-9.75, 0, -4], "size": [6, 2, 8], "uv": [100, 0]},
						{"origin": [-9.25, 1.5, -3], "size": [7, 3, 8], "uv": [98, 19], "mirror": true},
						{"origin": [-4.66284, 0, -5.99619], "size": [0, 2, 2], "pivot": [-4.66284, 1, -4.99619], "rotation": [0, -5, 0], "uv": [0, 4]},
						{"origin": [-6.75, 0, -6], "size": [0, 2, 2], "uv": [0, 2]},
						{"origin": [-8.83716, 0, -5.99619], "size": [0, 2, 2], "pivot": [-8.83716, 1, -4.99619], "rotation": [0, 5, 0], "uv": [0, 0]}
					]
				},
				{
					"name": "foot_left",
					"parent": "body",
					"pivot": [6.75, 3.5, 0],
					"rotation": [0, -10, 0],
					"cubes": [
						{"origin": [3.75, 0, -4], "size": [6, 2, 8], "uv": [70, 19]},
						{"origin": [2.25, 1.5, -3], "size": [7, 3, 8], "uv": [98, 30]},
						{"origin": [4.66284, 0, -5.99619], "size": [0, 2, 2], "pivot": [4.66284, 1, -4.99619], "rotation": [0, 5, 0], "uv": [4, 4]},
						{"origin": [6.75, 0, -6], "size": [0, 2, 2], "uv": [4, 2]},
						{"origin": [8.83716, 0, -5.99619], "size": [0, 2, 2], "pivot": [8.83716, 1, -4.99619], "rotation": [0, -5, 0], "uv": [4, 0]}
					]
				}
			]
		}
	]
}