{
	"format_version": "1.12.0",
	"minecraft:geometry": [
		{
			"description": {
				"identifier": "geometry.lickitung",
				"texture_width": 128,
				"texture_height": 128,
				"visible_bounds_width": 4,
				"visible_bounds_height": 3.5,
				"visible_bounds_offset": [0, 1.25, 0]
			},
			"bones": [
				{
					"name": "lickitung",
					"pivot": [0, 0, 0]
				},
				{
					"name": "body",
					"parent": "lickitung",
					"pivot": [0, 0, 0]
				},
				{
					"name": "torso",
					"parent": "body",
					"pivot": [0, 7, 0],
					"rotation": [5, 0, 0],
					"cubes": [
						{"origin": [-6, 3, -5.5], "size": [12, 9, 11], "uv": [0, 28]}
					]
				},
				{
					"name": "upper_torso",
					"parent": "torso",
					"pivot": [0, 12, 4.5],
					"rotation": [5, 0, 0],
					"cubes": [
						{"origin": [-5, 11, -4.5], "size": [1, 8, 9], "uv": [25, 66]},
						{"origin": [4, 11, -4.5], "size": [1, 8, 9], "uv": [64, 30]},
						{"origin": [-4, 11, -0.5], "size": [8, 8, 5], "uv": [33, 52]},
						{"origin": [-4, 11, -4.5], "size": [8, 5, 1], "inflate": 0.005, "uv": [19, 84]},
						{"origin": [-4, 16, -4.5], "size": [8, 1, 0], "inflate": 0.005, "uv": [0, 92]}
					]
				},
				{
					"name": "head",
					"parent": "upper_torso",
					"pivot": [0, 18.5, -2],
					"rotation": [-10, 0, 0],
					"cubes": [
						{"origin": [-4, 20.5, -6.5], "size": [8, 2, 9], "inflate": 0.01, "uv": [38, 40]},
						{"origin": [-4, 22.5, -5.5], "size": [8, 3, 8], "inflate": 0.01, "uv": [0, 49]},
						{"origin": [-2, 20, -6.5], "size": [4, 2, 0], "inflate": 0.015, "uv": [0, 8]}
					]
				},
				{
					"name": "eyes",
					"parent": "head",
					"pivot": [0, 20.5742, -0.99644]
				},
				{
					"name": "left_eye",
					"parent": "eyes",
					"pivot": [4, 23.0742, -3.99644],
					"cubes": [
						{"origin": [4, 22, -5], "size": [0, 2, 2], "inflate": 0.015, "uv": [36, 28]},
						{"origin": [4, 23, -4.75], "size": [0, 1, 1], "inflate": 0.02, "uv": [4, 0]}
					]
				},
				{
					"name": "right_eye",
					"parent": "eyes",
					"pivot": [-4, 23.0742, -3.99644],
					"cubes": [
						{"origin": [-4, 22, -5], "size": [0, 2, 2], "inflate": 0.015, "uv": [5, 34]},
						{"origin": [-4, 23, -4.75], "size": [0, 1, 1], "inflate": 0.02, "uv": [0, 0]}
					]
				},
				{
					"name": "closed",
					"parent": "eyes",
					"pivot": [0, 20.5742, -0.99644]
				},
				{
					"name": "left_eyelid",
					"parent": "closed",
					"pivot": [3.9, 23.0742, -3.99644],
					"cubes": [
						{"origin": [3.9, 22, -5], "size": [0, 2, 2], "inflate": 0.03, "uv": [7, 31]}
					]
				},
				{
					"name": "right_eyelid",
					"parent": "closed",
					"pivot": [-3.9, 23.0742, -3.99644],
					"cubes": [
						{"origin": [-3.9, 22, -5], "size": [0, 2, 2], "inflate": 0.03, "uv": [7, 29]}
					]
				},
				{
					"name": "jaw",
					"parent": "head",
					"pivot": [0, 23.5, -3.5],
					"cubes": [
						{"origin": [3.99, 20.5, -4.5], "size": [0, 4, 3], "inflate": 0.01, "pivot": [0, 20.5, -4.5], "rotation": [-15, 0, 0], "uv": [0, 28]},
						{"origin": [-3.99, 20.5, -4.5], "size": [0, 4, 3], "inflate": 0.01, "pivot": [0, 20.5, -4.5], "rotation": [-15, 0, 0], "uv": [0, 0]},
						{"origin": [-4, 18.5, -1.5], "size": [8, 6, 4], "inflate": 0.005, "uv": [72, 0]}
					]
				},
				{
					"name": "jaw_2",
					"parent": "jaw",
					"pivot": [0, 19.5, -2.5],
					"cubes": [
						{"origin": [-4, 18.5, -6.5], "size": [8, 2, 5], "inflate": 0.005, "uv": [73, 69]}
					]
				},
				{
					"name": "tongue",
					"parent": "jaw",
					"pivot": [0, 19, -1.5],
					"cubes": [
						{"origin": [-3.5, 19, -6.5], "size": [7, 2, 5], "uv": [46, 74]}
					]
				},
				{
					"name": "tongue2",
					"parent": "tongue",
					"pivot": [0, 21, -6.5],
					"cubes": [
						{"origin": [-3.5, 19, -12.5], "size": [7, 2, 6], "inflate": 0.01, "uv": [71, 57]}
					]
				},
				{
					"name": "tongue3",
					"parent": "tongue2",
					"pivot": [0, 21, -12.5],
					"cubes": [
						{"origin": [-3.5, 19, -18.5], "size": [7, 2, 6], "inflate": 0.02, "uv": [67, 48]}
					]
				},
				{
					"name": "tongue4",
					"parent": "tongue3",
					"pivot": [0, 19, -18.5],
					"cubes": [
						{"origin": [-3.5, 19, -24.5], "size": [7, 2, 6], "inflate": 0.03, "uv": [66, 14]}
					]
				},
				{
					"name": "throat",
					"parent": "upper_torso",
					"pivot": [0, 20, -1.5],
					"cubes": [
						{"origin": [-4, 16, -4.5], "size": [8, 3, 4], "uv": [0, 76]}
					]
				},
				{
					"name": "left_upper_arm",
					"parent": "upper_torso",
					"pivot": [5, 18, 0],
					"cubes": [
						{"origin": [5, 15, -2], "size": [4, 3, 4], "uv": [57, 86]}
					]
				},
				{
					"name": "left_lower_arm",
					"parent": "left_upper_arm",
					"pivot": [9, 16, 2],
					"cubes": [
						{"origin": [9, 15, -2], "size": [5, 3, 4], "inflate": 0.01, "uv": [0, 84]}
					]
				},
				{
					"name": "left_thumb",
					"parent": "left_lower_arm",
					"pivot": [12.5, 16.5, -2],
					"rotation": [15, 0, 0],
					"cubes": [
						{"origin": [12, 16.5, -3], "size": [1, 0, 2], "uv": [38, 2]}
					]
				},
				{
					"name": "right_upper_arm",
					"parent": "upper_torso",
					"pivot": [-5, 18, 0],
					"cubes": [
						{"origin": [-9, 15, -2], "size": [4, 3, 4], "uv": [85, 33]}
					]
				},
				{
					"name": "right_lower_arm",
					"parent": "right_upper_arm",
					"pivot": [-9, 16, 2],
					"cubes": [
						{"origin": [-14, 15, -2], "size": [5, 3, 4], "inflate": 0.01, "uv": [42, 82]}
					],
					"locators": {
						"held_item": [-13.75, 16, 0]
					}
				},
				{
					"name": "right_thumb",
					"parent": "right_lower_arm",
					"pivot": [-12.5, 16.5, -2],
					"rotation": [15, 0, 0],
					"cubes": [
						{"origin": [-13, 16.5, -3], "size": [1, 0, 2], "uv": [4, 28]}
					]
				},
				{
					"name": "tail_1",
					"parent": "torso",
					"pivot": [0, 4.5, 4],
					"rotation": [-17.5, 0, 0],
					"cubes": [
						{"origin": [-5, 3.5, 3], "size": [10, 17, 10], "uv": [0, 0]}
					]
				},
				{
					"name": "tail_2",
					"parent": "tail_1",
					"pivot": [0, 20.5, 4],
					"rotation": [-75, 0, 0],
					"cubes": [
						{"origin": [-4, 20.5, 4], "size": [8, 11, 7], "uv": [41, 20]}
					]
				},
				{
					"name": "tail_3",
					"parent": "tail_2",
					"pivot": [0, 31.5, 5],
					"rotation": [-80, 0, 0],
					"cubes": [
						{"origin": [-4, 31.5, 5], "size": [8, 12, 7], "inflate": 0.01, "uv": [41, 0]}
					]
				},
				{
					"name": "tail_4",
					"parent": "tail_3",
					"pivot": [0, 43.5, 11],
					"rotation": [30, 0, 0],
					"cubes": [
						{"origin": [-2.5, 43.5, 6], "size": [5, 4, 5], "uv": [76, 23]}
					]
				},
				{
					"name": "tail_5",
					"parent": "tail_4",
					"pivot": [0, 47.5, 10],
					"rotation": [22.5, 0, 0],
					"cubes": [
						{"origin": [-1.5, 47, 7], "size": [3, 4, 3], "uv": [25, 49]}
					]
				},
				{
					"name": "left_leg",
					"parent": "body",
					"pivot": [5.5, 5.5, -0.5],
					"cubes": [
						{"origin": [3, 2, -4], "size": [5, 7, 7], "uv": [0, 61]}
					]
				},
				{
					"name": "left_foot",
					"parent": "left_leg",
					"pivot": [5.5, 2, -0.5],
					"cubes": [
						{"origin": [3.5, 0, -3], "size": [4, 3, 5], "inflate": 0.01, "uv": [80, 81]}
					]
				},
				{
					"name": "left_toe",
					"parent": "left_foot",
					"pivot": [5.5, 0.5, -3],
					"cubes": [
						{"origin": [4.5, 0, -4], "size": [2, 1, 2], "uv": [31, 4]}
					]
				},
				{
					"name": "right_leg",
					"parent": "body",
					"pivot": [-5.5, 5.5, -0.5],
					"cubes": [
						{"origin": [-8, 2, -4], "size": [5, 7, 7], "uv": [53, 59]}
					]
				},
				{
					"name": "right_foot",
					"parent": "right_leg",
					"pivot": [-5.5, 2, -0.5],
					"cubes": [
						{"origin": [-7.5, 0, -3], "size": [4, 3, 5], "inflate": 0.01, "uv": [66, 77]}
					]
				},
				{
					"name": "right_toe",
					"parent": "right_foot",
					"pivot": [-5.5, 0.5, -3],
					"cubes": [
						{"origin": [-6.5, 0, -4], "size": [2, 1, 2], "uv": [31, 0]}
					]
				}
			]
		}
	]
}