{
	"format_version": "1.12.0",
	"minecraft:geometry": [
		{
			"description": {
				"identifier": "geometry.articuno",
				"texture_width": 128,
				"texture_height": 128,
				"visible_bounds_width": 8,
				"visible_bounds_height": 3.5,
				"visible_bounds_offset": [0, 1.25, 0]
			},
			"bones": [
				{
					"name": "articuno",
					"pivot": [0, 0, 0]
				},
				{
					"name": "body",
					"parent": "articuno",
					"pivot": [0, 17, -0.5]
				},
				{
					"name": "torso",
					"parent": "body",
					"pivot": [0, 14, -0.25],
					"cubes": [
						{"origin": [-3.5, 10.25, -4], "size": [7, 12, 7], "uv": [0, 11]},
						{"origin": [-3, 12.75, -5], "size": [6, 9, 2], "pivot": [0.5, 17.75, -4], "rotation": [-5, 0, 0], "uv": [0, 49]},
						{"origin": [-2.5, 8.86379, -5.25766], "size": [5, 4, 0], "inflate": 0.02, "pivot": [0, 10.86379, -5.25766], "rotation": [5, 0, 0], "uv": [0, 3]}
					]
				},
				{
					"name": "head",
					"parent": "torso",
					"pivot": [0, 21.25, -1],
					"cubes": [
						{"origin": [-2.5, 21.25, -3], "size": [5, 6, 5], "uv": [0, 38]},
						{"origin": [-1, 24.25, -5], "size": [2, 1, 2], "uv": [49, 7]},
						{"origin": [-1.5, 25, -3], "size": [3, 4, 0], "inflate": 0.02, "pivot": [0, 29, -3], "rotation": [-10, 0, 0], "uv": [22, 55]},
						{"origin": [-1.5, 28.41421, -1.58579], "size": [3, 4, 0], "inflate": 0.02, "pivot": [0, 30.41421, -1.58579], "rotation": [-45, 0, 0], "uv": [0, 14]},
						{"origin": [-3.5, 27.54145, -3.04012], "size": [2, 4, 0], "inflate": 0.02, "pivot": [-3, 27.7223, -2.46654], "rotation": [-47.5, 0, -35], "uv": [16, 49]},
						{"origin": [-3.5, 23.90315, -3.04012], "size": [2, 4, 0], "inflate": 0.02, "pivot": [-3, 27.7223, -2.46654], "rotation": [-12.5, 0, -35], "uv": [20, 43]},
						{"origin": [1.5, 23.90315, -3.04012], "size": [2, 4, 0], "inflate": 0.02, "pivot": [3, 27.7223, -2.46654], "rotation": [-12.5, 0, 35], "uv": [0, 38]},
						{"origin": [1.5, 27.54145, -3.04012], "size": [2, 4, 0], "inflate": 0.02, "pivot": [3, 27.7223, -2.46654], "rotation": [-47.5, 0, 35], "uv": [15, 38]}
					],
					"locators": {
						"held_item_fixed": {
							"offset": [0, 23.75, -5.5],
							"rotation": [90, 0, 0]
						}
					}
				},
				{
					"name": "jaw",
					"parent": "head",
					"pivot": [0, 23.75, -3],
					"cubes": [
						{"origin": [-1, 23.25, -5], "size": [2, 1, 2], "uv": [33, 43]}
					]
				},
				{
					"name": "tail",
					"parent": "torso",
					"pivot": [0, 11.75, 3],
					"cubes": [
						{"origin": [-3, 11.75, 3], "size": [6, 0, 8], "inflate": 0.02, "uv": [31, 0]}
					]
				},
				{
					"name": "tail2",
					"parent": "tail",
					"pivot": [0, 11.75, 11],
					"cubes": [
						{"origin": [-3.5, 11.75, 11], "size": [7, 0, 10], "inflate": 0.02, "uv": [15, 0]}
					]
				},
				{
					"name": "tail3",
					"parent": "tail2",
					"pivot": [0, 11.75, 21],
					"cubes": [
						{"origin": [-3.5, 11.75, 21], "size": [7, 0, 11], "inflate": 0.02, "uv": [0, 0]}
					]
				},
				{
					"name": "tail4",
					"parent": "tail3",
					"pivot": [0, 11.75, 32],
					"cubes": [
						{"origin": [-3, 11.75, 32], "size": [6, 0, 8], "inflate": 0.02, "uv": [0, 30]}
					]
				},
				{
					"name": "tail5",
					"parent": "tail4",
					"pivot": [0, 11.75, 40],
					"cubes": [
						{"origin": [-2, 11.75, 40], "size": [4, 0, 7], "inflate": 0.02, "uv": [44, 0]}
					]
				},
				{
					"name": "tail6",
					"parent": "tail5",
					"pivot": [0, 11.75, 47],
					"cubes": [
						{"origin": [-1.5, 11.75, 47], "size": [3, 0, 3], "inflate": 0.02, "uv": [0, 0]}
					]
				},
				{
					"name": "leftwing",
					"parent": "torso",
					"pivot": [3.5, 19.25, -0.5],
					"cubes": [
						{"origin": [3.5, 11.25, -0.5], "size": [11, 11, 0], "inflate": 0.02, "uv": [20, 32]}
					]
				},
				{
					"name": "leftwing2",
					"parent": "leftwing",
					"pivot": [14.5, 20.25, -0.5],
					"cubes": [
						{"origin": [14.5, 11.25, -0.5], "size": [15, 11, 0], "inflate": 0.02, "uv": [28, 10]}
					]
				},
				{
					"name": "rightwing",
					"parent": "torso",
					"pivot": [-3.5, 19.25, -0.5],
					"cubes": [
						{"origin": [-14.5, 11.25, -0.5], "size": [11, 11, 0], "inflate": 0.02, "uv": [42, 32]}
					]
				},
				{
					"name": "rightwing2",
					"parent": "rightwing",
					"pivot": [-14.5, 20.25, -0.5],
					"cubes": [
						{"origin": [-29.5, 11.25, -0.5], "size": [15, 11, 0], "inflate": 0.02, "uv": [28, 21]}
					]
				},
				{
					"name": "rightleg",
					"parent": "body",
					"pivot": [-3, 14.75, -0.25],
					"cubes": [
						{"origin": [-5, 9, -2.75], "size": [4, 7, 5], "uv": [38, 43]}
					]
				},
				{
					"name": "rightknee",
					"parent": "rightleg",
					"pivot": [-3, 9.5, -0.25],
					"cubes": [
						{"origin": [-3.5, 5.5, -1.25], "size": [1, 5, 2], "inflate": 0.01, "uv": [16, 53]}
					]
				},
				{
					"name": "rightknee2",
					"parent": "rightknee",
					"pivot": [-3, 5.5, 0.75],
					"cubes": [
						{"origin": [-3.5, 0.5, -1.25], "size": [1, 5, 2], "uv": [0, 30]}
					]
				},
				{
					"name": "rightfoot",
					"parent": "rightknee2",
					"pivot": [-3, 1, -0.25],
					"cubes": [
						{"origin": [-4, 0, -2.5], "size": [2, 1, 4], "uv": [52, 51]},
						{"origin": [-1.86177, 0, -5.44889], "size": [0, 1, 3], "inflate": 0.02, "pivot": [-1.86177, 0.5, -3.94889], "rotation": [0, -15, 0], "uv": [20, 28]},
						{"origin": [-3, 0, -5.5], "size": [0, 1, 3], "inflate": 0.02, "uv": [39, 5]},
						{"origin": [-4.13823, 0, -5.44889], "size": [0, 1, 3], "inflate": 0.02, "pivot": [-4.13823, 0.5, -3.94889], "rotation": [0, 15, 0], "uv": [0, 34]},
						{"origin": [-3, 0, 1.5], "size": [0, 1, 2], "inflate": 0.02, "uv": [6, 8]}
					]
				},
				{
					"name": "leftleg",
					"parent": "body",
					"pivot": [3, 14.75, -0.25],
					"cubes": [
						{"origin": [1, 9, -2.75], "size": [4, 7, 5], "uv": [20, 43]}
					]
				},
				{
					"name": "leftknee",
					"parent": "leftleg",
					"pivot": [3, 9.5, -0.25],
					"cubes": [
						{"origin": [2.5, 5.5, -1.25], "size": [1, 5, 2], "inflate": 0.01, "uv": [21, 11]}
					]
				},
				{
					"name": "leftknee2",
					"parent": "leftknee",
					"pivot": [3, 5.5, 0.75],
					"cubes": [
						{"origin": [2.5, 0.5, -1.25], "size": [1, 5, 2], "uv": [0, 7]}
					]
				},
				{
					"name": "leftfoot",
					"parent": "leftknee2",
					"pivot": [3, 1, -0.25],
					"cubes": [
						{"origin": [2, 0, -2.5], "size": [2, 1, 4], "uv": [51, 43]},
						{"origin": [1.86177, 0, -5.44889], "size": [0, 1, 3], "inflate": 0.02, "pivot": [1.86177, 0.5, -3.94889], "rotation": [0, 15, 0], "uv": [20, 27]},
						{"origin": [3, 0, -5.5], "size": [0, 1, 3], "inflate": 0.02, "uv": [4, 5]},
						{"origin": [4.13823, 0, -5.44889], "size": [0, 1, 3], "inflate": 0.02, "pivot": [4.13823, 0.5, -3.94889], "rotation": [0, -15, 0], "uv": [4, 4]},
						{"origin": [3, 0, 1.5], "size": [0, 1, 2], "inflate": 0.02, "uv": [6, 7]}
					]
				}
			]
		}
	]
}