{
	"format_version": "1.12.0",
	"minecraft:geometry": [
		{
			"description": {
				"identifier": "geometry.unknown",
				"texture_width": 64,
				"texture_height": 32,
				"visible_bounds_width": 3,
				"visible_bounds_height": 2.5,
				"visible_bounds_offset": [0, 0.75, 0]
			},
			"bones": [
				{
					"name": "chingling",
					"pivot": [0, 0, 0]
				},
				{
					"name": "body",
					"parent": "chingling",
					"pivot": [0, 4, 0]
				},
				{
					"name": "torso",
					"parent": "body",
					"pivot": [0, 1.5, 0],
					"cubes": [
						{"origin": [-3, 7, -3], "size": [6, 0, 6], "uv": [0, 6]},
						{"origin": [3, 1, -3], "size": [0, 6, 6], "uv": [31, -4]},
						{"origin": [-3, 2, -3], "size": [6, 0, 2], "uv": [10, 14]},
						{"origin": [-3, 4, -3], "size": [6, 0, 2], "uv": [10, 12]},
						{"origin": [-3, 2, -1], "size": [6, 2, 0], "uv": [18, 10]},
						{"origin": [-3, 1, 3], "size": [6, 6, 0], "uv": [18, 0]},
						{"origin": [-3, 1, -3], "size": [6, 0, 6], "uv": [0, 0]},
						{"origin": [-3, 1, -3], "size": [6, 6, 0], "uv": [43, 0]},
						{"origin": [-3, 1, -3], "size": [0, 6, 6], "uv": [0, 6]},
						{"origin": [-1, 6, 2], "size": [2, 2, 2], "uv": [39, 10]}
					]
				},
				{
					"name": "tongue",
					"parent": "torso",
					"pivot": [0, 2.5, -1.25],
					"cubes": [
						{"origin": [-1, 1.5, -2.25], "size": [2, 2, 2], "uv": [24, 15]}
					]
				},
				{
					"name": "arm_left",
					"parent": "torso",
					"pivot": [2.5, 4, 0.5],
					"cubes": [
						{"origin": [2, 3.5, -0.5], "size": [3, 1, 2], "uv": [24, 12]}
					]
				},
				{
					"name": "arm_right",
					"parent": "torso",
					"pivot": [-2.5, 4, 0.5],
					"cubes": [
						{"origin": [-5, 3.5, -0.5], "size": [3, 1, 2], "uv": [31, 8]}
					]
				},
				{
					"name": "mouth_top",
					"parent": "torso",
					"pivot": [0, 4, -3],
					"cubes": [
						{"origin": [-2, 3.5, -3], "size": [4, 1, 0], "uv": [45, 11]}
					]
				},
				{
					"name": "mouth_bottom",
					"parent": "torso",
					"pivot": [0, 2, -3],
					"cubes": [
						{"origin": [-2, 1.5, -3], "size": [4, 1, 0], "uv": [31, 11]}
					]
				},
				{
					"name": "eye_left",
					"parent": "torso",
					"pivot": [1.75, 4.75, -2.51],
					"cubes": [
						{"origin": [1.25, 4.25, -3.01], "size": [1, 1, 1], "uv": [0, 8]}
					]
				},
				{
					"name": "eyelid_right",
					"parent": "eye_left",
					"pivot": [1.75, 4.75, -2.41],
					"cubes": [
						{"origin": [0.75, 4.25, -2.91], "size": [2, 1, 1], "inflate": 0.01, "uv": [0, 20]}
					]
				},
				{
					"name": "eye_right",
					"parent": "torso",
					"pivot": [-1.75, 4.75, -2.51],
					"cubes": [
						{"origin": [-2.25, 4.25, -3.01], "size": [1, 1, 1], "uv": [0, 6]}
					]
				},
				{
					"name": "eyelid_left",
					"parent": "eye_right",
					"pivot": [-1.75, 4.75, -2.51],
					"cubes": [
						{"origin": [-2.75, 4.25, -2.91], "size": [2, 1, 1], "inflate": 0.01, "uv": [0, 18]}
					]
				},
				{
					"name": "ribbon_right",
					"parent": "torso",
					"pivot": [-0.75, 7, 3],
					"rotation": [0, 0, 22.5],
					"cubes": [
						{"origin": [-2.5, 6, 2.5], "size": [2, 2, 1], "uv": [0, 3]}
					]
				},
				{
					"name": "ribbon_right2",
					"parent": "ribbon_right",
					"pivot": [-2, 7, 3],
					"cubes": [
						{"origin": [-7, 5.5, 2.5], "size": [5, 3, 1], "inflate": 0.01, "uv": [43, 6]}
					]
				},
				{
					"name": "ribbon_end_right",
					"parent": "ribbon_right2",
					"pivot": [-6.5, 8, 3],
					"rotation": [0, 0, 12.5],
					"cubes": [
						{"origin": [-8.5, 7.5, 3], "size": [2, 1, 0], "uv": [53, 16]}
					]
				},
				{
					"name": "ribbon_end_right2",
					"parent": "ribbon_right2",
					"pivot": [-6.5, 7, 3],
					"cubes": [
						{"origin": [-8.5, 6.5, 3], "size": [2, 1, 0], "uv": [45, 10]}
					]
				},
				{
					"name": "ribbon_end_right3",
					"parent": "ribbon_right2",
					"pivot": [-6.5, 6, 3],
					"rotation": [0, 0, -12.5],
					"cubes": [
						{"origin": [-8.5, 5.5, 3], "size": [2, 1, 0], "uv": [39, 9]}
					]
				},
				{
					"name": "ribbon_left",
					"parent": "torso",
					"pivot": [0.75, 7, 3],
					"rotation": [0, 0, -22.5],
					"cubes": [
						{"origin": [0.5, 6, 2.5], "size": [2, 2, 1], "uv": [0, 0]}
					]
				},
				{
					"name": "ribbon_left2",
					"parent": "ribbon_left",
					"pivot": [2, 7, 3],
					"cubes": [
						{"origin": [2, 5.5, 2.5], "size": [5, 3, 1], "inflate": 0.01, "uv": [18, 6]}
					]
				},
				{
					"name": "ribbon_end_left",
					"parent": "ribbon_left2",
					"pivot": [6.5, 8, 3],
					"rotation": [0, 0, -12.5],
					"cubes": [
						{"origin": [6.5, 7.5, 3], "size": [2, 1, 0], "uv": [39, 8]}
					]
				},
				{
					"name": "ribbon_end_left2",
					"parent": "ribbon_left2",
					"pivot": [6.5, 7, 3],
					"cubes": [
						{"origin": [6.5, 6.5, 3], "size": [2, 1, 0], "uv": [0, 11]}
					]
				},
				{
					"name": "ribbon_end_left3",
					"parent": "ribbon_left2",
					"pivot": [6.5, 6, 3],
					"rotation": [0, 0, 12.5],
					"cubes": [
						{"origin": [6.5, 5.5, 3], "size": [2, 1, 0], "uv": [0, 10]}
					]
				},
				{
					"name": "leg_left",
					"parent": "body",
					"pivot": [1.5, 1.25, 0.5],
					"cubes": [
						{"origin": [0.5, 0, -1.5], "size": [2, 1, 3], "uv": [52, 12]}
					]
				},
				{
					"name": "leg_right",
					"parent": "body",
					"pivot": [-1.5, 1.25, 0.5],
					"cubes": [
						{"origin": [-2.5, 0, -1.5], "size": [2, 1, 3], "uv": [54, 8]}
					]
				}
			]
		}
	]
}