{
	"format_version": "1.12.0",
	"minecraft:geometry": [
		{
			"description": {
				"identifier": "geometry.porygon-z",
				"texture_width": 64,
				"texture_height": 32,
				"visible_bounds_width": 3,
				"visible_bounds_height": 3.5,
				"visible_bounds_offset": [0, 1.25, 0]
			},
			"bones": [
				{
					"name": "porygon_z",
					"pivot": [0, 0, 0]
				},
				{
					"name": "body",
					"parent": "porygon_z",
					"pivot": [0, 14, 0]
				},
				{
					"name": "torso",
					"parent": "body",
					"pivot": [0, 18, 0],
					"cubes": [
						{"origin": [-3.5, 10, -3], "size": [7, 8, 6], "uv": [0, 14]}
					]
				},
				{
					"name": "arms",
					"parent": "torso",
					"pivot": [0, 14, 0]
				},
				{
					"name": "arm_left",
					"parent": "arms",
					"pivot": [3.5, 17, 0],
					"cubes": [
						{"origin": [3, 15, -1], "size": [3, 2, 2], "uv": [44, 0]},
						{"origin": [6, 14, -2], "size": [8, 4, 4], "uv": [22, 0]}
					]
				},
				{
					"name": "arm_right",
					"parent": "arms",
					"pivot": [-3.5, 17, 0],
					"cubes": [
						{"origin": [-6, 15, -1], "size": [3, 2, 2], "uv": [48, 4], "mirror": true},
						{"origin": [-14, 14, -2], "size": [8, 4, 4], "uv": [40, 8], "mirror": true}
					]
				},
				{
					"name": "head",
					"parent": "torso",
					"pivot": [0, 20, 0.5],
					"cubes": [
						{"origin": [-3.5, 20, -4], "size": [7, 6, 8], "uv": [0, 0]},
						{"origin": [-1, 25.25, -0.5], "size": [2, 5, 2], "pivot": [0, 26.25, 1.5], "rotation": [-5, 0, 0], "uv": [0, 1]}
					]
				},
				{
					"name": "beak",
					"parent": "head",
					"pivot": [0, 22, -4],
					"cubes": [
						{"origin": [-2, 21, -8.5], "size": [4, 2, 5], "uv": [27, 11]}
					]
				},
				{
					"name": "eyes",
					"parent": "head",
					"pivot": [3.6, 22.25, -1.25]
				},
				{
					"name": "eye_left",
					"parent": "eyes",
					"pivot": [3.51, 23, -1.25],
					"rotation": [-3, 0, 0],
					"cubes": [
						{"origin": [3.51, 20.5, -3.25], "size": [0, 5, 4], "uv": [26, 14]},
						{"origin": [3.515, 21, -2.75], "size": [0, 4, 3], "uv": [58, -3]},
						{"origin": [3.52, 21.5, -2.25], "size": [0, 3, 2], "uv": [34, 16]}
					]
				},
				{
					"name": "pupil_left",
					"parent": "eye_left",
					"pivot": [3.52, 23, -1.25],
					"cubes": [
						{"origin": [3.53, 22, -1.75], "size": [0, 2, 1], "uv": [56, -1]}
					]
				},
				{
					"name": "pupil_closed_left",
					"parent": "eye_left",
					"pivot": [3.42, 23, -1.25],
					"cubes": [
						{"origin": [3.43, 22.5, -2.25], "size": [0, 1, 2], "uv": [52, -2]}
					]
				},
				{
					"name": "eye_right",
					"parent": "eyes",
					"pivot": [-3.51, 23, -1.25],
					"rotation": [-3, 0, 0],
					"cubes": [
						{"origin": [-3.51, 20.5, -3.25], "size": [0, 5, 4], "uv": [26, 19], "mirror": true},
						{"origin": [-3.515, 21, -2.75], "size": [0, 4, 3], "uv": [58, 1], "mirror": true},
						{"origin": [-3.52, 21.5, -2.25], "size": [0, 3, 2], "uv": [34, 19], "mirror": true}
					]
				},
				{
					"name": "pupil_right",
					"parent": "eye_right",
					"pivot": [-3.52, 23, -1.25],
					"cubes": [
						{"origin": [-3.53, 22, -1.75], "size": [0, 2, 1], "uv": [56, 1], "mirror": true}
					]
				},
				{
					"name": "pupil_closed_right",
					"parent": "eye_right",
					"pivot": [-3.42, 23, -1.25],
					"cubes": [
						{"origin": [-3.43, 22.5, -2.25], "size": [0, 1, 2], "uv": [52, -1], "mirror": true}
					]
				},
				{
					"name": "tail",
					"parent": "torso",
					"pivot": [0, 10, 1.5],
					"cubes": [
						{"origin": [-1, 6.5, -0.5], "size": [2, 4, 2], "uv": [43, 16]},
						{"origin": [-1.5, 0.5, -1], "size": [3, 6, 3], "uv": [52, 16]}
					]
				}
			]
		}
	]
}