{
	"format_version": "1.12.0",
	"minecraft:geometry": [
		{
			"description": {
				"identifier": "geometry.mawile",
				"texture_width": 64,
				"texture_height": 64,
				"visible_bounds_width": 5,
				"visible_bounds_height": 2.5,
				"visible_bounds_offset": [0, 0.75, 0]
			},
			"bones": [
				{
					"name": "mawile",
					"pivot": [0, 0, 0]
				},
				{
					"name": "body",
					"parent": "mawile",
					"pivot": [0, 8, 0]
				},
				{
					"name": "torso",
					"parent": "body",
					"pivot": [0, 5.5, 0],
					"cubes": [
						{"origin": [-1.5, 5, -1], "size": [3, 2, 2], "inflate": 0.01, "uv": [28, 8]}
					]
				},
				{
					"name": "chest",
					"parent": "torso",
					"pivot": [0, 7, 1],
					"cubes": [
						{"origin": [-1.5, 7, -1], "size": [3, 3, 2], "uv": [24, 3]}
					]
				},
				{
					"name": "arms",
					"parent": "chest",
					"pivot": [0, 9.5, 0]
				},
				{
					"name": "arm_left",
					"parent": "arms",
					"pivot": [1.5, 10, 0],
					"cubes": [
						{"origin": [1.5, 9, -0.5], "size": [3, 1, 1], "uv": [10, 10]}
					]
				},
				{
					"name": "arm_left2",
					"parent": "arm_left",
					"pivot": [4.5, 10, 0.5],
					"cubes": [
						{"origin": [4.5, 9, -1], "size": [3, 1, 2], "inflate": 0.01, "uv": [45, 1]},
						{"origin": [4.5, 9, -0.5], "size": [1, 1, 1], "inflate": 0.02, "uv": [59, 8]}
					]
				},
				{
					"name": "hand_left",
					"parent": "arm_left2",
					"pivot": [7.5, 10, 0],
					"cubes": [
						{"origin": [7.5, 9, -1], "size": [1, 1, 2], "inflate": 0.02, "uv": [54, 6]}
					]
				},
				{
					"name": "fingers_left",
					"parent": "hand_left",
					"pivot": [8.5, 10, 0]
				},
				{
					"name": "finger_left1",
					"parent": "fingers_left",
					"pivot": [8.5, 10, -1],
					"cubes": [
						{"origin": [8.5, 9, -1], "size": [1, 1, 0], "uv": [49, 4]}
					]
				},
				{
					"name": "finger_left2",
					"parent": "fingers_left",
					"pivot": [8.5, 10, 0],
					"cubes": [
						{"origin": [8.5, 9, 0], "size": [1, 1, 0], "uv": [51, 4]}
					]
				},
				{
					"name": "finger_left3",
					"parent": "fingers_left",
					"pivot": [8.5, 10, 1],
					"cubes": [
						{"origin": [8.5, 9, 1], "size": [1, 1, 0], "uv": [53, 4]}
					]
				},
				{
					"name": "arm_right",
					"parent": "arms",
					"pivot": [-1.5, 10, 0],
					"cubes": [
						{"origin": [-4.5, 9, -0.5], "size": [3, 1, 1], "uv": [10, 12], "mirror": true}
					]
				},
				{
					"name": "arm_right2",
					"parent": "arm_right",
					"pivot": [-4.5, 10, 0.5],
					"cubes": [
						{"origin": [-7.5, 9, -1], "size": [3, 1, 2], "inflate": 0.01, "uv": [53, 0], "mirror": true},
						{"origin": [-5.5, 9, -0.5], "size": [1, 1, 1], "inflate": 0.02, "uv": [43, 14], "mirror": true}
					]
				},
				{
					"name": "hand_right",
					"parent": "arm_right2",
					"pivot": [-7.5, 10, 0],
					"cubes": [
						{"origin": [-8.5, 9, -1], "size": [1, 1, 2], "inflate": 0.02, "uv": [31, 18], "mirror": true}
					]
				},
				{
					"name": "fingers_right",
					"parent": "hand_right",
					"pivot": [-8.5, 10, 0]
				},
				{
					"name": "finger_right1",
					"parent": "fingers_right",
					"pivot": [-8.5, 10, -1],
					"cubes": [
						{"origin": [-9.5, 9, -1], "size": [1, 1, 0], "uv": [49, 5], "mirror": true}
					]
				},
				{
					"name": "finger_right2",
					"parent": "fingers_right",
					"pivot": [-8.5, 10, 0],
					"cubes": [
						{"origin": [-9.5, 9, 0], "size": [1, 1, 0], "uv": [51, 5], "mirror": true}
					]
				},
				{
					"name": "finger_right3",
					"parent": "fingers_right",
					"pivot": [-8.5, 10, 1],
					"cubes": [
						{"origin": [-9.5, 9, 1], "size": [1, 1, 0], "uv": [53, 5], "mirror": true}
					]
				},
				{
					"name": "neck",
					"parent": "chest",
					"pivot": [0, 9.5, 0],
					"cubes": [
						{"origin": [-0.5, 9, -0.5], "size": [1, 3, 1], "uv": [20, 5]}
					]
				},
				{
					"name": "head",
					"parent": "neck",
					"pivot": [0, 11, 0],
					"cubes": [
						{"origin": [-2.5, 10.5, -2.5], "size": [5, 5, 5], "pivot": [0, 13, 0], "rotation": [0, 45, 0], "uv": [0, 0]}
					]
				},
				{
					"name": "eyes",
					"parent": "head",
					"pivot": [0, 13, 0]
				},
				{
					"name": "eye_left",
					"parent": "eyes",
					"pivot": [0, 13, 0],
					"rotation": [0, 45, 0]
				},
				{
					"name": "eye_left_rotation",
					"parent": "eye_left",
					"pivot": [2.51, 13, 0.25],
					"rotation": [5, 0, 0],
					"cubes": [
						{"origin": [2.51, 12, -1.25], "size": [0, 2, 3], "uv": [35, 15]}
					]
				},
				{
					"name": "pupil_left",
					"parent": "eye_left_rotation",
					"pivot": [2.52, 13, -0.25],
					"cubes": [
						{"origin": [2.52, 12, -1.25], "size": [0, 2, 2], "uv": [37, 18]}
					]
				},
				{
					"name": "eye_shine_left",
					"parent": "pupil_left",
					"pivot": [2.52, 13, -0.25],
					"cubes": [
						{"origin": [2.53, 12, -0.75], "size": [0, 2, 1], "uv": [36, 21]}
					]
				},
				{
					"name": "eyelid_left",
					"parent": "eye_left_rotation",
					"pivot": [1.93, 13, 0.25],
					"cubes": [
						{"origin": [1.43, 12, -1.25], "size": [1, 2, 3], "inflate": 0.01, "uv": [52, 28]}
					]
				},
				{
					"name": "eye_right",
					"parent": "eyes",
					"pivot": [0, 13, 0],
					"rotation": [0, -45, 0]
				},
				{
					"name": "eye_right_rotation",
					"parent": "eye_right",
					"pivot": [-2.51, 13, 0.25],
					"rotation": [5, 0, 0],
					"cubes": [
						{"origin": [-2.51, 12, -1.25], "size": [0, 2, 3], "uv": [38, 19], "mirror": true}
					]
				},
				{
					"name": "pupil_right",
					"parent": "eye_right_rotation",
					"pivot": [-2.52, 13, -0.25],
					"cubes": [
						{"origin": [-2.52, 12, -1.25], "size": [0, 2, 2], "uv": [38, 12], "mirror": true}
					]
				},
				{
					"name": "eye_shine_right",
					"parent": "pupil_right",
					"pivot": [-2.52, 13, -0.25],
					"cubes": [
						{"origin": [-2.53, 12, -0.75], "size": [0, 2, 1], "uv": [41, 19], "mirror": true}
					]
				},
				{
					"name": "eyelid_right",
					"parent": "eye_right_rotation",
					"pivot": [-1.93, 13, 0.25],
					"cubes": [
						{"origin": [-2.43, 12, -1.25], "size": [1, 2, 3], "inflate": 0.01, "uv": [52, 33], "mirror": true}
					]
				},
				{
					"name": "mouth",
					"parent": "head",
					"pivot": [0, 11, 0],
					"rotation": [0, 45, 0]
				},
				{
					"name": "mouth_closed",
					"parent": "mouth",
					"pivot": [1.5, 11, -1.5],
					"cubes": [
						{"origin": [0.5, 10.5, -2.5], "size": [2, 1, 2], "inflate": 0.01, "uv": [52, 38]}
					]
				},
				{
					"name": "mouth_open",
					"parent": "mouth",
					"pivot": [1.4, 10.85, -1.4],
					"cubes": [
						{"origin": [0.4, 10.6, -2.4], "size": [2, 1, 2], "inflate": 0.01, "uv": [52, 41]},
						{"origin": [1.4, 11.1, -2.4], "size": [1, 1, 1], "inflate": 0.02, "uv": [58, 41]}
					]
				},
				{
					"name": "head_mouth_neck",
					"parent": "head",
					"pivot": [0, 15.5, 1],
					"cubes": [
						{"origin": [-0.5, 14.5, 0], "size": [1, 4, 2], "uv": [47, 6]}
					]
				},
				{
					"name": "head_mouth_neck2",
					"parent": "head_mouth_neck",
					"pivot": [0, 18.5, 0],
					"cubes": [
						{"origin": [-0.5, 18.5, 0], "size": [1, 3, 2], "inflate": 0.01, "uv": [58, 3]}
					]
				},
				{
					"name": "head_mouth_neck3",
					"parent": "head_mouth_neck2",
					"pivot": [0, 21.5, 0],
					"cubes": [
						{"origin": [-1, 21.5, 0], "size": [2, 3, 2], "inflate": 0.02, "uv": [53, 9]}
					]
				},
				{
					"name": "head_mouth",
					"parent": "head_mouth_neck3",
					"pivot": [0, 23.5, 1],
					"cubes": [
						{"origin": [-5, 23.5, -2], "size": [10, 11, 4], "inflate": 0.02, "uv": [0, 24]},
						{"origin": [-5, 23.5, 2], "size": [10, 3, 3], "inflate": 0.02, "uv": [26, 37]},
						{"origin": [5, 28, 1.5], "size": [0, 2, 3], "inflate": 0.01, "pivot": [5, 31, 2], "rotation": [0, 7.5, 0], "uv": [24, 51]},
						{"origin": [-5, 28, 1.5], "size": [0, 2, 3], "inflate": 0.01, "pivot": [-5, 31, 2], "rotation": [0, -7.5, 0], "uv": [24, 53], "mirror": true}
					]
				},
				{
					"name": "head_mouth2",
					"parent": "head_mouth",
					"pivot": [0, 34.5, 2],
					"cubes": [
						{"origin": [-4.5, 34.5, -1], "size": [9, 10, 3], "inflate": 0.02, "uv": [28, 24]},
						{"origin": [4.5, 36.5, 1.5], "size": [0, 2, 3], "inflate": 0.01, "pivot": [4.5, 38, 2], "rotation": [0, 7.5, 0], "uv": [24, 55]},
						{"origin": [-4.5, 36.5, 1.5], "size": [0, 2, 3], "inflate": 0.01, "pivot": [-4.5, 38, 2], "rotation": [0, -7.5, 0], "uv": [24, 57], "mirror": true}
					]
				},
				{
					"name": "head_mouth3",
					"parent": "head_mouth2",
					"pivot": [0, 44.5, 2],
					"cubes": [
						{"origin": [-3.5, 44.5, -1], "size": [7, 7, 3], "inflate": 0.01, "uv": [44, 14]},
						{"origin": [3.5, 45, 1.5], "size": [0, 2, 3], "inflate": 0.01, "pivot": [3.5, 46, 2], "rotation": [0, 7.5, 0], "uv": [30, 51]},
						{"origin": [-3.5, 45, 1.5], "size": [0, 2, 3], "inflate": 0.01, "pivot": [-3.5, 46, 2], "rotation": [0, -7.5, 0], "uv": [30, 53], "mirror": true}
					]
				},
				{
					"name": "head_jaw",
					"parent": "head_mouth",
					"pivot": [0, 26, 2],
					"cubes": [
						{"origin": [-5, 26.5, 2], "size": [10, 8, 3], "inflate": 0.01, "uv": [0, 39]},
						{"origin": [5, 31.99, -0.5], "size": [0, 2, 3], "inflate": 0.01, "pivot": [5, 34, 2], "rotation": [0, -7.5, 0], "uv": [52, 21]},
						{"origin": [-5, 31.99, -0.5], "size": [0, 2, 3], "inflate": 0.01, "pivot": [-5, 34, 2], "rotation": [0, 7.5, 0], "uv": [52, 23], "mirror": true}
					]
				},
				{
					"name": "head_jaw2",
					"parent": "head_jaw",
					"pivot": [0, 34.5, 5],
					"cubes": [
						{"origin": [-4.5, 34.5, 2], "size": [9, 10, 3], "inflate": 0.01, "uv": [0, 50]},
						{"origin": [4.5, 41, -0.5], "size": [0, 2, 3], "inflate": 0.01, "pivot": [4.5, 42.5, 2], "rotation": [0, -7.5, 0], "uv": [58, 21]},
						{"origin": [-4.5, 41, -0.5], "size": [0, 2, 3], "inflate": 0.01, "pivot": [-4.5, 42.5, 2], "rotation": [0, 7.5, 0], "uv": [58, 23], "mirror": true}
					]
				},
				{
					"name": "head_jaw3",
					"parent": "head_jaw2",
					"pivot": [0, 44.5, 5],
					"cubes": [
						{"origin": [-3.5, 44.5, 2], "size": [7, 8, 3], "uv": [26, 43]}
					]
				},
				{
					"name": "hair",
					"parent": "head",
					"pivot": [0, 15.5, -0.25]
				},
				{
					"name": "hair_left",
					"parent": "hair",
					"pivot": [1.6, 15.5, -0.25],
					"cubes": [
						{"origin": [1.6, 15.5, -1.25], "size": [2, 0, 2], "uv": [13, 1]}
					]
				},
				{
					"name": "hair_left2",
					"parent": "hair_left",
					"pivot": [3.6, 15.5, -0.25],
					"cubes": [
						{"origin": [3.6, 15.5, -1.25], "size": [2, 0, 2], "uv": [17, 1]}
					]
				},
				{
					"name": "hair_left3",
					"parent": "hair_left2",
					"pivot": [5.6, 15.5, -0.25],
					"cubes": [
						{"origin": [5.6, 15.5, -1.75], "size": [4, 0, 3], "uv": [20, 0]}
					]
				},
				{
					"name": "hair_right",
					"parent": "hair",
					"pivot": [-1.6, 15.5, -0.25],
					"cubes": [
						{"origin": [-3.6, 15.5, -1.25], "size": [2, 0, 2], "uv": [13, 3], "mirror": true}
					]
				},
				{
					"name": "hair_right2",
					"parent": "hair_right",
					"pivot": [-3.6, 15.5, -0.25],
					"cubes": [
						{"origin": [-5.6, 15.5, -1.25], "size": [2, 0, 2], "uv": [17, 3], "mirror": true}
					]
				},
				{
					"name": "hair_right3",
					"parent": "hair_right2",
					"pivot": [-5.6, 15.5, -0.25],
					"cubes": [
						{"origin": [-9.6, 15.5, -1.75], "size": [4, 0, 3], "uv": [28, 0], "mirror": true}
					]
				},
				{
					"name": "legs",
					"parent": "body",
					"pivot": [0.9, 5.4, 0]
				},
				{
					"name": "leg_left",
					"parent": "legs",
					"pivot": [0.9, 5.4, 0],
					"rotation": [0, 0, -5],
					"cubes": [
						{"origin": [-0.1, 3.4, -1.75], "size": [3, 3, 4], "inflate": 0.01, "uv": [0, 10]}
					]
				},
				{
					"name": "leg_left2",
					"parent": "leg_left",
					"pivot": [1.4, 4.4, -1.75],
					"cubes": [
						{"origin": [-0.1, 2.4, -2], "size": [4, 2, 5], "inflate": 0.01, "uv": [15, 9]}
					]
				},
				{
					"name": "leg_left3",
					"parent": "leg_left2",
					"pivot": [3.9, 2.4, -2],
					"rotation": [0, 0, 2.5],
					"cubes": [
						{"origin": [-0.1, 0.4, -2], "size": [4, 2, 5], "uv": [0, 17]}
					]
				},
				{
					"name": "foot_left",
					"parent": "leg_left3",
					"pivot": [1.15, 0.4, 0.5],
					"rotation": [0, 0, 2.5],
					"cubes": [
						{"origin": [0.15, -0.1, -1.5], "size": [2, 1, 3], "uv": [13, 16]}
					]
				},
				{
					"name": "leg_right",
					"parent": "legs",
					"pivot": [-0.9, 5.4, 0],
					"rotation": [0, 0, 5],
					"cubes": [
						{"origin": [-2.9, 3.4, -1.75], "size": [3, 3, 4], "uv": [35, 0], "mirror": true}
					]
				},
				{
					"name": "leg_right2",
					"parent": "leg_right",
					"pivot": [-1.4, 4.4, -1.75],
					"cubes": [
						{"origin": [-3.9, 2.4, -2], "size": [4, 2, 5], "inflate": 0.01, "uv": [33, 7], "mirror": true}
					]
				},
				{
					"name": "leg_right3",
					"parent": "leg_right2",
					"pivot": [-3.9, 2.4, -2],
					"rotation": [0, 0, -2.5],
					"cubes": [
						{"origin": [-3.9, 0.4, -2], "size": [4, 2, 5], "uv": [18, 16], "mirror": true}
					]
				},
				{
					"name": "foot_right",
					"parent": "leg_right3",
					"pivot": [-1.15, 0.4, 0.5],
					"rotation": [0, 0, -2.5],
					"cubes": [
						{"origin": [-2.15, -0.1, -1.5], "size": [2, 1, 3], "uv": [31, 14], "mirror": true}
					]
				}
			]
		}
	]
}