{
	"format_version": "1.12.0",
	"minecraft:geometry": [
		{
			"description": {
				"identifier": "geometry.bidoof_male",
				"texture_width": 64,
				"texture_height": 64,
				"visible_bounds_width": 3,
				"visible_bounds_height": 2.5,
				"visible_bounds_offset": [0, 0.75, 0]
			},
			"bones": [
				{
					"name": "bidoof",
					"pivot": [0, 0, 0]
				},
				{
					"name": "body",
					"parent": "bidoof",
					"pivot": [0, 0, 0]
				},
				{
					"name": "torso",
					"parent": "body",
					"pivot": [0.5, -0.75, 1],
					"cubes": [
						{"origin": [-5.5, 2.5, -6], "size": [11, 9, 14], "uv": [0, 0]}
					]
				},
				{
					"name": "head",
					"parent": "torso",
					"pivot": [0, 8, -4.75],
					"cubes": [
						{"origin": [-5, 3, -10.75], "size": [10, 10, 7], "inflate": 0.01, "uv": [0, 23]},
						{"origin": [-4, 4.5, -12.5], "size": [8, 4, 2], "pivot": [0, 6.5, -11.5], "rotation": [-2.5, 0, 0], "uv": [34, 35]}
					]
				},
				{
					"name": "eye_right",
					"parent": "head",
					"pivot": [-2.75, 9.65, -10.75],
					"rotation": [0, 0, -2.5],
					"cubes": [
						{"origin": [-3.25, 8.65, -10.75], "size": [1, 2, 0], "inflate": 0.02, "uv": [0, 27], "mirror": true}
					]
				},
				{
					"name": "eyelid_right",
					"parent": "eye_right",
					"pivot": [-2.75, 9.65, -10.15],
					"cubes": [
						{"origin": [-3.75, 8.65, -10.65], "size": [2, 2, 1], "inflate": 0.03, "uv": [0, 24], "mirror": true}
					]
				},
				{
					"name": "eye_left",
					"parent": "head",
					"pivot": [2.75, 9.65, -10.75],
					"rotation": [0, 0, 2.5],
					"cubes": [
						{"origin": [2.25, 8.65, -10.75], "size": [1, 2, 0], "inflate": 0.02, "uv": [0, 27]}
					]
				},
				{
					"name": "eyelid_left",
					"parent": "eye_left",
					"pivot": [2.75, 9.65, -10.15],
					"cubes": [
						{"origin": [1.75, 8.65, -10.65], "size": [2, 2, 1], "inflate": 0.03, "uv": [0, 24]}
					]
				},
				{
					"name": "tufts",
					"parent": "head",
					"pivot": [0, 10, -7.5],
					"rotation": [-15, 0, 0],
					"cubes": [
						{"origin": [-7, 7.25, -6.75], "size": [3, 3, 3], "uv": [28, 41]},
						{"origin": [-7.25, 4.5, -7.5], "size": [3, 3, 3], "inflate": 0.01, "uv": [40, 41]},
						{"origin": [-6.25, 1.75, -8.25], "size": [3, 3, 3], "uv": [13, 46]},
						{"origin": [-3.25, 0.75, -8.75], "size": [3, 3, 3], "uv": [16, 40]},
						{"origin": [4, 7.25, -6.75], "size": [3, 3, 3], "uv": [49, 44]},
						{"origin": [4.25, 4.5, -7.5], "size": [3, 3, 3], "inflate": 0.01, "uv": [37, 47]},
						{"origin": [3.25, 1.75, -8.25], "size": [3, 3, 3], "uv": [25, 47]},
						{"origin": [0.25, 0.75, -8.75], "size": [3, 3, 3], "uv": [47, 20]}
					]
				},
				{
					"name": "ear_right",
					"parent": "head",
					"pivot": [-3.25, 11.75, -6.25],
					"rotation": [-15, 5, -30],
					"cubes": [
						{"origin": [-4.75, 11.75, -7.75], "size": [3, 4, 3], "uv": [0, 7]}
					]
				},
				{
					"name": "ear_left",
					"parent": "head",
					"pivot": [3.25, 11.75, -6.25],
					"rotation": [-15, -5, 30],
					"cubes": [
						{"origin": [1.75, 11.75, -7.75], "size": [3, 4, 3], "uv": [0, 0]}
					]
				},
				{
					"name": "nose",
					"parent": "head",
					"pivot": [0, 7.79243, -12.44452],
					"cubes": [
						{"origin": [-1, 7.25, -12.5], "size": [2, 1, 0], "inflate": 0.01, "pivot": [0, 6.5, -11.5], "rotation": [-2.5, 0, 0], "uv": [53, 27]}
					]
				},
				{
					"name": "teeth",
					"parent": "head",
					"pivot": [0, 4.5, -12],
					"rotation": [-2.5, 0, 0],
					"cubes": [
						{"origin": [-2.5, 2, -12], "size": [5, 3, 0], "uv": [48, 0]}
					]
				},
				{
					"name": "tail",
					"parent": "torso",
					"pivot": [0, 11, 6.75],
					"rotation": [-20, 0, 0],
					"cubes": [
						{"origin": [-2, 11, 5.25], "size": [4, 4, 4], "uv": [0, 40]},
						{"origin": [1.75, 11, 6.5], "size": [3, 3, 3], "inflate": 0.01, "pivot": [3, 11, 8], "rotation": [0, 0, 2.5], "uv": [50, 13]},
						{"origin": [-4.75, 11, 6.5], "size": [3, 3, 3], "inflate": 0.01, "pivot": [-3, 11, 8], "rotation": [0, 0, -2.5], "uv": [46, 50]},
						{"origin": [2.25, 8.25, 7], "size": [3, 3, 3], "pivot": [3, 11, 8], "rotation": [0, 0, 2.5], "uv": [0, 48]},
						{"origin": [-5.25, 8.25, 7], "size": [3, 3, 3], "pivot": [-3, 11, 8], "rotation": [0, 0, -2.5], "uv": [49, 7]}
					]
				},
				{
					"name": "leg_front_right",
					"parent": "body",
					"pivot": [-4.25, 6, -3.25],
					"cubes": [
						{"origin": [-6.25, 1, -5.25], "size": [4, 6, 4], "uv": [36, 0]}
					]
				},
				{
					"name": "foot_front_right",
					"parent": "leg_front_right",
					"pivot": [-4.25, 1, -2.5],
					"cubes": [
						{"origin": [-5.75, 0, -4.5], "size": [3, 1, 3], "uv": [27, 23]}
					]
				},
				{
					"name": "toes_front_right",
					"parent": "foot_front_right",
					"pivot": [-4.25, 1, -4.5],
					"cubes": [
						{"origin": [-4.25, 0, -5.5], "size": [0, 1, 1], "uv": [0, 6]},
						{"origin": [-3.16416, 0, -5.49258], "size": [0, 1, 1], "pivot": [-3.16416, 0.5, -4.99258], "rotation": [0, -10, 0], "uv": [0, 1]},
						{"origin": [-5.33584, 0, -5.49258], "size": [0, 1, 1], "pivot": [-5.33584, 0.5, -4.99258], "rotation": [0, 10, 0], "uv": [0, 0]}
					]
				},
				{
					"name": "leg_front_left",
					"parent": "body",
					"pivot": [4.25, 6, -3.25],
					"cubes": [
						{"origin": [2.25, 1, -5.25], "size": [4, 6, 4], "uv": [36, 0], "mirror": true}
					]
				},
				{
					"name": "foot_front_left",
					"parent": "leg_front_left",
					"pivot": [4.25, 1, -2.5],
					"cubes": [
						{"origin": [2.75, 0, -4.5], "size": [3, 1, 3], "uv": [27, 23], "mirror": true}
					]
				},
				{
					"name": "toes_front_left",
					"parent": "foot_front_left",
					"pivot": [4.25, 1, -4.5],
					"cubes": [
						{"origin": [4.25, 0, -5.5], "size": [0, 1, 1], "uv": [0, 6], "mirror": true},
						{"origin": [3.16416, 0, -5.49258], "size": [0, 1, 1], "pivot": [3.16416, 0.5, -4.99258], "rotation": [0, 10, 0], "uv": [0, 1], "mirror": true},
						{"origin": [5.33584, 0, -5.49258], "size": [0, 1, 1], "pivot": [5.33584, 0.5, -4.99258], "rotation": [0, -10, 0], "uv": [0, 0], "mirror": true}
					]
				},
				{
					"name": "leg_back_right",
					"parent": "body",
					"pivot": [-4, 6.5, 5.25],
					"cubes": [
						{"origin": [-6, 1, 2.75], "size": [4, 7, 5], "uv": [34, 23]}
					]
				},
				{
					"name": "foot_back_right",
					"parent": "leg_back_right",
					"pivot": [-4, 1, 6.25],
					"cubes": [
						{"origin": [-5.5, 0, 4.25], "size": [3, 1, 3], "uv": [36, 10]}
					]
				},
				{
					"name": "toes_back_right",
					"parent": "foot_back_right",
					"pivot": [-4, 1, 4.25],
					"cubes": [
						{"origin": [-4, 0, 3.25], "size": [0, 1, 1], "uv": [9, 0]},
						{"origin": [-2.91416, 0, 3.25742], "size": [0, 1, 1], "pivot": [-2.91416, 0.5, 3.75742], "rotation": [0, -10, 0], "uv": [0, 7]},
						{"origin": [-5.08584, 0, 3.25742], "size": [0, 1, 1], "pivot": [-5.08584, 0.5, 3.75742], "rotation": [0, 10, 0], "uv": [0, 8]}
					]
				},
				{
					"name": "leg_back_left",
					"parent": "body",
					"pivot": [4, 6.5, 5.25],
					"cubes": [
						{"origin": [2, 1, 2.75], "size": [4, 7, 5], "uv": [34, 23], "mirror": true}
					]
				},
				{
					"name": "foot_back_left",
					"parent": "leg_back_left",
					"pivot": [4, 1, 6.25],
					"cubes": [
						{"origin": [2.5, 0, 4.25], "size": [3, 1, 3], "uv": [36, 10], "mirror": true}
					]
				},
				{
					"name": "toes_back_left",
					"parent": "foot_back_left",
					"pivot": [4, 1, 4.25],
					"cubes": [
						{"origin": [4, 0, 3.25], "size": [0, 1, 1], "uv": [9, 0], "mirror": true},
						{"origin": [2.91416, 0, 3.25742], "size": [0, 1, 1], "pivot": [2.91416, 0.5, 3.75742], "rotation": [0, 10, 0], "uv": [0, 7], "mirror": true},
						{"origin": [5.08584, 0, 3.25742], "size": [0, 1, 1], "pivot": [5.08584, 0.5, 3.75742], "rotation": [0, -10, 0], "uv": [0, 8], "mirror": true}
					]
				}
			]
		}
	]
}