{
	"format_version": "1.12.0",
	"minecraft:geometry": [
		{
			"description": {
				"identifier": "geometry.torchic_male",
				"texture_width": 64,
				"texture_height": 32,
				"visible_bounds_width": 2,
				"visible_bounds_height": 3.5,
				"visible_bounds_offset": [0, 1.25, 0]
			},
			"bones": [
				{
					"name": "torchic",
					"pivot": [0, 0, 0]
				},
				{
					"name": "body",
					"parent": "torchic",
					"pivot": [0, 6.5, 1]
				},
				{
					"name": "torso",
					"parent": "body",
					"pivot": [0.5, 5.5, 2],
					"cubes": [
						{"origin": [-3.5, 4, -3], "size": [7, 5, 8], "uv": [0, 17]}
					]
				},
				{
					"name": "head",
					"parent": "torso",
					"pivot": [0, 9, -0.75],
					"cubes": [
						{"origin": [-5, 9, -5.25], "size": [10, 8, 9], "uv": [0, 0]},
						{"origin": [-2, 11.25, -7.25], "size": [4, 1, 2], "uv": [28, 28]}
					]
				},
				{
					"name": "eyes",
					"parent": "head",
					"pivot": [0, 13, -5.3]
				},
				{
					"name": "eye_left",
					"parent": "eyes",
					"pivot": [0, 13, -4.7],
					"cubes": [
						{"origin": [-4.5, 12, -5.3], "size": [2, 2, 0], "inflate": 0.02, "uv": [48, 20]}
					]
				},
				{
					"name": "eyelid_left",
					"parent": "eye_left",
					"pivot": [0, 13, -4.7],
					"cubes": [
						{"origin": [-4.5, 12, -5.2], "size": [2, 2, 1], "inflate": 0.04, "uv": [48, 5]}
					]
				},
				{
					"name": "eye_right",
					"parent": "eyes",
					"pivot": [0, 13, -4.7],
					"cubes": [
						{"origin": [2.5, 12, -5.3], "size": [2, 2, 0], "inflate": 0.02, "uv": [52, 20]}
					]
				},
				{
					"name": "eyelid_right",
					"parent": "eye_right",
					"pivot": [0, 13, -4.7],
					"cubes": [
						{"origin": [2.5, 12, -5.2], "size": [2, 2, 1], "inflate": 0.04, "uv": [54, 5]}
					]
				},
				{
					"name": "jaw",
					"parent": "head",
					"pivot": [0, 11.75, -5],
					"cubes": [
						{"origin": [-1.5, 10.75, -7], "size": [3, 1, 2], "uv": [54, 14]}
					]
				},
				{
					"name": "comb_right1",
					"parent": "head",
					"pivot": [-2.75, 16.5, 0.25],
					"rotation": [-20, -5, -25],
					"cubes": [
						{"origin": [-4.75, 16.5, 0.25], "size": [4, 4, 0], "inflate": 0.02, "uv": [0, 21]}
					]
				},
				{
					"name": "comb_right2",
					"parent": "comb_right1",
					"pivot": [-2.75, 20.5, 0.25],
					"rotation": [-5, 0, 0],
					"cubes": [
						{"origin": [-4.75, 20.5, 0.25], "size": [4, 3, 0], "inflate": 0.02, "uv": [34, 17]}
					]
				},
				{
					"name": "comb_middle1",
					"parent": "head",
					"pivot": [0, 17, 0.25],
					"rotation": [-15, 0, 0],
					"cubes": [
						{"origin": [-2.5, 17, 0.25], "size": [5, 5, 0], "inflate": 0.02, "uv": [44, 0]}
					]
				},
				{
					"name": "comb_middle2",
					"parent": "comb_middle1",
					"pivot": [0, 22, 0.25],
					"rotation": [-5, 0, 0],
					"cubes": [
						{"origin": [-2.5, 22, 0.25], "size": [5, 5, 0], "inflate": 0.02, "uv": [29, 2]}
					]
				},
				{
					"name": "comb_left1",
					"parent": "head",
					"pivot": [2.75, 16.5, 0.25],
					"rotation": [-20, 5, 30],
					"cubes": [
						{"origin": [0.75, 16.5, 0.25], "size": [4, 4, 0], "inflate": 0.02, "uv": [0, 17]}
					]
				},
				{
					"name": "comb_left2",
					"parent": "comb_left1",
					"pivot": [2.75, 20.5, 0.25],
					"rotation": [-5, 0, 0],
					"cubes": [
						{"origin": [0.75, 20.5, 0.25], "size": [4, 3, 0], "inflate": 0.02, "uv": [0, 6]}
					]
				},
				{
					"name": "fluff_front_right",
					"parent": "torso",
					"pivot": [-2.5, 9, -3],
					"rotation": [75, 0, 0],
					"cubes": [
						{"origin": [-4, 9, -6], "size": [3, 0, 3], "uv": [0, 3]}
					]
				},
				{
					"name": "fluff_front_left",
					"parent": "torso",
					"pivot": [2.5, 9, -3],
					"rotation": [70, 0, 0],
					"cubes": [
						{"origin": [1, 9, -6], "size": [3, 0, 3], "uv": [0, 0]}
					]
				},
				{
					"name": "fluff_right",
					"parent": "torso",
					"pivot": [-3.5, 9, 1],
					"rotation": [0, 0, -75],
					"cubes": [
						{"origin": [-6.5, 9, -3.5], "size": [3, 0, 8], "uv": [20, 17]}
					]
				},
				{
					"name": "fluff_left",
					"parent": "torso",
					"pivot": [3.5, 9, 0.5],
					"rotation": [0, 0, 75],
					"cubes": [
						{"origin": [3.5, 9, -3.5], "size": [3, 0, 8], "uv": [14, 17]}
					]
				},
				{
					"name": "fluff_back",
					"parent": "torso",
					"pivot": [0, 9.25, 3.75],
					"rotation": [-10, 0, 0],
					"cubes": [
						{"origin": [-3.5, 9.25, 3.75], "size": [7, 0, 2], "uv": [27, 0]}
					]
				},
				{
					"name": "tail",
					"parent": "torso",
					"pivot": [0, 7, 4.5],
					"rotation": [10, 0, 0],
					"cubes": [
						{"origin": [-1.5, 5.5, 4.5], "size": [3, 3, 2], "uv": [54, 0]}
					]
				},
				{
					"name": "genderdifference",
					"parent": "torso",
					"pivot": [-2.5, 6, 5.01],
					"cubes": [
						{"origin": [-3, 5.5, 5.01], "size": [1, 1, 0], "inflate": 0.01, "uv": [0, 0]}
					]
				},
				{
					"name": "leg_left",
					"parent": "body",
					"pivot": [-1.5, 4, 1.75],
					"rotation": [0, 0, 5],
					"cubes": [
						{"origin": [-2, 1, 1.25], "size": [1, 4, 1], "uv": [44, 20]}
					]
				},
				{
					"name": "foot_left",
					"parent": "leg_left",
					"pivot": [-1.5, 1, 1.75],
					"rotation": [0, 10, -5],
					"cubes": [
						{"origin": [-2.5, 0, -0.5], "size": [2, 1, 3], "inflate": 0.02, "uv": [31, 22]}
					]
				},
				{
					"name": "toe_right1",
					"parent": "foot_left",
					"pivot": [-1, 0.5, 0.25],
					"rotation": [0, -30, 0],
					"cubes": [
						{"origin": [-1.5, 0, -1.75], "size": [1, 1, 2], "inflate": 0.01, "uv": [37, 5]}
					]
				},
				{
					"name": "toe_right4",
					"parent": "toe_right1",
					"pivot": [-1, 1, -1.75],
					"cubes": [
						{"origin": [-1.5, 0, -2.75], "size": [1, 1, 1], "uv": [52, 17]}
					]
				},
				{
					"name": "toe_right2",
					"parent": "foot_left",
					"pivot": [-1.5, 0.5, -0.5],
					"cubes": [
						{"origin": [-2, 0, -2.5], "size": [1, 1, 2], "inflate": 0.01, "uv": [58, 6]}
					]
				},
				{
					"name": "toe_right5",
					"parent": "toe_right2",
					"pivot": [-1.5, 1, -2.5],
					"cubes": [
						{"origin": [-2, 0, -3.5], "size": [1, 1, 1], "uv": [34, 26]}
					]
				},
				{
					"name": "toe_right3",
					"parent": "foot_left",
					"pivot": [-2, 0.5, 0.25],
					"rotation": [0, 30, 0],
					"cubes": [
						{"origin": [-2.5, 0, -1.75], "size": [1, 1, 2], "inflate": 0.01, "uv": [58, 18]}
					]
				},
				{
					"name": "toe_right6",
					"parent": "toe_right3",
					"pivot": [-2, 1, -1.75],
					"cubes": [
						{"origin": [-2.5, 0, -2.75], "size": [1, 1, 1], "uv": [46, 17]}
					]
				},
				{
					"name": "toe_back_right",
					"parent": "foot_left",
					"pivot": [-1.5, 0.5, 2.5],
					"cubes": [
						{"origin": [-2, 0, 2.5], "size": [1, 1, 1], "inflate": 0.01, "uv": [48, 8]}
					]
				},
				{
					"name": "toe_back_right2",
					"parent": "toe_back_right",
					"pivot": [-1.5, 1, 3.5],
					"cubes": [
						{"origin": [-2, 0, 3.5], "size": [1, 1, 1], "uv": [34, 20]}
					]
				},
				{
					"name": "leg_right",
					"parent": "body",
					"pivot": [1.5, 4, 1.75],
					"rotation": [0, 0, -5],
					"cubes": [
						{"origin": [1, 1, 1.25], "size": [1, 4, 1], "uv": [44, 5]}
					]
				},
				{
					"name": "foot_right",
					"parent": "leg_right",
					"pivot": [1.5, 1, 1.75],
					"rotation": [0, -10, 5],
					"cubes": [
						{"origin": [0.5, 0, -0.5], "size": [2, 1, 3], "inflate": 0.02, "uv": [44, 13]}
					]
				},
				{
					"name": "toe_left1",
					"parent": "foot_right",
					"pivot": [1, 0.5, 0.25],
					"rotation": [0, 30, 0],
					"cubes": [
						{"origin": [0.5, 0, -1.75], "size": [1, 1, 2], "inflate": 0.01, "uv": [54, 17]}
					]
				},
				{
					"name": "toe_left4",
					"parent": "toe_left1",
					"pivot": [1, 1, -1.75],
					"cubes": [
						{"origin": [0.5, 0, -2.75], "size": [1, 1, 1], "uv": [33, 7]}
					]
				},
				{
					"name": "toe_left2",
					"parent": "foot_right",
					"pivot": [1.5, 0.5, -0.5],
					"cubes": [
						{"origin": [1, 0, -2.5], "size": [1, 1, 2], "inflate": 0.01, "uv": [48, 17]}
					]
				},
				{
					"name": "toe_left5",
					"parent": "toe_left2",
					"pivot": [1.5, 1, -2.5],
					"cubes": [
						{"origin": [1, 0, -3.5], "size": [1, 1, 1], "uv": [51, 14]}
					]
				},
				{
					"name": "toe_left3",
					"parent": "foot_right",
					"pivot": [2, 0.5, 0.25],
					"rotation": [0, -30, 0],
					"cubes": [
						{"origin": [1.5, 0, -1.75], "size": [1, 1, 2], "inflate": 0.01, "uv": [42, 17]}
					]
				},
				{
					"name": "toe_left6",
					"parent": "toe_left3",
					"pivot": [2, 1, -1.75],
					"cubes": [
						{"origin": [1.5, 0, -2.75], "size": [1, 1, 1], "uv": [30, 26]}
					]
				},
				{
					"name": "toe_back_left",
					"parent": "foot_right",
					"pivot": [1.5, 0.5, 2.5],
					"cubes": [
						{"origin": [1, 0, 2.5], "size": [1, 1, 1], "inflate": 0.01, "uv": [42, 13]}
					]
				},
				{
					"name": "toe_back_left2",
					"parent": "toe_back_left",
					"pivot": [1.5, 1, 3.5],
					"cubes": [
						{"origin": [1, 0, 3.5], "size": [1, 1, 1], "uv": [29, 7]}
					]
				}
			]
		}
	]
}