{
	"format_version": "1.12.0",
	"minecraft:geometry": [
		{
			"description": {
				"identifier": "geometry.ekans",
				"texture_width": 64,
				"texture_height": 64,
				"visible_bounds_width": 8,
				"visible_bounds_height": 3,
				"visible_bounds_offset": [0, 0.5, 0]
			},
			"bones": [
				{
					"name": "ekans",
					"pivot": [0.5, 0, 0]
				},
				{
					"name": "body",
					"parent": "ekans",
					"pivot": [0, 2.5, 0]
				},
				{
					"name": "head",
					"parent": "body",
					"pivot": [0, 3, -17.5],
					"cubes": [
						{"origin": [-3, 0, -20.5], "size": [6, 6, 3], "inflate": 0.01, "uv": [22, 0]},
						{"origin": [-3, 3, -25.5], "size": [6, 3, 5], "inflate": 0.01, "uv": [30, 29]},
						{"origin": [-3, 1, -23.5], "size": [0, 2, 3], "inflate": 0.01, "uv": [0, -1]},
						{"origin": [3, 1, -23.5], "size": [0, 2, 3], "inflate": 0.01, "uv": [0, -3]}
					]
				},
				{
					"name": "jaw",
					"parent": "head",
					"pivot": [0, 1, -20.5],
					"cubes": [
						{"origin": [-3, 0, -25], "size": [6, 1, 5], "uv": [30, 37]},
						{"origin": [-2.985, 1, -22.5], "size": [0, 2, 2], "uv": [0, 4]},
						{"origin": [2.985, 1, -22.5], "size": [0, 2, 2], "uv": [0, 2]}
					],
					"locators": {
						"held_item_fixed": {
							"offset": [0, 1.25, -23],
							"rotation": [90, 0, 0]
						}
					}
				},
				{
					"name": "eyes",
					"parent": "head",
					"pivot": [0, 5.5, -21]
				},
				{
					"name": "eye_right",
					"parent": "eyes",
					"pivot": [-3.015, 4.5, -21],
					"rotation": [5, 0, 0],
					"cubes": [
						{"origin": [-3.015, 3.5, -22.5], "size": [0, 2, 3], "uv": [4, 1]}
					]
				},
				{
					"name": "eyelid_right",
					"parent": "eye_right",
					"pivot": [-2.415, 4.5, -21],
					"cubes": [
						{"origin": [-2.915, 3.5, -22.5], "size": [1, 2, 3], "inflate": 0.01, "uv": [0, 16]}
					]
				},
				{
					"name": "eye_left",
					"parent": "eyes",
					"pivot": [3.015, 4.5, -21],
					"rotation": [5, 0, 0],
					"cubes": [
						{"origin": [3.015, 3.5, -22.5], "size": [0, 2, 3], "uv": [4, 3]}
					]
				},
				{
					"name": "eyelid_left",
					"parent": "eye_left",
					"pivot": [2.415, 4.5, -21],
					"cubes": [
						{"origin": [1.915, 3.5, -22.5], "size": [1, 2, 3], "inflate": 0.01, "uv": [0, 21]}
					]
				},
				{
					"name": "tail",
					"parent": "body",
					"pivot": [0, 2.5, -18],
					"cubes": [
						{"origin": [-2.5, 0, -19], "size": [5, 5, 11], "inflate": 0.04, "uv": [0, 0]}
					]
				},
				{
					"name": "tail2",
					"parent": "tail",
					"pivot": [0, 2.5, -9],
					"cubes": [
						{"origin": [-2.5, 0, -9], "size": [5, 5, 10], "inflate": 0.03, "uv": [0, 16]}
					]
				},
				{
					"name": "tail3",
					"parent": "tail2",
					"pivot": [0, 2.5, 0],
					"cubes": [
						{"origin": [-2.5, 0, 0], "size": [5, 5, 10], "inflate": 0.02, "uv": [0, 31]}
					]
				},
				{
					"name": "tail4",
					"parent": "tail3",
					"pivot": [0, 2.5, 9],
					"cubes": [
						{"origin": [-2.5, 0, 9], "size": [5, 5, 10], "inflate": 0.01, "uv": [0, 46]}
					]
				},
				{
					"name": "tail5",
					"parent": "tail4",
					"pivot": [0, 2.5, 18],
					"cubes": [
						{"origin": [-2.5, 0, 18], "size": [5, 5, 9], "uv": [32, 0]}
					]
				},
				{
					"name": "tail6",
					"parent": "tail5",
					"pivot": [0, 2, 27],
					"cubes": [
						{"origin": [-2, 0, 26], "size": [4, 4, 11], "inflate": 0.01, "uv": [30, 14]}
					]
				},
				{
					"name": "rattle",
					"parent": "tail6",
					"pivot": [0, 2, 37],
					"cubes": [
						{"origin": [-1.5, 0.5, 37], "size": [3, 3, 2], "uv": [30, 43]}
					]
				},
				{
					"name": "rattle2",
					"parent": "rattle",
					"pivot": [0, 2, 39],
					"cubes": [
						{"origin": [-1, 1, 38.75], "size": [2, 2, 1], "uv": [40, 51]},
						{"origin": [-1.5, 0.5, 39.5], "size": [3, 3, 2], "uv": [30, 48]}
					]
				},
				{
					"name": "rattle3",
					"parent": "rattle2",
					"pivot": [0, 2, 41.5],
					"cubes": [
						{"origin": [-1, 1, 41.25], "size": [2, 2, 1], "uv": [40, 54]},
						{"origin": [-1.5, 0.5, 42], "size": [3, 3, 2], "uv": [30, 53]}
					]
				},
				{
					"name": "rattle4",
					"parent": "rattle3",
					"pivot": [0, 2, 44],
					"cubes": [
						{"origin": [-0.5, 1.5, 43.75], "size": [1, 1, 1], "uv": [48, 43]},
						{"origin": [-1, 1, 44.5], "size": [2, 2, 2], "uv": [40, 43]}
					]
				},
				{
					"name": "rattle5",
					"parent": "rattle4",
					"pivot": [0, 2, 46.5],
					"cubes": [
						{"origin": [-0.5, 1.5, 46.25], "size": [1, 1, 1], "uv": [48, 45]},
						{"origin": [-1, 1, 47], "size": [2, 2, 2], "uv": [40, 47]}
					]
				}
			]
		}
	]
}