{
	"format_version": "1.12.0",
	"minecraft:geometry": [
		{
			"description": {
				"identifier": "geometry.lotad",
				"texture_width": 64,
				"texture_height": 64,
				"visible_bounds_width": 2,
				"visible_bounds_height": 2.5,
				"visible_bounds_offset": [0, 0.75, 0]
			},
			"bones": [
				{
					"name": "lotad",
					"pivot": [0, 0, 0]
				},
				{
					"name": "body",
					"parent": "lotad",
					"pivot": [0, 4, 0]
				},
				{
					"name": "torso",
					"parent": "body",
					"pivot": [0, 2, 0],
					"cubes": [
						{"origin": [-4.5, 1, -4.5], "size": [9, 6, 9], "uv": [0, 15]},
						{"origin": [-4, 2.5, -7.5], "size": [8, 1, 3], "uv": [30, 30]},
						{"origin": [-7.5, 7, -7.5], "size": [15, 3, 0], "uv": [27, 18]},
						{"origin": [-7.5, 7.01, -7.5], "size": [15, 0, 15], "uv": [0, 0]},
						{"origin": [-7.5, 7, -7.5], "size": [0, 3, 15], "uv": [0, 18]},
						{"origin": [7.5, 7, -7.5], "size": [0, 3, 15], "uv": [0, 15]},
						{"origin": [-7.5, 7, 7.5], "size": [15, 3, 0], "uv": [27, 15]}
					],
					"locators": {
						"held_item": {
							"offset": [0, 10, -1],
							"rotation": [180, 15, 90]
						}
					}
				},
				{
					"name": "mouth_open",
					"parent": "torso",
					"pivot": [0, 0, 0.1],
					"cubes": [
						{"origin": [-3.5, 1, -4.41], "size": [7, 2, 0], "uv": [36, 27]}
					]
				},
				{
					"name": "eye_left",
					"parent": "torso",
					"pivot": [3.01, 5.25, -3.51],
					"cubes": [
						{"origin": [1.51, 3.75, -4.51], "size": [3, 3, 2], "uv": [28, 34]}
					]
				},
				{
					"name": "eyelid_left",
					"parent": "eye_left",
					"pivot": [2.91, 5.25, -3.41],
					"cubes": [
						{"origin": [1.41, 3.75, -4.41], "size": [3, 3, 2], "inflate": 0.01, "uv": [0, 10]}
					]
				},
				{
					"name": "eye_right",
					"parent": "torso",
					"pivot": [-3.01, 5.25, -3.51],
					"cubes": [
						{"origin": [-4.51, 3.75, -4.51], "size": [3, 3, 2], "uv": [0, 0]}
					]
				},
				{
					"name": "eyelid_right",
					"parent": "eye_right",
					"pivot": [-2.91, 5.25, -3.41],
					"cubes": [
						{"origin": [-4.41, 3.75, -4.41], "size": [3, 3, 2], "inflate": 0.01, "uv": [0, 5]}
					]
				},
				{
					"name": "leg_left",
					"parent": "body",
					"pivot": [3.75, 1.5, -3],
					"cubes": [
						{"origin": [2.25, 0, -4], "size": [2, 2, 2], "uv": [16, 36]}
					]
				},
				{
					"name": "leg_right",
					"parent": "body",
					"pivot": [-3.75, 1.5, -3],
					"cubes": [
						{"origin": [-4.25, 0, -4], "size": [2, 2, 2], "uv": [0, 19]}
					]
				},
				{
					"name": "leg_left2",
					"parent": "body",
					"pivot": [3.75, 1.5, 0],
					"cubes": [
						{"origin": [2.25, 0, -1], "size": [2, 2, 2], "uv": [8, 36]}
					]
				},
				{
					"name": "leg_right2",
					"parent": "body",
					"pivot": [-3.75, 1.5, 0],
					"cubes": [
						{"origin": [-4.25, 0, -1], "size": [2, 2, 2], "uv": [0, 15]}
					]
				},
				{
					"name": "leg_left3",
					"parent": "body",
					"pivot": [3.75, 1.5, 3],
					"cubes": [
						{"origin": [2.25, 0, 2], "size": [2, 2, 2], "uv": [0, 36]}
					]
				},
				{
					"name": "leg_right3",
					"parent": "body",
					"pivot": [-3.75, 1.5, 3],
					"cubes": [
						{"origin": [-4.25, 0, 2], "size": [2, 2, 2], "uv": [36, 21]}
					]
				}
			]
		}
	]
}