{
	"format_version": "1.12.0",
	"minecraft:geometry": [
		{
			"description": {
				"identifier": "geometry.pidove",
				"texture_width": 64,
				"texture_height": 32,
				"visible_bounds_width": 4,
				"visible_bounds_height": 2.5,
				"visible_bounds_offset": [0, 0.75, 0]
			},
			"bones": [
				{
					"name": "pidove",
					"pivot": [0, 0, 0]
				},
				{
					"name": "body",
					"parent": "pidove",
					"pivot": [0, 5, 0]
				},
				{
					"name": "torso",
					"parent": "body",
					"pivot": [0, 4.5, -1],
					"rotation": [-17.5, 0, 0],
					"cubes": [
						{"origin": [-3.5, 2, -6], "size": [7, 6, 7], "uv": [0, 0]},
						{"origin": [-3, 2.5, 0.5], "size": [6, 5, 3], "uv": [46, 16]}
					]
				},
				{
					"name": "tail",
					"parent": "torso",
					"pivot": [0, 6, 3.5],
					"cubes": [
						{"origin": [-1.5, 6, 3.5], "size": [3, 0, 5], "uv": [37, 24]}
					]
				},
				{
					"name": "neck",
					"parent": "torso",
					"pivot": [0, 6.75, -3.5],
					"rotation": [15, 0, 0]
				},
				{
					"name": "head_ai",
					"parent": "neck",
					"pivot": [0, 7.75, -3.5],
					"cubes": [
						{"origin": [-3, 5.75, -5.25], "size": [6, 4, 5], "uv": [19, 20]}
					]
				},
				{
					"name": "head",
					"parent": "head_ai",
					"pivot": [0, 10, -3.75],
					"rotation": [5, 0, 0],
					"cubes": [
						{"origin": [-3, 7.25, -6.25], "size": [6, 6, 6], "inflate": 0.01, "uv": [0, 13]},
						{"origin": [-1, 9.5, -9], "size": [2, 1, 3], "inflate": 0.01, "pivot": [0, 10.5, -6.25], "rotation": [7.5, 0, 0], "uv": [54, 25]},
						{"origin": [-1.5, 9.5, -7], "size": [3, 2, 1], "uv": [0, 27]}
					]
				},
				{
					"name": "jaw",
					"parent": "head",
					"pivot": [0, 9.5, -6.25],
					"rotation": [-5, 0, 0],
					"cubes": [
						{"origin": [-1, 8.5, -8], "size": [2, 1, 2], "uv": [36, 6]}
					]
				},
				{
					"name": "hair",
					"parent": "head",
					"pivot": [0, 13.25, -1.75],
					"rotation": [-55, 0, 0],
					"cubes": [
						{"origin": [0, 11.25, -2.25], "size": [0, 5, 4], "uv": [50, 2]}
					]
				},
				{
					"name": "eye_left",
					"parent": "head",
					"pivot": [1.76, 10.25, -6.06],
					"cubes": [
						{"origin": [2.01, 8.75, -6.26], "size": [1, 3, 2], "inflate": 0.01, "uv": [56, 10]},
						{"origin": [2.015, 9.25, -6.015], "size": [1, 2, 1], "inflate": 0.01, "uv": [50, 11]}
					]
				},
				{
					"name": "eyelid_left",
					"parent": "eye_left",
					"pivot": [2.41, 10.25, -5.16],
					"cubes": [
						{"origin": [1.91, 8.75, -6.16], "size": [1, 3, 2], "inflate": 0.02, "uv": [50, 0]}
					]
				},
				{
					"name": "eye_right",
					"parent": "head",
					"pivot": [-1.76, 10.25, -6.06],
					"cubes": [
						{"origin": [-3.01, 8.75, -6.26], "size": [1, 3, 2], "inflate": 0.01, "uv": [0, 13]},
						{"origin": [-3.015, 9.25, -6.015], "size": [1, 2, 1], "inflate": 0.01, "uv": [14, 25]}
					]
				},
				{
					"name": "eyelid_right",
					"parent": "eye_right",
					"pivot": [-2.41, 10.25, -5.16],
					"cubes": [
						{"origin": [-2.91, 8.75, -6.16], "size": [1, 3, 2], "inflate": 0.02, "uv": [0, 0]}
					]
				},
				{
					"name": "wing_left",
					"parent": "torso",
					"pivot": [3.5, 6, -4.25],
					"cubes": [
						{"origin": [3.5, 6, -6.75], "size": [3, 0, 6], "uv": [29, 0]}
					]
				},
				{
					"name": "wing_left2",
					"parent": "wing_left",
					"pivot": [6.5, 6, -0.75],
					"cubes": [
						{"origin": [6.5, 6, -6.75], "size": [4, 0, 6], "inflate": 0.01, "uv": [50, 0]}
					]
				},
				{
					"name": "wing_left3",
					"parent": "wing_left2",
					"pivot": [10.5, 6, -6.75],
					"cubes": [
						{"origin": [10.5, 6, -6.75], "size": [7, 0, 6], "uv": [15, 0]}
					]
				},
				{
					"name": "wing_right",
					"parent": "torso",
					"pivot": [-3.5, 6, -4.25],
					"cubes": [
						{"origin": [-6.5, 6, -6.75], "size": [3, 0, 6], "uv": [26, 12]}
					]
				},
				{
					"name": "wing_right2",
					"parent": "wing_right",
					"pivot": [-6.5, 6, -0.75],
					"cubes": [
						{"origin": [-10.5, 6, -6.75], "size": [4, 0, 6], "inflate": 0.01, "uv": [22, 6]}
					]
				},
				{
					"name": "wing_right3",
					"parent": "wing_right2",
					"pivot": [-10.5, 6, -6.75],
					"cubes": [
						{"origin": [-17.5, 6, -6.75], "size": [7, 0, 6], "uv": [12, 13]}
					]
				},
				{
					"name": "leg_left",
					"parent": "body",
					"pivot": [1.5, 3, -0.75],
					"rotation": [5, 0, 0],
					"cubes": [
						{"origin": [1, 1.75, -1.25], "size": [1, 1, 1], "inflate": 0.01, "uv": [36, 19]}
					]
				},
				{
					"name": "leg_left2",
					"parent": "leg_left",
					"pivot": [1.5, 1.75, -0.25],
					"rotation": [-15, 0, 0],
					"cubes": [
						{"origin": [1, 0.75, -1.25], "size": [1, 1, 1], "uv": [35, 29]}
					]
				},
				{
					"name": "foot_left",
					"parent": "leg_left2",
					"pivot": [1.5, 0.75, -1.25],
					"rotation": [10, 0, 0],
					"cubes": [
						{"origin": [0.5, -0.25, -2], "size": [2, 1, 2], "uv": [36, 16]}
					]
				},
				{
					"name": "toe_back_left",
					"parent": "foot_left",
					"pivot": [1.5, 0.75, 0],
					"cubes": [
						{"origin": [1.5, -0.25, 0], "size": [0, 1, 1], "inflate": 0.01, "uv": [4, 17]}
					]
				},
				{
					"name": "claw_back_left",
					"parent": "toe_back_left",
					"pivot": [1.5, 0.75, 1],
					"cubes": [
						{"origin": [1.5, -0.25, 1], "size": [0, 1, 1], "uv": [2, 17]}
					]
				},
				{
					"name": "toe_inner_left",
					"parent": "foot_left",
					"pivot": [0.75, 0.75, -2],
					"cubes": [
						{"origin": [0.75, -0.25, -3], "size": [0, 1, 1], "inflate": 0.01, "uv": [0, 17]}
					]
				},
				{
					"name": "claw_inner_left",
					"parent": "toe_inner_left",
					"pivot": [0.75, 0.75, -3],
					"cubes": [
						{"origin": [0.75, -0.25, -4], "size": [0, 1, 1], "uv": [4, 13]}
					]
				},
				{
					"name": "toe_outer_left",
					"parent": "foot_left",
					"pivot": [2.25, 0.75, -2],
					"cubes": [
						{"origin": [2.25, -0.25, -3], "size": [0, 1, 1], "inflate": 0.01, "uv": [0, 13]}
					]
				},
				{
					"name": "claw_outer_left",
					"parent": "toe_outer_left",
					"pivot": [2.25, 0.75, -3],
					"cubes": [
						{"origin": [2.25, -0.25, -4], "size": [0, 1, 1], "uv": [4, 12]}
					]
				},
				{
					"name": "leg_right",
					"parent": "body",
					"pivot": [-1.5, 3, -0.75],
					"rotation": [5, 0, 0],
					"cubes": [
						{"origin": [-2, 1.75, -1.25], "size": [1, 1, 1], "inflate": 0.01, "uv": [31, 18]}
					]
				},
				{
					"name": "leg_right2",
					"parent": "leg_right",
					"pivot": [-1.5, 1.75, -0.25],
					"rotation": [-15, 0, 0],
					"cubes": [
						{"origin": [-2, 0.75, -1.25], "size": [1, 1, 1], "uv": [0, 5]}
					]
				},
				{
					"name": "foot_right",
					"parent": "leg_right2",
					"pivot": [-1.5, 0.75, -1.25],
					"rotation": [10, 0, 0],
					"cubes": [
						{"origin": [-2.5, -0.25, -2], "size": [2, 1, 2], "uv": [36, 9]}
					]
				},
				{
					"name": "toe_back_right",
					"parent": "foot_right",
					"pivot": [-1.5, 0.75, 0],
					"cubes": [
						{"origin": [-1.5, -0.25, 0], "size": [0, 1, 1], "inflate": 0.01, "uv": [0, 12]}
					]
				},
				{
					"name": "claw_back_right",
					"parent": "toe_back_right",
					"pivot": [-1.5, 0.75, 1],
					"cubes": [
						{"origin": [-1.5, -0.25, 1], "size": [0, 1, 1], "uv": [5, 4]}
					]
				},
				{
					"name": "toe_inner_right",
					"parent": "foot_right",
					"pivot": [-0.75, 0.75, -2],
					"cubes": [
						{"origin": [-0.75, -0.25, -3], "size": [0, 1, 1], "inflate": 0.01, "uv": [4, 5]}
					]
				},
				{
					"name": "claw_inner_right",
					"parent": "toe_inner_right",
					"pivot": [-0.75, 0.75, -3],
					"cubes": [
						{"origin": [-0.75, -0.25, -4], "size": [0, 1, 1], "uv": [3, 4]}
					]
				},
				{
					"name": "toe_outer_right",
					"parent": "foot_right",
					"pivot": [-2.25, 0.75, -2],
					"cubes": [
						{"origin": [-2.25, -0.25, -3], "size": [0, 1, 1], "inflate": 0.01, "uv": [4, 0]}
					]
				},
				{
					"name": "claw_outer_right",
					"parent": "toe_outer_right",
					"pivot": [-2.25, 0.75, -3],
					"cubes": [
						{"origin": [-2.25, -0.25, -4], "size": [0, 1, 1], "uv": [0, 0]}
					]
				}
			]
		}
	]
}