{
	"format_version": "1.12.0",
	"minecraft:geometry": [
		{
			"description": {
				"identifier": "geometry.roggenrola",
				"texture_width": 32,
				"texture_height": 32,
				"visible_bounds_width": 2,
				"visible_bounds_height": 2.5,
				"visible_bounds_offset": [0, 0.75, 0]
			},
			"bones": [
				{
					"name": "roggenrola",
					"pivot": [0, 0, 0]
				},
				{
					"name": "body",
					"parent": "roggenrola",
					"pivot": [0, 0, 0]
				},
				{
					"name": "torso",
					"parent": "body",
					"pivot": [0, 2, 0],
					"cubes": [
						{"origin": [-4, 2, -4], "size": [8, 8, 8], "uv": [0, 0]}
					]
				},
				{
					"name": "eye",
					"parent": "torso",
					"pivot": [0, 6, -4],
					"cubes": [
						{"origin": [-2, 3.5, -4.01], "size": [4, 5, 0], "uv": [11, 16]}
					]
				},
				{
					"name": "pupil",
					"parent": "eye",
					"pivot": [1.5, 7.5, -4],
					"cubes": [
						{"origin": [-1, 5, -4.02], "size": [2, 2, 0], "uv": [27, 16]}
					]
				},
				{
					"name": "horn",
					"parent": "torso",
					"pivot": [0, 10, 0],
					"cubes": [
						{"origin": [-1, 9.5, -1], "size": [2, 3, 2], "uv": [0, 0]},
						{"origin": [-1.5, 12, -1.5], "size": [3, 5, 3], "uv": [0, 23]}
					]
				},
				{
					"name": "feet_left",
					"parent": "body",
					"pivot": [3, 2, 0],
					"cubes": [
						{"origin": [1.5, 0, -3.5], "size": [3, 2, 5], "uv": [16, 16]}
					]
				},
				{
					"name": "feet_right",
					"parent": "body",
					"pivot": [-3, 2, 0],
					"cubes": [
						{"origin": [-4.5, 0, -3.5], "size": [3, 2, 5], "uv": [0, 16]}
					]
				}
			]
		}
	]
}