{
	"format_version": "1.12.0",
	"minecraft:geometry": [
		{
			"description": {
				"identifier": "geometry.Poochyena",
				"texture_width": 64,
				"texture_height": 128,
				"visible_bounds_width": 4,
				"visible_bounds_height": 2.5,
				"visible_bounds_offset": [0, 0.75, 0]
			},
			"bones": [
				{
					"name": "poochyena",
					"pivot": [0, 0, 0]
				},
				{
					"name": "body",
					"parent": "poochyena",
					"pivot": [0, 9, 0]
				},
				{
					"name": "torso",
					"parent": "body",
					"pivot": [0, 8, -0.25],
					"cubes": [
						{"origin": [-4, 4.25, -6.25], "size": [8, 7, 6], "uv": [35, 77]}
					]
				},
				{
					"name": "neck",
					"parent": "torso",
					"pivot": [0, 8, -3.5],
					"rotation": [2.5, 0, 0],
					"cubes": [
						{"origin": [-3.5, 6.75, -6], "size": [7, 8, 6], "inflate": -0.01, "pivot": [0, 8, -3.5], "rotation": [20, 0, 0], "uv": [37, 90]}
					]
				},
				{
					"name": "head",
					"parent": "neck",
					"pivot": [0, 13.5, -5],
					"rotation": [-2.5, 0, 0],
					"cubes": [
						{"origin": [-3.5, 10, -9.5], "size": [7, 7, 7], "uv": [35, 114]},
						{"origin": [1.9, 10.75, -11], "size": [0, 1, 1], "inflate": 0.01, "pivot": [2, 11.2, -11.25], "rotation": [55, 0, 0], "uv": [47, 111], "mirror": true},
						{"origin": [-1.9, 10.75, -11], "size": [0, 1, 1], "inflate": 0.01, "pivot": [-2, 11.2, -11.25], "rotation": [55, 0, 0], "uv": [45, 111]},
						{"origin": [-1, 12.75, -12], "size": [2, 1, 0], "inflate": 0.02, "pivot": [0, 12.75, -11], "rotation": [10, 0, 0], "uv": [48, 109]},
						{"origin": [-2, 11.75, -12], "size": [4, 2, 3], "inflate": 0.01, "pivot": [0, 12.75, -11], "rotation": [10, 0, 0], "uv": [49, 109]}
					]
				},
				{
					"name": "eye_left",
					"parent": "head",
					"pivot": [2.5, 14, -8.5],
					"cubes": [
						{"origin": [1.75, 13.75, -9.5], "size": [1, 1, 0], "inflate": 0.02, "uv": [23, 126]},
						{"origin": [1.5, 13, -9.5], "size": [2, 2, 2], "inflate": 0.01, "uv": [14, 124], "mirror": true}
					]
				},
				{
					"name": "eye_right",
					"parent": "head",
					"pivot": [-2.5, 14, -8.5],
					"cubes": [
						{"origin": [-3.5, 13, -9.5], "size": [2, 2, 2], "inflate": 0.01, "uv": [26, 124]},
						{"origin": [-2.75, 13.75, -9.5], "size": [1, 1, 0], "inflate": 0.02, "uv": [23, 127], "mirror": true}
					]
				},
				{
					"name": "eyelid_left",
					"parent": "head",
					"pivot": [1.5, 14, -7.5],
					"cubes": [
						{"origin": [0.5, 13, -8.5], "size": [2, 2, 2], "inflate": 0.01, "uv": [14, 120], "mirror": true}
					]
				},
				{
					"name": "eyelid_right",
					"parent": "head",
					"pivot": [-1.5, 14, -7.5],
					"cubes": [
						{"origin": [-2.5, 13, -8.5], "size": [2, 2, 2], "inflate": 0.01, "uv": [26, 120]}
					]
				},
				{
					"name": "ear_right",
					"parent": "head",
					"pivot": [-2, 16, -5.5],
					"cubes": [
						{"origin": [-3.5, 15.75, -7], "size": [3, 3, 3], "inflate": -0.01, "uv": [30, 113]},
						{"origin": [-3, 18.75, -7], "size": [2, 2, 2], "inflate": 0.01, "uv": [32, 109]}
					]
				},
				{
					"name": "ear_left",
					"parent": "head",
					"pivot": [2, 16, -5.5],
					"cubes": [
						{"origin": [0.5, 15.75, -7], "size": [3, 3, 3], "inflate": -0.01, "uv": [18, 113], "mirror": true},
						{"origin": [1, 18.75, -7], "size": [2, 2, 2], "inflate": 0.01, "uv": [20, 109], "mirror": true}
					]
				},
				{
					"name": "jaw",
					"parent": "head",
					"pivot": [0, 12, -8.5],
					"cubes": [
						{"origin": [-2, 10.25, -11.55], "size": [4, 2, 3], "pivot": [0.1221, 11.67853, -9.58821], "rotation": [10, 0, 0], "uv": [49, 104]},
						{"origin": [-2.1, 11.5, -11.5], "size": [1, 1, 1], "pivot": [-2.08198, 11.77782, -10.54517], "rotation": [-125, -1.75, -1.75], "uv": [48, 110]},
						{"origin": [1.1, 11.5, -11.5], "size": [1, 1, 1], "pivot": [2.08198, 11.77782, -10.54517], "rotation": [-125, 1.75, 1.75], "uv": [44, 110], "mirror": true},
						{"origin": [1.5, 10.25, -9.75], "size": [0, 1, 1], "pivot": [-0.12212, 11.67853, -9.58821], "rotation": [-125, 2.5, 0], "uv": [47, 112]},
						{"origin": [-1.5, 10.25, -9.75], "size": [0, 1, 1], "pivot": [0.12212, 11.67853, -9.58821], "rotation": [-125, -2.5, 0], "uv": [45, 112], "mirror": true}
					]
				},
				{
					"name": "waist",
					"parent": "body",
					"pivot": [0, 11.25, -1.25],
					"cubes": [
						{"origin": [-3.5, 4.25, -1.25], "size": [7, 7, 7], "inflate": 0.01, "uv": [35, 63]}
					]
				},
				{
					"name": "fluff1",
					"parent": "waist",
					"pivot": [0, 11.25, 2.25],
					"cubes": [
						{"origin": [-1.5, 12.5, 1.75], "size": [3, 0, 4], "pivot": [0, 11.5, 3.75], "rotation": [45, 0, 0], "uv": [53, 66]},
						{"origin": [0.5, 11.5, 2.1], "size": [3, 0, 4], "pivot": [0, 11.5, 2.25], "rotation": [43, -15.75, 16.25], "uv": [53, 62]},
						{"origin": [-3.5, 11.5, 2.1], "size": [3, 0, 4], "pivot": [0, 11.5, 2.25], "rotation": [43, 15.75, -16.25], "uv": [53, 58], "mirror": true}
					]
				},
				{
					"name": "fluff2",
					"parent": "waist",
					"pivot": [0, 11.25, 3.5],
					"cubes": [
						{"origin": [-1.5, 11, 3.5], "size": [3, 0, 4], "pivot": [0, 11.25, 3.75], "rotation": [22.5, 0, 0], "uv": [53, 54]},
						{"origin": [0.2, 11.85, 3.5], "size": [3, 0, 4], "pivot": [1.5, 12, 5.5], "rotation": [21.5, -14, 11.5], "uv": [53, 50]},
						{"origin": [-3.2, 11.85, 3.5], "size": [3, 0, 4], "pivot": [-1.5, 12, 5.5], "rotation": [21.5, 14, -11.5], "uv": [53, 46], "mirror": true}
					]
				},
				{
					"name": "tail",
					"parent": "waist",
					"pivot": [0, 8.5, 5],
					"cubes": [
						{"origin": [-2, 6.5, 5], "size": [4, 4, 4], "uv": [41, 55]}
					]
				},
				{
					"name": "tail2",
					"parent": "tail",
					"pivot": [0, 8.5, 7],
					"cubes": [
						{"origin": [-3, 5.5, 7], "size": [6, 6, 6], "uv": [33, 43]}
					]
				},
				{
					"name": "tail3",
					"parent": "tail2",
					"pivot": [0, 8.5, 11],
					"cubes": [
						{"origin": [-2.5, 6, 11], "size": [5, 5, 5], "uv": [43, 33]}
					]
				},
				{
					"name": "tail4",
					"parent": "tail3",
					"pivot": [0, 8.5, 15],
					"cubes": [
						{"origin": [0, 6, 15], "size": [0, 5, 4], "pivot": [0, 8.5, 15], "rotation": [0, 0, 45], "uv": [55, 24]},
						{"origin": [0, 6, 15], "size": [0, 5, 4], "pivot": [0, 8.5, 15], "rotation": [0, 0, -45], "uv": [47, 24], "mirror": true}
					]
				},
				{
					"name": "shoulder_left",
					"parent": "body",
					"pivot": [3, 7, -3.5],
					"cubes": [
						{"origin": [0.25, 4, -5.5], "size": [4, 5, 4], "uv": [17, 95]}
					]
				},
				{
					"name": "arm_left",
					"parent": "shoulder_left",
					"pivot": [2.5, 4, -3],
					"cubes": [
						{"origin": [1, 1, -5], "size": [3, 4, 3], "inflate": 0.01, "uv": [19, 88]}
					]
				},
				{
					"name": "frontpaw_left",
					"parent": "arm_left",
					"pivot": [2.5, 1, -3.5],
					"cubes": [
						{"origin": [1, 0, -6], "size": [3, 2, 4], "uv": [18, 82]}
					]
				},
				{
					"name": "shoulder_right",
					"parent": "body",
					"pivot": [-3, 7, -3.5],
					"cubes": [
						{"origin": [-4.25, 4, -5.5], "size": [4, 5, 4], "uv": [1, 95], "mirror": true}
					]
				},
				{
					"name": "arm_right",
					"parent": "shoulder_right",
					"pivot": [-2.5, 4, -3],
					"cubes": [
						{"origin": [-4, 1, -5], "size": [3, 4, 3], "inflate": 0.01, "uv": [3, 88], "mirror": true}
					]
				},
				{
					"name": "frontpaw_right",
					"parent": "arm_right",
					"pivot": [-2.5, 1, -3.5],
					"cubes": [
						{"origin": [-4, 0, -6], "size": [3, 2, 4], "uv": [2, 82], "mirror": true}
					]
				},
				{
					"name": "leg_left",
					"parent": "body",
					"pivot": [2.5, 7.25, 3],
					"cubes": [
						{"origin": [0.25, 4.25, 1], "size": [4, 5, 5], "uv": [18, 72]}
					]
				},
				{
					"name": "knee_left",
					"parent": "leg_left",
					"pivot": [4, 5, 1.5],
					"cubes": [
						{"origin": [1, 1, 1.5], "size": [3, 4, 3], "pivot": [2.5, 5, 1.5], "rotation": [35, 0, 0], "uv": [21, 65]}
					]
				},
				{
					"name": "ankle_left",
					"parent": "knee_left",
					"pivot": [2.5, 3.5, 6.25],
					"cubes": [
						{"origin": [1, 1.5, 3.25], "size": [3, 2, 3], "inflate": 0.01, "uv": [21, 60]}
					]
				},
				{
					"name": "paw_left",
					"parent": "ankle_left",
					"pivot": [2.5, 1.5, 5],
					"cubes": [
						{"origin": [1, 0, 2.25], "size": [3, 2, 4], "uv": [20, 54]}
					]
				},
				{
					"name": "leg_right",
					"parent": "body",
					"pivot": [-2.5, 7.25, 3],
					"cubes": [
						{"origin": [-4.25, 4.25, 1], "size": [4, 5, 5], "uv": [0, 72], "mirror": true}
					]
				},
				{
					"name": "knee_right",
					"parent": "leg_right",
					"pivot": [-4, 5, 1.5],
					"cubes": [
						{"origin": [-4, 1, 1.5], "size": [3, 4, 3], "pivot": [0, 5, 1.5], "rotation": [35, 0, 0], "uv": [3, 65], "mirror": true}
					]
				},
				{
					"name": "ankle_right",
					"parent": "knee_right",
					"pivot": [-2.5, 3.5, 6.25],
					"cubes": [
						{"origin": [-4, 1.5, 3.25], "size": [3, 2, 3], "inflate": 0.01, "uv": [3, 60], "mirror": true}
					]
				},
				{
					"name": "paw_right",
					"parent": "ankle_right",
					"pivot": [-2.5, 1.5, 5],
					"cubes": [
						{"origin": [-4, 0, 2.25], "size": [3, 2, 4], "uv": [2, 54], "mirror": true}
					]
				}
			]
		}
	]
}