{
	"format_version": "1.12.0",
	"minecraft:geometry": [
		{
			"description": {
				"identifier": "geometry.umbreon",
				"texture_width": 64,
				"texture_height": 64,
				"visible_bounds_width": 4,
				"visible_bounds_height": 3.5,
				"visible_bounds_offset": [0, 1.25, 0]
			},
			"bones": [
				{
					"name": "umbreon",
					"pivot": [0, 0, 0]
				},
				{
					"name": "body",
					"parent": "umbreon",
					"pivot": [0, 10.25, 0]
				},
				{
					"name": "torso",
					"parent": "body",
					"pivot": [0, 10.25, 0],
					"cubes": [
						{"origin": [-3.5, 7.25, -7], "size": [7, 6, 14], "uv": [0, 0]}
					]
				},
				{
					"name": "head",
					"parent": "torso",
					"pivot": [0, 13, -6],
					"cubes": [
						{"origin": [-3.5, 11.5, -11.75], "size": [7, 7, 7], "inflate": 0.01, "uv": [28, 0]},
						{"origin": [-2.5, 11.5, -13.25], "size": [5, 3, 2], "uv": [49, 24]}
					]
				},
				{
					"name": "mouth",
					"parent": "head",
					"pivot": [0, 12.25, -13.16],
					"cubes": [
						{"origin": [-1, 11.75, -13.16], "size": [2, 1, 0], "uv": [59, 1]}
					]
				},
				{
					"name": "eyes",
					"parent": "head",
					"pivot": [0, 15.25, -9.5]
				},
				{
					"name": "eye_right",
					"parent": "eyes",
					"pivot": [-2.515, 15.5, -10.765],
					"cubes": [
						{"origin": [-3.515, 14.5, -11.765], "size": [2, 2, 2], "uv": [56, 8], "mirror": true}
					]
				},
				{
					"name": "eyelid_right",
					"parent": "eye_right",
					"pivot": [-2.415, 15.5, -10.665],
					"cubes": [
						{"origin": [-3.415, 14.5, -11.665], "size": [2, 2, 2], "inflate": 0.01, "uv": [56, 3], "mirror": true}
					]
				},
				{
					"name": "eye_left",
					"parent": "eyes",
					"pivot": [2.515, 15.5, -10.765],
					"cubes": [
						{"origin": [1.515, 14.5, -11.765], "size": [2, 2, 2], "uv": [56, 8]}
					]
				},
				{
					"name": "eyelid_left",
					"parent": "eye_left",
					"pivot": [2.415, 15.5, -10.665],
					"cubes": [
						{"origin": [1.415, 14.5, -11.665], "size": [2, 2, 2], "inflate": 0.01, "uv": [56, 3]}
					]
				},
				{
					"name": "ear_left",
					"parent": "head",
					"pivot": [2.5, 18.5, -8.75],
					"rotation": [-60, 40, -5],
					"cubes": [
						{"origin": [2.5, 18.5, -9.75], "size": [0, 13, 5], "uv": [34, 15]}
					]
				},
				{
					"name": "ear_right",
					"parent": "head",
					"pivot": [-2.5, 18.5, -8.75],
					"rotation": [-60, -40, 5],
					"cubes": [
						{"origin": [-2.5, 18.5, -9.75], "size": [0, 13, 5], "uv": [34, 15], "mirror": true}
					]
				},
				{
					"name": "tail",
					"parent": "torso",
					"pivot": [0, 11.5, 6],
					"rotation": [35, 0, 0],
					"cubes": [
						{"origin": [-1.5, 9.5, 6], "size": [3, 4, 3], "uv": [0, 57]}
					]
				},
				{
					"name": "tail2",
					"parent": "tail",
					"pivot": [0, 11.5, 8.75],
					"cubes": [
						{"origin": [-2, 9, 8.75], "size": [4, 5, 7], "uv": [12, 52]}
					]
				},
				{
					"name": "tail3",
					"parent": "tail2",
					"pivot": [0, 11.5, 15.5],
					"cubes": [
						{"origin": [-1.5, 10, 15.5], "size": [3, 3, 3], "uv": [34, 58]}
					]
				},
				{
					"name": "leg_front_left",
					"parent": "body",
					"pivot": [2.5, 9, -4.5],
					"rotation": [5, 0, 0],
					"cubes": [
						{"origin": [1, 4.5, -6], "size": [3, 6, 3], "inflate": 0.01, "uv": [52, 14]}
					]
				},
				{
					"name": "leg_front_left2",
					"parent": "leg_front_left",
					"pivot": [2.5, 4.5, -3.5],
					"rotation": [-20, 0, 0],
					"cubes": [
						{"origin": [1, 0.75, -6], "size": [3, 4, 3], "uv": [0, 5]}
					]
				},
				{
					"name": "leg_front_left3",
					"parent": "leg_front_left2",
					"pivot": [2.5, 1, -4.5],
					"rotation": [15, 0, 0],
					"cubes": [
						{"origin": [1, -0.5, -6.25], "size": [3, 2, 3], "inflate": 0.01, "uv": [0, 0]}
					]
				},
				{
					"name": "leg_front_right",
					"parent": "body",
					"pivot": [-2.5, 9, -4.5],
					"rotation": [5, 0, 0],
					"cubes": [
						{"origin": [-4, 4.5, -6], "size": [3, 6, 3], "inflate": 0.01, "uv": [52, 14], "mirror": true}
					]
				},
				{
					"name": "leg_front_right2",
					"parent": "leg_front_right",
					"pivot": [-2.5, 4.5, -3.5],
					"rotation": [-20, 0, 0],
					"cubes": [
						{"origin": [-4, 0.75, -6], "size": [3, 4, 3], "uv": [0, 5], "mirror": true}
					]
				},
				{
					"name": "leg_front_right3",
					"parent": "leg_front_right2",
					"pivot": [-2.5, 1, -4.5],
					"rotation": [15, 0, 0],
					"cubes": [
						{"origin": [-4, -0.5, -6.25], "size": [3, 2, 3], "inflate": 0.01, "uv": [0, 0], "mirror": true}
					]
				},
				{
					"name": "leg_back_left",
					"parent": "body",
					"pivot": [2.5, 9, 4.75],
					"rotation": [5, 0, 0],
					"cubes": [
						{"origin": [1, 4.5, 2.75], "size": [3, 6, 4], "inflate": 0.01, "uv": [0, 22]}
					]
				},
				{
					"name": "leg_back_left2",
					"parent": "leg_back_left",
					"pivot": [2.5, 4.5, 6.25],
					"rotation": [-12.5, 0, 0],
					"cubes": [
						{"origin": [1, 0.75, 4.25], "size": [3, 4, 3], "uv": [0, 37]}
					]
				},
				{
					"name": "leg_back_left3",
					"parent": "leg_back_left2",
					"pivot": [2.5, 1.25, 5.75],
					"rotation": [7.5, 0, 0],
					"cubes": [
						{"origin": [1, -0.25, 4], "size": [3, 2, 3], "inflate": 0.01, "uv": [18, 22]}
					]
				},
				{
					"name": "leg_back_right",
					"parent": "body",
					"pivot": [-2.5, 9, 4.75],
					"rotation": [5, 0, 0],
					"cubes": [
						{"origin": [-4, 4.5, 2.75], "size": [3, 6, 4], "inflate": 0.01, "uv": [0, 22], "mirror": true}
					]
				},
				{
					"name": "leg_back_right2",
					"parent": "leg_back_right",
					"pivot": [-2.5, 4.5, 6.25],
					"rotation": [-12.5, 0, 0],
					"cubes": [
						{"origin": [-4, 0.75, 4.25], "size": [3, 4, 3], "uv": [0, 37], "mirror": true}
					]
				},
				{
					"name": "leg_back_right3",
					"parent": "leg_back_right2",
					"pivot": [-2.5, 1.25, 5.75],
					"rotation": [7.5, 0, 0],
					"cubes": [
						{"origin": [-4, -0.25, 4], "size": [3, 2, 3], "inflate": 0.01, "uv": [18, 22], "mirror": true}
					]
				}
			]
		}
	]
}