{
	"format_version": "1.12.0",
	"minecraft:geometry": [
		{
			"description": {
				"identifier": "geometry.ivysaur",
				"texture_width": 64,
				"texture_height": 64,
				"visible_bounds_width": 4,
				"visible_bounds_height": 2.5,
				"visible_bounds_offset": [0, 0.75, 0]
			},
			"bones": [
				{
					"name": "ivysaur",
					"pivot": [0, 0, 0]
				},
				{
					"name": "body",
					"parent": "ivysaur",
					"pivot": [0, 5.5528, 0.2424]
				},
				{
					"name": "torso",
					"parent": "body",
					"pivot": [0, 5.55281, 0.24244],
					"cubes": [
						{"origin": [-4.5, 2.55281, -5.75756], "size": [9, 6, 12], "pivot": [0, 5.55281, 0.24244], "rotation": [-5, 0, 0], "uv": [0, 0]}
					]
				},
				{
					"name": "head",
					"parent": "torso",
					"pivot": [0, 5.75, -5],
					"rotation": [-5, 0, 0],
					"cubes": [
						{"origin": [-5, 5, -9.5], "size": [10, 6, 6], "inflate": 0.01, "uv": [0, 18]},
						{"origin": [-5, 4, -7.5], "size": [10, 1, 3], "inflate": 0.01, "uv": [0, 49]},
						{"origin": [-4.75, 4.5, -9.35], "size": [1, 1, 0], "pivot": [-4.25, 5, -9.35], "rotation": [7.5, 5, 45], "uv": [62, 14]},
						{"origin": [3.75, 4.5, -9.35], "size": [1, 1, 0], "pivot": [4.25, 5, -9.35], "rotation": [7.5, -5, -45], "uv": [62, 13], "mirror": true}
					]
				},
				{
					"name": "jaw",
					"parent": "head",
					"pivot": [0, 5, -7],
					"cubes": [
						{"origin": [-5, 4, -9.25], "size": [10, 1, 2], "uv": [0, 53]}
					]
				},
				{
					"name": "eyes",
					"parent": "head",
					"pivot": [0, 8, -9.5]
				},
				{
					"name": "eye_right",
					"parent": "eyes",
					"pivot": [-3.515, 8.25, -8.515],
					"cubes": [
						{"origin": [-5.015, 6.75, -9.515], "size": [3, 3, 2], "uv": [54, 8], "mirror": true}
					]
				},
				{
					"name": "eyelid_right",
					"parent": "eye_right",
					"pivot": [-3.415, 8.25, -8.415],
					"cubes": [
						{"origin": [-4.915, 6.75, -9.415], "size": [3, 3, 2], "inflate": 0.01, "uv": [10, 56], "mirror": true}
					]
				},
				{
					"name": "eye_left",
					"parent": "eyes",
					"pivot": [3.515, 8.25, -8.515],
					"cubes": [
						{"origin": [2.015, 6.75, -9.515], "size": [3, 3, 2], "uv": [54, 3]}
					]
				},
				{
					"name": "eyelid_left",
					"parent": "eye_left",
					"pivot": [3.415, 8.25, -8.415],
					"cubes": [
						{"origin": [1.915, 6.75, -9.415], "size": [3, 3, 2], "inflate": 0.01, "uv": [0, 56]}
					]
				},
				{
					"name": "ears",
					"parent": "head",
					"pivot": [0, 11.25, -6]
				},
				{
					"name": "ear_right",
					"parent": "ears",
					"pivot": [-2.25, 11.25, -7.5],
					"rotation": [5, -40, -15],
					"cubes": [
						{"origin": [-2.25, 11, -8.5], "size": [0, 3, 5], "uv": [1, 4], "mirror": true}
					]
				},
				{
					"name": "ear_left",
					"parent": "ears",
					"pivot": [2.25, 11.25, -7.5],
					"rotation": [5, 40, 15],
					"cubes": [
						{"origin": [2.25, 11, -8.5], "size": [0, 3, 5], "uv": [54, -5]}
					]
				},
				{
					"name": "bulb",
					"parent": "torso",
					"pivot": [0, 7.25, 1],
					"rotation": [-7.5, 0, 0],
					"cubes": [
						{"origin": [-2, 8.25, -0.25], "size": [4, 1, 4], "uv": [34, 38]},
						{"origin": [-2.5, 9.25, -0.75], "size": [5, 1, 5], "uv": [19, 38]},
						{"origin": [-3.5, 10.25, -1.75], "size": [7, 6, 7], "uv": [25, 25]},
						{"origin": [-2.5, 16.25, -0.75], "size": [5, 2, 5], "uv": [34, 43]}
					],
					"locators": {
						"held_item_fixed": {
							"offset": [0, 18.5, 4],
							"rotation": [90, 0, 0]
						}
					}
				},
				{
					"name": "leaf_front",
					"parent": "torso",
					"pivot": [0, 8.5, 0],
					"rotation": [-47.5, 0, 0],
					"cubes": [
						{"origin": [-3, 8.5, -4], "size": [6, 0, 4], "uv": [26, 0]}
					]
				},
				{
					"name": "leaf_front2",
					"parent": "leaf_front",
					"pivot": [0, 8.5, -4],
					"cubes": [
						{"origin": [-3, 8.5, -8], "size": [6, 0, 4], "uv": [26, 4]}
					]
				},
				{
					"name": "leaf_front3",
					"parent": "leaf_front2",
					"pivot": [0, 8.5, -8],
					"cubes": [
						{"origin": [-3, 8.5, -12], "size": [6, 0, 4], "uv": [26, 8]}
					]
				},
				{
					"name": "leaf_right",
					"parent": "torso",
					"pivot": [-2, 8.45, 1.9],
					"rotation": [-5, 0, 0],
					"cubes": [
						{"origin": [-6, 8.45, -1.1], "size": [4, 0, 6], "uv": [36, 50]}
					]
				},
				{
					"name": "leaf_right2",
					"parent": "leaf_right",
					"pivot": [-6, 8.4, 1.9],
					"cubes": [
						{"origin": [-10, 8.45, -1.1], "size": [4, 0, 6], "uv": [28, 50]}
					]
				},
				{
					"name": "leaf_right3",
					"parent": "leaf_right2",
					"pivot": [-10, 8.4, 1.9],
					"cubes": [
						{"origin": [-14, 8.45, -1.1], "size": [4, 0, 6], "uv": [20, 50]}
					]
				},
				{
					"name": "leaf_left",
					"parent": "torso",
					"pivot": [2, 8.45, 1.9],
					"rotation": [-5, 0, 0],
					"cubes": [
						{"origin": [2, 8.45, -1.1], "size": [4, 0, 6], "uv": [36, 18], "mirror": true}
					]
				},
				{
					"name": "leaf_left2",
					"parent": "leaf_left",
					"pivot": [6, 8.4, 1.9],
					"cubes": [
						{"origin": [6, 8.45, -1.1], "size": [4, 0, 6], "uv": [28, 18], "mirror": true}
					]
				},
				{
					"name": "leaf_left3",
					"parent": "leaf_left2",
					"pivot": [10, 8.4, 1.9],
					"cubes": [
						{"origin": [10, 8.45, -1.1], "size": [4, 0, 6], "uv": [20, 18], "mirror": true}
					]
				},
				{
					"name": "leaf_back",
					"parent": "torso",
					"pivot": [0, 8.25, 3.9],
					"rotation": [-5, 0, 0],
					"cubes": [
						{"origin": [-3, 8.25, 3.9], "size": [6, 0, 4], "uv": [38, 8]}
					]
				},
				{
					"name": "leaf_back2",
					"parent": "leaf_back",
					"pivot": [0, 8.25, 7.9],
					"cubes": [
						{"origin": [-3, 8.25, 7.9], "size": [6, 0, 4], "uv": [38, 4]}
					]
				},
				{
					"name": "leaf_back3",
					"parent": "leaf_back2",
					"pivot": [0, 8.25, 11.9],
					"cubes": [
						{"origin": [-3, 8.25, 11.9], "size": [6, 0, 4], "uv": [38, 0]}
					]
				},
				{
					"name": "leg_front_right",
					"parent": "body",
					"pivot": [-4, 5, -3.5],
					"cubes": [
						{"origin": [-5.5, 0, -5], "size": [3, 6, 3], "uv": [0, 0]},
						{"origin": [-5.25, 0, -5.65], "size": [0, 1, 1], "pivot": [-5.25, 0.5, -5], "rotation": [0, 15, 0], "uv": [62, 19]},
						{"origin": [-4, 0, -5.75], "size": [0, 1, 1], "uv": [62, 18]},
						{"origin": [-2.75, 0, -5.65], "size": [0, 1, 1], "pivot": [-2.75, 0.5, -5], "rotation": [0, -15, 0], "uv": [62, 17], "mirror": true}
					]
				},
				{
					"name": "leg_front_left",
					"parent": "body",
					"pivot": [4, 5, -3.5],
					"cubes": [
						{"origin": [2.5, 0, -5], "size": [3, 6, 3], "uv": [0, 31]},
						{"origin": [2.75, 0, -5.65], "size": [0, 1, 1], "pivot": [2.75, 0.5, -5], "rotation": [0, 15, 0], "uv": [62, 16]},
						{"origin": [4, 0, -5.75], "size": [0, 1, 1], "uv": [62, 15]},
						{"origin": [5.25, 0, -5.65], "size": [0, 1, 1], "pivot": [5.25, 0.5, -5], "rotation": [0, -15, 0], "uv": [62, 14], "mirror": true}
					]
				},
				{
					"name": "leg_back_right",
					"parent": "body",
					"pivot": [-4, 5, 4.5],
					"cubes": [
						{"origin": [-5.5, 0, 3], "size": [3, 6, 3], "uv": [12, 31]},
						{"origin": [-5.25, 0, 2.35], "size": [0, 1, 1], "pivot": [-5.25, 0.5, 3], "rotation": [0, 15, 0], "uv": [62, 25]},
						{"origin": [-4, 0, 2.25], "size": [0, 1, 1], "uv": [62, 24]},
						{"origin": [-2.75, 0, 2.35], "size": [0, 1, 1], "pivot": [-2.75, 0.5, 3], "rotation": [0, -15, 0], "uv": [62, 23], "mirror": true}
					]
				},
				{
					"name": "leg_back_left",
					"parent": "body",
					"pivot": [4, 5, 4.5],
					"cubes": [
						{"origin": [2.5, 0, 3], "size": [3, 6, 3], "uv": [0, 40]},
						{"origin": [2.75, 0, 2.35], "size": [0, 1, 1], "pivot": [2.75, 0.5, 3], "rotation": [0, 15, 0], "uv": [62, 22]},
						{"origin": [4, 0, 2.25], "size": [0, 1, 1], "uv": [62, 21]},
						{"origin": [5.25, 0, 2.35], "size": [0, 1, 1], "pivot": [5.25, 0.5, 3], "rotation": [0, -15, 0], "uv": [62, 20], "mirror": true}
					]
				}
			]
		}
	]
}