{
	"format_version": "1.12.0",
	"minecraft:geometry": [
		{
			"description": {
				"identifier": "geometry.oshawott",
				"texture_width": 64,
				"texture_height": 64,
				"visible_bounds_width": 3,
				"visible_bounds_height": 2.5,
				"visible_bounds_offset": [0, 0.75, 0]
			},
			"bones": [
				{
					"name": "oshawott",
					"pivot": [0, 0, 0]
				},
				{
					"name": "body",
					"parent": "oshawott",
					"pivot": [0, 0, 0]
				},
				{
					"name": "torso",
					"parent": "body",
					"pivot": [0, 1.75, 0.25],
					"cubes": [
						{"origin": [-4.5, 1.75, -4.25], "size": [9, 6, 8], "uv": [0, 20]},
						{"origin": [-3.5, 7.75, -3.75], "size": [7, 3, 7], "uv": [27, 30]},
						{"origin": [-3, 10.75, -3.25], "size": [6, 2, 6], "uv": [0, 34]}
					]
				},
				{
					"name": "head",
					"parent": "torso",
					"pivot": [0, 10.5, -0.25],
					"cubes": [
						{"origin": [-6, 10.5, -5.5], "size": [12, 10, 10], "uv": [0, 0]},
						{"origin": [-2, 13.25, -6.5], "size": [4, 3, 1], "uv": [46, 22]}
					]
				},
				{
					"name": "eyes",
					"parent": "head",
					"pivot": [0, 0.25, -0.25]
				},
				{
					"name": "eye_right",
					"parent": "eyes",
					"pivot": [-4, 15.35, -5.5],
					"cubes": [
						{"origin": [-5, 13.25, -5.26], "size": [2, 3, 0], "inflate": 0.25, "uv": [0, 47]}
					]
				},
				{
					"name": "highlight_right",
					"parent": "eye_right",
					"pivot": [0.25, -1.15, -0.25],
					"cubes": [
						{"origin": [-4.2, 15.05, -5.42], "size": [1, 1, 0], "inflate": 0.1, "uv": [4, 47]}
					]
				},
				{
					"name": "eyelid_right_cute",
					"parent": "eye_right",
					"pivot": [-4, 15.35, -4.9],
					"cubes": [
						{"origin": [-5, 13.25, -5.18], "size": [2, 3, 0], "inflate": 0.25, "uv": [0, 50]}
					]
				},
				{
					"name": "eyelid_right",
					"parent": "eye_right",
					"pivot": [-4.5, 15.35, -4.9],
					"cubes": [
						{"origin": [-5, 13.25, -5.18], "size": [2, 3, 0], "inflate": 0.25, "uv": [4, 53]}
					]
				},
				{
					"name": "eye_left",
					"parent": "eyes",
					"pivot": [4, 15.35, -5.5],
					"cubes": [
						{"origin": [3, 13.25, -5.26], "size": [2, 3, 0], "inflate": 0.25, "uv": [6, 47], "mirror": true}
					]
				},
				{
					"name": "highlight_left",
					"parent": "eye_left",
					"pivot": [-0.25, -1.15, -0.25],
					"cubes": [
						{"origin": [3.2, 15.05, -5.42], "size": [1, 1, 0], "inflate": 0.1, "uv": [10, 47], "mirror": true}
					]
				},
				{
					"name": "eyelid_left_cute",
					"parent": "eye_left",
					"pivot": [4, 15.35, -4.9],
					"cubes": [
						{"origin": [3, 13.25, -5.18], "size": [2, 3, 0], "inflate": 0.25, "uv": [0, 53], "mirror": true}
					]
				},
				{
					"name": "eyelid_left",
					"parent": "eye_left",
					"pivot": [4.5, 15.35, -4.9],
					"cubes": [
						{"origin": [3, 13.25, -5.18], "size": [2, 3, 0], "inflate": 0.25, "uv": [4, 50], "mirror": true}
					]
				},
				{
					"name": "mouth_open",
					"parent": "head",
					"pivot": [0, 11.75, -5.4],
					"cubes": [
						{"origin": [-2, 10.75, -5.4], "size": [4, 2, 0], "inflate": 0.02, "uv": [28, 45], "mirror": true}
					]
				},
				{
					"name": "mouth_open_happy",
					"parent": "head",
					"pivot": [0, 11.75, -5.4],
					"cubes": [
						{"origin": [-2, 10.75, -5.4], "size": [4, 2, 0], "inflate": 0.02, "uv": [0, 61], "mirror": true},
						{"origin": [-2, 12.75, -5.4], "size": [4, 1, 0], "inflate": 0.04, "uv": [0, 59], "mirror": true},
						{"origin": [-2, 12.75, -5.4], "size": [1, 1, 0], "inflate": 0.03, "pivot": [-2, 12.75, -0.15], "rotation": [0, 0, 45], "uv": [2, 60]},
						{"origin": [1, 12.75, -5.4], "size": [1, 1, 0], "inflate": 0.03, "pivot": [2, 12.75, -0.15], "rotation": [0, 0, -45], "uv": [0, 60], "mirror": true}
					]
				},
				{
					"name": "mouth_closed",
					"parent": "head",
					"pivot": [0, 11.75, -5.5],
					"cubes": [
						{"origin": [-1.5, 10.75, -5.5], "size": [3, 2, 0], "inflate": 0.01, "uv": [38, 45], "mirror": true}
					]
				},
				{
					"name": "ear_right",
					"parent": "head",
					"pivot": [-5.15, 19.75, -0.5],
					"rotation": [0, -5, -45],
					"cubes": [
						{"origin": [-7.15, 18.75, -1.5], "size": [4, 3, 2], "uv": [46, 17]}
					]
				},
				{
					"name": "ear_left",
					"parent": "head",
					"pivot": [5.15, 19.75, -0.5],
					"rotation": [0, 5, 45],
					"cubes": [
						{"origin": [3.15, 18.75, -1.5], "size": [4, 3, 2], "uv": [46, 12]}
					]
				},
				{
					"name": "arm_right",
					"parent": "torso",
					"pivot": [-3.5, 9.65, -0.5],
					"cubes": [
						{"origin": [-8.5, 7.65, -2], "size": [5, 2, 3], "uv": [0, 42]}
					]
				},
				{
					"name": "scalchop_hand",
					"parent": "arm_right",
					"pivot": [-10, 8.65, -0.5],
					"cubes": [
						{"origin": [-10.5, 8.15, -1.5], "size": [1, 1, 2], "uv": [13, 42]},
						{"origin": [-13.5, 8.15, -3], "size": [3, 1, 5], "uv": [15, 46]}
					]
				},
				{
					"name": "arm_left",
					"parent": "torso",
					"pivot": [3.5, 9.65, -0.5],
					"cubes": [
						{"origin": [3.5, 7.65, -2], "size": [5, 2, 3], "uv": [32, 40]}
					]
				},
				{
					"name": "scalchop_torso",
					"parent": "torso",
					"pivot": [0, 3.5, -4.5],
					"cubes": [
						{"origin": [-2.5, 4, -5], "size": [5, 3, 1], "uv": [34, 6]},
						{"origin": [-1, 3, -5], "size": [2, 1, 1], "uv": [0, 8]}
					]
				},
				{
					"name": "ruff_front_right",
					"parent": "torso",
					"pivot": [-2.35, 9.75, -3.5],
					"rotation": [0, 10, 0],
					"cubes": [
						{"origin": [-3.85, 8.75, -4.5], "size": [3, 2, 2], "uv": [46, 26]}
					]
				},
				{
					"name": "ruff_front_left",
					"parent": "torso",
					"pivot": [2.35, 9.75, -3.5],
					"rotation": [0, -10, 0],
					"cubes": [
						{"origin": [0.85, 8.75, -4.5], "size": [3, 2, 2], "uv": [45, 0]}
					]
				},
				{
					"name": "ruff_middle_right",
					"parent": "torso",
					"pivot": [-3.25, 9.75, -0.65],
					"rotation": [0, 0, 5],
					"cubes": [
						{"origin": [-4.75, 8.75, -2.15], "size": [2, 2, 4], "uv": [46, 6]}
					]
				},
				{
					"name": "ruff_back_right",
					"parent": "torso",
					"pivot": [-2.35, 9.75, 3.25],
					"rotation": [0, -10, 0],
					"cubes": [
						{"origin": [-3.85, 8.75, 2.25], "size": [3, 2, 2], "uv": [0, 4]}
					]
				},
				{
					"name": "ruff_middle_left",
					"parent": "torso",
					"pivot": [3.25, 9.75, -0.65],
					"rotation": [0, 0, -5],
					"cubes": [
						{"origin": [2.75, 8.75, -2.15], "size": [2, 2, 4], "uv": [44, 41]}
					]
				},
				{
					"name": "ruff_back_left",
					"parent": "torso",
					"pivot": [2.35, 9.75, 3.25],
					"rotation": [0, 10, 0],
					"cubes": [
						{"origin": [0.85, 8.75, 2.25], "size": [3, 2, 2], "uv": [0, 0]}
					]
				},
				{
					"name": "tail",
					"parent": "torso",
					"pivot": [0, 3, 3.75],
					"cubes": [
						{"origin": [-3, 3, 3.75], "size": [6, 0, 5], "uv": [29, 25]}
					]
				},
				{
					"name": "tail_bend",
					"parent": "tail",
					"pivot": [0, 3, 8.75],
					"cubes": [
						{"origin": [-3, 3, 8.75], "size": [6, 0, 5], "uv": [29, 20]}
					]
				},
				{
					"name": "leg_right",
					"parent": "body",
					"pivot": [-2.25, 1.75, 0.25],
					"cubes": [
						{"origin": [-3.25, 0.5, -0.75], "size": [2, 2, 2], "uv": [0, 24]}
					]
				},
				{
					"name": "foot_right",
					"parent": "leg_right",
					"pivot": [-2.25, 1, 0.25],
					"cubes": [
						{"origin": [-3.75, 0, -1.5], "size": [3, 1, 3], "uv": [16, 42]}
					]
				},
				{
					"name": "toes_right",
					"parent": "foot_right",
					"pivot": [-2.25, 0, -1.5],
					"cubes": [
						{"origin": [-3.75, 0, -3.5], "size": [3, 1, 2], "uv": [48, 30]}
					]
				},
				{
					"name": "leg_left",
					"parent": "body",
					"pivot": [2.25, 1.75, 0.25],
					"cubes": [
						{"origin": [1.25, 0.5, -0.75], "size": [2, 2, 2], "uv": [0, 20]}
					]
				},
				{
					"name": "foot_left",
					"parent": "leg_left",
					"pivot": [2.25, 1, 0.25],
					"cubes": [
						{"origin": [0.75, 0, -1.5], "size": [3, 1, 3], "uv": [34, 1]}
					]
				},
				{
					"name": "toes_left",
					"parent": "foot_left",
					"pivot": [2.25, 0, -1.5],
					"cubes": [
						{"origin": [0.75, 0, -3.5], "size": [3, 1, 2], "uv": [18, 34]}
					]
				}
			]
		}
	]
}