{
	"format_version": "1.12.0",
	"minecraft:geometry": [
		{
			"description": {
				"identifier": "geometry.rapidash",
				"texture_width": 128,
				"texture_height": 64,
				"visible_bounds_width": 5,
				"visible_bounds_height": 3.5,
				"visible_bounds_offset": [0, 1.25, 0]
			},
			"bones": [
				{
					"name": "rapidash",
					"pivot": [0, 0, 0]
				},
				{
					"name": "body",
					"parent": "rapidash",
					"pivot": [0, 0, 0]
				},
				{
					"name": "torso",
					"parent": "body",
					"pivot": [0, 14.75, 0],
					"cubes": [
						{"origin": [-4, 10.75, -8], "size": [8, 8, 16], "uv": [0, 0]}
					]
				},
				{
					"name": "neck",
					"parent": "torso",
					"pivot": [0, 15.5, -5.5],
					"rotation": [5, 0, 0],
					"cubes": [
						{"origin": [-2.5, 14, -8], "size": [5, 11, 5], "uv": [0, 24]}
					]
				},
				{
					"name": "head",
					"parent": "neck",
					"pivot": [0, 25.5, -5.5],
					"cubes": [
						{"origin": [-3, 23.5, -9.25], "size": [6, 6, 7], "uv": [23, 26]},
						{"origin": [0, 29.5, -9], "size": [0, 6, 2], "pivot": [0, 29.5, -7.25], "rotation": [15, 0, 0], "uv": [24, 22]}
					]
				},
				{
					"name": "eyes",
					"parent": "head",
					"pivot": [0, 27.1, -7.15],
					"rotation": [10, 0, 0]
				},
				{
					"name": "eye_right",
					"parent": "eyes",
					"pivot": [-3, 27.1, -7.15],
					"cubes": [
						{"origin": [-3, 26.1, -8.65], "size": [0, 2, 3], "inflate": 0.01, "uv": [65, -3], "mirror": true}
					]
				},
				{
					"name": "eyelid_right",
					"parent": "eye_right",
					"pivot": [-2.4, 27.1, -7.15],
					"cubes": [
						{"origin": [-2.9, 26.1, -8.65], "size": [1, 2, 3], "inflate": 0.02, "uv": [68, 5], "mirror": true}
					]
				},
				{
					"name": "eye_left",
					"parent": "eyes",
					"pivot": [3, 27.1, -7.15],
					"cubes": [
						{"origin": [3, 26.1, -8.65], "size": [0, 2, 3], "inflate": 0.01, "uv": [65, 7]}
					]
				},
				{
					"name": "eyelid_left",
					"parent": "eye_left",
					"pivot": [2.4, 27.1, -7.15],
					"cubes": [
						{"origin": [1.9, 26.1, -8.65], "size": [1, 2, 3], "inflate": 0.02, "uv": [68, 0]}
					]
				},
				{
					"name": "muzzle",
					"parent": "head",
					"pivot": [0, 25.5, -9],
					"rotation": [5, 0, 0],
					"cubes": [
						{"origin": [-2, 24.5, -13], "size": [4, 3, 4], "uv": [71, 25]}
					],
					"locators": {
						"held_item_fixed": {
							"offset": [0, 24.75, -10.75],
							"rotation": [90, 0, 0]
						}
					}
				},
				{
					"name": "jaw",
					"parent": "muzzle",
					"pivot": [0, 24.25, -9.25],
					"rotation": [-2.5, 0, 0],
					"cubes": [
						{"origin": [-2, 23.5, -10], "size": [4, 1, 1], "uv": [26, 46]},
						{"origin": [-1.5, 23.5, -13], "size": [3, 1, 3], "uv": [62, 36]}
					]
				},
				{
					"name": "fire_mane_head",
					"parent": "head",
					"pivot": [0, 28.5, -3.65],
					"rotation": [10, 0, 0],
					"cubes": [
						{"origin": [-2, 27.5, -5.15], "size": [4, 5, 6], "uv": [36, 39]}
					]
				},
				{
					"name": "fire_mane_head_front",
					"parent": "fire_mane_head",
					"pivot": [0, 31.75, -5.15],
					"rotation": [45, 0, 0],
					"cubes": [
						{"origin": [-1.5, 31.75, -7.15], "size": [3, 0, 2], "uv": [28, 24]}
					]
				},
				{
					"name": "fire_mane_head_flame_top",
					"parent": "fire_mane_head",
					"pivot": [0, 32.25, -2.9],
					"rotation": [5, 0, 0],
					"cubes": [
						{"origin": [0, 32.25, -4.9], "size": [0, 4, 6], "inflate": 0.01, "uv": [32, 5]}
					]
				},
				{
					"name": "fire_mane_head_flame_right",
					"parent": "fire_mane_head",
					"pivot": [-2, 30.25, -4.9],
					"rotation": [0, 2.5, 0],
					"cubes": [
						{"origin": [-6, 30.25, -4.9], "size": [4, 0, 6], "inflate": 0.01, "uv": [42, 6]}
					]
				},
				{
					"name": "fire_mane_head_flame_left",
					"parent": "fire_mane_head",
					"pivot": [2, 30.25, -4.9],
					"rotation": [0, -2.5, 0],
					"cubes": [
						{"origin": [2, 30.25, -4.9], "size": [4, 0, 6], "inflate": 0.01, "uv": [42, 0]}
					]
				},
				{
					"name": "fire_mane_head_flame_bottom",
					"parent": "fire_mane_head",
					"pivot": [0, 28, -3.15],
					"cubes": [
						{"origin": [0, 24, -3.15], "size": [0, 4, 4], "inflate": 0.01, "uv": [34, 37]}
					]
				},
				{
					"name": "fire_mane_head2",
					"parent": "fire_mane_head",
					"pivot": [0, 32.5, 0.85],
					"cubes": [
						{"origin": [-1.5, 27.5, 0.85], "size": [3, 5, 6], "uv": [42, 18]}
					]
				},
				{
					"name": "fire_mane_head_flame_top2",
					"parent": "fire_mane_head2",
					"pivot": [0, 32.5, 6.85],
					"rotation": [2.5, 0, 0],
					"cubes": [
						{"origin": [0, 32.5, 0.85], "size": [0, 3, 6], "uv": [32, 2]}
					]
				},
				{
					"name": "fire_mane_head_flame_right2",
					"parent": "fire_mane_head2",
					"pivot": [-1.5, 30, 6.35],
					"rotation": [0, -2.5, 0],
					"cubes": [
						{"origin": [-4.5, 30, 1.35], "size": [3, 0, 5], "uv": [43, 12]}
					]
				},
				{
					"name": "fire_mane_head_flame_left2",
					"parent": "fire_mane_head2",
					"pivot": [1.5, 30, 6.35],
					"rotation": [0, 2.5, 0],
					"cubes": [
						{"origin": [1.5, 30, 1.35], "size": [3, 0, 5], "uv": [9, 41]}
					]
				},
				{
					"name": "fire_mane_head_flame_bottom2",
					"parent": "fire_mane_head2",
					"pivot": [0, 27.5, 1.85],
					"cubes": [
						{"origin": [0, 24.5, 0.85], "size": [0, 3, 6], "uv": [0, 7]}
					]
				},
				{
					"name": "fire_mane_head_flame",
					"parent": "fire_mane_head2",
					"pivot": [0, 30.5, 5.85],
					"cubes": [
						{"origin": [0, 26.5, 5.85], "size": [0, 7, 5], "inflate": 0.01, "uv": [52, 33]},
						{"origin": [-3.5, 30, 5.85], "size": [7, 0, 5], "inflate": 0.01, "uv": [15, 41]}
					]
				},
				{
					"name": "fire_mane_head_flame3",
					"parent": "fire_mane_head_flame",
					"pivot": [0, 30, 10.85],
					"cubes": [
						{"origin": [0, 27.5, 10.85], "size": [0, 6, 8], "uv": [76, -8]},
						{"origin": [-3, 30, 10.85], "size": [6, 0, 8], "uv": [63, 10]}
					]
				},
				{
					"name": "ear_right",
					"parent": "head",
					"pivot": [-2.25, 29, -5.75],
					"rotation": [-2.5, 25, -20],
					"cubes": [
						{"origin": [-3.75, 29, -5.75], "size": [3, 5, 0], "uv": [62, 40]}
					]
				},
				{
					"name": "ear_left",
					"parent": "head",
					"pivot": [2.25, 29, -5.75],
					"rotation": [-2.5, -25, 20],
					"cubes": [
						{"origin": [0.75, 29, -5.75], "size": [3, 5, 0], "uv": [68, 40]}
					]
				},
				{
					"name": "fire_mane",
					"parent": "neck",
					"pivot": [0, 22, -3],
					"cubes": [
						{"origin": [0, 18, -3], "size": [0, 8, 2], "uv": [20, 22]}
					]
				},
				{
					"name": "fire_mane2",
					"parent": "torso",
					"pivot": [0, 18.75, 2.25],
					"cubes": [
						{"origin": [0, 18.75, -3.25], "size": [0, 2, 11], "inflate": 0.01, "uv": [20, 28]}
					]
				},
				{
					"name": "tail",
					"parent": "torso",
					"pivot": [0, 18.5, 7.5],
					"cubes": [
						{"origin": [0, 14, 7.5], "size": [0, 9, 20], "uv": [74, 12]},
						{"origin": [-4.5, 18.5, 7.5], "size": [9, 0, 20], "uv": [54, 41]}
					]
				},
				{
					"name": "leg_front_right",
					"parent": "body",
					"pivot": [-3.25, 13.75, -6],
					"cubes": [
						{"origin": [-4.75, 7.25, -7.5], "size": [3, 8, 3], "inflate": 0.01, "uv": [104, 0]}
					]
				},
				{
					"name": "leg_front_right2",
					"parent": "leg_front_right",
					"pivot": [-3.25, 7.25, -7.5],
					"cubes": [
						{"origin": [-4.75, 1.25, -7.5], "size": [3, 6, 3], "uv": [92, 0]}
					]
				},
				{
					"name": "leg_front_right_fire",
					"parent": "leg_front_right2",
					"pivot": [-4.75, 4.75, -5.75],
					"rotation": [12.5, -10, -2.5],
					"cubes": [
						{"origin": [-4.75, 2.75, -5.75], "size": [0, 4, 7], "uv": [0, 34]}
					]
				},
				{
					"name": "leg_front_right3",
					"parent": "leg_front_right2",
					"pivot": [-3.25, 1.25, -6],
					"cubes": [
						{"origin": [-4.75, 0, -7.75], "size": [3, 2, 3], "inflate": 0.02, "uv": [62, 20]}
					]
				},
				{
					"name": "leg_front_left",
					"parent": "body",
					"pivot": [3.25, 13.75, -6],
					"cubes": [
						{"origin": [1.75, 7.25, -7.5], "size": [3, 8, 3], "inflate": 0.01, "uv": [56, 9]}
					]
				},
				{
					"name": "leg_front_left2",
					"parent": "leg_front_left",
					"pivot": [3.25, 7.25, -7.5],
					"cubes": [
						{"origin": [1.75, 1.25, -7.5], "size": [3, 6, 3], "uv": [83, 9]}
					]
				},
				{
					"name": "leg_front_left_fire",
					"parent": "leg_front_left2",
					"pivot": [4.75, 4.75, -5.75],
					"rotation": [12.5, 10, 2.5],
					"cubes": [
						{"origin": [4.75, 2.75, -5.75], "size": [0, 4, 7], "uv": [32, -3]}
					]
				},
				{
					"name": "leg_front_left3",
					"parent": "leg_front_left2",
					"pivot": [3.25, 1.25, -6],
					"cubes": [
						{"origin": [1.75, 0, -7.75], "size": [3, 2, 3], "inflate": 0.02, "uv": [74, 20]}
					]
				},
				{
					"name": "leg_back_right",
					"parent": "body",
					"pivot": [-3.5, 13, 5],
					"rotation": [2.5, 0, 0],
					"cubes": [
						{"origin": [-5, 7, 2.5], "size": [3, 8, 5], "inflate": 0.01, "uv": [0, 0]}
					]
				},
				{
					"name": "leg_back_right2",
					"parent": "leg_back_right",
					"pivot": [-3.5, 7, 7.5],
					"rotation": [-7.5, 0, 0],
					"cubes": [
						{"origin": [-5, 1, 5], "size": [3, 6, 3], "uv": [95, 9]}
					]
				},
				{
					"name": "leg_back_right_fire",
					"parent": "leg_back_right2",
					"pivot": [-5, 4.75, 6.5],
					"rotation": [12.5, -10, -2.5],
					"cubes": [
						{"origin": [-5, 2.75, 6.5], "size": [0, 4, 8], "uv": [42, 21]}
					]
				},
				{
					"name": "leg_back_right3",
					"parent": "leg_back_right2",
					"pivot": [-3.5, 1, 6.5],
					"rotation": [5, 0, 0],
					"cubes": [
						{"origin": [-5, -0.25, 4.75], "size": [3, 2, 3], "inflate": 0.02, "uv": [59, 26]}
					]
				},
				{
					"name": "leg_back_left",
					"parent": "body",
					"pivot": [3.5, 13, 5],
					"rotation": [2.5, 0, 0],
					"cubes": [
						{"origin": [2, 7, 2.5], "size": [3, 8, 5], "inflate": 0.01, "uv": [87, 18]}
					]
				},
				{
					"name": "leg_back_left2",
					"parent": "leg_back_left",
					"pivot": [3.5, 7, 7.5],
					"rotation": [-7.5, 0, 0],
					"cubes": [
						{"origin": [2, 1, 5], "size": [3, 6, 3], "uv": [56, 0]}
					]
				},
				{
					"name": "leg_back_left_fire",
					"parent": "leg_back_left2",
					"pivot": [5, 4.75, 6.5],
					"rotation": [12.5, 10, 2.5],
					"cubes": [
						{"origin": [5, 2.75, 6.5], "size": [0, 4, 8], "uv": [32, -8]}
					]
				},
				{
					"name": "leg_back_left3",
					"parent": "leg_back_left2",
					"pivot": [3.5, 1, 6.5],
					"rotation": [5, 0, 0],
					"cubes": [
						{"origin": [2, -0.25, 4.75], "size": [3, 2, 3], "inflate": 0.02, "uv": [61, 31]}
					]
				}
			]
		}
	]
}