{
	"format_version": "1.12.0",
	"minecraft:geometry": [
		{
			"description": {
				"identifier": "geometry.dewgong",
				"texture_width": 64,
				"texture_height": 64,
				"visible_bounds_width": 4,
				"visible_bounds_height": 2.5,
				"visible_bounds_offset": [0, 0.75, 0]
			},
			"bones": [
				{
					"name": "dewgong",
					"pivot": [0, 0, 0]
				},
				{
					"name": "body",
					"parent": "dewgong",
					"pivot": [0, 3.5, -2],
					"cubes": [
						{"origin": [-3.5, 0, -7.5], "size": [7, 7, 11], "uv": [0, 0]}
					]
				},
				{
					"name": "leftflipper",
					"parent": "body",
					"pivot": [3.5, 2.75, -5.25],
					"cubes": [
						{"origin": [3.5, 2.75, -8.25], "size": [9, 0, 6], "inflate": 0.02, "uv": [19, 0]}
					]
				},
				{
					"name": "rightflipper",
					"parent": "body",
					"pivot": [-3.5, 2.75, -5.25],
					"cubes": [
						{"origin": [-12.5, 2.75, -8.25], "size": [9, 0, 6], "inflate": 0.02, "uv": [19, 18]}
					],
					"locators": {
						"held_item_fixed": {
							"offset": [-9.25, 2.25, -5.5],
							"rotation": [90, 0, 0]
						}
					}
				},
				{
					"name": "head",
					"parent": "body",
					"pivot": [0, 4.5, -7],
					"cubes": [
						{"origin": [-3, 2.5, -11.5], "size": [6, 6, 5], "uv": [0, 31]},
						{"origin": [1, 5.5, -11.6], "size": [2, 2, 0], "inflate": 0.02, "uv": [0, 31]},
						{"origin": [-3, 5.5, -11.6], "size": [2, 2, 0], "inflate": 0.02, "uv": [0, 31], "mirror": true},
						{"origin": [-2.5, 3.25, -13.5], "size": [5, 2, 2], "uv": [0, 25]},
						{"origin": [0, 8.5, -10.5], "size": [0, 2, 2], "inflate": 0.02, "uv": [0, 0]},
						{"origin": [-2, 2.25, -13.25], "size": [4, 1, 0], "inflate": 0.02, "uv": [0, 0]}
					]
				},
				{
					"name": "tail",
					"parent": "body",
					"pivot": [0, 3.5, 3.5],
					"cubes": [
						{"origin": [-2.5, 0.5, 3.5], "size": [5, 6, 6], "uv": [19, 24]}
					]
				},
				{
					"name": "tail2",
					"parent": "tail",
					"pivot": [0, 3.5, 9.5],
					"cubes": [
						{"origin": [-1.5, 1.5, 9.5], "size": [3, 4, 5], "uv": [36, 6]}
					]
				},
				{
					"name": "tail3",
					"parent": "tail2",
					"pivot": [0, 3.5, 14],
					"cubes": [
						{"origin": [-4.5, 3.5, 13.5], "size": [9, 0, 7], "inflate": 0.02, "uv": [0, 18]}
					]
				}
			]
		}
	]
}