{
	"format_version": "1.12.0",
	"minecraft:geometry": [
		{
			"description": {
				"identifier": "geometry.numel",
				"texture_width": 64,
				"texture_height": 64,
				"visible_bounds_width": 3,
				"visible_bounds_height": 2.5,
				"visible_bounds_offset": [0, 0.75, 0]
			},
			"bones": [
				{
					"name": "numel",
					"pivot": [0, 0, 0]
				},
				{
					"name": "body",
					"parent": "numel",
					"pivot": [0, 2, 0]
				},
				{
					"name": "torso",
					"parent": "body",
					"pivot": [0, 4, 1.5],
					"cubes": [
						{"origin": [-6, 3, -4], "size": [12, 12, 11], "uv": [0, 0]}
					]
				},
				{
					"name": "neck",
					"parent": "torso",
					"pivot": [0, 3.5, -4],
					"rotation": [-25, 0, 0],
					"cubes": [
						{"origin": [-2.5, 3.5, -9], "size": [5, 6, 5], "uv": [35, 0]}
					]
				},
				{
					"name": "neck2",
					"parent": "neck",
					"pivot": [0, 4, -9],
					"rotation": [-37.5, 0, 0],
					"cubes": [
						{"origin": [-2, 4, -17], "size": [4, 4, 8], "uv": [28, 23]}
					]
				},
				{
					"name": "head",
					"parent": "neck2",
					"pivot": [0, 7.5, -15.5],
					"rotation": [75, 0, 0],
					"cubes": [
						{"origin": [-2.5, 5, -22.5], "size": [5, 6, 9], "uv": [0, 23]},
						{"origin": [-2, 10.5, -20.5], "size": [4, 2, 5], "uv": [44, 18]}
					]
				},
				{
					"name": "mouth_closed",
					"parent": "head",
					"pivot": [0, 5.49, -21],
					"cubes": [
						{"origin": [-1, 4.99, -21.5], "size": [2, 1, 1], "uv": [0, 23]}
					]
				},
				{
					"name": "mouth_open",
					"parent": "head",
					"pivot": [0, 5.59, -21],
					"cubes": [
						{"origin": [-1, 5.09, -22], "size": [2, 1, 2], "uv": [0, 8]}
					]
				},
				{
					"name": "eye_left",
					"parent": "head",
					"pivot": [2.01, 8.5, -18],
					"rotation": [-7.5, 0, 0],
					"cubes": [
						{"origin": [1.51, 6.5, -20], "size": [1, 4, 4], "uv": [46, 49]}
					]
				},
				{
					"name": "eyelid_left",
					"parent": "eye_left",
					"pivot": [2.01, 8.5, -18],
					"cubes": [
						{"origin": [1.41, 6.5, -20], "size": [1, 4, 4], "inflate": 0.01, "uv": [0, 48]}
					]
				},
				{
					"name": "eye_right",
					"parent": "head",
					"pivot": [-2.01, 8.5, -18],
					"rotation": [-5, 0, 0],
					"cubes": [
						{"origin": [-2.51, 6.5, -20], "size": [1, 4, 4], "uv": [40, 45]}
					]
				},
				{
					"name": "eyelid_right",
					"parent": "eye_right",
					"pivot": [-1.91, 8.5, -18],
					"cubes": [
						{"origin": [-2.41, 6.5, -20], "size": [1, 4, 4], "inflate": 0.01, "uv": [0, 0]}
					]
				},
				{
					"name": "ear_left",
					"parent": "head",
					"pivot": [2, 11, -14.5],
					"rotation": [0, 0, 32.5],
					"cubes": [
						{"origin": [0.5, 11, -16], "size": [3, 5, 3], "uv": [28, 45]}
					]
				},
				{
					"name": "ear_right",
					"parent": "head",
					"pivot": [-2, 11, -14.5],
					"rotation": [0, 0, -32.5],
					"cubes": [
						{"origin": [-3.5, 11, -16], "size": [3, 5, 3], "uv": [24, 23]}
					]
				},
				{
					"name": "leg_front_right",
					"parent": "body",
					"pivot": [-4.75, 5, -2.75],
					"cubes": [
						{"origin": [-6.75, 0, -4.75], "size": [4, 6, 4], "uv": [12, 44]}
					]
				},
				{
					"name": "leg_front_left",
					"parent": "body",
					"pivot": [4.75, 5, -2.75],
					"cubes": [
						{"origin": [2.75, 0, -4.75], "size": [4, 6, 4], "uv": [40, 35]}
					]
				},
				{
					"name": "leg_back_right",
					"parent": "body",
					"pivot": [-4.75, 5, 6],
					"cubes": [
						{"origin": [-6.75, 0, 4], "size": [4, 6, 4], "uv": [0, 38]}
					]
				},
				{
					"name": "leg_back_left",
					"parent": "body",
					"pivot": [4.75, 5, 6],
					"cubes": [
						{"origin": [2.75, 0, 4], "size": [4, 6, 4], "uv": [24, 35]}
					]
				}
			]
		}
	]
}