{
	"format_version": "1.12.0",
	"minecraft:geometry": [
		{
			"description": {
				"identifier": "geometry.lunatone",
				"texture_width": 128,
				"texture_height": 64,
				"visible_bounds_width": 3,
				"visible_bounds_height": 2.5,
				"visible_bounds_offset": [0, 0.75, 0]
			},
			"bones": [
				{
					"name": "lunatone",
					"pivot": [0, 1, 0]
				},
				{
					"name": "body",
					"parent": "lunatone",
					"pivot": [0, 11.5, 1],
					"cubes": [
						{"origin": [-4.5, 3, 2], "size": [9, 17, 10], "uv": [0, 0]}
					]
				},
				{
					"name": "eyes",
					"parent": "body",
					"pivot": [0, -0.5, -0.4]
				},
				{
					"name": "eye_left",
					"parent": "eyes",
					"pivot": [3.9, 11.5, 6],
					"cubes": [
						{"origin": [3.4, 10, 4.5], "size": [1, 3, 3], "uv": [52, 13]}
					]
				},
				{
					"name": "pupil_left",
					"parent": "eye_left",
					"pivot": [3.9, 12.5, 6],
					"cubes": [
						{"origin": [4.41, 10.5, 5.5], "size": [0, 2, 1], "uv": [52, 12]}
					]
				},
				{
					"name": "eyelid_left",
					"parent": "eye_left",
					"pivot": [2.9, 11.5, 6],
					"cubes": [
						{"origin": [2.4, 10, 4.5], "size": [1, 3, 3], "inflate": 0.02, "uv": [52, 19]}
					]
				},
				{
					"name": "eye_right",
					"parent": "eyes",
					"pivot": [-3.9, 11.5, 6],
					"cubes": [
						{"origin": [-4.4, 10, 4.5], "size": [1, 3, 3], "uv": [58, 33], "mirror": true}
					]
				},
				{
					"name": "pupil_right",
					"parent": "eye_right",
					"pivot": [-3.9, 12.5, 6],
					"cubes": [
						{"origin": [-4.41, 10.5, 5.5], "size": [0, 2, 1], "uv": [58, 32], "mirror": true}
					]
				},
				{
					"name": "eyelid_right",
					"parent": "eye_right",
					"pivot": [-2.9, 11.5, 6],
					"cubes": [
						{"origin": [-3.4, 10, 4.5], "size": [1, 3, 3], "inflate": 0.02, "uv": [58, 39], "mirror": true}
					]
				},
				{
					"name": "eye_holes",
					"parent": "body",
					"pivot": [0, 0, 0]
				},
				{
					"name": "eye_hole_left",
					"parent": "eye_holes",
					"pivot": [3.9, 11.5, 6],
					"cubes": [
						{"origin": [3.498, 8, 2.1], "size": [0, 7, 7], "uv": [0, 34]},
						{"origin": [3.498, 15, 3], "size": [1, 0, 6], "uv": [44, 33]},
						{"origin": [3.502, 12, 2], "size": [1, 0, 1], "uv": [29, 39], "mirror": true},
						{"origin": [3.498, 8, 3], "size": [1, 0, 6], "uv": [46, 33]},
						{"origin": [3.502, 11, 2], "size": [1, 0, 1], "uv": [29, 40], "mirror": true},
						{"origin": [3.498, 8, 3], "size": [1, 7, 0], "uv": [54, 33]},
						{"origin": [3.498, 8, 9], "size": [1, 7, 0], "uv": [56, 33]}
					]
				},
				{
					"name": "eye_hole_right",
					"parent": "eye_holes",
					"pivot": [-3.9, 11.5, 6],
					"cubes": [
						{"origin": [-3.498, 8, 2.1], "size": [0, 7, 7], "uv": [0, 27], "mirror": true},
						{"origin": [-4.498, 15, 3], "size": [1, 0, 6], "uv": [22, 33], "mirror": true},
						{"origin": [-4.498, 12, 2], "size": [1, 0, 1], "uv": [27, 39], "mirror": true},
						{"origin": [-4.498, 8, 3], "size": [1, 0, 6], "uv": [24, 33], "mirror": true},
						{"origin": [-4.498, 11, 2], "size": [1, 0, 1], "uv": [27, 40], "mirror": true},
						{"origin": [-4.498, 8, 3], "size": [1, 7, 0], "uv": [32, 33], "mirror": true},
						{"origin": [-4.498, 8, 9], "size": [1, 7, 0], "uv": [34, 33], "mirror": true}
					]
				},
				{
					"name": "mouth",
					"parent": "body",
					"pivot": [0, 11.42693, 0.54887],
					"cubes": [
						{"origin": [-3.5, 11, -5.67], "size": [7, 1, 8], "inflate": 0.01, "uv": [28, 35]},
						{"origin": [-3.5, 10.01, -5.65], "size": [7, 2, 8], "inflate": 0.005, "pivot": [0, 12, -5.65], "rotation": [15, 0, 0], "uv": [0, 54]},
						{"origin": [-3.5, 11, -5.65], "size": [7, 2, 8], "pivot": [0.5, 11, -5.65], "rotation": [-15, 0, 0], "uv": [30, 54]}
					]
				},
				{
					"name": "body_top",
					"parent": "body",
					"pivot": [0, 20, 9],
					"cubes": [
						{"origin": [-3.5, 15.8, 2.2], "size": [7, 3, 4], "pivot": [0, 20, 3], "rotation": [-45, 0, 0], "uv": [44, 6]},
						{"origin": [-3.5, 17, -5], "size": [7, 6, 14], "inflate": 0.01, "uv": [24, 13]},
						{"origin": [-2.5, 15.3, -7.9], "size": [5, 5, 5], "pivot": [0, 17.5, -7.5], "rotation": [30, 0, 0], "uv": [28, 0]}
					]
				},
				{
					"name": "body_bottom",
					"parent": "body",
					"pivot": [0, 3, 9],
					"cubes": [
						{"origin": [-3.5, 4.2, 2.2], "size": [7, 3, 4], "pivot": [0, 3, 3], "rotation": [45, 0, 0], "uv": [2, 27]},
						{"origin": [-3.5, 0, -5], "size": [7, 6, 14], "inflate": 0.01, "uv": [0, 34]},
						{"origin": [-2.5, 2.7, -7.9], "size": [5, 5, 5], "pivot": [0, 5.5, -7.5], "rotation": [-30, 0, 0], "uv": [42, 44]}
					]
				}
			]
		}
	]
}