{
	"format_version": "1.12.0",
	"minecraft:geometry": [
		{
			"description": {
				"identifier": "geometry.caterpie",
				"texture_width": 64,
				"texture_height": 32,
				"visible_bounds_width": 4,
				"visible_bounds_height": 2.5,
				"visible_bounds_offset": [0, 0.75, 0]
			},
			"bones": [
				{
					"name": "caterpie",
					"pivot": [0, 0, 0]
				},
				{
					"name": "body",
					"parent": "caterpie",
					"pivot": [0, 4.5, -4.25]
				},
				{
					"name": "head",
					"parent": "body",
					"pivot": [0, 5, -6.25],
					"cubes": [
						{"origin": [-4, 2, -12.25], "size": [8, 7, 6], "uv": [0, 0]},
						{"origin": [-2, 2.25, -13.5], "size": [4, 3, 2], "pivot": [0, 3.75, -12.5], "rotation": [22.5, 0, 0], "uv": [28, 3]},
						{"origin": [-4.5, 5.75, -12.5], "size": [9, 3, 0], "pivot": [0, 7.25, -12.5], "rotation": [10, 0, 0], "uv": [22, 0]}
					],
					"locators": {
						"held_item_fixed": {
							"offset": [0, 2, -12.75],
							"rotation": [90, 0, 0]
						}
					}
				},
				{
					"name": "eyes",
					"parent": "head",
					"pivot": [0, 6.25, -10]
				},
				{
					"name": "eye_right",
					"parent": "eyes",
					"pivot": [-4.015, 6.25, -10],
					"cubes": [
						{"origin": [-4.02, 5.25, -11], "size": [0, 2, 2], "uv": [60, 0], "mirror": true},
						{"origin": [-4.01, 4.75, -11.5], "size": [0, 3, 3], "uv": [0, -3], "mirror": true}
					]
				},
				{
					"name": "eyelid_right",
					"parent": "eye_right",
					"pivot": [-3.42, 6.25, -10],
					"cubes": [
						{"origin": [-3.92, 4.75, -11.5], "size": [1, 3, 3], "inflate": 0.01, "uv": [32, 16], "mirror": true}
					]
				},
				{
					"name": "eye_left",
					"parent": "eyes",
					"pivot": [4.015, 6.25, -10],
					"cubes": [
						{"origin": [4.02, 5.25, -11], "size": [0, 2, 2], "uv": [60, -2]},
						{"origin": [4.01, 4.75, -11.5], "size": [0, 3, 3], "uv": [0, 0]}
					]
				},
				{
					"name": "eyelid_left",
					"parent": "eye_left",
					"pivot": [3.42, 6.25, -10],
					"cubes": [
						{"origin": [2.92, 4.75, -11.5], "size": [1, 3, 3], "inflate": 0.01, "uv": [20, 13]}
					]
				},
				{
					"name": "body_segment",
					"parent": "body",
					"pivot": [0, 5, -6.25],
					"cubes": [
						{"origin": [-3.5, 1, -7.25], "size": [7, 7, 6], "uv": [0, 13]},
						{"origin": [-3.51, 3.5, -5.25], "size": [0, 3, 3], "uv": [32, 19], "mirror": true},
						{"origin": [-3.52, 4, -4.75], "size": [0, 2, 2], "uv": [42, 0], "mirror": true},
						{"origin": [3.51, 3.5, -5.25], "size": [0, 3, 3], "uv": [38, 19]},
						{"origin": [3.52, 4, -4.75], "size": [0, 2, 2], "uv": [60, 2]}
					]
				},
				{
					"name": "foot_right",
					"parent": "body_segment",
					"pivot": [-2.25, 1, -3.25],
					"cubes": [
						{"origin": [-3.25, 0, -4.25], "size": [2, 1, 2], "uv": [23, 26]}
					]
				},
				{
					"name": "foot_left",
					"parent": "body_segment",
					"pivot": [2.25, 1, -3.25],
					"cubes": [
						{"origin": [1.25, 0, -4.25], "size": [2, 1, 2], "uv": [40, 13]}
					]
				},
				{
					"name": "body_segment2",
					"parent": "body_segment",
					"pivot": [0, 4, -1.25],
					"cubes": [
						{"origin": [-3, 1.02, -2.25], "size": [6, 6, 6], "uv": [40, 0]},
						{"origin": [-3.01, 3, -0.25], "size": [0, 3, 3], "uv": [32, 22], "mirror": true},
						{"origin": [-3.02, 3.5, 0.25], "size": [0, 2, 2], "uv": [42, -2], "mirror": true},
						{"origin": [3.01, 3, -0.25], "size": [0, 3, 3], "uv": [38, 22]},
						{"origin": [3.02, 3.5, 0.25], "size": [0, 2, 2], "uv": [42, 2]}
					]
				},
				{
					"name": "foot_right2",
					"parent": "body_segment2",
					"pivot": [-2, 1, 1.75],
					"cubes": [
						{"origin": [-3, 0, 0.75], "size": [2, 1, 2], "uv": [37, 16]}
					]
				},
				{
					"name": "foot_left2",
					"parent": "body_segment2",
					"pivot": [2, 1, 1.75],
					"cubes": [
						{"origin": [1, 0, 0.75], "size": [2, 1, 2], "uv": [40, 19]}
					]
				},
				{
					"name": "tail",
					"parent": "body_segment2",
					"pivot": [0, 5, 3.75],
					"cubes": [
						{"origin": [-2.5, 1, 3.75], "size": [5, 4, 4], "uv": [46, 12]},
						{"origin": [-2.51, 2.5, 4.75], "size": [0, 2, 2], "uv": [0, 11], "mirror": true},
						{"origin": [-2.52, 3, 5.25], "size": [0, 1, 1], "uv": [40, 4], "mirror": true},
						{"origin": [2.51, 2.5, 4.75], "size": [0, 2, 2], "uv": [44, 20]},
						{"origin": [2.52, 3, 5.25], "size": [0, 1, 1], "uv": [40, 1]}
					]
				},
				{
					"name": "tail2",
					"parent": "tail",
					"pivot": [0, 3, 7.75],
					"cubes": [
						{"origin": [-2, 1, 7.75], "size": [4, 4, 4], "uv": [48, 20]},
						{"origin": [-2.01, 2.25, 8.75], "size": [0, 2, 2], "uv": [0, 13], "mirror": true},
						{"origin": [-2.02, 2.75, 9.25], "size": [0, 1, 1], "uv": [40, -1], "mirror": true},
						{"origin": [2.01, 2.25, 8.75], "size": [0, 2, 2], "uv": [44, 22]},
						{"origin": [2.02, 2.75, 9.25], "size": [0, 1, 1], "uv": [40, 2]}
					]
				},
				{
					"name": "tail3",
					"parent": "tail2",
					"pivot": [0, 2.5, 11.75],
					"cubes": [
						{"origin": [-1, 1, 11.75], "size": [2, 3, 4], "uv": [28, 8]},
						{"origin": [-1.01, 1.5, 13], "size": [0, 2, 2], "uv": [0, 15], "mirror": true},
						{"origin": [-1.02, 2, 13.5], "size": [0, 1, 1], "uv": [40, 0], "mirror": true},
						{"origin": [1.01, 1.5, 13], "size": [0, 2, 2], "uv": [44, 24]},
						{"origin": [1.02, 2, 13.5], "size": [0, 1, 1], "uv": [40, 3]}
					]
				},
				{
					"name": "tail4",
					"parent": "tail3",
					"pivot": [0, 2.5, 14],
					"rotation": [-90, 0, 0],
					"cubes": [
						{"origin": [0, 3.75, 13], "size": [0, 7, 2], "uv": [27, 17]}
					]
				}
			]
		}
	]
}