{
	"format_version": "1.12.0",
	"minecraft:geometry": [
		{
			"description": {
				"identifier": "geometry.muk",
				"texture_width": 128,
				"texture_height": 64,
				"visible_bounds_width": 3,
				"visible_bounds_height": 3.5,
				"visible_bounds_offset": [0, 1.25, 0]
			},
			"bones": [
				{
					"name": "muk",
					"pivot": [0, 0, 0]
				},
				{
					"name": "body",
					"parent": "muk",
					"pivot": [0, 0, 0]
				},
				{
					"name": "torso",
					"parent": "body",
					"pivot": [0, 1.5, -1.75],
					"cubes": [
						{"origin": [-13, 0, -10.25], "size": [26, 3, 18], "uv": [0, 0]}
					]
				},
				{
					"name": "torso2",
					"parent": "torso",
					"pivot": [0, 3, -2.25],
					"cubes": [
						{"origin": [-11.5, 2, -9.25], "size": [23, 6, 15], "uv": [0, 21]},
						{"origin": [-7.5, 7, -2], "size": [15, 4, 5], "uv": [34, 42]}
					]
				},
				{
					"name": "head",
					"parent": "torso2",
					"pivot": [0, 8, -2],
					"rotation": [-2.5, 0, 0],
					"cubes": [
						{"origin": [-5.5, 7, -5], "size": [11, 10, 6], "uv": [0, 42]},
						{"origin": [-5.5, 8, -6], "size": [11, 1, 1], "uv": [73, 52]},
						{"origin": [-5.5, 13, -11], "size": [11, 4, 6], "uv": [70, 0]},
						{"origin": [5.5, 9, -6], "size": [0, 4, 1], "uv": [16, 4]},
						{"origin": [-5.5, 9, -6], "size": [0, 4, 1], "uv": [16, 0]},
						{"origin": [5.499, 8.15309, -9.46599], "size": [0, 5, 2], "pivot": [5.249, 10.65309, -8.96599], "rotation": [-5, 0, 0], "uv": [14, 8]}
					]
				},
				{
					"name": "jaw",
					"parent": "head",
					"pivot": [0, 8.75, -6],
					"rotation": [5, 0, 0],
					"cubes": [
						{"origin": [-5.5, 8, -10], "size": [11, 1, 4], "inflate": 0.01, "uv": [70, 10]},
						{"origin": [-5, 8, -11], "size": [10, 1, 1], "uv": [76, 40]}
					]
				},
				{
					"name": "eye_right",
					"parent": "head",
					"pivot": [-4.5, 15, -9],
					"cubes": [
						{"origin": [-5.5, 14, -11], "size": [2, 2, 4], "inflate": 0.01, "uv": [116, 0]}
					]
				},
				{
					"name": "eyelid_right",
					"parent": "eye_right",
					"pivot": [-4.4, 15, -8.9],
					"cubes": [
						{"origin": [-5.4, 14, -10.9], "size": [2, 2, 4], "inflate": 0.02, "uv": [116, 18]}
					]
				},
				{
					"name": "eye_left",
					"parent": "head",
					"pivot": [4.5, 15, -9],
					"cubes": [
						{"origin": [3.5, 14, -11], "size": [2, 2, 4], "inflate": 0.01, "uv": [116, 6], "mirror": true}
					]
				},
				{
					"name": "eyelid_left",
					"parent": "eye_left",
					"pivot": [4.4, 15, -8.9],
					"cubes": [
						{"origin": [3.4, 14, -10.9], "size": [2, 2, 4], "inflate": 0.02, "uv": [116, 12], "mirror": true}
					]
				},
				{
					"name": "arm_right",
					"parent": "torso2",
					"pivot": [-8.25, 8, -3],
					"cubes": [
						{"origin": [-10.25, 6, -5], "size": [4, 6, 4], "inflate": 0.02, "uv": [75, 26]}
					]
				},
				{
					"name": "arm_right2",
					"parent": "arm_right",
					"pivot": [-8.25, 12, -1.5],
					"cubes": [
						{"origin": [-10.25, 12, -4.5], "size": [4, 4, 3], "uv": [61, 21]}
					]
				},
				{
					"name": "arm_right3",
					"parent": "arm_right2",
					"pivot": [-8.25, 16, -1.5],
					"cubes": [
						{"origin": [-10.25, 16, -4.5], "size": [4, 5, 3], "inflate": 0.02, "uv": [0, 21]}
					]
				},
				{
					"name": "hand_right",
					"parent": "arm_right3",
					"pivot": [-8.25, 21, -1.5],
					"cubes": [
						{"origin": [-10.25, 21, -4.5], "size": [4, 3, 3], "uv": [88, 15]}
					],
					"locators": {
						"held_item": {
							"offset": [-8.25, 22.75, -5.25],
							"rotation": [0, -90, 0]
						}
					}
				},
				{
					"name": "finger_right_index",
					"parent": "hand_right",
					"pivot": [-6.75, 23, -2],
					"rotation": [0, 17.5, -35],
					"cubes": [
						{"origin": [-6.75, 22, -4], "size": [3, 2, 2], "uv": [79, 47]}
					]
				},
				{
					"name": "finger_right_middle",
					"parent": "hand_right",
					"pivot": [-8.25, 24, -1.5],
					"cubes": [
						{"origin": [-9.25, 24, -3.5], "size": [2, 3, 2], "uv": [83, 21]}
					]
				},
				{
					"name": "finger_right_ring",
					"parent": "hand_right",
					"pivot": [-9.75, 23, -2],
					"rotation": [0, -17.5, 35],
					"cubes": [
						{"origin": [-12.75, 22, -4], "size": [3, 2, 2], "uv": [79, 43]}
					]
				},
				{
					"name": "arm_left",
					"parent": "torso2",
					"pivot": [8.25, 8, -3],
					"cubes": [
						{"origin": [6.25, 6, -5], "size": [4, 6, 4], "inflate": 0.02, "uv": [0, 0]}
					]
				},
				{
					"name": "arm_left2",
					"parent": "arm_left",
					"pivot": [8.25, 12, -1.5],
					"cubes": [
						{"origin": [6.25, 12, -4.5], "size": [4, 4, 3], "uv": [0, 29]}
					]
				},
				{
					"name": "arm_left3",
					"parent": "arm_left2",
					"pivot": [8.25, 16, -1.5],
					"cubes": [
						{"origin": [6.25, 16, -4.5], "size": [4, 5, 3], "inflate": 0.02, "uv": [0, 10]}
					]
				},
				{
					"name": "hand_left",
					"parent": "arm_left3",
					"pivot": [8.25, 21, -1.5],
					"cubes": [
						{"origin": [6.25, 21, -4.5], "size": [4, 3, 3], "uv": [61, 28]}
					]
				},
				{
					"name": "finger_left_index",
					"parent": "hand_left",
					"pivot": [6.75, 23, -2],
					"rotation": [0, -17.5, 35],
					"cubes": [
						{"origin": [3.75, 22, -4], "size": [3, 2, 2], "uv": [69, 43]}
					]
				},
				{
					"name": "finger_left_middle",
					"parent": "hand_left",
					"pivot": [8.25, 24, -1.5],
					"cubes": [
						{"origin": [7.25, 24, -3.5], "size": [2, 3, 2], "uv": [75, 21]}
					]
				},
				{
					"name": "finger_left_ring",
					"parent": "hand_left",
					"pivot": [9.75, 23, -2],
					"rotation": [0, 17.5, -35],
					"cubes": [
						{"origin": [9.75, 22, -4], "size": [3, 2, 2], "uv": [28, 42]}
					]
				},
				{
					"name": "tail",
					"parent": "torso",
					"pivot": [0, 1, 7.75],
					"cubes": [
						{"origin": [-9, 0, 7.75], "size": [18, 2, 3], "uv": [34, 51]}
					]
				},
				{
					"name": "tail2",
					"parent": "tail",
					"pivot": [0, 0.5, 10.75],
					"cubes": [
						{"origin": [-2.5, 0, 10.75], "size": [5, 1, 3], "uv": [76, 36]}
					]
				}
			]
		}
	]
}