{
	"format_version": "1.12.0",
	"minecraft:geometry": [
		{
			"description": {
				"identifier": "geometry.gliscor",
				"texture_width": 128,
				"texture_height": 128,
				"visible_bounds_width": 5,
				"visible_bounds_height": 4,
				"visible_bounds_offset": [0, 1, 0]
			},
			"bones": [
				{
					"name": "gliscor",
					"pivot": [0, 0, 0]
				},
				{
					"name": "body",
					"parent": "gliscor",
					"pivot": [0, 0, 0]
				},
				{
					"name": "torso",
					"parent": "body",
					"pivot": [0, 5, 0],
					"cubes": [
						{"origin": [-3, 4, -3], "size": [6, 5, 6], "uv": [54, 50]},
						{"origin": [-0.5, 6, -3], "size": [1, 2, 0], "inflate": 0.01, "uv": [43, 30]}
					]
				},
				{
					"name": "lower_spine",
					"parent": "torso",
					"pivot": [0, 9, 0],
					"cubes": [
						{"origin": [-1.5, 8.5, -1.5], "size": [3, 3, 3], "inflate": 0.01, "uv": [93, 71]}
					]
				},
				{
					"name": "lower_spine2",
					"parent": "lower_spine",
					"pivot": [0, 11.5, 1.5],
					"cubes": [
						{"origin": [-1.5, 11.5, -1.5], "size": [3, 3, 3], "uv": [37, 93]}
					]
				},
				{
					"name": "upper_torso",
					"parent": "lower_spine2",
					"pivot": [0, 14, 0],
					"cubes": [
						{"origin": [-4, 12.95, -2.95], "size": [8, 6, 6], "inflate": 0.01, "pivot": [0, 16, 0], "rotation": [-45, 0, 0], "uv": [47, 0]}
					]
				},
				{
					"name": "head",
					"parent": "upper_torso",
					"pivot": [0, 18.25, -1.5],
					"cubes": [
						{"origin": [-2.5, 21.5, -6.25], "size": [4, 1, 0], "inflate": 0.015, "uv": [48, 54]},
						{"origin": [-2.5, 22.5, -6.25], "size": [5, 1, 0], "inflate": 0.015, "uv": [23, 54]},
						{"origin": [-4, 19.25, -6.25], "size": [8, 5, 6], "uv": [0, 50]},
						{"origin": [-4, 18.25, -2.25], "size": [8, 1, 2], "uv": [82, 56]},
						{"origin": [2.25, 19, -6.23], "size": [1, 1, 0], "inflate": 0.01, "pivot": [2.5, 19.25, -6.25], "rotation": [0, 0, 40], "uv": [69, 62]},
						{"origin": [-3.25, 19, -6.23], "size": [1, 1, 0], "inflate": 0.01, "pivot": [-2.5, 19.25, -6.25], "rotation": [0, 0, -40], "uv": [35, 63]},
						{"origin": [1.27, 18.5, -6.23], "size": [1, 1, 0], "inflate": 0.01, "pivot": [2.5, 19.25, -6.25], "rotation": [0, 0, 45], "uv": [20, 69]},
						{"origin": [-2.27, 18.5, -6.23], "size": [1, 1, 0], "inflate": 0.01, "pivot": [-2.5, 19.25, -6.25], "rotation": [0, 0, -45], "uv": [32, 63]},
						{"origin": [0.75, 18, -6.23], "size": [1, 1, 0], "inflate": 0.01, "pivot": [2.5, 19.25, -6.25], "rotation": [0, 0, 45], "uv": [0, 69]},
						{"origin": [-1.75, 18, -6.23], "size": [1, 1, 0], "inflate": 0.01, "pivot": [-2.5, 19.25, -6.25], "rotation": [0, 0, -45], "uv": [29, 63]}
					]
				},
				{
					"name": "left_ear",
					"parent": "head",
					"pivot": [0.75, 21.45, -6.75],
					"rotation": [0.32902, 7.49282, 55.02154],
					"cubes": [
						{"origin": [0.245, 20.95, -6.75], "size": [1, 7, 6], "uv": [76, 6]},
						{"origin": [0.25, 27.95, -6.75], "size": [0, 4, 6], "inflate": 0.01, "uv": [56, 91]}
					]
				},
				{
					"name": "left_ear_back",
					"parent": "left_ear",
					"pivot": [0.75, 25.85, -0.75],
					"rotation": [0, -82.5, 0],
					"cubes": [
						{"origin": [0.72378, 22.45, -4.35003], "size": [0, 9, 4], "inflate": 0.01, "pivot": [-0.02622, 33.95, -0.60003], "rotation": [0, -7.5, 0], "uv": [69, 91]}
					]
				},
				{
					"name": "right_ear",
					"parent": "head",
					"pivot": [-0.75, 21.45, -6.75],
					"rotation": [0.32902, -7.49282, -55.02154],
					"cubes": [
						{"origin": [-1.245, 20.95, -6.75], "size": [1, 7, 6], "uv": [73, 56]},
						{"origin": [-0.25, 27.95, -6.75], "size": [0, 4, 6], "inflate": 0.01, "uv": [87, 85]}
					]
				},
				{
					"name": "right_ear_back",
					"parent": "right_ear",
					"pivot": [-0.75, 25.85, -0.75],
					"rotation": [0, 82.5, 0],
					"cubes": [
						{"origin": [-0.72378, 22.45, -4.35003], "size": [0, 9, 4], "inflate": 0.01, "pivot": [0.02622, 33.95, -0.60003], "rotation": [0, 7.5, 0], "uv": [28, 91]}
					]
				},
				{
					"name": "jaw",
					"parent": "head",
					"pivot": [0, 19.25, -2.25],
					"cubes": [
						{"origin": [-4, 18.26, -6.24], "size": [8, 1, 4], "inflate": -0.01, "uv": [70, 0]}
					]
				},
				{
					"name": "tongue",
					"parent": "jaw",
					"pivot": [0, 19.25, -2.15],
					"cubes": [
						{"origin": [-1.5, 19.25, -6.15], "size": [3, 0, 4], "inflate": 0.01, "uv": [93, 50]}
					]
				},
				{
					"name": "tongue_tip",
					"parent": "tongue",
					"pivot": [0, 19.25, -3.15],
					"cubes": [
						{"origin": [-1.5, 19.25, -6.15], "size": [3, 0, 3], "inflate": 0.01, "uv": [91, 0]}
					]
				},
				{
					"name": "eyes",
					"parent": "head",
					"pivot": [0, 18.25, -2.5]
				},
				{
					"name": "open",
					"parent": "eyes",
					"pivot": [0, 18.25, -2.5]
				},
				{
					"name": "left_eye",
					"parent": "open",
					"pivot": [2, 21.25, -6.25],
					"rotation": [0, 0, -2.5],
					"cubes": [
						{"origin": [0.75, 19.75, -6.25], "size": [3, 3, 0], "inflate": 0.01, "uv": [63, 91]},
						{"origin": [1.75, 20.1, -6.05], "size": [1, 2, 0], "inflate": 0.215, "uv": [48, 50]},
						{"origin": [1.75, 20.1, -6.25], "size": [1, 2, 0], "inflate": 0.02, "uv": [31, 50]}
					]
				},
				{
					"name": "right_eye",
					"parent": "open",
					"pivot": [-2, 21.25, -6.25],
					"rotation": [0, 0, 2.5],
					"cubes": [
						{"origin": [-3.75, 19.75, -6.25], "size": [3, 3, 0], "inflate": 0.01, "uv": [30, 82]},
						{"origin": [-2.75, 20.1, -6.05], "size": [1, 2, 0], "inflate": 0.215, "uv": [23, 50]},
						{"origin": [-2.75, 20.1, -6.25], "size": [1, 2, 0], "inflate": 0.02, "uv": [43, 35]}
					]
				},
				{
					"name": "closed",
					"parent": "eyes",
					"pivot": [0, 18.25, -2.4]
				},
				{
					"name": "left_eye_closed",
					"parent": "closed",
					"pivot": [2.1, 21.25, -6.05],
					"rotation": [0, 0, -2.5],
					"cubes": [
						{"origin": [0.75, 19.75, -6.15], "size": [3, 3, 0], "inflate": 0.023, "uv": [0, 107]}
					]
				},
				{
					"name": "right_eye_closed",
					"parent": "closed",
					"pivot": [-2.1, 21.25, -6.05],
					"rotation": [0, 0, 2.5],
					"cubes": [
						{"origin": [-3.75, 19.75, -6.15], "size": [3, 3, 0], "inflate": 0.023, "uv": [0, 111], "mirror": true}
					]
				},
				{
					"name": "chest_armor",
					"parent": "upper_torso",
					"pivot": [0, 13.5, 0]
				},
				{
					"name": "top_front_chest_armor",
					"parent": "chest_armor",
					"pivot": [0, 19.75, -0.8],
					"rotation": [30, 0, 0],
					"cubes": [
						{"origin": [-7.5, 19.75, -3.8], "size": [15, 0, 4], "inflate": 0.02, "uv": [43, 35]}
					]
				},
				{
					"name": "front_chest_armor",
					"parent": "top_front_chest_armor",
					"pivot": [0, 19.75, -3.8],
					"rotation": [-50.5, 0, 0],
					"cubes": [
						{"origin": [-7, 13.75, -3.8], "size": [14, 6, 0], "inflate": 0.02, "uv": [0, 62]}
					]
				},
				{
					"name": "left_front_spike",
					"parent": "front_chest_armor",
					"pivot": [3.9, 17.9, -3.8],
					"rotation": [-2.49762, 0.10901, -25.00238],
					"cubes": [
						{"origin": [2.9, 13.85, -3.8], "size": [2, 4, 0], "inflate": 0.03, "pivot": [4.4, 17.6, -3.8], "rotation": [0, 0, 0], "uv": [76, 6]},
						{"origin": [3.4, 12.85, -3.8], "size": [1, 1, 0], "inflate": 0.02, "pivot": [4.4, 17.6, -3.8], "rotation": [0, 0, 0], "uv": [49, 63]}
					]
				},
				{
					"name": "right_front_spike",
					"parent": "front_chest_armor",
					"pivot": [-3.9, 17.9, -3.8],
					"rotation": [-2.49762, -0.10901, 25.00238],
					"cubes": [
						{"origin": [-4.9, 13.85, -3.8], "size": [2, 4, 0], "inflate": 0.03, "pivot": [-4.4, 17.6, -3.8], "rotation": [0, 0, 0], "uv": [0, 50]},
						{"origin": [-4.4, 12.85, -3.8], "size": [1, 1, 0], "inflate": 0.02, "pivot": [-4.4, 17.6, -3.8], "rotation": [0, 0, 0], "uv": [57, 54]}
					]
				},
				{
					"name": "top_back_chest_armor",
					"parent": "chest_armor",
					"pivot": [0, 19.75, 0.95],
					"rotation": [-30, 0, 0],
					"cubes": [
						{"origin": [-7.5, 19.75, -0.05], "size": [15, 0, 4], "inflate": 0.02, "uv": [43, 30]},
						{"origin": [-2.5, 19.25, 0.95], "size": [5, 1, 3], "inflate": 0.02, "uv": [91, 12]},
						{"origin": [-2, 18.25, -2.05], "size": [4, 2, 3], "inflate": 0.02, "uv": [91, 34]}
					]
				},
				{
					"name": "back_chest_armor",
					"parent": "top_back_chest_armor",
					"pivot": [0, 19.75, 3.95],
					"rotation": [47.5, 0, 0],
					"cubes": [
						{"origin": [-7, 13.75, 3.95], "size": [14, 6, 0], "inflate": 0.02, "uv": [47, 13]},
						{"origin": [-2, 14.08355, 3.31184], "size": [4, 6, 1], "inflate": 0.02, "uv": [78, 96]},
						{"origin": [-2, 11.1, 3.95], "size": [4, 3, 0], "inflate": 0.03, "pivot": [0, 12.6, 3.95], "rotation": [0, 180, 0], "uv": [59, 74]},
						{"origin": [-0.5, 10.1, 3.95], "size": [1, 1, 0], "inflate": 0.02, "pivot": [0, 10.6, 3.95], "rotation": [0, 180, 0], "uv": [38, 63]}
					]
				},
				{
					"name": "left_back_spike",
					"parent": "back_chest_armor",
					"pivot": [3.9, 18.15, 3.95],
					"rotation": [2.49762, -0.10901, -25.00238],
					"cubes": [
						{"origin": [2.9, 14.1, 3.95], "size": [2, 4, 0], "inflate": 0.03, "pivot": [3.9, 16.1, 3.95], "rotation": [0, 180, 0], "uv": [44, 63]},
						{"origin": [3.4, 13.1, 3.95], "size": [1, 1, 0], "inflate": 0.02, "pivot": [3.9, 13.6, 3.95], "rotation": [0, 180, 0], "uv": [41, 63]}
					]
				},
				{
					"name": "right_back_spike",
					"parent": "back_chest_armor",
					"pivot": [-3.9, 18.15, 3.95],
					"rotation": [2.49762, 0.10901, 25.00238],
					"cubes": [
						{"origin": [-4.9, 14.1, 3.95], "size": [2, 4, 0], "inflate": 0.03, "pivot": [-3.9, 16.1, 3.95], "rotation": [0, 180, 0], "uv": [47, 0]},
						{"origin": [-4.4, 13.1, 3.95], "size": [1, 1, 0], "inflate": 0.02, "pivot": [-3.9, 13.6, 3.95], "rotation": [0, 180, 0], "uv": [56, 50]}
					]
				},
				{
					"name": "left_upper_arm",
					"parent": "upper_torso",
					"pivot": [4, 18.75, 0],
					"cubes": [
						{"origin": [3.5, 16.75, -1], "size": [8, 2, 2], "inflate": 0.01, "uv": [78, 29]}
					]
				},
				{
					"name": "left_lower_arm",
					"parent": "left_upper_arm",
					"pivot": [11.5, 17.75, 1],
					"cubes": [
						{"origin": [11.5, 16.75, -1], "size": [7, 2, 2], "uv": [89, 45]}
					]
				},
				{
					"name": "left_arm_nub",
					"parent": "left_lower_arm",
					"pivot": [17, 17.75, 0],
					"cubes": [
						{"origin": [17, 15.75, -2], "size": [3, 4, 4], "uv": [13, 91]}
					]
				},
				{
					"name": "left_claw",
					"parent": "left_arm_nub",
					"pivot": [19, 17.75, 0],
					"cubes": [
						{"origin": [19, 15.25, -2.5], "size": [1, 5, 5], "inflate": 0.01, "uv": [0, 89]}
					]
				},
				{
					"name": "left_claw_top",
					"parent": "left_claw",
					"pivot": [19.5, 17.75, 0],
					"cubes": [
						{"origin": [19.5, 14.25, -3], "size": [8, 7, 3], "inflate": 0.02, "uv": [70, 71]},
						{"origin": [27.5, 14.25, 0], "size": [0, 7, 2], "inflate": 0.02, "uv": [18, 100]},
						{"origin": [19.5, 21.25, 0], "size": [8, 0, 2], "inflate": 0.02, "uv": [88, 65]},
						{"origin": [19.5, 14.25, 0], "size": [8, 0, 2], "inflate": 0.02, "uv": [86, 68]}
					]
				},
				{
					"name": "left_claw_bottom",
					"parent": "left_claw",
					"pivot": [19.5, 17.75, 0],
					"cubes": [
						{"origin": [19.5, 14.25, 0], "size": [7, 7, 4], "uv": [25, 65]},
						{"origin": [26.5, 15.25, 0], "size": [5, 5, 4], "pivot": [26.5, 18.75, 4], "rotation": [0, 37.5, 0], "uv": [74, 46]},
						{"origin": [26.08299, 15.75, -3.88673], "size": [3, 4, 2], "pivot": [28.93299, 18.75, -3.83371], "rotation": [0, 62.5, 0], "uv": [97, 24]}
					]
				},
				{
					"name": "right_upper_arm",
					"parent": "upper_torso",
					"pivot": [-4, 18.75, 0],
					"cubes": [
						{"origin": [-11.5, 16.75, -1], "size": [8, 2, 2], "inflate": 0.01, "uv": [23, 77]}
					]
				},
				{
					"name": "right_lower_arm",
					"parent": "right_upper_arm",
					"pivot": [-11.5, 17.75, 1],
					"cubes": [
						{"origin": [-18.5, 16.75, -1], "size": [7, 2, 2], "uv": [88, 60]}
					]
				},
				{
					"name": "right_arm_nub",
					"parent": "right_lower_arm",
					"pivot": [-17, 17.75, 0],
					"cubes": [
						{"origin": [-20, 15.75, -2], "size": [3, 4, 4], "uv": [47, 87]}
					]
				},
				{
					"name": "right_claw",
					"parent": "right_arm_nub",
					"pivot": [-19, 17.75, 0],
					"cubes": [
						{"origin": [-20, 15.25, -2.5], "size": [1, 5, 5], "inflate": 0.01, "uv": [34, 82]}
					]
				},
				{
					"name": "right_claw_top",
					"parent": "right_claw",
					"pivot": [-19.5, 17.75, 0],
					"cubes": [
						{"origin": [-27.5, 14.25, -3], "size": [8, 7, 3], "inflate": 0.02, "uv": [0, 69]},
						{"origin": [-27.5, 14.25, 0], "size": [0, 7, 2], "inflate": 0.02, "uv": [50, 96]},
						{"origin": [-27.5, 21.25, 0], "size": [8, 0, 2], "inflate": 0.02, "uv": [85, 9]},
						{"origin": [-27.5, 14.25, 0], "size": [8, 0, 2], "inflate": 0.02, "uv": [85, 6]}
					]
				},
				{
					"name": "right_claw_bottom",
					"parent": "right_claw",
					"pivot": [-19.5, 17.75, 0],
					"cubes": [
						{"origin": [-26.5, 14.25, 0], "size": [7, 7, 4], "uv": [50, 62]},
						{"origin": [-31.5, 15.25, 0], "size": [5, 5, 4], "pivot": [-26.5, 18.75, 4], "rotation": [0, -37.5, 0], "uv": [44, 74]},
						{"origin": [-29.08299, 15.75, -3.88673], "size": [3, 4, 2], "pivot": [-28.93299, 18.75, -3.83371], "rotation": [0, -62.5, 0], "uv": [89, 96]}
					]
				},
				{
					"name": "flying_membrane",
					"parent": "upper_torso",
					"pivot": [0, 18, 3.25]
				},
				{
					"name": "top_left_membrane",
					"parent": "flying_membrane",
					"pivot": [2, 15, 3.45],
					"rotation": [2.5, 0, 0],
					"cubes": [
						{"origin": [-1, 10, 3.45], "size": [23, 9, 0], "uv": [0, 10]}
					]
				},
				{
					"name": "top_right_membrane",
					"parent": "flying_membrane",
					"pivot": [-2, 15, 3.45],
					"rotation": [2.5, 0, 0],
					"cubes": [
						{"origin": [-22, 10, 3.45], "size": [23, 9, 0], "uv": [0, 0]}
					]
				},
				{
					"name": "middle_left_membrane",
					"parent": "flying_membrane",
					"pivot": [1, 15, 3.35],
					"rotation": [0, 0, 30],
					"cubes": [
						{"origin": [-0.92388, 8.61732, 3.35], "size": [21, 9, 0], "uv": [0, 30]}
					]
				},
				{
					"name": "middle_right_membrane",
					"parent": "flying_membrane",
					"pivot": [-1, 15, 3.35],
					"rotation": [0, 0, -30],
					"cubes": [
						{"origin": [-20.07612, 8.61732, 3.35], "size": [21, 9, 0], "uv": [0, 20]}
					]
				},
				{
					"name": "bottom_left_membrane",
					"parent": "flying_membrane",
					"pivot": [0.5, 15, 3.25],
					"rotation": [0, 0, 60],
					"cubes": [
						{"origin": [-0.85355, 8.64645, 3.25], "size": [19, 9, 0], "uv": [39, 40]}
					]
				},
				{
					"name": "bottom_right_membrane",
					"parent": "flying_membrane",
					"pivot": [-0.5, 15, 3.25],
					"rotation": [0, 0, -60],
					"cubes": [
						{"origin": [-18.14645, 8.64645, 3.25], "size": [19, 9, 0], "uv": [0, 40]}
					]
				},
				{
					"name": "bottom_membrane",
					"parent": "flying_membrane",
					"pivot": [0, 15, 3.05],
					"rotation": [0, 0, 90],
					"cubes": [
						{"origin": [-1, 10.5, 3.05], "size": [18, 9, 0], "uv": [43, 20]}
					]
				},
				{
					"name": "tail_segment_1",
					"parent": "torso",
					"pivot": [0, 5, 2],
					"rotation": [-45, 0, 0],
					"cubes": [
						{"origin": [-2, 1, 2], "size": [4, 4, 4], "inflate": 0.015, "uv": [59, 82]}
					]
				},
				{
					"name": "tail_segment_2",
					"parent": "tail_segment_1",
					"pivot": [0, 2.25, 4.75],
					"cubes": [
						{"origin": [-2, -1.75, 4.75], "size": [4, 4, 4], "inflate": 0.01, "uv": [17, 82]}
					]
				},
				{
					"name": "tail_segment_3",
					"parent": "tail_segment_2",
					"pivot": [0, -0.5, 7.5],
					"cubes": [
						{"origin": [-2, -4.5, 7.5], "size": [4, 4, 4], "inflate": 0.005, "uv": [80, 20]}
					]
				},
				{
					"name": "tail_segment_4",
					"parent": "tail_segment_3",
					"pivot": [0, -3.25, 10.25],
					"cubes": [
						{"origin": [-2, -7.25, 10.25], "size": [4, 4, 4], "uv": [0, 80]}
					]
				},
				{
					"name": "tail_segment_end",
					"parent": "tail_segment_4",
					"pivot": [0, -6.4, 13.5],
					"rotation": [45, 0, 0],
					"cubes": [
						{"origin": [-3, -12.39749, 10.35607], "size": [6, 6, 6], "uv": [29, 50]}
					]
				},
				{
					"name": "tail_left_stinger",
					"parent": "tail_segment_end",
					"pivot": [2, -12.25, 13.5],
					"rotation": [0, 0, -5],
					"cubes": [
						{"origin": [0.5, -16, 13.5], "size": [3, 4, 0], "uv": [78, 91]}
					]
				},
				{
					"name": "tail_right_stinger",
					"parent": "tail_segment_end",
					"pivot": [-2, -12.25, 13.5],
					"rotation": [0, 0, 5],
					"cubes": [
						{"origin": [-3.5, -16, 13.5], "size": [3, 4, 0], "uv": [8, 89]}
					]
				},
				{
					"name": "left_thigh",
					"parent": "body",
					"pivot": [3, 6, 0],
					"rotation": [-22.5, 0, 0],
					"cubes": [
						{"origin": [2.5, 3.5, -2], "size": [4, 4, 4], "uv": [76, 82]}
					]
				},
				{
					"name": "left_calf",
					"parent": "left_thigh",
					"pivot": [4.5, 3.5, -2],
					"rotation": [45, 0, 0],
					"cubes": [
						{"origin": [3.5, -0.5, -2], "size": [2, 4, 2], "uv": [9, 100]}
					]
				},
				{
					"name": "left_foot",
					"parent": "left_calf",
					"pivot": [4.5, 0.5, -1],
					"rotation": [-22.5, 0, 0],
					"cubes": [
						{"origin": [3, -1.5, -3.5], "size": [3, 2, 4], "uv": [93, 17]},
						{"origin": [3.5, -1.5, -3], "size": [2, 0, 3], "inflate": 0.01, "uv": [48, 50]}
					]
				},
				{
					"name": "left_inner_toe",
					"parent": "left_foot",
					"pivot": [3.75, -0.75, -3.5],
					"rotation": [5, 0, 0],
					"cubes": [
						{"origin": [3.25, -1.25, -5], "size": [1, 1, 2], "uv": [24, 91]}
					]
				},
				{
					"name": "left_outer_toe",
					"parent": "left_foot",
					"pivot": [5.25, -0.75, -3.5],
					"rotation": [5, 0, 0],
					"cubes": [
						{"origin": [4.75, -1.25, -5], "size": [1, 1, 2], "uv": [72, 82]}
					]
				},
				{
					"name": "right_thigh",
					"parent": "body",
					"pivot": [-3, 6, 0],
					"rotation": [-22.5, 0, 0],
					"cubes": [
						{"origin": [-6.5, 3.5, -2], "size": [4, 4, 4], "uv": [78, 36]}
					]
				},
				{
					"name": "right_calf",
					"parent": "right_thigh",
					"pivot": [-4.5, 3.5, -2],
					"rotation": [45, 0, 0],
					"cubes": [
						{"origin": [-5.5, -0.5, -2], "size": [2, 4, 2], "uv": [0, 100]}
					]
				},
				{
					"name": "right_foot",
					"parent": "right_calf",
					"pivot": [-4.5, 0.5, -1],
					"rotation": [-22.5, 0, 0],
					"cubes": [
						{"origin": [-6, -1.5, -3.5], "size": [3, 2, 4], "uv": [89, 78]},
						{"origin": [-5.5, -1.5, -3], "size": [2, 0, 3], "inflate": 0.01, "uv": [23, 50]}
					]
				},
				{
					"name": "right_inner_toe",
					"parent": "right_foot",
					"pivot": [-3.75, -0.75, -3.5],
					"rotation": [5, 0, 0],
					"cubes": [
						{"origin": [-4.25, -1.25, -5], "size": [1, 1, 2], "uv": [13, 80]}
					]
				},
				{
					"name": "right_outer_toe",
					"parent": "right_foot",
					"pivot": [-5.25, -0.75, -3.5],
					"rotation": [5, 0, 0],
					"cubes": [
						{"origin": [-5.75, -1.25, -5], "size": [1, 1, 2], "uv": [63, 78]}
					]
				}
			]
		}
	]
}