{
	"format_version": "1.12.0",
	"minecraft:geometry": [
		{
			"description": {
				"identifier": "geometry.kabuto",
				"texture_width": 64,
				"texture_height": 64,
				"visible_bounds_width": 2,
				"visible_bounds_height": 1.5,
				"visible_bounds_offset": [0, 0.25, 0]
			},
			"bones": [
				{
					"name": "kabuto",
					"pivot": [0, 0, 0]
				},
				{
					"name": "body",
					"parent": "kabuto",
					"pivot": [0, 2.25, 0.5],
					"cubes": [
						{"origin": [-3, 0.25, -3], "size": [6, 2, 7], "uv": [0, 22]},
						{"origin": [-4, 0.75, -4], "size": [8, 2, 9], "pivot": [0, 2.25, 0.5], "rotation": [-10, 0, 0], "uv": [0, 0]},
						{"origin": [-3.5, 1, -3.7], "size": [7, 3, 8], "pivot": [0, 2.25, 0.5], "rotation": [-10, 0, 0], "uv": [0, 11]}
					],
					"locators": {
						"held_item_fixed": {
							"offset": [0, 4.25, 1.75],
							"rotation": [80, 0, 0]
						}
					}
				},
				{
					"name": "left_eye",
					"parent": "body",
					"pivot": [1.5, 1, -3],
					"cubes": [
						{"origin": [1, 0.5, -3], "size": [1, 1, 0], "inflate": 0.01, "uv": [3, 3]}
					]
				},
				{
					"name": "right_eye",
					"parent": "body",
					"pivot": [-1.5, 1, -3],
					"cubes": [
						{"origin": [-2, 0.5, -3], "size": [1, 1, 0], "inflate": 0.01, "uv": [3, 0]}
					]
				},
				{
					"name": "right_front_leg",
					"parent": "body",
					"pivot": [-2.25, 0.5, -1],
					"rotation": [0, 0, -10],
					"cubes": [
						{"origin": [-2.75, -1.5, -2], "size": [1, 2, 1], "uv": [4, 3]}
					]
				},
				{
					"name": "right_front_leg2",
					"parent": "right_front_leg",
					"pivot": [-2.75, -1, -1.5],
					"cubes": [
						{"origin": [-2.75, -1.5, -1.5], "size": [2, 1, 0], "uv": [0, 7]}
					]
				},
				{
					"name": "right_back_leg",
					"parent": "body",
					"pivot": [-2.25, 0.5, 2.25],
					"rotation": [0, 0, -10],
					"cubes": [
						{"origin": [-2.75, -1.5, 1.25], "size": [1, 2, 1], "uv": [4, 0]}
					]
				},
				{
					"name": "right_back_leg2",
					"parent": "right_back_leg",
					"pivot": [-2.75, -1, 1.75],
					"cubes": [
						{"origin": [-2.75, -1.5, 1.75], "size": [2, 1, 0], "uv": [4, 7]}
					]
				},
				{
					"name": "left_front_leg",
					"parent": "body",
					"pivot": [2.25, 0.5, -1],
					"rotation": [0, 0, 10],
					"cubes": [
						{"origin": [1.75, -1.5, -2], "size": [1, 2, 1], "uv": [0, 3]}
					]
				},
				{
					"name": "left_front_leg2",
					"parent": "left_front_leg",
					"pivot": [2.75, -1, -1.5],
					"cubes": [
						{"origin": [0.75, -1.5, -1.5], "size": [2, 1, 0], "uv": [4, 6]}
					]
				},
				{
					"name": "left_back_leg",
					"parent": "body",
					"pivot": [2.25, 0.5, 2.25],
					"rotation": [0, 0, 10],
					"cubes": [
						{"origin": [1.75, -1.5, 1.25], "size": [1, 2, 1], "uv": [0, 0]}
					]
				},
				{
					"name": "left_back_leg2",
					"parent": "left_back_leg",
					"pivot": [2.75, -1, 1.75],
					"cubes": [
						{"origin": [0.75, -1.5, 1.75], "size": [2, 1, 0], "uv": [0, 6]}
					]
				}
			]
		}
	]
}