{
	"format_version": "1.12.0",
	"minecraft:geometry": [
		{
			"description": {
				"identifier": "geometry.smoochum",
				"texture_width": 64,
				"texture_height": 64,
				"visible_bounds_width": 2,
				"visible_bounds_height": 2.5,
				"visible_bounds_offset": [0, 0.75, 0]
			},
			"bones": [
				{
					"name": "smoochum",
					"pivot": [0, 0, 0]
				},
				{
					"name": "body",
					"parent": "smoochum",
					"pivot": [0, 4, 0],
					"cubes": [
						{"origin": [-3.5, 1, -2.5], "size": [7, 6, 5], "uv": [0, 15]}
					]
				},
				{
					"name": "head",
					"parent": "body",
					"pivot": [0, 7, 0],
					"cubes": [
						{"origin": [-4.5, 7, -3.5], "size": [9, 8, 7], "uv": [0, 0]},
						{"origin": [-1.5, 7.25, -4.25], "size": [3, 2, 1], "uv": [25, 3]},
						{"origin": [-0.5, 7.75, -4.275], "size": [1, 1, 0], "uv": [15, 46]},
						{"origin": [-5, 12.03038, -3.8473], "size": [10, 3, 0], "pivot": [0.5, 13.03038, -3.8473], "rotation": [-10, 0, 0], "uv": [25, 0]},
						{"origin": [-4.76047, 8.02279, -3.5], "size": [0, 7, 7], "pivot": [-4.76047, 13.52279, -1.5], "rotation": [0, 0, 10], "uv": [14, 20]},
						{"origin": [-5, 7.0606, 4.19361], "size": [10, 8, 0], "pivot": [0, 11.0606, 4.19361], "rotation": [10, 0, 0], "uv": [24, 19]},
						{"origin": [4.76047, 8.02279, -3.5], "size": [0, 7, 7], "pivot": [4.76047, 13.52279, -1.5], "rotation": [0, 0, -10], "uv": [0, 19]},
						{"origin": [1.25, 9.25, -3.525], "size": [3, 3, 0], "pivot": [2.75, 10.75, -3.525], "rotation": [0, 0, 2.5], "uv": [0, 40], "mirror": true},
						{"origin": [-4.25, 9.25, -3.525], "size": [3, 3, 0], "pivot": [-2.75, 10.75, -3.525], "rotation": [0, 0, -2.5], "uv": [0, 40]}
					]
				},
				{
					"name": "eyelids",
					"parent": "head",
					"pivot": [0, 10.75, -3.525],
					"cubes": [
						{"origin": [1.25, 9.25, -3.45], "size": [3, 3, 1], "pivot": [2.75, 10.75, -3.45], "rotation": [0, 0, 2.5], "uv": [0, 47], "mirror": true},
						{"origin": [-4.25, 9.25, -3.45], "size": [3, 3, 1], "pivot": [-2.75, 10.75, -3.45], "rotation": [0, 0, -2.5], "uv": [0, 47]}
					]
				},
				{
					"name": "hair",
					"parent": "head",
					"pivot": [0, 15, -0.25],
					"cubes": [
						{"origin": [-6, 15, -0.25], "size": [12, 4, 0], "uv": [19, 15]}
					]
				},
				{
					"name": "leftarm",
					"parent": "body",
					"pivot": [3.5, 7, -0.25],
					"cubes": [
						{"origin": [3.5, 5, -1.75], "size": [4, 2, 3], "uv": [0, 33]}
					]
				},
				{
					"name": "rightarm",
					"parent": "body",
					"pivot": [-3.5, 7, -0.25],
					"cubes": [
						{"origin": [-7.5, 5, -1.75], "size": [4, 2, 3], "uv": [32, 9]}
					]
				},
				{
					"name": "leftleg",
					"parent": "body",
					"pivot": [1.75, 1, 0.75],
					"cubes": [
						{"origin": [0.25, 0, -3.25], "size": [3, 1, 5], "uv": [32, 3]}
					]
				},
				{
					"name": "rightleg",
					"parent": "body",
					"pivot": [-1.75, 1, 0.75],
					"cubes": [
						{"origin": [-3.25, 0, -3.25], "size": [3, 1, 5], "uv": [28, 27]}
					]
				}
			]
		}
	]
}