{
	"format_version": "1.12.0",
	"minecraft:geometry": [
		{
			"description": {
				"identifier": "geometry.prinplup",
				"texture_width": 128,
				"texture_height": 128,
				"visible_bounds_width": 4,
				"visible_bounds_height": 3.5,
				"visible_bounds_offset": [0, 1.25, 0]
			},
			"bones": [
				{
					"name": "prinplup",
					"pivot": [0, 0, 0]
				},
				{
					"name": "body",
					"parent": "prinplup",
					"pivot": [0, 13, -1]
				},
				{
					"name": "torso",
					"parent": "body",
					"pivot": [0, 2.5, 0],
					"cubes": [
						{"origin": [-4.5, 10.5, -4.5], "size": [9, 5, 8], "uv": [0, 19]},
						{"origin": [-2, 11.49, -4.51], "size": [4, 3, 0], "uv": [4, 55]},
						{"origin": [-5.5, 3, -5.5], "size": [11, 9, 10], "uv": [0, 0]}
					]
				},
				{
					"name": "neck",
					"parent": "torso",
					"pivot": [0, 14.5, -0.5],
					"cubes": [
						{"origin": [-3.5, 15.5, -3.5], "size": [7, 2, 6], "inflate": -0.001, "uv": [36, 41]}
					]
				},
				{
					"name": "head",
					"parent": "neck",
					"pivot": [0, 15.75, -0.5],
					"rotation": [0, 0, 0],
					"cubes": [
						{"origin": [-3.5, 15.5, -4], "size": [7, 7, 7], "uv": [27, 27]},
						{"origin": [-0.5, 19, -4.01], "size": [1, 3, 0], "uv": [4, 58]}
					]
				},
				{
					"name": "beak",
					"parent": "head",
					"pivot": [0, 16, 0],
					"cubes": [
						{"origin": [0.94134, 16.53806, -5], "size": [0, 10, 9], "pivot": [1, 19, 0], "rotation": [0, 0, 22.5], "uv": [0, 30]},
						{"origin": [-0.94134, 16.53806, -5], "size": [0, 10, 9], "pivot": [-1, 19, 0], "rotation": [0, 0, -22.5], "uv": [18, 32]},
						{"origin": [-1, 17.5, -5.5], "size": [2, 2, 2], "uv": [0, 0]}
					]
				},
				{
					"name": "jaw",
					"parent": "beak",
					"pivot": [0, 17.5, -4],
					"cubes": [
						{"origin": [-1, 16.5, -5], "size": [2, 1, 2], "uv": [32, 7]}
					]
				},
				{
					"name": "eye_right",
					"parent": "head",
					"pivot": [-2.51, 19.5, -3.01],
					"cubes": [
						{"origin": [-3.51, 17.5, -4.01], "size": [2, 2, 2], "uv": [12, 49]},
						{"origin": [-2.91, 18, -4.01], "size": [1, 1, 0], "inflate": 0.01, "uv": [0, 1]}
					]
				},
				{
					"name": "eyelid_right",
					"parent": "eye_right",
					"pivot": [-2.41, 19, -2.91],
					"cubes": [
						{"origin": [-3.41, 17.5, -3.91], "size": [2, 2, 2], "inflate": 0.02, "uv": [0, 23]}
					]
				},
				{
					"name": "eye_left",
					"parent": "head",
					"pivot": [2.51, 19.5, -3.01],
					"cubes": [
						{"origin": [1.51, 17.5, -4.01], "size": [2, 2, 2], "uv": [0, 19]},
						{"origin": [1.91, 18, -4.01], "size": [1, 1, 0], "inflate": 0.01, "uv": [0, 0]}
					]
				},
				{
					"name": "eyelid_left",
					"parent": "eye_left",
					"pivot": [2.41, 19, -2.91],
					"cubes": [
						{"origin": [1.41, 17.5, -3.91], "size": [2, 2, 2], "inflate": 0.02, "uv": [0, 4]}
					]
				},
				{
					"name": "wing_right",
					"parent": "torso",
					"pivot": [-4.5, 14, -0.5],
					"cubes": [
						{"origin": [-11.5, 14, -4], "size": [7, 0, 7], "uv": [0, 32]}
					]
				},
				{
					"name": "wing_right2",
					"parent": "wing_right",
					"pivot": [-11.5, 14, -0.5],
					"cubes": [
						{"origin": [-18.5, 14, -4], "size": [7, 0, 7], "uv": [37, 14]}
					]
				},
				{
					"name": "wing_left",
					"parent": "torso",
					"pivot": [4.5, 14, -0.5],
					"cubes": [
						{"origin": [4.5, 14, -4], "size": [7, 0, 7], "uv": [25, 0]}
					]
				},
				{
					"name": "wing_left2",
					"parent": "wing_left",
					"pivot": [11.5, 14, -0.5],
					"cubes": [
						{"origin": [11.5, 14, -4], "size": [7, 0, 7], "uv": [35, 7]}
					]
				},
				{
					"name": "dots",
					"parent": "torso",
					"pivot": [0, 0, 0],
					"cubes": [
						{"origin": [-3.5, 8.5, -5.51], "size": [2, 3, 0], "uv": [0, 64]},
						{"origin": [-3.75, 4.5, -5.51], "size": [2, 3, 0], "uv": [0, 61]},
						{"origin": [1.5, 8.5, -5.51], "size": [2, 3, 0], "uv": [0, 58]},
						{"origin": [1.75, 4.5, -5.51], "size": [2, 3, 0], "uv": [0, 55]}
					]
				},
				{
					"name": "tail",
					"parent": "torso",
					"pivot": [0, 4, 4.5],
					"rotation": [-30, 0, 0],
					"cubes": [
						{"origin": [-4.5, 4, 4.5], "size": [9, 0, 8], "uv": [18, 19]}
					]
				},
				{
					"name": "leg_right",
					"parent": "body",
					"pivot": [-2.75, 3, -0.5],
					"cubes": [
						{"origin": [-4.25, 1, -2], "size": [3, 3, 3], "uv": [0, 49]}
					]
				},
				{
					"name": "foot_right",
					"parent": "leg_right",
					"pivot": [-2.75, 1, 0],
					"cubes": [
						{"origin": [-4.25, 0, -2.5], "size": [3, 1, 4], "inflate": 0.001, "uv": [48, 0]}
					]
				},
				{
					"name": "toe_right",
					"parent": "foot_right",
					"pivot": [-3.75, 0, -2.5],
					"rotation": [0, 10, 0],
					"cubes": [
						{"origin": [-3.75, 0, -5], "size": [0, 1, 3], "uv": [23, 30]}
					]
				},
				{
					"name": "toe_right2",
					"parent": "foot_right",
					"pivot": [-2.75, 0, -2.5],
					"cubes": [
						{"origin": [-2.75, 0, -5], "size": [0, 1, 3], "uv": [0, 30]}
					]
				},
				{
					"name": "toe_right3",
					"parent": "foot_right",
					"pivot": [-1.75, 0, -2.5],
					"rotation": [0, -10, 0],
					"cubes": [
						{"origin": [-1.75, 0, -5], "size": [0, 1, 3], "uv": [23, 29]}
					]
				},
				{
					"name": "leg_left",
					"parent": "body",
					"pivot": [2.75, 3, -0.5],
					"cubes": [
						{"origin": [1.25, 1, -2], "size": [3, 3, 3], "uv": [48, 26]}
					]
				},
				{
					"name": "foot_left",
					"parent": "leg_left",
					"pivot": [2.75, 1, 0],
					"cubes": [
						{"origin": [1.25, 0, -2.5], "size": [3, 1, 4], "inflate": 0.001, "uv": [44, 21]}
					]
				},
				{
					"name": "toe_left",
					"parent": "foot_left",
					"pivot": [3.75, 0, -2.5],
					"rotation": [0, -10, 0],
					"cubes": [
						{"origin": [3.75, 0, -5], "size": [0, 1, 3], "uv": [0, 29]}
					]
				},
				{
					"name": "toe_left2",
					"parent": "foot_left",
					"pivot": [2.75, 0, -2.5],
					"cubes": [
						{"origin": [2.75, 0, -5], "size": [0, 1, 3], "uv": [0, 6]}
					]
				},
				{
					"name": "toe_left3",
					"parent": "foot_left",
					"pivot": [1.75, 0, -2.5],
					"rotation": [0, 10, 0],
					"cubes": [
						{"origin": [1.75, 0, -5], "size": [0, 1, 3], "uv": [0, 5]}
					]
				}
			]
		}
	]
}