{
	"format_version": "1.12.0",
	"minecraft:geometry": [
		{
			"description": {
				"identifier": "geometry.anorith",
				"texture_width": 64,
				"texture_height": 32,
				"visible_bounds_width": 3,
				"visible_bounds_height": 1.5,
				"visible_bounds_offset": [0, 0.25, 0]
			},
			"bones": [
				{
					"name": "anorith",
					"pivot": [0, 0, 0]
				},
				{
					"name": "body",
					"parent": "anorith",
					"pivot": [0.5, 0, 0]
				},
				{
					"name": "head",
					"parent": "body",
					"pivot": [0, 2.25, -4.5],
					"cubes": [
						{"origin": [-4.4, 0.25, -7.25], "size": [5, 3, 5], "pivot": [-1.35, 1.25, -2.25], "rotation": [0, -45, 0], "uv": [0, 8]}
					]
				},
				{
					"name": "mandibles",
					"parent": "head",
					"pivot": [1.75, 0.25, -4.75]
				},
				{
					"name": "mandible_arm_left",
					"parent": "mandibles",
					"pivot": [1.75, 0.25, -4.75],
					"cubes": [
						{"origin": [1.25, -0.75, -4.75], "size": [1, 2, 0], "uv": [24, 27]}
					]
				},
				{
					"name": "mandible_arm_left2",
					"parent": "mandible_arm_left",
					"pivot": [1.75, -0.75, -4.75],
					"cubes": [
						{"origin": [-1, -2.75, -4.6], "size": [2, 2, 2], "pivot": [2.25, -2.75, -2.1], "rotation": [0, -45, 0], "uv": [26, 25]}
					]
				},
				{
					"name": "mandible_arm_left3",
					"parent": "mandible_arm_left2",
					"pivot": [1.75, -2.15, -4.85],
					"cubes": [
						{"origin": [0, -4.25, -4.35], "size": [1, 2, 1], "inflate": 0.2, "pivot": [2.25, -4.25, -2.85], "rotation": [0, -45, 0], "uv": [0, 23]}
					]
				},
				{
					"name": "mandible_claw_left",
					"parent": "mandible_arm_left3",
					"pivot": [1.75, -3.5, -4.85],
					"cubes": [
						{"origin": [1.25, -5.5, -4.85], "size": [1, 2, 0], "uv": [15, 8]}
					]
				},
				{
					"name": "mandible_arm_right",
					"parent": "mandibles",
					"pivot": [-1.75, 0.25, -4.75],
					"cubes": [
						{"origin": [-2.25, -0.75, -4.75], "size": [1, 2, 0], "uv": [4, 30]}
					]
				},
				{
					"name": "mandible_arm_right2",
					"parent": "mandible_arm_right",
					"pivot": [-1.75, -0.75, -4.75],
					"cubes": [
						{"origin": [-1, -2.75, -4.6], "size": [2, 2, 2], "pivot": [-2.25, -2.75, -2.1], "rotation": [0, 45, 0], "uv": [10, 27]}
					]
				},
				{
					"name": "mandible_arm_right3",
					"parent": "mandible_arm_right2",
					"pivot": [-1.75, -2.15, -4.85],
					"cubes": [
						{"origin": [-1, -4.25, -4.35], "size": [1, 2, 1], "inflate": 0.2, "pivot": [-2.25, -4.25, -2.85], "rotation": [0, 45, 0], "uv": [6, 28]}
					]
				},
				{
					"name": "mandible_claw_right",
					"parent": "mandible_arm_right3",
					"pivot": [-1.75, -3.5, -4.85],
					"cubes": [
						{"origin": [-2.25, -5.5, -4.85], "size": [1, 2, 0], "uv": [0, 28]}
					]
				},
				{
					"name": "eyes",
					"parent": "head",
					"pivot": [0.1, 1.75, -5.25]
				},
				{
					"name": "eye_stem_right",
					"parent": "eyes",
					"pivot": [-1.9, 1.75, -5.25],
					"cubes": [
						{"origin": [-4.5, 1.25, -5.75], "size": [3, 1, 1], "uv": [16, 27]}
					]
				},
				{
					"name": "right_eye",
					"parent": "eye_stem_right",
					"pivot": [-4.5, 1.75, -5.25],
					"cubes": [
						{"origin": [-6.5, 0.75, -6.25], "size": [0, 2, 2], "uv": [0, 6]},
						{"origin": [-6.5, 2.75, -6.25], "size": [2, 0, 2], "uv": [10, 23]},
						{"origin": [-6.5, 0.75, -6.25], "size": [2, 0, 2], "uv": [6, 23]},
						{"origin": [-6.5, 0.75, -4.25], "size": [2, 2, 0], "uv": [0, 18]},
						{"origin": [-4.5, 0.75, -6.25], "size": [0, 2, 2], "uv": [0, 0]},
						{"origin": [-6.5, 0.75, -6.25], "size": [2, 2, 0], "uv": [0, 0]}
					]
				},
				{
					"name": "right_pupil",
					"parent": "right_eye",
					"pivot": [-5.5, 1.75, -5.25],
					"cubes": [
						{"origin": [-6, 1.25, -5.75], "size": [1, 1, 1], "inflate": 0.01, "uv": [26, 29]}
					]
				},
				{
					"name": "eye_stem_left",
					"parent": "eyes",
					"pivot": [1.9, 1.75, -5.25],
					"cubes": [
						{"origin": [1.5, 1.25, -5.75], "size": [3, 1, 1], "uv": [18, 29]}
					]
				},
				{
					"name": "left_eye",
					"parent": "eye_stem_left",
					"pivot": [4.5, 1.75, -5.25],
					"cubes": [
						{"origin": [6.5, 0.75, -6.25], "size": [0, 2, 2], "uv": [0, 14]},
						{"origin": [4.5, 2.75, -6.25], "size": [2, 0, 2], "uv": [0, 28]},
						{"origin": [4.5, 0.75, -6.25], "size": [2, 0, 2], "uv": [26, 20]},
						{"origin": [4.5, 0.75, -4.25], "size": [2, 2, 0], "uv": [30, 15]},
						{"origin": [4.5, 0.75, -6.25], "size": [0, 2, 2], "uv": [0, 8]},
						{"origin": [4.5, 0.75, -6.25], "size": [2, 2, 0], "uv": [0, 30]}
					]
				},
				{
					"name": "left_pupil",
					"parent": "left_eye",
					"pivot": [5.5, 1.75, -5.25],
					"cubes": [
						{"origin": [5, 1.25, -5.75], "size": [1, 1, 1], "uv": [29, 30]}
					]
				},
				{
					"name": "abdomen",
					"parent": "body",
					"pivot": [0, 1.25, -4],
					"cubes": [
						{"origin": [-3.5, 0.25, -4], "size": [7, 3, 2], "inflate": 0.01, "uv": [15, 8]}
					]
				},
				{
					"name": "wings",
					"parent": "abdomen",
					"pivot": [-3.5, 1.75, -2.25]
				},
				{
					"name": "wing_right",
					"parent": "wings",
					"pivot": [-3.5, 1.75, -2.25],
					"cubes": [
						{"origin": [-9, 1.75, -3.25], "size": [7, 0, 2], "uv": [18, 13]}
					]
				},
				{
					"name": "wing_left",
					"parent": "wings",
					"pivot": [3.5, 1.75, -2.25],
					"cubes": [
						{"origin": [2, 1.75, -3.25], "size": [7, 0, 2], "uv": [17, 2]}
					]
				},
				{
					"name": "abdomen2",
					"parent": "abdomen",
					"pivot": [0, 1.25, -2],
					"cubes": [
						{"origin": [-3.5, 0.25, -3], "size": [7, 3, 5], "inflate": 0.1, "uv": [0, 0]}
					]
				},
				{
					"name": "wings2",
					"parent": "abdomen2",
					"pivot": [-3.75, 1.75, 0.25]
				},
				{
					"name": "wing_right2",
					"parent": "wings2",
					"pivot": [-3.75, 1.75, 0.25],
					"cubes": [
						{"origin": [-8, 1.75, -0.75], "size": [7, 0, 2], "uv": [17, 0]}
					]
				},
				{
					"name": "wing_left2",
					"parent": "wings2",
					"pivot": [3.75, 1.75, 0.25],
					"cubes": [
						{"origin": [1, 1.75, -0.75], "size": [7, 0, 2], "uv": [14, 16]}
					]
				},
				{
					"name": "abdomen3",
					"parent": "abdomen2",
					"pivot": [0, 2.25, 0.7],
					"cubes": [
						{"origin": [-3, 0.25, 0.75], "size": [6, 3, 4], "uv": [0, 16]}
					]
				},
				{
					"name": "wings3",
					"parent": "abdomen3",
					"pivot": [-3, 1.75, 2.75]
				},
				{
					"name": "wing_right3",
					"parent": "wings3",
					"pivot": [-3, 1.75, 2.75],
					"cubes": [
						{"origin": [-7, 1.75, 1.75], "size": [6, 0, 2], "uv": [22, 4]}
					]
				},
				{
					"name": "wing_left3",
					"parent": "wings3",
					"pivot": [3, 1.75, 2.75],
					"cubes": [
						{"origin": [1, 1.75, 1.75], "size": [6, 0, 2], "uv": [14, 18]}
					]
				},
				{
					"name": "abdomen4",
					"parent": "abdomen3",
					"pivot": [0, 1.75, 3.75],
					"cubes": [
						{"origin": [-2, 0.75, 3.75], "size": [4, 2, 3], "uv": [17, 20]}
					]
				},
				{
					"name": "wings4",
					"parent": "abdomen4",
					"pivot": [-2, 1.75, 5.25]
				},
				{
					"name": "wing_right4",
					"parent": "wings4",
					"pivot": [-2, 1.75, 5.25],
					"cubes": [
						{"origin": [-6, 1.75, 4.25], "size": [5, 0, 2], "uv": [26, 18]}
					]
				},
				{
					"name": "wing_left4",
					"parent": "wings4",
					"pivot": [2, 1.75, 5.25],
					"cubes": [
						{"origin": [1, 1.75, 4.25], "size": [5, 0, 2], "uv": [16, 25]}
					]
				},
				{
					"name": "tail",
					"parent": "abdomen4",
					"pivot": [0, 2, 6.75],
					"cubes": [
						{"origin": [-1, 1, 5.75], "size": [2, 1, 4], "uv": [0, 23]}
					]
				},
				{
					"name": "right_tail_fin",
					"parent": "tail",
					"pivot": [-1, 1.5, 7.5],
					"cubes": [
						{"origin": [-6, 1.5, 7.5], "size": [5, 0, 2], "uv": [6, 25]}
					]
				},
				{
					"name": "left_tail_fin",
					"parent": "tail",
					"pivot": [1, 1.5, 7.5],
					"cubes": [
						{"origin": [1, 1.5, 7.5], "size": [5, 0, 2], "uv": [22, 6]}
					]
				}
			]
		}
	]
}