{
	"format_version": "1.12.0",
	"minecraft:geometry": [
		{
			"description": {
				"identifier": "geometry.spinarak",
				"texture_width": 64,
				"texture_height": 32,
				"visible_bounds_width": 3,
				"visible_bounds_height": 1.5,
				"visible_bounds_offset": [0, 0.25, 0]
			},
			"bones": [
				{
					"name": "spinarak",
					"pivot": [0, 0, 0]
				},
				{
					"name": "body",
					"parent": "spinarak",
					"pivot": [0, 0, 0]
				},
				{
					"name": "torso",
					"parent": "body",
					"pivot": [0, 3.5, 0],
					"cubes": [
						{"origin": [-5, 1, -3], "size": [10, 5, 7], "uv": [0, 0]},
						{"origin": [-4, 1.5, 4], "size": [8, 4, 3], "uv": [0, 20]}
					]
				},
				{
					"name": "torso_eyes",
					"parent": "torso",
					"pivot": [0, 3.4, 0],
					"cubes": [
						{"origin": [-3, 5.9, 2], "size": [1, 0, 1], "inflate": 0.02, "uv": [22, 29]},
						{"origin": [2, 5.9, 2], "size": [1, 0, 1], "inflate": 0.02, "uv": [27, 29]}
					]
				},
				{
					"name": "head",
					"parent": "torso",
					"pivot": [0, 3.75, -3],
					"cubes": [
						{"origin": [-3.5, 2.25, -8], "size": [7, 3, 5], "uv": [0, 12]}
					]
				},
				{
					"name": "horn",
					"parent": "head",
					"pivot": [0, 5.25, -4.5],
					"cubes": [
						{"origin": [-0.5, 4.25, -5], "size": [1, 3, 1], "uv": [3, 3]}
					]
				},
				{
					"name": "eye_left",
					"parent": "head",
					"pivot": [2.5, 5.25, -6.5],
					"cubes": [
						{"origin": [1.5, 5.26, -7.5], "size": [2, 0, 2], "uv": [-2, 0]}
					]
				},
				{
					"name": "pupil_left",
					"parent": "eye_left",
					"pivot": [2.5, 5.25, -6.5],
					"cubes": [
						{"origin": [2, 5.27, -7], "size": [1, 0, 1], "uv": [3, 0]}
					]
				},
				{
					"name": "eyelid_left",
					"parent": "eye_left",
					"pivot": [2.5, 5.15, -6.5],
					"cubes": [
						{"origin": [1.5, 5.18, -7.5], "size": [2, 0, 2], "uv": [25, 0]}
					]
				},
				{
					"name": "eye_right",
					"parent": "head",
					"pivot": [-2.5, 5.25, -6.5],
					"cubes": [
						{"origin": [-3.5, 5.26, -7.5], "size": [2, 0, 2], "uv": [-2, 2]}
					]
				},
				{
					"name": "pupil_right",
					"parent": "eye_right",
					"pivot": [-2.5, 5.25, -6.5],
					"cubes": [
						{"origin": [-3, 5.27, -7], "size": [1, 0, 1], "uv": [3, 1]}
					]
				},
				{
					"name": "eyelid_right",
					"parent": "eye_right",
					"pivot": [-2.5, 5.15, -6.5],
					"cubes": [
						{"origin": [-3.5, 5.18, -7.5], "size": [2, 0, 2], "uv": [25, 2]}
					]
				},
				{
					"name": "fang_left",
					"parent": "head",
					"pivot": [1.5, 3.75, -8],
					"cubes": [
						{"origin": [0.5, 3.75, -10], "size": [2, 0, 2], "uv": [-2, 12]}
					]
				},
				{
					"name": "fang_right",
					"parent": "head",
					"pivot": [-1.5, 3.75, -8],
					"cubes": [
						{"origin": [-2.5, 3.75, -10], "size": [2, 0, 2], "uv": [-2, 14]}
					]
				},
				{
					"name": "torso_pattern",
					"parent": "torso",
					"pivot": [0, 6, 0]
				},
				{
					"name": "torso_pattern_left",
					"parent": "torso_pattern",
					"pivot": [0, 6, 0],
					"cubes": [
						{"origin": [0, 6.01, -1], "size": [3, 0, 1], "uv": [23, 18]}
					]
				},
				{
					"name": "torso_pattern_right",
					"parent": "torso_pattern",
					"pivot": [0, 6, 0],
					"cubes": [
						{"origin": [-3, 6.02, -1], "size": [3, 0, 1], "uv": [23, 19]}
					]
				},
				{
					"name": "legfront_left",
					"parent": "body",
					"pivot": [4, 3, -2],
					"cubes": [
						{"origin": [4, 2, -3], "size": [4, 2, 2], "uv": [34, 12]}
					]
				},
				{
					"name": "legfront_left2",
					"parent": "legfront_left",
					"pivot": [8, 4, -2],
					"cubes": [
						{"origin": [8, 2, -3], "size": [4, 2, 2], "inflate": 0.01, "uv": [46, 12]},
						{"origin": [12, 3, -3], "size": [2, 0, 2], "uv": [26, 12]}
					]
				},
				{
					"name": "legfront_right",
					"parent": "body",
					"pivot": [-4, 3, -2],
					"cubes": [
						{"origin": [-8, 2, -3], "size": [4, 2, 2], "uv": [34, 0]}
					]
				},
				{
					"name": "legfront_right2",
					"parent": "legfront_right",
					"pivot": [-8, 4, -2],
					"cubes": [
						{"origin": [-12, 2, -3], "size": [4, 2, 2], "inflate": 0.01, "uv": [46, 0]},
						{"origin": [-14, 3, -3], "size": [2, 0, 2], "uv": [22, 12]}
					]
				},
				{
					"name": "legmiddle_left",
					"parent": "body",
					"pivot": [4, 3, 0.5],
					"cubes": [
						{"origin": [4, 2, -0.5], "size": [4, 2, 2], "uv": [34, 16]}
					]
				},
				{
					"name": "legmiddle_left2",
					"parent": "legmiddle_left",
					"pivot": [8, 4, 0.5],
					"cubes": [
						{"origin": [8, 2, -0.5], "size": [4, 2, 2], "inflate": 0.01, "uv": [46, 16]},
						{"origin": [12, 3, -0.5], "size": [2, 0, 2], "uv": [26, 14]}
					]
				},
				{
					"name": "legmiddle_right",
					"parent": "body",
					"pivot": [-4, 3, 0.5],
					"cubes": [
						{"origin": [-8, 2, -0.5], "size": [4, 2, 2], "uv": [34, 4]}
					]
				},
				{
					"name": "legmiddle_right2",
					"parent": "legmiddle_right",
					"pivot": [-8, 4, 0.5],
					"cubes": [
						{"origin": [-12, 2, -0.5], "size": [4, 2, 2], "inflate": 0.01, "uv": [46, 4]},
						{"origin": [-14, 3, -0.5], "size": [2, 0, 2], "uv": [22, 14]}
					]
				},
				{
					"name": "legback_left",
					"parent": "body",
					"pivot": [4, 3, 3],
					"cubes": [
						{"origin": [4, 2, 2], "size": [4, 2, 2], "uv": [34, 20]}
					]
				},
				{
					"name": "legback_left2",
					"parent": "legback_left",
					"pivot": [8, 4, 3],
					"cubes": [
						{"origin": [8, 2, 2], "size": [4, 2, 2], "inflate": 0.01, "uv": [46, 20]},
						{"origin": [12, 3, 2], "size": [2, 0, 2], "uv": [26, 16]}
					]
				},
				{
					"name": "legback_right",
					"parent": "body",
					"pivot": [-4, 3, 3],
					"cubes": [
						{"origin": [-8, 2, 2], "size": [4, 2, 2], "uv": [34, 8]}
					]
				},
				{
					"name": "legback_right2",
					"parent": "legback_right",
					"pivot": [-8, 4, 3],
					"cubes": [
						{"origin": [-12, 2, 2], "size": [4, 2, 2], "inflate": 0.01, "uv": [46, 8]},
						{"origin": [-14, 3, 2], "size": [2, 0, 2], "uv": [22, 16]}
					]
				}
			]
		}
	]
}