{
	"format_version": "1.12.0",
	"minecraft:geometry": [
		{
			"description": {
				"identifier": "geometry.espeon",
				"texture_width": 64,
				"texture_height": 64,
				"visible_bounds_width": 6,
				"visible_bounds_height": 3.5,
				"visible_bounds_offset": [0, 1.25, 0]
			},
			"bones": [
				{
					"name": "espeon",
					"pivot": [0, 0, 0]
				},
				{
					"name": "body",
					"parent": "espeon",
					"pivot": [0, 10.25, 0]
				},
				{
					"name": "torso",
					"parent": "body",
					"pivot": [0, 10.25, 0],
					"cubes": [
						{"origin": [-3.5, 7.25, -7], "size": [7, 6, 14], "uv": [0, 2]}
					]
				},
				{
					"name": "head",
					"parent": "torso",
					"pivot": [0, 13.25, -6],
					"cubes": [
						{"origin": [-3.5, 10.75, -12], "size": [7, 7, 7], "inflate": 0.01, "uv": [0, 22]},
						{"origin": [-2.5, 10.75, -12.5], "size": [5, 2, 1], "uv": [29, 4]},
						{"origin": [-0.5, 11.75, -12.5], "size": [1, 1, 0], "inflate": 0.01, "uv": [62, 0]},
						{"origin": [-0.5, 15.25, -12.015], "size": [1, 1, 0], "uv": [0, 22]}
					]
				},
				{
					"name": "mouth",
					"parent": "head",
					"pivot": [0, 11.26, -12.41],
					"cubes": [
						{"origin": [-1, 10.76, -12.41], "size": [2, 1, 0], "uv": [0, 24]}
					]
				},
				{
					"name": "eyes",
					"parent": "head",
					"pivot": [0, 14.25218, -11]
				},
				{
					"name": "eye_right",
					"parent": "eyes",
					"pivot": [-2.515, 14.25, -11.015],
					"cubes": [
						{"origin": [-3.515, 13.25, -12.015], "size": [2, 2, 2], "uv": [0, 60]}
					]
				},
				{
					"name": "eyelid_right",
					"parent": "eye_right",
					"pivot": [-2.415, 14.25, -10.915],
					"cubes": [
						{"origin": [-3.415, 13.25, -11.915], "size": [2, 2, 2], "inflate": 0.01, "uv": [29, 31]}
					]
				},
				{
					"name": "eye_left",
					"parent": "eyes",
					"pivot": [2.515, 14.25, -11.015],
					"cubes": [
						{"origin": [1.515, 13.25, -12.015], "size": [2, 2, 2], "uv": [0, 60], "mirror": true}
					]
				},
				{
					"name": "eyelid_left",
					"parent": "eye_left",
					"pivot": [2.415, 14.25, -10.915],
					"cubes": [
						{"origin": [1.415, 13.25, -11.915], "size": [2, 2, 2], "inflate": 0.01, "uv": [29, 31], "mirror": true}
					]
				},
				{
					"name": "ear_left",
					"parent": "head",
					"pivot": [3.75, 17.25, -8.5],
					"rotation": [22.5, -10, -32.5],
					"cubes": [
						{"origin": [1.5, 12.75, -8.5], "size": [14, 6, 0], "uv": [21, 22]}
					]
				},
				{
					"name": "ear_right",
					"parent": "head",
					"pivot": [-3.75, 17.25, -8.5],
					"rotation": [22.5, 10, 32.5],
					"cubes": [
						{"origin": [-15.5, 12.75, -8.5], "size": [14, 6, 0], "uv": [21, 22], "mirror": true}
					]
				},
				{
					"name": "fur_left",
					"parent": "head",
					"pivot": [3.5, 14.5, -8.5],
					"rotation": [2.5, -7.5, 12.5],
					"cubes": [
						{"origin": [3.25, 10.5, -8.5], "size": [8, 4, 0], "uv": [29, 8]}
					]
				},
				{
					"name": "fur_right",
					"parent": "head",
					"pivot": [-3.5, 14.5, -8.5],
					"rotation": [2.5, 7.5, -12.5],
					"cubes": [
						{"origin": [-11.25, 10.5, -8.5], "size": [8, 4, 0], "uv": [29, 8], "mirror": true}
					]
				},
				{
					"name": "tail",
					"parent": "torso",
					"pivot": [0, 10, 7],
					"cubes": [
						{"origin": [0, 10, 7], "size": [0, 2, 4], "inflate": 0.01, "uv": [0, 33]}
					]
				},
				{
					"name": "tail2",
					"parent": "tail",
					"pivot": [0, 10, 11],
					"cubes": [
						{"origin": [0, 10, 11], "size": [0, 2, 4], "uv": [0, 36]}
					]
				},
				{
					"name": "tail3",
					"parent": "tail2",
					"pivot": [0, 10, 15],
					"cubes": [
						{"origin": [0, 10, 15], "size": [0, 2, 4], "inflate": 0.01, "uv": [0, 39]}
					]
				},
				{
					"name": "tail4",
					"parent": "tail3",
					"pivot": [0, 12, 19],
					"cubes": [
						{"origin": [0, 10, 19], "size": [0, 2, 4], "uv": [0, 42]}
					]
				},
				{
					"name": "tail5",
					"parent": "tail4",
					"pivot": [0, 12, 23],
					"cubes": [
						{"origin": [0, 10, 23], "size": [0, 2, 5], "inflate": 0.01, "uv": [0, 44]}
					]
				},
				{
					"name": "tail6",
					"parent": "tail5",
					"pivot": [0, 12, 28],
					"cubes": [
						{"origin": [0, 10, 28], "size": [0, 2, 4], "uv": [0, 51]}
					]
				},
				{
					"name": "tail7",
					"parent": "tail5",
					"pivot": [0, 11, 23.5],
					"rotation": [-40, 0, 0],
					"cubes": [
						{"origin": [0, 10, 23.5], "size": [0, 2, 5], "uv": [0, 47]}
					]
				},
				{
					"name": "tail8",
					"parent": "tail7",
					"pivot": [0, 12, 28.5],
					"cubes": [
						{"origin": [0, 10, 28.5], "size": [0, 2, 3], "inflate": 0.01, "uv": [0, 55]}
					]
				},
				{
					"name": "leg_front_left",
					"parent": "body",
					"pivot": [2.5, 9, -4.5],
					"rotation": [7.5, 0, 0],
					"cubes": [
						{"origin": [1, 4.5, -6], "size": [3, 6, 3], "inflate": 0.01, "uv": [0, 0]}
					]
				},
				{
					"name": "leg_front_left2",
					"parent": "leg_front_left",
					"pivot": [2.5, 4.5, -3],
					"rotation": [-22.5, 0, 0],
					"cubes": [
						{"origin": [1, 0.5, -6], "size": [3, 4, 3], "uv": [52, 0]}
					]
				},
				{
					"name": "leg_front_left3",
					"parent": "leg_front_left2",
					"pivot": [2.5, 1, -4.5],
					"rotation": [15, 0, 0],
					"cubes": [
						{"origin": [1, -0.75, -6.25], "size": [3, 2, 3], "inflate": 0.01, "uv": [52, 11]}
					]
				},
				{
					"name": "leg_front_right",
					"parent": "body",
					"pivot": [-2.5, 9, -4.5],
					"rotation": [7.5, 0, 0],
					"cubes": [
						{"origin": [-4, 4.5, -6], "size": [3, 6, 3], "inflate": 0.01, "uv": [0, 0], "mirror": true}
					]
				},
				{
					"name": "leg_front_right2",
					"parent": "leg_front_right",
					"pivot": [-2.5, 4.5, -3],
					"rotation": [-22.5, 0, 0],
					"cubes": [
						{"origin": [-4, 0.5, -6], "size": [3, 4, 3], "uv": [52, 0], "mirror": true}
					]
				},
				{
					"name": "leg_front_right3",
					"parent": "leg_front_right2",
					"pivot": [-2.5, 1, -4.5],
					"rotation": [15, 0, 0],
					"cubes": [
						{"origin": [-4, -0.75, -6.25], "size": [3, 2, 3], "inflate": 0.01, "uv": [52, 11], "mirror": true}
					]
				},
				{
					"name": "leg_back_left",
					"parent": "body",
					"pivot": [2.5, 9, 4.75],
					"rotation": [5, 0, 0],
					"cubes": [
						{"origin": [1, 4.5, 2.75], "size": [3, 6, 4], "inflate": 0.01, "uv": [50, 31]}
					]
				},
				{
					"name": "leg_back_left2",
					"parent": "leg_back_left",
					"pivot": [2.5, 4.5, 6.25],
					"rotation": [-12.5, 0, 0],
					"cubes": [
						{"origin": [1, 0.75, 4.25], "size": [3, 4, 3], "uv": [52, 45]}
					]
				},
				{
					"name": "leg_back_left3",
					"parent": "leg_back_left2",
					"pivot": [2.5, 1.25, 5.75],
					"rotation": [7.5, 0, 0],
					"cubes": [
						{"origin": [1, -0.25, 4], "size": [3, 2, 3], "inflate": 0.01, "uv": [0, 10]}
					]
				},
				{
					"name": "leg_back_right",
					"parent": "body",
					"pivot": [-2.5, 9, 4.75],
					"rotation": [5, 0, 0],
					"cubes": [
						{"origin": [-4, 4.5, 2.75], "size": [3, 6, 4], "inflate": 0.01, "uv": [50, 31], "mirror": true}
					]
				},
				{
					"name": "leg_back_right2",
					"parent": "leg_back_right",
					"pivot": [-2.5, 4.5, 6.25],
					"rotation": [-12.5, 0, 0],
					"cubes": [
						{"origin": [-4, 0.75, 4.25], "size": [3, 4, 3], "uv": [52, 45], "mirror": true}
					]
				},
				{
					"name": "leg_back_right3",
					"parent": "leg_back_right2",
					"pivot": [-2.5, 1.25, 5.75],
					"rotation": [7.5, 0, 0],
					"cubes": [
						{"origin": [-4, -0.25, 4], "size": [3, 2, 3], "inflate": 0.01, "uv": [0, 10], "mirror": true}
					]
				}
			]
		}
	]
}