{
	"format_version": "1.12.0",
	"minecraft:geometry": [
		{
			"description": {
				"identifier": "geometry.metapod",
				"texture_width": 64,
				"texture_height": 32,
				"visible_bounds_width": 3,
				"visible_bounds_height": 2.5,
				"visible_bounds_offset": [0, 0.75, 0]
			},
			"bones": [
				{
					"name": "metapod",
					"pivot": [0, 0, 0]
				},
				{
					"name": "body",
					"parent": "metapod",
					"pivot": [0, 5.64552, 1.6158],
					"cubes": [
						{"origin": [-3.5, 2.9, -8.25], "size": [7, 6, 12], "pivot": [0, 5.9, -1.75], "rotation": [-45, 0, 0], "uv": [0, 0]},
						{"origin": [-2, 8.96109, -8.32039], "size": [4, 4, 4], "pivot": [0, 10.9, -6], "rotation": [-75, 0, 0], "uv": [48, 0]},
						{"origin": [-1, 12.07269, -8.07873], "size": [2, 2, 2], "pivot": [0, 13.15, -6.25], "rotation": [-80, 0, 0], "uv": [44, 0]},
						{"origin": [-4, 3, -6], "size": [8, 3, 3], "uv": [42, 17]},
						{"origin": [-1.5, 6.9, -3.75], "size": [3, 3, 6], "pivot": [0, 5.9, -1.75], "rotation": [-15, 0, 0], "uv": [46, 8]},
						{"origin": [-1.5, 4.65, -6.75], "size": [3, 6, 2], "pivot": [0, 5.9, -1.75], "rotation": [20, 0, 0], "uv": [26, 4]}
					],
					"locators": {
						"held_item_fixed": [0, 2.25, -7.25]
					}
				},
				{
					"name": "body_segment",
					"parent": "body",
					"pivot": [0, 2, 0],
					"cubes": [
						{"origin": [-2.5, 0, 0], "size": [5, 4, 8], "uv": [0, 18]}
					]
				},
				{
					"name": "body_segment2",
					"parent": "body_segment",
					"pivot": [0, 1.5, 8],
					"cubes": [
						{"origin": [-1.5, 0, 8], "size": [3, 3, 4], "uv": [18, 19]}
					]
				},
				{
					"name": "eyes",
					"parent": "body",
					"pivot": [0, 9.05753, -4.40814]
				},
				{
					"name": "eye_right",
					"parent": "eyes",
					"pivot": [-3.51, 9, -4.5],
					"rotation": [-10, 0, 0],
					"cubes": [
						{"origin": [-3.51, 8, -5.75], "size": [0, 2, 2], "uv": [0, 0]},
						{"origin": [-3.52, 8, -5.25], "size": [0, 1, 1], "uv": [2, 0]}
					]
				},
				{
					"name": "eyelid_right",
					"parent": "eye_right",
					"pivot": [-2.92, 9, -4.75],
					"cubes": [
						{"origin": [-3.42, 8, -5.75], "size": [1, 2, 2], "inflate": 0.01, "uv": [6, 6]}
					]
				},
				{
					"name": "eye_left",
					"parent": "eyes",
					"pivot": [3.51, 9, -4.5],
					"rotation": [-10, 0, 0],
					"cubes": [
						{"origin": [3.51, 8, -5.75], "size": [0, 2, 2], "uv": [4, 0], "mirror": true},
						{"origin": [3.52, 8, -5.25], "size": [0, 1, 1], "uv": [0, 0], "mirror": true}
					]
				},
				{
					"name": "eyelid_left",
					"parent": "eye_left",
					"pivot": [2.92, 9, -4.75],
					"cubes": [
						{"origin": [2.42, 8, -5.75], "size": [1, 2, 2], "inflate": 0.01, "uv": [0, 6], "mirror": true}
					]
				}
			]
		}
	]
}