{
	"format_version": "1.12.0",
	"minecraft:geometry": [
		{
			"description": {
				"identifier": "geometry.porygon2",
				"texture_width": 64,
				"texture_height": 32,
				"visible_bounds_width": 4,
				"visible_bounds_height": 2.5,
				"visible_bounds_offset": [0, 0.75, 0]
			},
			"bones": [
				{
					"name": "porygon2",
					"pivot": [0, 0, 0]
				},
				{
					"name": "body",
					"parent": "porygon2",
					"pivot": [0, 4, 0]
				},
				{
					"name": "torso",
					"parent": "body",
					"pivot": [0, 5, 0],
					"cubes": [
						{"origin": [-4, 1, -5.5], "size": [8, 6, 11], "uv": [0, 0]}
					]
				},
				{
					"name": "neck",
					"parent": "torso",
					"pivot": [0, 7, -2],
					"cubes": [
						{"origin": [-1.5, 6, -5], "size": [3, 5, 3], "uv": [27, 3]}
					]
				},
				{
					"name": "head",
					"parent": "neck",
					"pivot": [0, 10, -3.5],
					"cubes": [
						{"origin": [-3.5, 10, -7], "size": [7, 5, 6], "uv": [38, 15]}
					]
				},
				{
					"name": "eyes",
					"parent": "head",
					"pivot": [0, 0, 0]
				},
				{
					"name": "eye_left",
					"parent": "eyes",
					"pivot": [3.55, 12.5, -4.75],
					"rotation": [-5, 0, 0],
					"cubes": [
						{"origin": [3.51, 10.5, -6.25], "size": [0, 4, 3], "uv": [0, -3]}
					]
				},
				{
					"name": "pupil_left",
					"parent": "eye_left",
					"pivot": [3.52, 12.5, -5.25],
					"cubes": [
						{"origin": [3.52, 11.5, -5.75], "size": [0, 2, 1], "uv": [0, 3]}
					]
				},
				{
					"name": "pupil_closed_left",
					"parent": "eye_left",
					"pivot": [3.27, 12.5, -4.75],
					"cubes": [
						{"origin": [3.27, 12, -5.75], "size": [0, 1, 2], "uv": [6, -2]}
					]
				},
				{
					"name": "eye_right",
					"parent": "eyes",
					"pivot": [-3.55, 12.5, -4.75],
					"rotation": [-5, 0, 0],
					"cubes": [
						{"origin": [-3.51, 10.5, -6.25], "size": [0, 4, 3], "uv": [0, -3], "mirror": true}
					]
				},
				{
					"name": "pupil_right",
					"parent": "eye_right",
					"pivot": [-3.52, 12.5, -5.25],
					"cubes": [
						{"origin": [-3.52, 11.5, -5.75], "size": [0, 2, 1], "uv": [0, 3], "mirror": true}
					]
				},
				{
					"name": "pupil_closed_right",
					"parent": "eye_right",
					"pivot": [-3.27, 12.5, -4.75],
					"cubes": [
						{"origin": [-3.27, 12, -5.75], "size": [0, 1, 2], "uv": [6, -2], "mirror": true}
					]
				},
				{
					"name": "beak",
					"parent": "head",
					"pivot": [0, 11.75, -7],
					"cubes": [
						{"origin": [-2, 10.75, -12], "size": [4, 2, 5], "uv": [17, 17]}
					]
				},
				{
					"name": "tail",
					"parent": "torso",
					"pivot": [0, 6, 5.5],
					"cubes": [
						{"origin": [-1, 4, 4.5], "size": [2, 2, 4], "uv": [40, 26]},
						{"origin": [-2, 3, 8.5], "size": [4, 4, 9], "uv": [0, 19]}
					]
				},
				{
					"name": "legs",
					"parent": "body",
					"pivot": [0, 4, 0]
				},
				{
					"name": "leg_left",
					"parent": "legs",
					"pivot": [4, 4, -0.25],
					"cubes": [
						{"origin": [3.5, 0, -4.75], "size": [4, 4, 9], "uv": [38, 2]}
					]
				},
				{
					"name": "leg_right",
					"parent": "legs",
					"pivot": [-4, 4, -0.25],
					"cubes": [
						{"origin": [-7.5, 0, -4.75], "size": [4, 4, 9], "uv": [38, 2], "mirror": true}
					]
				}
			]
		}
	]
}