{
	"format_version": "1.12.0",
	"minecraft:geometry": [
		{
			"description": {
				"identifier": "geometry.magikarp_male",
				"texture_width": 64,
				"texture_height": 32,
				"visible_bounds_width": 3,
				"visible_bounds_height": 2.5,
				"visible_bounds_offset": [0, 0.75, 0]
			},
			"bones": [
				{
					"name": "magikarp",
					"pivot": [0, 0, 0]
				},
				{
					"name": "body",
					"parent": "magikarp",
					"pivot": [0, 10.25, -0.25]
				},
				{
					"name": "torso",
					"parent": "body",
					"pivot": [0, 10.25, -0.25],
					"cubes": [
						{"origin": [-2.5, 4, -6.5], "size": [5, 11, 5], "inflate": 0.01, "uv": [0, 0]},
						{"origin": [-2, 5, -8.5], "size": [4, 9, 2], "uv": [40, 18]},
						{"origin": [0, 0, -5], "size": [0, 4, 7], "pivot": [0, 4, -4], "rotation": [10, 0, 0], "uv": [14, 16]},
						{"origin": [0, 15, -5], "size": [0, 7, 7], "pivot": [0, 15, -4], "rotation": [-10, 0, 0], "uv": [14, 9]}
					]
				},
				{
					"name": "mouth",
					"parent": "torso",
					"pivot": [0, 8.5, -8.66667],
					"cubes": [
						{"origin": [-2, 8, -9.25], "size": [1, 1, 1], "inflate": 0.01, "uv": [0, 16]},
						{"origin": [1, 8, -9.25], "size": [1, 1, 1], "inflate": 0.01, "uv": [10, 16]},
						{"origin": [-1, 8, -8.5], "size": [2, 1, 0], "inflate": 0.01, "uv": [0, 3]}
					]
				},
				{
					"name": "upper_lip",
					"parent": "mouth",
					"pivot": [0, 9, -8.5],
					"cubes": [
						{"origin": [-2, 10, -9.25], "size": [4, 1, 1], "inflate": 0.01, "uv": [15, 2]},
						{"origin": [-1, 9, -8.5], "size": [2, 1, 0], "inflate": 0.01, "uv": [0, 4]},
						{"origin": [-2, 9, -9.25], "size": [1, 1, 1], "inflate": 0.01, "uv": [0, 16]},
						{"origin": [1, 9, -9.25], "size": [1, 1, 1], "inflate": 0.01, "uv": [10, 16]}
					]
				},
				{
					"name": "lower_lip",
					"parent": "mouth",
					"pivot": [0, 8, -8.5],
					"cubes": [
						{"origin": [-2, 6, -9.25], "size": [4, 1, 1], "inflate": 0.01, "uv": [15, 0]},
						{"origin": [-1, 7, -8.5], "size": [2, 1, 0], "inflate": 0.01, "uv": [0, 2]},
						{"origin": [1, 7, -9.25], "size": [1, 1, 1], "inflate": 0.01, "uv": [10, 16]},
						{"origin": [-2, 7, -9.25], "size": [1, 1, 1], "inflate": 0.01, "uv": [0, 16]}
					]
				},
				{
					"name": "whisker_right",
					"parent": "torso",
					"pivot": [-2, 8.5, -7],
					"cubes": [
						{"origin": [-5, 8, -7], "size": [4, 1, 0], "uv": [52, 21]}
					]
				},
				{
					"name": "whisker_right2",
					"parent": "whisker_right",
					"pivot": [-5, 9, -7],
					"cubes": [
						{"origin": [-10, 8, -7], "size": [5, 1, 0], "inflate": 0.01, "uv": [52, 19]}
					]
				},
				{
					"name": "whisker_right3",
					"parent": "whisker_right2",
					"pivot": [-10, 8, -7],
					"cubes": [
						{"origin": [-14, 8, -7], "size": [4, 1, 0], "uv": [52, 20]}
					]
				},
				{
					"name": "eyes",
					"parent": "torso",
					"pivot": [0, 11.25, -6]
				},
				{
					"name": "eye_right",
					"parent": "eyes",
					"pivot": [-2.515, 11.25, -5],
					"cubes": [
						{"origin": [-2.515, 9.75, -6.5], "size": [0, 3, 3], "uv": [35, -3], "mirror": true}
					]
				},
				{
					"name": "eyelid_right",
					"parent": "eye_right",
					"pivot": [-2.515, 11.25, -5.1],
					"cubes": [
						{"origin": [-2.415, 10.75, -6], "size": [0, 1, 2], "inflate": 0.01, "uv": [51, 2], "mirror": true}
					]
				},
				{
					"name": "eye_left",
					"parent": "eyes",
					"pivot": [2.515, 11.25, -5],
					"cubes": [
						{"origin": [2.515, 9.75, -6.5], "size": [0, 3, 3], "uv": [41, -3]}
					]
				},
				{
					"name": "eyelid_left",
					"parent": "eye_left",
					"pivot": [1.9, 11.25, -5.5],
					"cubes": [
						{"origin": [2.415, 10.75, -6], "size": [0, 1, 2], "inflate": 0.01, "uv": [51, 3]}
					]
				},
				{
					"name": "whisker_left",
					"parent": "torso",
					"pivot": [2, 8.5, -7],
					"cubes": [
						{"origin": [1, 8, -7], "size": [4, 1, 0], "uv": [52, 24]}
					]
				},
				{
					"name": "whisker_left2",
					"parent": "whisker_left",
					"pivot": [5, 9, -7],
					"cubes": [
						{"origin": [5, 8, -7], "size": [5, 1, 0], "inflate": 0.01, "uv": [52, 22]}
					]
				},
				{
					"name": "whisker_left3",
					"parent": "whisker_left2",
					"pivot": [10, 8, -7],
					"cubes": [
						{"origin": [10, 8, -7], "size": [4, 1, 0], "uv": [52, 23]}
					]
				},
				{
					"name": "fin_right",
					"parent": "torso",
					"pivot": [-2.5, 8, -4],
					"rotation": [0, -30, 0],
					"cubes": [
						{"origin": [-2.5, 5, -4], "size": [0, 6, 8], "uv": [40, -2]}
					]
				},
				{
					"name": "fin_left",
					"parent": "torso",
					"pivot": [2.5, 8, -4],
					"rotation": [0, 30, 0],
					"cubes": [
						{"origin": [2.5, 5, -4], "size": [0, 6, 8], "uv": [40, 4]}
					],
					"locators": {
						"held_item_fixed": {
							"offset": [2.25, 8.75, -0.25],
							"rotation": [0, -90, 0]
						}
					}
				},
				{
					"name": "tail",
					"parent": "torso",
					"pivot": [0, 9.5, -2.5],
					"cubes": [
						{"origin": [-2.5, 4, -2.5], "size": [5, 11, 5], "uv": [20, 0]}
					]
				},
				{
					"name": "tail2",
					"parent": "tail",
					"pivot": [0, 9.5, 2],
					"cubes": [
						{"origin": [-1.5, 5, 1], "size": [3, 9, 4], "uv": [0, 16]}
					]
				},
				{
					"name": "tail3",
					"parent": "tail2",
					"pivot": [0, 9.5, 5],
					"cubes": [
						{"origin": [0, 2.5, 5], "size": [0, 14, 6], "uv": [28, 10]}
					]
				}
			]
		}
	]
}