{
	"format_version": "1.12.0",
	"minecraft:geometry": [
		{
			"description": {
				"identifier": "geometry.unknown",
				"texture_width": 64,
				"texture_height": 64,
				"visible_bounds_width": 6,
				"visible_bounds_height": 2.5,
				"visible_bounds_offset": [0, 0.75, 0]
			},
			"bones": [
				{
					"name": "victreebel",
					"pivot": [0, 0, 0]
				},
				{
					"name": "body",
					"parent": "victreebel",
					"pivot": [0, 0, 0]
				},
				{
					"name": "torso_top",
					"parent": "body",
					"pivot": [0, 10, 3.5],
					"cubes": [
						{"origin": [-4, 10, -3.5], "size": [8, 6, 7], "uv": [29, 12]},
						{"origin": [-5, 16, -4.5], "size": [10, 1, 9], "inflate": 0.01, "uv": [0, 18]},
						{"origin": [-3.85, 16.25, -3.7], "size": [1, 2, 0], "inflate": 0.01, "pivot": [-3.35, 17.25, -3.7], "rotation": [-10, 15, 0], "uv": [0, 2]},
						{"origin": [2.85, 16.25, -3.7], "size": [1, 2, 0], "inflate": 0.01, "pivot": [3.35, 17.25, -3.7], "rotation": [-10, -15, 0], "uv": [0, 0]}
					],
					"locators": {
						"held_item_fixed": {
							"offset": [0, 17, -1],
							"rotation": [90, 0, 0]
						}
					}
				},
				{
					"name": "eyes",
					"parent": "torso_top",
					"pivot": [0, 15, -3.55]
				},
				{
					"name": "eye_right",
					"parent": "eyes",
					"pivot": [-2.25, 15, -3.55],
					"rotation": [0, 0, 5],
					"cubes": [
						{"origin": [-3.75, 14, -3.55], "size": [3, 2, 0], "inflate": 0.01, "uv": [0, 44], "mirror": true}
					]
				},
				{
					"name": "eye_left",
					"parent": "eyes",
					"pivot": [2.25, 15, -3.55],
					"rotation": [0, 0, -5],
					"cubes": [
						{"origin": [0.75, 14, -3.55], "size": [3, 2, 0], "inflate": 0.01, "uv": [0, 44]}
					]
				},
				{
					"name": "eyelids",
					"parent": "eyes",
					"pivot": [0, 15, -2.9]
				},
				{
					"name": "eyelid_right",
					"parent": "eyelids",
					"pivot": [-2.25, 15, -3.45],
					"rotation": [0, 0, 5],
					"cubes": [
						{"origin": [-3.75, 14, -3.45], "size": [3, 2, 1], "inflate": 0.02, "uv": [0, 46], "mirror": true}
					]
				},
				{
					"name": "eyelid_left",
					"parent": "eyelids",
					"pivot": [2.25, 15, -3.45],
					"rotation": [0, 0, -5],
					"cubes": [
						{"origin": [0.75, 14, -3.45], "size": [3, 2, 1], "inflate": 0.02, "uv": [0, 46]}
					]
				},
				{
					"name": "leaf_top",
					"parent": "torso_top",
					"pivot": [0, 17.25, 5.5]
				},
				{
					"name": "leaf",
					"parent": "leaf_top",
					"pivot": [0, 17.25, 5.5],
					"cubes": [
						{"origin": [-4, 17.25, 1.5], "size": [8, 0, 4], "inflate": 0.02, "uv": [11, 39]}
					]
				},
				{
					"name": "leaf_front",
					"parent": "leaf",
					"pivot": [0, 17.25, 1.5],
					"cubes": [
						{"origin": [-4.5, 17.25, -3.5], "size": [9, 0, 5], "inflate": 0.01, "uv": [20, 34]}
					]
				},
				{
					"name": "leaf_right",
					"parent": "leaf",
					"pivot": [-4, 17.25, 5.5],
					"rotation": [0, -15, 0],
					"cubes": [
						{"origin": [-9, 17.25, 2.5], "size": [5, 0, 3], "inflate": 0.01, "uv": [28, 39]}
					]
				},
				{
					"name": "leaf_left",
					"parent": "leaf",
					"pivot": [4, 17.25, 5.5],
					"rotation": [0, 15, 0],
					"cubes": [
						{"origin": [4, 17.25, 2.5], "size": [5, 0, 3], "inflate": 0.01, "uv": [43, 8]}
					]
				},
				{
					"name": "stem1",
					"parent": "leaf_top",
					"pivot": [0, 17.25, 5.5],
					"cubes": [
						{"origin": [-0.5, 17.25, 5.5], "size": [1, 0, 4], "inflate": 0.01, "uv": [0, 28]}
					]
				},
				{
					"name": "stem2",
					"parent": "stem1",
					"pivot": [0, 17.25, 9.5],
					"cubes": [
						{"origin": [-0.5, 17.25, 9.5], "size": [1, 0, 4], "inflate": 0.01, "uv": [0, 22]}
					]
				},
				{
					"name": "stem3",
					"parent": "stem2",
					"pivot": [0, 17.25, 13.5],
					"cubes": [
						{"origin": [-0.5, 17.25, 13.5], "size": [1, 0, 4], "inflate": 0.01, "uv": [0, 18]}
					]
				},
				{
					"name": "stem4",
					"parent": "stem3",
					"pivot": [0, 17.25, 17.5],
					"cubes": [
						{"origin": [-0.5, 17.25, 17.5], "size": [1, 0, 4], "inflate": 0.01, "uv": [0, 4]}
					]
				},
				{
					"name": "stem5",
					"parent": "stem4",
					"pivot": [0, 17.25, 21.5],
					"cubes": [
						{"origin": [-0.5, 17.25, 21.5], "size": [1, 0, 4], "inflate": 0.01, "uv": [0, 0]}
					]
				},
				{
					"name": "stem6",
					"parent": "stem5",
					"pivot": [0, 17.25, 25.5],
					"cubes": [
						{"origin": [-0.5, 17.25, 25.5], "size": [1, 0, 3], "inflate": 0.01, "uv": [0, 35]}
					]
				},
				{
					"name": "stem7",
					"parent": "stem6",
					"pivot": [0, 17.25, 28.5],
					"cubes": [
						{"origin": [-2, 17.25, 28.5], "size": [4, 0, 4], "inflate": 0.01, "uv": [21, 28]}
					]
				},
				{
					"name": "stem8",
					"parent": "stem7",
					"pivot": [0, 17.25, 32.5],
					"cubes": [
						{"origin": [-1.5, 17.25, 32.5], "size": [3, 0, 3], "inflate": 0.01, "uv": [0, 32]}
					]
				},
				{
					"name": "torso_bottom",
					"parent": "body",
					"pivot": [0, 10, 3.5],
					"cubes": [
						{"origin": [-5, 0, -4], "size": [10, 10, 8], "uv": [0, 0]}
					]
				},
				{
					"name": "arm_right1",
					"parent": "torso_bottom",
					"pivot": [-5, 2.25, 0.5],
					"rotation": [0, 0, 5],
					"cubes": [
						{"origin": [-9, 2.25, -4.5], "size": [4, 0, 9], "uv": [8, 28]}
					]
				},
				{
					"name": "arm_right2",
					"parent": "arm_right1",
					"pivot": [-9, 2.25, 0],
					"cubes": [
						{"origin": [-13, 2.25, -4.5], "size": [4, 0, 9], "uv": [0, 28]}
					]
				},
				{
					"name": "arm_right3",
					"parent": "arm_right2",
					"pivot": [-13, 2.25, 0],
					"cubes": [
						{"origin": [-16, 2.25, -4], "size": [3, 0, 8], "uv": [38, 0]}
					]
				},
				{
					"name": "arm_right4",
					"parent": "arm_right3",
					"pivot": [-16, 2.25, 0],
					"cubes": [
						{"origin": [-20, 2.25, -3.5], "size": [4, 0, 7], "uv": [0, 37]}
					]
				},
				{
					"name": "arm_left1",
					"parent": "torso_bottom",
					"pivot": [5, 2.25, 0.5],
					"rotation": [0, 0, -5],
					"cubes": [
						{"origin": [5, 2.25, -4.5], "size": [4, 0, 9], "uv": [29, 25]}
					]
				},
				{
					"name": "arm_left2",
					"parent": "arm_left1",
					"pivot": [9, 2.25, 0],
					"cubes": [
						{"origin": [9, 2.25, -4.5], "size": [4, 0, 9], "uv": [29, 0]}
					]
				},
				{
					"name": "arm_left3",
					"parent": "arm_left2",
					"pivot": [13, 2.25, 0],
					"cubes": [
						{"origin": [13, 2.25, -4], "size": [3, 0, 8], "uv": [24, 0]}
					]
				},
				{
					"name": "arm_left4",
					"parent": "arm_left3",
					"pivot": [16, 2.25, 0],
					"cubes": [
						{"origin": [16, 2.25, -3.5], "size": [4, 0, 7], "uv": [36, 34]}
					]
				}
			]
		}
	]
}