{
	"format_version": "1.12.0",
	"minecraft:geometry": [
		{
			"description": {
				"identifier": "geometry.vileplume_female",
				"texture_width": 64,
				"texture_height": 64,
				"visible_bounds_width": 3,
				"visible_bounds_height": 2.5,
				"visible_bounds_offset": [0, 0.75, 0]
			},
			"bones": [
				{
					"name": "vileplume",
					"pivot": [0, 0, 0]
				},
				{
					"name": "body",
					"parent": "vileplume",
					"pivot": [0, 2, 0],
					"cubes": [
						{"origin": [-5.5, 2, -4], "size": [11, 10, 8], "uv": [0, 0]}
					]
				},
				{
					"name": "mouth",
					"parent": "body",
					"pivot": [0, 0, 0]
				},
				{
					"name": "mouth_closed",
					"parent": "mouth",
					"pivot": [0, 5.25, -4.01],
					"cubes": [
						{"origin": [-2, 4.25, -4.01], "size": [4, 2, 0], "uv": [38, 60], "mirror": true}
					]
				},
				{
					"name": "mouth_open",
					"parent": "mouth",
					"pivot": [0, 5.25, -3.91],
					"cubes": [
						{"origin": [-1, 3.75, -3.91], "size": [2, 3, 0], "uv": [29, 57], "mirror": true}
					]
				},
				{
					"name": "eyes",
					"parent": "body",
					"pivot": [0, 7, -4]
				},
				{
					"name": "eye_right",
					"parent": "eyes",
					"pivot": [-2.75, 7, -4.01],
					"cubes": [
						{"origin": [-3.25, 6.5, -4.01], "size": [1, 1, 0], "uv": [60, 62]}
					]
				},
				{
					"name": "eyelid_right",
					"parent": "eye_right",
					"pivot": [-2.75, 7, -3.41],
					"cubes": [
						{"origin": [-3.75, 6.5, -3.91], "size": [2, 1, 1], "inflate": 0.01, "uv": [39, 56], "mirror": true}
					]
				},
				{
					"name": "eye_left",
					"parent": "eyes",
					"pivot": [2.75, 7, -4.01],
					"cubes": [
						{"origin": [2.25, 6.5, -4.01], "size": [1, 1, 0], "uv": [60, 62], "mirror": true}
					]
				},
				{
					"name": "eyelid_left",
					"parent": "eye_left",
					"pivot": [2.75, 7, -3.41],
					"cubes": [
						{"origin": [1.75, 6.5, -3.91], "size": [2, 1, 1], "inflate": 0.01, "uv": [39, 56]}
					]
				},
				{
					"name": "flower",
					"parent": "body",
					"pivot": [0, 12, 0],
					"cubes": [
						{"origin": [-3.5, 11.5, -3.5], "size": [7, 4, 7], "uv": [0, 38]},
						{"origin": [-5, 11, -13.5], "size": [10, 3, 5], "uv": [34, 33]},
						{"origin": [-1.5, 11, -8.5], "size": [3, 3, 5], "uv": [48, 53]},
						{"origin": [5, 11, -12.5], "size": [2, 3, 4], "uv": [0, 18]},
						{"origin": [-7, 11, -12.5], "size": [2, 3, 4], "uv": [0, 18], "mirror": true},
						{"origin": [-11.5, 11, -8.5], "size": [10, 3, 12], "uv": [0, 18]},
						{"origin": [-13.5, 11, -7.5], "size": [2, 3, 9], "uv": [42, 41], "mirror": true},
						{"origin": [1.5, 11, -8.5], "size": [10, 3, 12], "uv": [0, 18], "mirror": true},
						{"origin": [11.5, 11, -7.5], "size": [2, 3, 9], "uv": [42, 41]},
						{"origin": [-10.5, 11, 3.5], "size": [9, 3, 9], "uv": [0, 52]},
						{"origin": [-12.5, 11, 3.5], "size": [2, 3, 7], "uv": [46, 20], "mirror": true},
						{"origin": [1.5, 11, 3.5], "size": [9, 3, 9], "uv": [0, 52], "mirror": true},
						{"origin": [10.5, 11, 3.5], "size": [2, 3, 7], "uv": [46, 20]},
						{"origin": [-1.5, 11, 3.5], "size": [3, 3, 8], "uv": [42, 9]}
					]
				},
				{
					"name": "arm_left",
					"parent": "body",
					"pivot": [5.5, 7, -0.5],
					"cubes": [
						{"origin": [4.5, 5, -1.5], "size": [5, 2, 2], "inflate": 0.02, "uv": [30, 4]}
					]
				},
				{
					"name": "arm_right",
					"parent": "body",
					"pivot": [-5.5, 7, -0.5],
					"cubes": [
						{"origin": [-9.5, 5, -1.5], "size": [5, 2, 2], "inflate": 0.02, "uv": [30, 4], "mirror": true}
					],
					"locators": {
						"held_item": [-10, 5, 0]
					}
				},
				{
					"name": "leg_left",
					"parent": "body",
					"pivot": [3.25, 2, 0.25],
					"cubes": [
						{"origin": [2.25, 0.5, -0.75], "size": [2, 2, 2], "uv": [0, 0]}
					]
				},
				{
					"name": "foot_left",
					"parent": "leg_left",
					"pivot": [3.25, 1, 0.25],
					"rotation": [0, -20, 0],
					"cubes": [
						{"origin": [1.75, 0, -2.25], "size": [3, 1, 4], "uv": [42, 4], "mirror": true}
					]
				},
				{
					"name": "foot_left2",
					"parent": "foot_left",
					"pivot": [3.25, 0, -2.25],
					"cubes": [
						{"origin": [1.75, 0, -5.25], "size": [3, 1, 3], "uv": [43, 0], "mirror": true}
					]
				},
				{
					"name": "leg_right",
					"parent": "body",
					"pivot": [-3.25, 2, 0.25],
					"cubes": [
						{"origin": [-4.25, 0.5, -0.75], "size": [2, 2, 2], "uv": [0, 4]}
					]
				},
				{
					"name": "foot_right",
					"parent": "leg_right",
					"pivot": [-3.25, 1, 0.25],
					"rotation": [0, 20, 0],
					"cubes": [
						{"origin": [-4.75, 0, -2.25], "size": [3, 1, 4], "uv": [24, 45], "mirror": true}
					]
				},
				{
					"name": "foot_right2",
					"parent": "foot_right",
					"pivot": [-3.25, 0, -2.25],
					"cubes": [
						{"origin": [-4.75, 0, -5.25], "size": [3, 1, 3], "uv": [25, 41], "mirror": true}
					]
				}
			]
		}
	]
}