{
	"format_version": "1.12.0",
	"minecraft:geometry": [
		{
			"description": {
				"identifier": "geometry.nidoranf",
				"texture_width": 64,
				"texture_height": 64,
				"visible_bounds_width": 3,
				"visible_bounds_height": 2.5,
				"visible_bounds_offset": [0, 0.75, 0]
			},
			"bones": [
				{
					"name": "nidoran_f",
					"pivot": [0, 0, 0]
				},
				{
					"name": "body",
					"parent": "nidoran_f",
					"pivot": [0, 0, 0]
				},
				{
					"name": "torso",
					"parent": "body",
					"pivot": [0, 5, 2],
					"cubes": [
						{"origin": [-3.5, 2, -5], "size": [7, 6, 9], "uv": [0, 0]},
						{"origin": [0, 6.5, 2], "size": [0, 4, 2], "pivot": [0, 8.5, 3], "rotation": [-30, 0, 0], "uv": [0, 15]},
						{"origin": [0, 6.75, 4.25], "size": [0, 3, 1], "pivot": [0, 8.5, 3], "rotation": [-50, 0, 0], "uv": [6, 1]}
					]
				},
				{
					"name": "head",
					"parent": "torso",
					"pivot": [0, 6.75, -3],
					"cubes": [
						{"origin": [-3, 5.75, -8], "size": [6, 6, 7], "uv": [0, 15]},
						{"origin": [0, 11.1, -6.75], "size": [0, 3, 2], "pivot": [0, 12.9, -6.05], "rotation": [12.5, 0, 0], "uv": [26, 23]}
					]
				},
				{
					"name": "eyes",
					"parent": "head",
					"pivot": [0, 0.05, 0]
				},
				{
					"name": "eye_left",
					"parent": "eyes",
					"pivot": [3, 9.75, -6.4],
					"cubes": [
						{"origin": [3, 9.25, -7.15], "size": [0, 1, 1], "inflate": 0.02, "uv": [6, 4]},
						{"origin": [3, 8.75, -7.65], "size": [0, 2, 3], "inflate": 0.01, "uv": [0, 12]}
					]
				},
				{
					"name": "eyelid_left",
					"parent": "eyes",
					"pivot": [2.9, 9.75, -6.15],
					"cubes": [
						{"origin": [2.9, 8.75, -7.65], "size": [0, 2, 3], "inflate": 0.03, "uv": [0, 2]}
					]
				},
				{
					"name": "eyelid_right",
					"parent": "eyes",
					"pivot": [-2.9, 9.75, -6.15],
					"cubes": [
						{"origin": [-2.9, 8.75, -7.65], "size": [0, 2, 3], "inflate": 0.03, "uv": [0, 0]}
					]
				},
				{
					"name": "eye_right",
					"parent": "eyes",
					"pivot": [-3, 9.75, -6.4],
					"cubes": [
						{"origin": [-3, 9.25, -7.15], "size": [0, 1, 1], "inflate": 0.02, "uv": [4, 1]},
						{"origin": [-3, 8.75, -7.65], "size": [0, 2, 3], "inflate": 0.01, "uv": [0, 4]}
					]
				},
				{
					"name": "ear_left",
					"parent": "head",
					"pivot": [3, 10, -3],
					"rotation": [-35, 47.5, 22.5],
					"cubes": [
						{"origin": [3, 8.75, -6], "size": [0, 9, 7], "uv": [14, 21]}
					]
				},
				{
					"name": "ear_right",
					"parent": "head",
					"pivot": [-3, 10, -3],
					"rotation": [-35, -47.5, -22.5],
					"cubes": [
						{"origin": [-3, 8.75, -6], "size": [0, 9, 7], "uv": [0, 21]}
					]
				},
				{
					"name": "whisker_top_left",
					"parent": "head",
					"pivot": [3, 7.75, -6.75],
					"rotation": [5, -20, -7.5],
					"cubes": [
						{"origin": [3, 7.25, -6.75], "size": [5, 1, 0], "uv": [23, 6]}
					]
				},
				{
					"name": "whisker_top_right",
					"parent": "head",
					"pivot": [-3, 7.75, -6.75],
					"rotation": [5, 20, 7.5],
					"cubes": [
						{"origin": [-8, 7.25, -6.75], "size": [5, 1, 0], "uv": [23, 5]}
					]
				},
				{
					"name": "whisker_bottom_left",
					"parent": "head",
					"pivot": [3, 6.5, -6.5],
					"rotation": [5, -22.5, 0],
					"cubes": [
						{"origin": [3, 6, -6.5], "size": [4, 1, 0], "uv": [0, 1]}
					]
				},
				{
					"name": "whisker_bottom_right",
					"parent": "head",
					"pivot": [-3, 6.5, -6.5],
					"rotation": [5, 22.5, 0],
					"cubes": [
						{"origin": [-7, 6, -6.5], "size": [4, 1, 0], "uv": [0, 0]}
					]
				},
				{
					"name": "muzzle",
					"parent": "head",
					"pivot": [0, 9.5, -8],
					"cubes": [
						{"origin": [-1.5, 6.5, -9.5], "size": [3, 3, 2], "uv": [19, 15]},
						{"origin": [-1, 6.25, -9.5], "size": [2, 1, 0], "pivot": [0, 7.25, -9.5], "rotation": [-5, 0, 0], "uv": [0, 2]}
					],
					"locators": {
						"held_item_fixed": [0, 3.25, -8.5]
					}
				},
				{
					"name": "leg_back_left",
					"parent": "body",
					"pivot": [3, 4, 1.75],
					"cubes": [
						{"origin": [1.5, 1, -0.75], "size": [3, 5, 5], "inflate": 0.01, "uv": [28, 25]}
					]
				},
				{
					"name": "foot_left",
					"parent": "leg_back_left",
					"pivot": [3, 1, 2.75],
					"cubes": [
						{"origin": [1.5, 0, 1.25], "size": [3, 1, 3], "uv": [33, 6]}
					]
				},
				{
					"name": "foot_left2",
					"parent": "foot_left",
					"pivot": [3, 0, 1.25],
					"cubes": [
						{"origin": [1.5, 0, 0.25], "size": [3, 1, 1], "inflate": 0.01, "uv": [36, 0], "mirror": true}
					]
				},
				{
					"name": "leg_back_right",
					"parent": "body",
					"pivot": [-3, 4, 1.75],
					"cubes": [
						{"origin": [-4.5, 1, -0.75], "size": [3, 5, 5], "inflate": 0.01, "uv": [26, 15]}
					]
				},
				{
					"name": "foot_right",
					"parent": "leg_back_right",
					"pivot": [-3, 1, 2.75],
					"cubes": [
						{"origin": [-4.5, 0, 1.25], "size": [3, 1, 3], "uv": [24, 1]}
					]
				},
				{
					"name": "foot_right2",
					"parent": "foot_right",
					"pivot": [-3, 0, 1.25],
					"cubes": [
						{"origin": [-4.5, 0, 0.25], "size": [3, 1, 1], "inflate": 0.01, "uv": [36, 0]}
					]
				},
				{
					"name": "leg_front_left",
					"parent": "body",
					"pivot": [2.5, 5, -3.25],
					"cubes": [
						{"origin": [1, 3, -4.75], "size": [3, 3, 3], "inflate": 0.01, "uv": [12, 37]}
					]
				},
				{
					"name": "leg_front_left2",
					"parent": "leg_front_left",
					"pivot": [2.5, 3, -1.75],
					"cubes": [
						{"origin": [1, 0, -4.75], "size": [3, 3, 3], "uv": [37, 10]}
					]
				},
				{
					"name": "leg_front_right",
					"parent": "body",
					"pivot": [-2.5, 5, -3.25],
					"cubes": [
						{"origin": [-4, 3, -4.75], "size": [3, 3, 3], "inflate": 0.01, "uv": [0, 37]}
					]
				},
				{
					"name": "leg_front_right2",
					"parent": "leg_front_right",
					"pivot": [-2.5, 3, -1.75],
					"cubes": [
						{"origin": [-4, 0, -4.75], "size": [3, 3, 3], "uv": [25, 35]}
					]
				}
			]
		}
	]
}