{
	"format_version": "1.12.0",
	"minecraft:geometry": [
		{
			"description": {
				"identifier": "geometry.empoleon",
				"texture_width": 128,
				"texture_height": 64,
				"visible_bounds_width": 4,
				"visible_bounds_height": 3.5,
				"visible_bounds_offset": [0, 1.25, 0]
			},
			"bones": [
				{
					"name": "empoleon",
					"pivot": [0, 0, 0]
				},
				{
					"name": "body",
					"parent": "empoleon",
					"pivot": [0, 20, 0]
				},
				{
					"name": "torso",
					"parent": "body",
					"pivot": [0, 9.5, 0],
					"cubes": [
						{"origin": [-4.5, 21.5, -3.5], "size": [9, 4, 8], "uv": [34, 41]},
						{"origin": [-5.5, 16.5, -4.5], "size": [11, 5, 10], "uv": [0, 34]},
						{"origin": [-6.5, 6.5, -5], "size": [13, 10, 11], "uv": [0, 0]},
						{"origin": [0, 6.5, -10], "size": [0, 18, 7], "uv": [75, -7]},
						{"origin": [2.5, 19.5, 4.5], "size": [0, 5, 3], "pivot": [2.5, 22, 4.5], "rotation": [0, 17.5, 0], "uv": [0, 46]},
						{"origin": [-2.5, 19.5, 4.5], "size": [0, 5, 3], "pivot": [-2.5, 22, 4.5], "rotation": [0, -17.5, 0], "uv": [0, 36]}
					]
				},
				{
					"name": "neck",
					"parent": "torso",
					"pivot": [0, 27, 0.5],
					"cubes": [
						{"origin": [-3.5, 25, -2.5], "size": [7, 2, 6], "inflate": -0.001, "uv": [51, 53]}
					]
				},
				{
					"name": "head",
					"parent": "neck",
					"pivot": [0, 25.5, 0.5],
					"cubes": [
						{"origin": [-3.5, 25.5, -3], "size": [7, 7, 7], "uv": [0, 49]},
						{"origin": [3.5, 28.5, -3], "size": [0, 8, 3], "pivot": [3.5, 28.5, 0], "rotation": [-7.5, 0, 5], "uv": [0, 28]},
						{"origin": [-3.5, 28.5, -3], "size": [0, 8, 3], "pivot": [-3.5, 28.5, 0], "rotation": [-7.5, 0, -5], "uv": [0, 0]},
						{"origin": [-1.5, 27, -4], "size": [3, 2, 2], "uv": [21, 49]},
						{"origin": [-1, 26.5, -3.99], "size": [2, 1, 0], "uv": [0, 2]}
					]
				},
				{
					"name": "eye_left",
					"parent": "head",
					"pivot": [2.51, 29.25, -2.51],
					"cubes": [
						{"origin": [1.51, 28.25, -3.01], "size": [2, 2, 1], "uv": [45, 55]}
					]
				},
				{
					"name": "eyelid_left",
					"parent": "eye_left",
					"pivot": [2.41, 29.25, -2.41],
					"cubes": [
						{"origin": [1.41, 28.25, -2.91], "size": [2, 2, 1], "inflate": 0.01, "uv": [28, 55]}
					]
				},
				{
					"name": "eye_right",
					"parent": "head",
					"pivot": [-2.51, 29.25, -2.51],
					"cubes": [
						{"origin": [-3.51, 28.25, -3.01], "size": [2, 2, 1], "uv": [55, 0]}
					]
				},
				{
					"name": "eyelid_right",
					"parent": "eye_right",
					"pivot": [-2.41, 29.25, -2.41],
					"cubes": [
						{"origin": [-3.41, 28.25, -2.91], "size": [2, 2, 1], "inflate": 0.01, "uv": [55, 3]}
					]
				},
				{
					"name": "jaw",
					"parent": "head",
					"pivot": [0, 27, -3],
					"cubes": [
						{"origin": [-1.5, 26, -3.75], "size": [3, 1, 1], "uv": [0, 0]}
					]
				},
				{
					"name": "spike",
					"parent": "head",
					"pivot": [0, 29, -3.75],
					"rotation": [-7.5, 0, 0],
					"cubes": [
						{"origin": [-1, 29, -3.75], "size": [2, 6, 0], "uv": [6, 2]}
					]
				},
				{
					"name": "spike2",
					"parent": "spike",
					"pivot": [0, 34.96737, -3.75214],
					"rotation": [-15, 0, 0],
					"cubes": [
						{"origin": [-1.5, 35, -3.75], "size": [3, 4, 0], "uv": [51, 53]}
					]
				},
				{
					"name": "tail",
					"parent": "torso",
					"pivot": [0, 12, 6],
					"cubes": [
						{"origin": [0, 8.5, 5], "size": [0, 7, 11], "uv": [32, 23]}
					]
				},
				{
					"name": "neckflap_right",
					"parent": "torso",
					"pivot": [0, 24.5, 0.5],
					"rotation": [0, 0, -70],
					"cubes": [
						{"origin": [0, 24.5, -5], "size": [0, 5, 8], "uv": [60, 33]}
					]
				},
				{
					"name": "neckflap_right2",
					"parent": "neckflap_right",
					"pivot": [0, 29.5, 0.5],
					"rotation": [0, 0, 45],
					"cubes": [
						{"origin": [0, 29.5, -2], "size": [0, 7, 8], "uv": [69, 12]}
					]
				},
				{
					"name": "neckflap_left",
					"parent": "torso",
					"pivot": [0, 24.5, 0.5],
					"rotation": [0, 0, 70],
					"cubes": [
						{"origin": [0, 24.5, -5], "size": [0, 5, 8], "uv": [89, -8]}
					]
				},
				{
					"name": "neckflap_left2",
					"parent": "neckflap_left",
					"pivot": [0, 29.5, 0.5],
					"rotation": [0, 0, -45],
					"cubes": [
						{"origin": [0, 29.5, -2], "size": [0, 7, 8], "uv": [54, 26]}
					]
				},
				{
					"name": "wing_left",
					"parent": "torso",
					"pivot": [4.5, 24, 0.5],
					"cubes": [
						{"origin": [4.5, 24, -4], "size": [9, 0, 9], "uv": [39, 9]}
					]
				},
				{
					"name": "wing_left2",
					"parent": "wing_left",
					"pivot": [13.5, 24, 5],
					"cubes": [
						{"origin": [21.5, 22, 0.5], "size": [2, 2, 0], "uv": [6, 37]},
						{"origin": [19.5, 22, -1], "size": [2, 2, 0], "uv": [6, 35]},
						{"origin": [19.5, 22, 2], "size": [2, 2, 0], "uv": [6, 33]},
						{"origin": [13.5, 24, -6], "size": [14, 0, 13], "uv": [28, 21]}
					]
				},
				{
					"name": "wing_right",
					"parent": "torso",
					"pivot": [-4.5, 24, 0.5],
					"cubes": [
						{"origin": [-13.5, 24, -4], "size": [9, 0, 9], "uv": [28, 0]}
					]
				},
				{
					"name": "wing_right2",
					"parent": "wing_right",
					"pivot": [-13.5, 24, 5],
					"cubes": [
						{"origin": [-23.5, 22, 0.5], "size": [2, 2, 0], "uv": [9, 26]},
						{"origin": [-21.5, 22, -1], "size": [2, 2, 0], "uv": [9, 21]},
						{"origin": [-21.5, 22, 2], "size": [2, 2, 0], "uv": [6, 8]},
						{"origin": [-27.5, 24, -6], "size": [14, 0, 13], "uv": [0, 21]}
					]
				},
				{
					"name": "leg_left",
					"parent": "body",
					"pivot": [5, 10, 0.5],
					"cubes": [
						{"origin": [2.5, 6, -3], "size": [5, 8, 7], "uv": [104, 23]}
					]
				},
				{
					"name": "leg_left2",
					"parent": "leg_left",
					"pivot": [5, 6.66667, -0.5],
					"cubes": [
						{"origin": [3, 3.5, -1.5], "size": [4, 3, 4], "uv": [68, 46]},
						{"origin": [7, 2.5, -1.5], "size": [0, 1, 4], "uv": [32, 38]},
						{"origin": [3, 2.5, -1.5], "size": [4, 1, 0], "uv": [21, 55]},
						{"origin": [3, 2.5, -1.5], "size": [0, 1, 4], "uv": [32, 37]},
						{"origin": [3, 2.5, 2.5], "size": [4, 1, 0], "uv": [55, 8]},
						{"origin": [3.5, 1.5, -1], "size": [3, 2, 3], "uv": [0, 26]}
					]
				},
				{
					"name": "foot_left",
					"parent": "leg_left2",
					"pivot": [5.25, 1.5, 1],
					"cubes": [
						{"origin": [3, 0, -3.5], "size": [4, 2, 6], "uv": [60, 12]}
					]
				},
				{
					"name": "toe_left",
					"parent": "foot_left",
					"pivot": [6.5, 1, -3.5],
					"rotation": [0, -10, 0],
					"cubes": [
						{"origin": [6.5, 0, -6.5], "size": [0, 2, 3], "uv": [45, 50]}
					]
				},
				{
					"name": "toe_left2",
					"parent": "foot_left",
					"pivot": [5, 1, -3.5],
					"cubes": [
						{"origin": [5, 0, -6.5], "size": [0, 2, 3], "uv": [0, 51]}
					]
				},
				{
					"name": "toe_left3",
					"parent": "foot_left",
					"pivot": [3.5, 1, -3.5],
					"rotation": [0, 10, 0],
					"cubes": [
						{"origin": [3.5, 0, -6.5], "size": [0, 2, 3], "uv": [27, 50]}
					]
				},
				{
					"name": "leg_right",
					"parent": "body",
					"pivot": [-5, 10, 0.5],
					"cubes": [
						{"origin": [-7.5, 6, -3], "size": [5, 8, 7], "uv": [80, 23]}
					]
				},
				{
					"name": "leg_right2",
					"parent": "leg_right",
					"pivot": [-5, 6.66667, -0.5],
					"cubes": [
						{"origin": [-7, 3.5, -1.5], "size": [4, 3, 4], "uv": [105, 0]},
						{"origin": [-7, 2.5, -1.5], "size": [0, 1, 4], "uv": [37, 6]},
						{"origin": [-7, 2.5, -1.5], "size": [4, 1, 0], "uv": [48, 20]},
						{"origin": [-3, 2.5, -1.5], "size": [0, 1, 4], "uv": [37, 5]},
						{"origin": [-7, 2.5, 2.5], "size": [4, 1, 0], "uv": [32, 43]},
						{"origin": [-6.5, 1.5, -1], "size": [3, 2, 3], "uv": [0, 21]}
					]
				},
				{
					"name": "foot_right",
					"parent": "leg_right2",
					"pivot": [-5, 1.5, 1],
					"cubes": [
						{"origin": [-7, 0, -3.5], "size": [4, 2, 6], "uv": [55, 0]}
					]
				},
				{
					"name": "toe_right",
					"parent": "foot_right",
					"pivot": [-6.5, 1, -3.5],
					"rotation": [0, 10, 0],
					"cubes": [
						{"origin": [-6.5, 0, -6.5], "size": [0, 2, 3], "uv": [21, 50]}
					]
				},
				{
					"name": "toe_right2",
					"parent": "foot_right",
					"pivot": [-5, 1, -3.5],
					"cubes": [
						{"origin": [-5, 0, -6.5], "size": [0, 2, 3], "uv": [48, 15]}
					]
				},
				{
					"name": "toe_right3",
					"parent": "foot_right",
					"pivot": [-3.5, 1, -3.5],
					"rotation": [0, -10, 0],
					"cubes": [
						{"origin": [-3.5, 0, -6.5], "size": [0, 2, 3], "uv": [6, 28]}
					]
				}
			]
		}
	]
}