{
	"format_version": "1.12.0",
	"minecraft:geometry": [
		{
			"description": {
				"identifier": "geometry.baltoy",
				"texture_width": 64,
				"texture_height": 64,
				"visible_bounds_width": 3,
				"visible_bounds_height": 2.5,
				"visible_bounds_offset": [0, 0.75, 0]
			},
			"bones": [
				{
					"name": "baltoy",
					"pivot": [0, 0, 0]
				},
				{
					"name": "body",
					"parent": "baltoy",
					"pivot": [0, 0.0025, 0.0223],
					"cubes": [
						{"origin": [-2.53791, 3.4125, -3.51659], "size": [3, 4, 5], "pivot": [0, 10.19375, -1.01659], "rotation": [0, 90, 0], "uv": [0, 18]},
						{"origin": [0.48709, 3.9125, -3.51659], "size": [0, 3, 5], "pivot": [0, 10.19375, -1.01659], "rotation": [0, 90, 0], "uv": [11, 30]},
						{"origin": [0.51209, 4.4125, -2.01659], "size": [0, 2, 2], "pivot": [0, 10.19375, -1.01659], "rotation": [0, 90, 0], "uv": [12, 18]},
						{"origin": [-2.5279, 4.9125, 1.48341], "size": [3, 1, 0], "inflate": 0.011, "pivot": [0, 10.19375, -1.01659], "rotation": [0, 90, 0], "uv": [26, 32]},
						{"origin": [-0.4721, 4.9125, 1.48341], "size": [3, 1, 0], "inflate": 0.011, "pivot": [0, 10.19375, -1.01659], "rotation": [0, -90, 0], "uv": [26, 34], "mirror": true},
						{"origin": [-2.53791, 3.9125, -3.51659], "size": [0, 3, 5], "inflate": 0.001, "pivot": [0, 10.19375, -1.01659], "rotation": [0, 90, 0], "uv": [0, 30]},
						{"origin": [-2.56291, 4.4125, -2.01659], "size": [0, 2, 2], "pivot": [0, 10.19375, -1.01659], "rotation": [0, 90, 0], "uv": [12, 18]},
						{"origin": [0, 0.6375, -1.47868], "size": [0, 3, 3], "pivot": [0, 2.1375, 0.02132], "rotation": [-45, 0, 0], "uv": [0, 0]},
						{"origin": [0, 0.6375, -1.47868], "size": [0, 3, 3], "pivot": [0, 2.1375, 0.02132], "rotation": [0, 90, 45], "uv": [18, 8]},
						{"origin": [-2.53791, 7.4125, -2.51659], "size": [3, 1, 3], "pivot": [0, 14.19375, -1.01659], "rotation": [0, 90, 0], "uv": [18, 0]}
					]
				},
				{
					"name": "head",
					"parent": "body",
					"pivot": [-0.00118, 7.82792, 0.20243],
					"cubes": [
						{"origin": [-2.27108, 7.8925, -3.27768], "size": [6, 3, 6], "inflate": -0.01, "pivot": [0, 10.45625, -1.01659], "rotation": [0, -45, 0], "uv": [0, 9]},
						{"origin": [-2.26608, 10.025, -3.28268], "size": [6, 3, 6], "pivot": [0, 10.45625, -1.01659], "rotation": [0, -45, 0], "uv": [0, 0]},
						{"origin": [-2.29108, 8.5, -3.30768], "size": [6, 4, 0], "pivot": [0, 9.93125, -1.01659], "rotation": [0, -45, 0], "uv": [0, 31]},
						{"origin": [-3.70892, 8.5, -3.30768], "size": [6, 4, 0], "pivot": [0, 9.93125, -1.01659], "rotation": [0, 45, 0], "uv": [12, 31]},
						{"origin": [0, 13.025, -1.47868], "size": [0, 3, 3], "uv": [18, 22]},
						{"origin": [0, 13.025, -1.47868], "size": [0, 3, 3], "pivot": [0, 14.525, 0.02132], "rotation": [0, -90, 0], "uv": [18, 18]}
					]
				},
				{
					"name": "eye_left",
					"parent": "head",
					"pivot": [0, 9.78125, -1.01659],
					"cubes": [
						{"origin": [-0.78493, 9.65, -3.94949], "size": [3, 2, 1], "pivot": [0, 10.08125, -1.01659], "rotation": [0, -45, 0], "uv": [8, 27]},
						{"origin": [-0.78993, 9.23, -3.94449], "size": [3, 1, 1], "inflate": 0.01, "pivot": [0, 9.78125, -1.01659], "rotation": [0, -45, 0], "uv": [28, 11]}
					]
				},
				{
					"name": "eye_right",
					"parent": "head",
					"pivot": [0, 9.78125, -1.01659],
					"cubes": [
						{"origin": [-2.21507, 9.65, -3.94949], "size": [3, 2, 1], "pivot": [0, 10.08125, -1.01659], "rotation": [0, 45, 0], "uv": [0, 27]},
						{"origin": [-2.22007, 9.23, -3.94449], "size": [3, 1, 1], "inflate": 0.01, "pivot": [0, 9.78125, -1.01659], "rotation": [0, 45, 0], "uv": [27, 0]}
					]
				},
				{
					"name": "arm_left",
					"parent": "body",
					"pivot": [2.5, 7.4125, 0.02132],
					"cubes": [
						{"origin": [1.975, 5.4125, 0.04632], "size": [1, 2, 3], "pivot": [2.475, 7.4125, 0.02132], "rotation": [0, 90, 0], "uv": [25, 26]}
					]
				},
				{
					"name": "arm_left2",
					"parent": "arm_left",
					"pivot": [5.5, 7.4125, 0.02132],
					"cubes": [
						{"origin": [6, 5.4125, -0.97868], "size": [1, 2, 5], "inflate": 0.001, "pivot": [6.5, 7.4125, 0.02132], "rotation": [0, 90, 0], "uv": [21, 13]}
					]
				},
				{
					"name": "arm_right",
					"parent": "body",
					"pivot": [-2.5, 7.4125, 0.02132],
					"cubes": [
						{"origin": [-2.975, 5.4125, 0.04632], "size": [1, 2, 3], "pivot": [-2.475, 7.4125, 0.02132], "rotation": [0, -90, 0], "uv": [26, 20]}
					]
				},
				{
					"name": "arm_right2",
					"parent": "arm_right",
					"pivot": [-5.5, 7.4125, 0.02132],
					"cubes": [
						{"origin": [-7, 5.4125, -0.97868], "size": [1, 2, 5], "inflate": 0.001, "pivot": [-6.5, 7.4125, 0.02132], "rotation": [0, -90, 0], "uv": [19, 4]}
					]
				}
			]
		}
	]
}