{
	"format_version": "1.12.0",
	"minecraft:geometry": [
		{
			"description": {
				"identifier": "geometry.porygon",
				"texture_width": 64,
				"texture_height": 64,
				"visible_bounds_width": 3,
				"visible_bounds_height": 2.5,
				"visible_bounds_offset": [0, 0.75, 0]
			},
			"bones": [
				{
					"name": "porygon",
					"pivot": [0, 0, 0]
				},
				{
					"name": "body",
					"parent": "porygon",
					"pivot": [0, 7, 0]
				},
				{
					"name": "torso",
					"parent": "body",
					"pivot": [0, 4, 0.5],
					"cubes": [
						{"origin": [-3.5, 2, -3.25], "size": [7, 5, 9], "inflate": 0.02, "uv": [0, 22]},
						{"origin": [-3.5, 2.15, -7.34], "size": [7, 4, 4], "pivot": [0, 2, -3.5], "rotation": [-52, 0, 0], "uv": [21, 50]},
						{"origin": [-3.5, 5.7, -5.225], "size": [7, 7, 3], "inflate": 0.01, "pivot": [0, 6.7, -6.95], "rotation": [-22.5, 0, 0], "uv": [44, 15]},
						{"origin": [-3.5, 3, -1.25], "size": [7, 4, 7], "pivot": [0, 7, 5.75], "rotation": [-27.5, 0, 0], "uv": [23, 18]}
					]
				},
				{
					"name": "head",
					"parent": "torso",
					"pivot": [0, 10.25, -0.25],
					"cubes": [
						{"origin": [-3.5, 10.25, -4.75], "size": [7, 6, 7], "inflate": 0.02, "uv": [0, 0]}
					],
					"locators": {
						"held_item_fixed": {
							"offset": [0, 16.5, 1],
							"rotation": [90, 0, 0]
						}
					}
				},
				{
					"name": "eyes",
					"parent": "head",
					"pivot": [0.05, 14.25, -1.5]
				},
				{
					"name": "eye_left",
					"parent": "eyes",
					"pivot": [3.53, 14.25, -1.75],
					"rotation": [7.5, 0, 0],
					"cubes": [
						{"origin": [3.53, 12.77, -3.75], "size": [0, 3, 4], "uv": [0, 18]}
					]
				},
				{
					"name": "pupil_left",
					"parent": "eye_left",
					"pivot": [3.54, 14.5, -1.75],
					"rotation": [-45, 0, 0],
					"cubes": [
						{"origin": [3.54, 13.95, -2.25], "size": [0, 1, 1], "uv": [0, 16]}
					]
				},
				{
					"name": "pupil_closed_left",
					"parent": "eye_left",
					"pivot": [3.44, 14.35, -1.75],
					"cubes": [
						{"origin": [3.44, 13.85, -2.75], "size": [0, 1, 2], "uv": [2, 15]}
					]
				},
				{
					"name": "eye_right",
					"parent": "eyes",
					"pivot": [-3.53, 14.25, -1.75],
					"rotation": [7.5, 0, 0],
					"cubes": [
						{"origin": [-3.53, 12.77, -3.75], "size": [0, 3, 4], "uv": [0, 21], "mirror": true}
					]
				},
				{
					"name": "pupil_right",
					"parent": "eye_right",
					"pivot": [-3.54, 14.5, -1.75],
					"rotation": [-45, 0, 0],
					"cubes": [
						{"origin": [-3.54, 13.95, -2.25], "size": [0, 1, 1], "uv": [0, 17], "mirror": true}
					]
				},
				{
					"name": "pupil_closed_right",
					"parent": "eye_right",
					"pivot": [-3.44, 14.35, -1.75],
					"cubes": [
						{"origin": [-3.44, 13.85, -2.75], "size": [0, 1, 2], "uv": [2, 16], "mirror": true}
					]
				},
				{
					"name": "beak",
					"parent": "head",
					"pivot": [0, 2.75, 2],
					"cubes": [
						{"origin": [-2.5, 11.55, -10.65], "size": [5, 3, 6], "inflate": 0.01, "uv": [0, 13]},
						{"origin": [-2.5, 14.25, -10.75], "size": [5, 2, 6], "pivot": [0, 16.25, -4.75], "rotation": [16.5, 0, 0], "uv": [25, 10]},
						{"origin": [-2.5, 10.25, -10.75], "size": [5, 2, 6], "pivot": [0, 10.25, -4.75], "rotation": [-12.5, 0, 0], "uv": [42, 7]}
					]
				},
				{
					"name": "tail",
					"parent": "torso",
					"pivot": [0, 4.75, 5.75],
					"cubes": [
						{"origin": [-1.5, 3.25, 4], "size": [3, 3, 3], "uv": [21, 1]}
					]
				},
				{
					"name": "tail2",
					"parent": "tail",
					"pivot": [0, 3.25, 7],
					"rotation": [52.5, 0, 0],
					"cubes": [
						{"origin": [-1.5, 3.25, 7], "size": [3, 3, 6], "inflate": 0.01, "uv": [28, 1]},
						{"origin": [-1, 3.25, 13], "size": [2, 2, 5], "uv": [40, 0]}
					]
				},
				{
					"name": "legs",
					"parent": "body",
					"pivot": [0, 4.5, 0.5]
				},
				{
					"name": "leg_left",
					"parent": "legs",
					"pivot": [3.5, 4, 2.75],
					"cubes": [
						{"origin": [3.5, 0, -6], "size": [4, 3, 13], "inflate": 0.02, "uv": [30, 45]},
						{"origin": [3.5, 0, 2], "size": [4, 3, 5], "inflate": 0.01, "pivot": [0, 3, 7], "rotation": [-30, 0, 0], "uv": [29, 31]},
						{"origin": [3.5, 0, -6], "size": [4, 3, 9], "pivot": [0, 3, -6], "rotation": [16, 0, 0], "uv": [38, 33]}
					]
				},
				{
					"name": "leg_right",
					"parent": "legs",
					"pivot": [-3.5, 4, 2.75],
					"cubes": [
						{"origin": [-7.5, 0, -6], "size": [4, 3, 13], "inflate": 0.02, "uv": [0, 48], "mirror": true},
						{"origin": [-7.5, 0, 2], "size": [4, 3, 5], "inflate": 0.01, "pivot": [0, 3, 7], "rotation": [-30, 0, 0], "uv": [3, 37], "mirror": true},
						{"origin": [-7.5, 0, -6], "size": [4, 3, 9], "pivot": [0, 3, -6], "rotation": [16, 0, 0], "uv": [12, 36], "mirror": true}
					]
				}
			]
		}
	]
}