{
	"format_version": "1.12.0",
	"minecraft:geometry": [
		{
			"description": {
				"identifier": "geometry.zapdos",
				"texture_width": 128,
				"texture_height": 128,
				"visible_bounds_width": 5,
				"visible_bounds_height": 4,
				"visible_bounds_offset": [0, 1, 0]
			},
			"bones": [
				{
					"name": "zapdos",
					"pivot": [0, 0, 0]
				},
				{
					"name": "body",
					"parent": "zapdos",
					"pivot": [0, 14, 0],
					"cubes": [
						{"origin": [-3, 7, -2.5], "size": [6, 14, 5], "uv": [19, 55]},
						{"origin": [-4, 0.21108, -3.69707], "size": [8, 7, 0], "inflate": 0.02, "pivot": [-1, 3.71108, -3.69707], "rotation": [-20, 0, 0], "uv": [0, 66]},
						{"origin": [-4, 0.21108, 3.69707], "size": [8, 7, 0], "inflate": 0.02, "pivot": [-1, 3.71108, 3.69707], "rotation": [20, 0, 0], "uv": [63, 36]},
						{"origin": [-7.69706, 0.21107, 0], "size": [8, 7, 0], "inflate": 0.02, "pivot": [-3.69706, 3.71107, 0], "rotation": [-20, 90, 0], "uv": [55, 60]},
						{"origin": [-0.30294, 0.21107, 0], "size": [8, 7, 0], "inflate": 0.02, "pivot": [3.69706, 3.71107, 0], "rotation": [-20, -90, 0], "uv": [55, 60], "mirror": true}
					]
				},
				{
					"name": "head",
					"parent": "body",
					"pivot": [0, 20.5, -2.5],
					"cubes": [
						{"origin": [-1, 22, -16], "size": [2, 1, 9], "uv": [50, 36]},
						{"origin": [0.5, 25, -4.5], "size": [3, 7, 0], "inflate": 0.02, "pivot": [2, 28.5, -4.5], "rotation": [-15, 0, 15], "uv": [55, 72]},
						{"origin": [-2.5, 20.5, -7], "size": [5, 5, 9], "uv": [41, 46]},
						{"origin": [-3.5, 25, -4.5], "size": [3, 7, 0], "inflate": 0.02, "pivot": [-2, 28.5, -4.5], "rotation": [-15, 0, -15], "uv": [50, 36]},
						{"origin": [2, 19.5, -4.75], "size": [7, 7, 0], "inflate": 0.02, "pivot": [3.5, 23.5, -4.75], "rotation": [0, -20, 0], "uv": [69, 53]},
						{"origin": [-4, 15.58519, -4.35295], "size": [8, 5, 0], "inflate": 0.02, "pivot": [0, 18.08519, -4.35295], "rotation": [15, 0, 0], "uv": [55, 67]},
						{"origin": [-9, 19.5, -4.75], "size": [7, 7, 0], "inflate": 0.02, "pivot": [-3.5, 23.5, -4.75], "rotation": [0, 20, 0], "uv": [41, 69]}
					]
				},
				{
					"name": "eyes",
					"parent": "head",
					"pivot": [0, 23, -7],
					"cubes": [
						{"origin": [1.25, 22.5, -7], "size": [1, 1, 0], "inflate": 0.02, "uv": [100, 0]},
						{"origin": [-2.25, 22.5, -7], "size": [1, 1, 0], "inflate": 0.02, "uv": [100, 0], "mirror": true}
					]
				},
				{
					"name": "jaw",
					"parent": "head",
					"pivot": [0, 21.5, -7],
					"rotation": [-5, 0, 0],
					"cubes": [
						{"origin": [-1, 21, -11], "size": [2, 1, 4], "inflate": -0.02, "uv": [71, 60]}
					],
					"locators": {
						"held_item_fixed": {
							"offset": [0, 21.5, -9.75],
							"rotation": [90, 0, 0]
						}
					}
				},
				{
					"name": "leftleg",
					"parent": "body",
					"pivot": [2.75, 11.5, -1.75],
					"rotation": [25, -20, 0],
					"cubes": [
						{"origin": [1.5, 9.5, -5.75], "size": [2, 4, 5], "uv": [0, 57]}
					]
				},
				{
					"name": "leftknee",
					"parent": "leftleg",
					"pivot": [2.5, 10.25, -5.75],
					"cubes": [
						{"origin": [2, 10.25, -10.25], "size": [1, 2, 5], "uv": [66, 67]}
					]
				},
				{
					"name": "leftfoot",
					"parent": "leftknee",
					"pivot": [2.5, 11.25, -9.75],
					"cubes": [
						{"origin": [1.5, 9.75, -10.75], "size": [2, 4, 1], "uv": [9, 57]},
						{"origin": [2.5, 7.75, -10.75], "size": [0, 2, 1], "inflate": 0.02, "uv": [50, 42]},
						{"origin": [1.12978, 14.41882, -10.75], "size": [0, 3, 1], "inflate": 0.02, "pivot": [2.5, 15.06953, -10.25], "rotation": [0, 0, -35], "uv": [24, 43]},
						{"origin": [3.87022, 14.41882, -10.75], "size": [0, 3, 1], "inflate": 0.02, "pivot": [2.5, 15.06953, -10.25], "rotation": [0, 0, 35], "uv": [24, 40]},
						{"origin": [2.5, 13.75, -10.75], "size": [0, 3, 1], "inflate": 0.02, "uv": [24, 37]}
					]
				},
				{
					"name": "rightleg",
					"parent": "body",
					"pivot": [-2.75, 11.5, -1.75],
					"rotation": [25, 20, 0],
					"cubes": [
						{"origin": [-3.5, 9.5, -5.75], "size": [2, 4, 5], "uv": [41, 60]}
					]
				},
				{
					"name": "rightknee",
					"parent": "rightleg",
					"pivot": [-2.5, 10.25, -5.75],
					"cubes": [
						{"origin": [-3, 10.25, -10.25], "size": [1, 2, 5], "uv": [11, 69]}
					]
				},
				{
					"name": "rightfoot",
					"parent": "rightknee",
					"pivot": [-2.5, 11.25, -9.75],
					"cubes": [
						{"origin": [-3.5, 9.75, -10.75], "size": [2, 4, 1], "uv": [0, 73]},
						{"origin": [-2.5, 7.75, -10.75], "size": [0, 2, 1], "inflate": 0.02, "uv": [24, 52]},
						{"origin": [-1.12978, 14.41882, -10.75], "size": [0, 3, 1], "inflate": 0.02, "pivot": [-2.5, 15.06953, -10.25], "rotation": [0, 0, 35], "uv": [24, 46]},
						{"origin": [-3.87022, 14.41882, -10.75], "size": [0, 3, 1], "inflate": 0.02, "pivot": [-2.5, 15.06953, -10.25], "rotation": [0, 0, -35], "uv": [24, 49]},
						{"origin": [-2.5, 13.75, -10.75], "size": [0, 3, 1], "inflate": 0.02, "uv": [36, 54]}
					]
				},
				{
					"name": "left_wing",
					"parent": "body",
					"pivot": [-3, 18, 0.5]
				},
				{
					"name": "leftwing",
					"parent": "left_wing",
					"pivot": [3, 17, 0.5],
					"cubes": [
						{"origin": [3, 7, 0.5], "size": [13, 19, 0], "inflate": 0.02, "uv": [0, 0]}
					]
				},
				{
					"name": "leftwing2",
					"parent": "leftwing",
					"pivot": [16, 16, 0.5],
					"cubes": [
						{"origin": [16, 7, 0.5], "size": [12, 19, 0], "inflate": 0.02, "uv": [26, 36]}
					]
				},
				{
					"name": "leftbackwing",
					"parent": "left_wing",
					"pivot": [3, 18, 0.5],
					"rotation": [0, -5, 0],
					"cubes": [
						{"origin": [3, 6.5, 0.5], "size": [13, 18, 0], "inflate": 0.02, "uv": [26, 0]}
					]
				},
				{
					"name": "leftbackwing2",
					"parent": "leftbackwing",
					"pivot": [16, 17, 0.5],
					"cubes": [
						{"origin": [16, 6.5, 0.5], "size": [12, 18, 0], "inflate": 0.02, "uv": [52, 0]}
					]
				},
				{
					"name": "right_wing",
					"parent": "body",
					"pivot": [-3, 17, 0.5]
				},
				{
					"name": "rightwing",
					"parent": "right_wing",
					"pivot": [-3, 17, 0.5],
					"cubes": [
						{"origin": [-16, 7, 0.5], "size": [13, 19, 0], "inflate": 0.02, "uv": [0, 19]}
					]
				},
				{
					"name": "rightwing2",
					"parent": "rightwing",
					"pivot": [-16, 16, 0.5],
					"cubes": [
						{"origin": [-28, 7, 0.5], "size": [12, 19, 0], "inflate": 0.02, "uv": [0, 38]}
					]
				},
				{
					"name": "rightbackwing",
					"parent": "right_wing",
					"pivot": [-3, 18, 0.5],
					"rotation": [0, 5, 0],
					"cubes": [
						{"origin": [-16, 6.5, 0.5], "size": [13, 18, 0], "inflate": 0.02, "uv": [26, 18]}
					]
				},
				{
					"name": "rightbackwing2",
					"parent": "rightbackwing",
					"pivot": [-16, 17, 0.5],
					"cubes": [
						{"origin": [-28, 6.5, 0.5], "size": [12, 18, 0], "inflate": 0.02, "uv": [52, 18]}
					]
				}
			]
		}
	]
}