{
	"format_version": "1.12.0",
	"minecraft:geometry": [
		{
			"description": {
				"identifier": "geometry.dragonite",
				"texture_width": 256,
				"texture_height": 128,
				"visible_bounds_width": 9,
				"visible_bounds_height": 5.5,
				"visible_bounds_offset": [0, 2.25, 0]
			},
			"bones": [
				{
					"name": "dragonite",
					"pivot": [0, 0, 0]
				},
				{
					"name": "body",
					"parent": "dragonite",
					"pivot": [0, 7, -0.5]
				},
				{
					"name": "torso",
					"parent": "body",
					"pivot": [0, 14, 0],
					"cubes": [
						{"origin": [-9.5, 7, -9], "size": [19, 14, 17], "inflate": 0.02, "uv": [0, 59]}
					]
				},
				{
					"name": "chest",
					"parent": "torso",
					"pivot": [0, 21, -0.5],
					"cubes": [
						{"origin": [-8, 19.5, -8], "size": [16, 9, 15], "inflate": 0.01, "uv": [33, 35]}
					]
				},
				{
					"name": "chest2",
					"parent": "chest",
					"pivot": [0, 28.5, 0],
					"cubes": [
						{"origin": [-6, 27, -6], "size": [12, 9, 12], "uv": [0, 29]}
					]
				},
				{
					"name": "arms",
					"parent": "chest2",
					"pivot": [0, 35, 0]
				},
				{
					"name": "arm_left",
					"parent": "arms",
					"pivot": [6, 35, 0],
					"cubes": [
						{"origin": [6, 30, -2.5], "size": [6, 5, 5], "uv": [40, 90]}
					]
				},
				{
					"name": "arm_left2",
					"parent": "arm_left",
					"pivot": [12, 35, 2.5],
					"cubes": [
						{"origin": [12, 30, -3], "size": [5, 5, 6], "inflate": 0.01, "uv": [84, 86]}
					]
				},
				{
					"name": "hand_left",
					"parent": "arm_left2",
					"pivot": [17, 35, 2.5],
					"cubes": [
						{"origin": [17, 30, -3], "size": [4, 5, 6], "inflate": 0.02, "uv": [122, 96]}
					]
				},
				{
					"name": "finger_back_left",
					"parent": "hand_left",
					"pivot": [21, 33.25, 2],
					"cubes": [
						{"origin": [21, 31.25, 2], "size": [2, 2, 0], "uv": [103, 64]}
					]
				},
				{
					"name": "finger_middle_left",
					"parent": "hand_left",
					"pivot": [21, 34, 0],
					"cubes": [
						{"origin": [21, 32, 0], "size": [2, 2, 0], "uv": [103, 66]}
					]
				},
				{
					"name": "finger_front_left",
					"parent": "hand_left",
					"pivot": [21, 33.25, -2],
					"cubes": [
						{"origin": [21, 31.25, -2], "size": [2, 2, 0], "uv": [103, 68]}
					]
				},
				{
					"name": "arm_right",
					"parent": "arms",
					"pivot": [-6, 35, 0],
					"cubes": [
						{"origin": [-12, 30, -2.5], "size": [6, 5, 5], "uv": [62, 90], "mirror": true}
					]
				},
				{
					"name": "arm_right2",
					"parent": "arm_right",
					"pivot": [-12, 35, 2.5],
					"cubes": [
						{"origin": [-17, 30, -3], "size": [5, 5, 6], "inflate": 0.01, "uv": [106, 86], "mirror": true}
					]
				},
				{
					"name": "hand_right",
					"parent": "arm_right2",
					"pivot": [-17, 35, 2.5],
					"cubes": [
						{"origin": [-21, 30, -3], "size": [4, 5, 6], "inflate": 0.02, "uv": [136, 101], "mirror": true}
					],
					"locators": {
						"held_item": [-22, 32.25, 0]
					}
				},
				{
					"name": "finger_back_right",
					"parent": "hand_right",
					"pivot": [-21, 33.25, 2],
					"cubes": [
						{"origin": [-23, 31.25, 2], "size": [2, 2, 0], "uv": [107, 64], "mirror": true}
					]
				},
				{
					"name": "finger_middle_right",
					"parent": "hand_right",
					"pivot": [-21, 34, 0],
					"cubes": [
						{"origin": [-23, 32, 0], "size": [2, 2, 0], "uv": [107, 66], "mirror": true}
					]
				},
				{
					"name": "finger_front_right",
					"parent": "hand_right",
					"pivot": [-21, 33.25, -2],
					"cubes": [
						{"origin": [-23, 31.25, -2], "size": [2, 2, 0], "uv": [107, 68], "mirror": true}
					]
				},
				{
					"name": "wings",
					"parent": "chest2",
					"pivot": [0, 33.5, 6]
				},
				{
					"name": "wing_left",
					"parent": "wings",
					"pivot": [2.5, 36, 6],
					"rotation": [0, -25, 0],
					"cubes": [
						{"origin": [2.5, 26, 6], "size": [11, 18, 0], "uv": [116, 5]}
					]
				},
				{
					"name": "wing_left2",
					"parent": "wing_left",
					"pivot": [13.5, 41, 6],
					"cubes": [
						{"origin": [13.5, 23, 6], "size": [11, 22, 0], "uv": [120, 29]}
					]
				},
				{
					"name": "wing_right",
					"parent": "wings",
					"pivot": [-2.5, 36, 6],
					"rotation": [0, 25, 0],
					"cubes": [
						{"origin": [-13.5, 26, 6], "size": [11, 18, 0], "uv": [138, 0], "mirror": true}
					]
				},
				{
					"name": "wing_right2",
					"parent": "wing_right",
					"pivot": [-13.5, 41, 6],
					"cubes": [
						{"origin": [-24.5, 23, 6], "size": [11, 22, 0], "uv": [142, 18], "mirror": true}
					]
				},
				{
					"name": "neck",
					"parent": "chest2",
					"pivot": [0, 36, 0],
					"cubes": [
						{"origin": [-4.5, 35, -4], "size": [9, 10, 9], "uv": [138, 77]}
					]
				},
				{
					"name": "head",
					"parent": "neck",
					"pivot": [0, 46, 1],
					"cubes": [
						{"origin": [-5, 41, -6], "size": [10, 11, 11], "inflate": 0.01, "uv": [0, 0]}
					]
				},
				{
					"name": "eyes",
					"parent": "head",
					"pivot": [0, 48, -6.02]
				},
				{
					"name": "eye_left",
					"parent": "eyes",
					"pivot": [4.02, 48, -4.52],
					"cubes": [
						{"origin": [3.02, 46, -6.02], "size": [2, 4, 3], "uv": [0, 0]}
					]
				},
				{
					"name": "pupil_left",
					"parent": "eye_left",
					"pivot": [4.02, 47.75, -6.03],
					"cubes": [
						{"origin": [3.52, 46.25, -6.03], "size": [1, 3, 0], "uv": [0, 0]}
					]
				},
				{
					"name": "eye_shine_left",
					"parent": "eye_left",
					"pivot": [3.52, 49, -6.04],
					"cubes": [
						{"origin": [3.02, 48.5, -6.04], "size": [1, 1, 0], "uv": [7, 2]}
					]
				},
				{
					"name": "eyelid_left",
					"parent": "eye_left",
					"pivot": [3.92, 48, -4.44],
					"cubes": [
						{"origin": [2.92, 46, -5.94], "size": [2, 4, 3], "inflate": 0.01, "uv": [61, 0]}
					]
				},
				{
					"name": "eye_right",
					"parent": "eyes",
					"pivot": [-4.02, 48, -4.52],
					"cubes": [
						{"origin": [-5.02, 46, -6.02], "size": [2, 4, 3], "uv": [0, 28], "mirror": true}
					]
				},
				{
					"name": "pupil_right",
					"parent": "eye_right",
					"pivot": [-4.02, 47.75, -6.03],
					"cubes": [
						{"origin": [-4.52, 46.25, -6.03], "size": [1, 3, 0], "uv": [0, 28], "mirror": true}
					]
				},
				{
					"name": "eye_shine_right",
					"parent": "eye_right",
					"pivot": [-3.52, 49, -6.04],
					"cubes": [
						{"origin": [-4.02, 48.5, -6.04], "size": [1, 1, 0], "uv": [7, 30], "mirror": true}
					]
				},
				{
					"name": "eyelid_right",
					"parent": "eye_right",
					"pivot": [-3.92, 48, -4.44],
					"cubes": [
						{"origin": [-4.92, 46, -5.94], "size": [2, 4, 3], "inflate": 0.01, "uv": [36, 29], "mirror": true}
					]
				},
				{
					"name": "muzzle",
					"parent": "head",
					"pivot": [0, 47, -6],
					"cubes": [
						{"origin": [-4, 42, -11], "size": [8, 5, 5], "inflate": 0.01, "uv": [31, 1]},
						{"origin": [0.5, 44, -11.02], "size": [2, 1, 0], "pivot": [1.5, 44.5, -11.02], "rotation": [0, 0, -25], "uv": [31, 0]},
						{"origin": [-2.5, 44, -11.02], "size": [2, 1, 0], "pivot": [-1.5, 44.5, -11.02], "rotation": [0, 0, 25], "uv": [31, 1], "mirror": true},
						{"origin": [-3.5, 41.98, -11], "size": [7, 0, 5], "uv": [64, 22]}
					]
				},
				{
					"name": "jaw",
					"parent": "head",
					"pivot": [0, 42, -6],
					"cubes": [
						{"origin": [-3.5, 41, -11], "size": [7, 1, 5], "uv": [0, 22]}
					]
				},
				{
					"name": "spike",
					"parent": "head",
					"pivot": [0, 52, 0],
					"rotation": [-5, 0, 0],
					"cubes": [
						{"origin": [-1.5, 51.5, -1.5], "size": [3, 2, 3], "uv": [19, 22]},
						{"origin": [-1, 53, -1], "size": [2, 2, 2], "uv": [57, 8]}
					]
				},
				{
					"name": "antennae",
					"parent": "head",
					"pivot": [0, 52, -4.5]
				},
				{
					"name": "antenna_left",
					"parent": "antennae",
					"pivot": [2.5, 52, -4.5],
					"rotation": [0, 0, 20],
					"cubes": [
						{"origin": [2, 51, -4.5], "size": [1, 4, 0], "inflate": 0.01, "uv": [32, 2]}
					]
				},
				{
					"name": "antenna_left2",
					"parent": "antenna_left",
					"pivot": [2, 55, -4.5],
					"rotation": [0, 0, 37.5],
					"cubes": [
						{"origin": [2, 55, -4.5], "size": [1, 3, 0], "uv": [56, 0]}
					]
				},
				{
					"name": "antenna_left3",
					"parent": "antenna_left2",
					"pivot": [2, 58, -4.5],
					"rotation": [0, 0, 25],
					"cubes": [
						{"origin": [2, 58, -4.5], "size": [1, 5, 0], "inflate": 0.01, "uv": [52, 1]}
					]
				},
				{
					"name": "antenna_left4",
					"parent": "antenna_left3",
					"pivot": [3, 63, -4.5],
					"rotation": [0, 0, -22.5],
					"cubes": [
						{"origin": [2, 63, -4.5], "size": [1, 2, 0], "uv": [57, 3]}
					]
				},
				{
					"name": "antenna_left5",
					"parent": "antenna_left4",
					"pivot": [3, 65, -4.5],
					"rotation": [0, 0, -25],
					"cubes": [
						{"origin": [2, 65, -4.5], "size": [1, 3, 0], "inflate": 0.01, "uv": [57, 5]}
					]
				},
				{
					"name": "antenna_right",
					"parent": "antennae",
					"pivot": [-2.5, 52, -4.5],
					"rotation": [0, 0, -20],
					"cubes": [
						{"origin": [-3, 51, -4.5], "size": [1, 4, 0], "inflate": 0.01, "uv": [34, 2], "mirror": true}
					]
				},
				{
					"name": "antenna_right2",
					"parent": "antenna_right",
					"pivot": [-2, 55, -4.5],
					"rotation": [0, 0, -37.5],
					"cubes": [
						{"origin": [-3, 55, -4.5], "size": [1, 3, 0], "uv": [58, 0], "mirror": true}
					]
				},
				{
					"name": "antenna_right3",
					"parent": "antenna_right2",
					"pivot": [-2, 58, -4.5],
					"rotation": [0, 0, -25],
					"cubes": [
						{"origin": [-3, 58, -4.5], "size": [1, 5, 0], "inflate": 0.01, "uv": [54, 1], "mirror": true}
					]
				},
				{
					"name": "antenna_right4",
					"parent": "antenna_right3",
					"pivot": [-3, 63, -4.5],
					"rotation": [0, 0, 22.5],
					"cubes": [
						{"origin": [-3, 63, -4.5], "size": [1, 2, 0], "uv": [59, 3], "mirror": true}
					]
				},
				{
					"name": "antenna_right5",
					"parent": "antenna_right4",
					"pivot": [-3, 65, -4.5],
					"rotation": [0, 0, 25],
					"cubes": [
						{"origin": [-3, 65, -4.5], "size": [1, 3, 0], "inflate": 0.01, "uv": [59, 5], "mirror": true}
					]
				},
				{
					"name": "tail1",
					"parent": "torso",
					"pivot": [0, 13, -4],
					"cubes": [
						{"origin": [-6, 7, -4], "size": [12, 12, 16], "uv": [0, 90]}
					]
				},
				{
					"name": "tail2",
					"parent": "tail1",
					"pivot": [0, 13, 12],
					"cubes": [
						{"origin": [-5, 8, 11], "size": [10, 10, 12], "uv": [60, 0]}
					]
				},
				{
					"name": "tail3",
					"parent": "tail2",
					"pivot": [0, 13, 23],
					"cubes": [
						{"origin": [-4, 9, 22], "size": [8, 8, 12], "uv": [80, 29]}
					]
				},
				{
					"name": "tail4",
					"parent": "tail3",
					"pivot": [0, 13, 34],
					"cubes": [
						{"origin": [-3, 10, 33], "size": [6, 6, 12], "uv": [92, 11]}
					]
				},
				{
					"name": "tail5",
					"parent": "tail4",
					"pivot": [0, 13, 45],
					"cubes": [
						{"origin": [-2, 11, 44], "size": [4, 4, 11], "uv": [84, 49]}
					]
				},
				{
					"name": "tail6",
					"parent": "tail5",
					"pivot": [0, 13, 55],
					"cubes": [
						{"origin": [-1.5, 11.5, 54], "size": [3, 3, 9], "uv": [69, 59]}
					]
				},
				{
					"name": "legs",
					"parent": "body",
					"pivot": [5, 15, 0]
				},
				{
					"name": "leg_left",
					"parent": "legs",
					"pivot": [9.5, 15, 0],
					"cubes": [
						{"origin": [5.5, 6, -5], "size": [8, 13, 10], "uv": [56, 100]}
					]
				},
				{
					"name": "leg_left2",
					"parent": "leg_left",
					"pivot": [13, 6, 0.5],
					"cubes": [
						{"origin": [6.5, 4, -3.5], "size": [6, 3, 8], "inflate": 0.01, "uv": [120, 112]}
					]
				},
				{
					"name": "leg_left3",
					"parent": "leg_left2",
					"pivot": [9.5, 4, 1],
					"cubes": [
						{"origin": [7, 2, -2.5], "size": [5, 3, 7], "uv": [103, 49]}
					]
				},
				{
					"name": "foot_left",
					"parent": "leg_left3",
					"pivot": [9.5, 3, 1],
					"cubes": [
						{"origin": [7, 0, -3.75], "size": [5, 3, 9], "inflate": 0.01, "uv": [72, 74]}
					]
				},
				{
					"name": "foot_left2",
					"parent": "foot_left",
					"pivot": [9.5, 0, -3.75],
					"cubes": [
						{"origin": [6, 0, -9.75], "size": [7, 3, 6], "inflate": 0.02, "uv": [0, 118]}
					]
				},
				{
					"name": "toe_inner_left",
					"parent": "foot_left2",
					"pivot": [7, 3, -9.75],
					"cubes": [
						{"origin": [7, 0, -12.75], "size": [0, 3, 3], "uv": [84, 94]}
					]
				},
				{
					"name": "toe_middle_left",
					"parent": "foot_left2",
					"pivot": [9.5, 3, -9.75],
					"cubes": [
						{"origin": [9.5, 0, -13.75], "size": [0, 3, 4], "uv": [82, 96]}
					]
				},
				{
					"name": "toe_outer_left",
					"parent": "foot_left2",
					"pivot": [12, 3, -9.75],
					"cubes": [
						{"origin": [12, 0, -12.75], "size": [0, 3, 3], "uv": [82, 100]}
					]
				},
				{
					"name": "leg_right",
					"parent": "legs",
					"pivot": [-9.5, 15, 0],
					"cubes": [
						{"origin": [-13.5, 6, -5], "size": [8, 13, 10], "uv": [92, 97], "mirror": true}
					]
				},
				{
					"name": "leg_right2",
					"parent": "leg_right",
					"pivot": [-13, 6, 0.5],
					"cubes": [
						{"origin": [-12.5, 4, -3.5], "size": [6, 3, 8], "inflate": 0.01, "uv": [140, 115], "mirror": true}
					]
				},
				{
					"name": "leg_right3",
					"parent": "leg_right2",
					"pivot": [-9.5, 4, 1],
					"cubes": [
						{"origin": [-12, 2, -2.5], "size": [5, 3, 7], "uv": [86, 64], "mirror": true}
					]
				},
				{
					"name": "foot_right",
					"parent": "leg_right3",
					"pivot": [-9.5, 3, 1],
					"cubes": [
						{"origin": [-12, 0, -3.75], "size": [5, 3, 9], "inflate": 0.01, "uv": [100, 74], "mirror": true}
					]
				},
				{
					"name": "foot_right2",
					"parent": "foot_right",
					"pivot": [-9.5, 0, -3.75],
					"cubes": [
						{"origin": [-13, 0, -9.75], "size": [7, 3, 6], "inflate": 0.02, "uv": [26, 118], "mirror": true}
					]
				},
				{
					"name": "toe_inner_right",
					"parent": "foot_right2",
					"pivot": [-7, 3, -9.75],
					"cubes": [
						{"origin": [-7, 0, -12.75], "size": [0, 3, 3], "uv": [90, 94], "mirror": true}
					]
				},
				{
					"name": "toe_middle_right",
					"parent": "foot_right2",
					"pivot": [-9.5, 3, -9.75],
					"cubes": [
						{"origin": [-9.5, 0, -13.75], "size": [0, 3, 4], "uv": [90, 96], "mirror": true}
					]
				},
				{
					"name": "toe_outer_right",
					"parent": "foot_right2",
					"pivot": [-12, 3, -9.75],
					"cubes": [
						{"origin": [-12, 0, -12.75], "size": [0, 3, 3], "uv": [88, 100], "mirror": true}
					]
				}
			]
		}
	]
}