{
	"format_version": "1.12.0",
	"minecraft:geometry": [
		{
			"description": {
				"identifier": "geometry.unknown",
				"texture_width": 64,
				"texture_height": 64,
				"visible_bounds_width": 3,
				"visible_bounds_height": 2.5,
				"visible_bounds_offset": [0, 0.75, 0]
			},
			"bones": [
				{
					"name": "teddiursa",
					"pivot": [0, 0, 0]
				},
				{
					"name": "body",
					"parent": "teddiursa",
					"pivot": [0, 4, -2],
					"cubes": [
						{"origin": [-3.5, 1, -2.5], "size": [7, 4, 5], "inflate": 0.1, "uv": [19, 21]}
					]
				},
				{
					"name": "torso",
					"parent": "body",
					"pivot": [0, 5, 0],
					"cubes": [
						{"origin": [-3.5, 4, -2.5], "size": [7, 4, 5], "uv": [0, 17]},
						{"origin": [-3, 8, -2], "size": [6, 3, 4], "uv": [0, 41]}
					]
				},
				{
					"name": "head",
					"parent": "torso",
					"pivot": [0, 8, 0],
					"cubes": [
						{"origin": [-5, 8, -4.5], "size": [10, 8, 9], "uv": [0, 0]},
						{"origin": [-2.5, 11, -4.51], "size": [5, 5, 0], "uv": [38, 8]},
						{"origin": [-1, 12.5, -4.52], "size": [2, 2, 0], "uv": [4, 5]},
						{"origin": [-0.5, 10.25, -4.52], "size": [1, 1, 0], "uv": [0, 19]}
					]
				},
				{
					"name": "mouth",
					"parent": "head",
					"pivot": [0, -1, 0]
				},
				{
					"name": "closedmouth",
					"parent": "mouth",
					"pivot": [0, 9, -4.5],
					"cubes": [
						{"origin": [-1.5, 9, -4.51], "size": [3, 1, 0], "uv": [0, 0]},
						{"origin": [-0.5, 8.5, -4.51], "size": [1, 1, 0], "uv": [3, 17]}
					]
				},
				{
					"name": "open_mouth",
					"parent": "mouth",
					"pivot": [0, 9.25, -4.26],
					"cubes": [
						{"origin": [-1, 8.25, -4.26], "size": [2, 2, 0], "uv": [0, 3]}
					]
				},
				{
					"name": "ears",
					"parent": "head",
					"pivot": [0, 16, 0],
					"cubes": [
						{"origin": [-8, 14, -1.5], "size": [5, 5, 3], "uv": [29, 0]},
						{"origin": [3, 14, -1.5], "size": [5, 5, 3], "uv": [0, 26]}
					]
				},
				{
					"name": "eye",
					"parent": "head",
					"pivot": [0, 0, 0]
				},
				{
					"name": "left_eye",
					"parent": "eye",
					"pivot": [0, 1, 0],
					"cubes": [
						{"origin": [1.5, 10.25, -4.52], "size": [2, 2, 0], "uv": [4, 3]},
						{"origin": [1.75, 11, -4.53], "size": [1, 1, 0], "uv": [0, 18]}
					]
				},
				{
					"name": "right_eye",
					"parent": "eye",
					"pivot": [0, 1, 0],
					"cubes": [
						{"origin": [-3.5, 10.25, -4.52], "size": [2, 2, 0], "uv": [0, 5]},
						{"origin": [-2.75, 11, -4.53], "size": [1, 1, 0], "uv": [2, 18]}
					]
				},
				{
					"name": "closed_left",
					"parent": "eye",
					"pivot": [2.5, 11.25, -4.45],
					"cubes": [
						{"origin": [1.5, 10.25, -4.39], "size": [2, 2, 0], "inflate": 0.1, "uv": [0, 1]}
					]
				},
				{
					"name": "closed_right_fix",
					"parent": "eye",
					"pivot": [-5, 0, 0],
					"cubes": [
						{"origin": [-3.5, 10.25, -4.39], "size": [2, 2, 0], "inflate": 0.1, "uv": [0, 1]}
					]
				},
				{
					"name": "arm_left",
					"parent": "torso",
					"pivot": [2.75, 7, 0],
					"cubes": [
						{"origin": [3, 6, -1.5], "size": [3, 2, 3], "uv": [36, 35]}
					]
				},
				{
					"name": "elbow_left",
					"parent": "arm_left",
					"pivot": [6, 8, 1.5],
					"cubes": [
						{"origin": [6, 6, -1.5], "size": [3, 2, 3], "inflate": 0.01, "uv": [24, 35]}
					]
				},
				{
					"name": "left_fingies",
					"parent": "elbow_left",
					"pivot": [9, 7, 0],
					"cubes": [
						{"origin": [9, 7, -1.5], "size": [1, 0, 1], "pivot": [9, 7, -0.5], "rotation": [0, 30, 0], "uv": [2, 8]},
						{"origin": [9, 7, 0.5], "size": [1, 0, 1], "pivot": [9, 7, 0.5], "rotation": [0, -30, 0], "uv": [0, 8]},
						{"origin": [9, 7, -0.5], "size": [1, 0, 1], "uv": [4, 8]}
					]
				},
				{
					"name": "arm_right",
					"parent": "torso",
					"pivot": [-2.75, 7, 0],
					"cubes": [
						{"origin": [-6, 6, -1.5], "size": [3, 2, 3], "uv": [35, 14]}
					]
				},
				{
					"name": "elbow_right",
					"parent": "arm_right",
					"pivot": [-6, 8, 1.5],
					"cubes": [
						{"origin": [-9, 6, -1.5], "size": [3, 2, 3], "inflate": 0.01, "uv": [12, 35]}
					]
				},
				{
					"name": "right_fingies",
					"parent": "elbow_right",
					"pivot": [-9, 7, 0],
					"cubes": [
						{"origin": [-10, 7, -1.5], "size": [1, 0, 1], "pivot": [-9, 7, -0.5], "rotation": [0, -30, 0], "uv": [6, 7]},
						{"origin": [-10, 7, 0.5], "size": [1, 0, 1], "pivot": [-9, 7, 0.5], "rotation": [0, 30, 0], "uv": [4, 7]},
						{"origin": [-10, 7, -0.5], "size": [1, 0, 1], "uv": [2, 7]}
					]
				},
				{
					"name": "tail",
					"parent": "body",
					"pivot": [0, 3.25, 2.5],
					"cubes": [
						{"origin": [-1.5, 0.25, -5.5], "size": [3, 3, 3], "pivot": [0, -1, 0], "rotation": [0, 180, 0], "uv": [0, 34]}
					]
				},
				{
					"name": "right_leg",
					"parent": "teddiursa",
					"pivot": [-2, 1, 0.5],
					"cubes": [
						{"origin": [-3.5, 0, -2], "size": [3, 1, 4], "uv": [26, 30]},
						{"origin": [-1.5, 0.02, -3], "size": [1, 0, 1], "uv": [0, 17]},
						{"origin": [-3.5, 0.02, -3], "size": [1, 0, 1], "uv": [6, 8]}
					]
				},
				{
					"name": "left_leg",
					"parent": "teddiursa",
					"pivot": [2, 1, 0.5],
					"cubes": [
						{"origin": [0.5, 0, -2], "size": [3, 1, 4], "uv": [12, 30]},
						{"origin": [0.5, 0.02, -3], "size": [1, 0, 1], "uv": [0, 7]},
						{"origin": [2.5, 0.02, -3], "size": [1, 0, 1], "uv": [5, 0]}
					]
				}
			]
		}
	]
}