{
	"format_version": "1.12.0",
	"minecraft:geometry": [
		{
			"description": {
				"identifier": "geometry.cranidos",
				"texture_width": 64,
				"texture_height": 64,
				"visible_bounds_width": 3,
				"visible_bounds_height": 2.5,
				"visible_bounds_offset": [0, 0.75, 0]
			},
			"bones": [
				{
					"name": "cranidos",
					"pivot": [0, 0, 0]
				},
				{
					"name": "body",
					"parent": "cranidos",
					"pivot": [0, 0, 0]
				},
				{
					"name": "torso",
					"parent": "body",
					"pivot": [0, 7.75, 0],
					"cubes": [
						{"origin": [-3.5, 4.75, -4], "size": [7, 7, 7], "uv": [0, 0]}
					]
				},
				{
					"name": "tail",
					"parent": "torso",
					"pivot": [0, 8.25, 1],
					"cubes": [
						{"origin": [-2.5, 5.25, -0.5], "size": [5, 6, 7], "uv": [21, 7]}
					]
				},
				{
					"name": "tail1",
					"parent": "tail",
					"pivot": [0, 9.15, 6.25],
					"cubes": [
						{"origin": [-1.5, 7.15, 4.5], "size": [3, 4, 5], "uv": [0, 37]}
					]
				},
				{
					"name": "tail2",
					"parent": "tail1",
					"pivot": [0, 10.05, 9.25],
					"cubes": [
						{"origin": [-1, 9.05, 8.25], "size": [2, 2, 3], "uv": [0, 46]}
					]
				},
				{
					"name": "torso2",
					"parent": "torso",
					"pivot": [0, 5.25, -4],
					"cubes": [
						{"origin": [-2.5, 9, -11], "size": [5, 6, 5], "pivot": [0.5, 3.75, -11], "rotation": [-35, 0, 0], "uv": [0, 26]}
					]
				},
				{
					"name": "left_arm",
					"parent": "torso2",
					"pivot": [2, 8.25, -6],
					"cubes": [
						{"origin": [2, 7, -7], "size": [1, 2, 2], "inflate": 0.01, "uv": [10, 47]}
					]
				},
				{
					"name": "left_arm2",
					"parent": "left_arm",
					"pivot": [3, 7, -5],
					"cubes": [
						{"origin": [2, 4, -7], "size": [1, 3, 2], "uv": [0, 14]}
					]
				},
				{
					"name": "left_hand",
					"parent": "left_arm2",
					"pivot": [2.5, 5, -6]
				},
				{
					"name": "left_finger1",
					"parent": "left_hand",
					"pivot": [2.5, 4.5, -6],
					"cubes": [
						{"origin": [2.5, 4, -7.75], "size": [0, 1, 1], "uv": [0, 13]}
					]
				},
				{
					"name": "left_finger2",
					"parent": "left_hand",
					"pivot": [2.5, 4.5, -6],
					"cubes": [
						{"origin": [2.5, 4, -5.25], "size": [0, 1, 1], "uv": [0, 56]}
					]
				},
				{
					"name": "left_finger3",
					"parent": "left_hand",
					"pivot": [2.5, 4, -6],
					"cubes": [
						{"origin": [2.5, 3, -6.5], "size": [0, 1, 1], "uv": [0, 55]}
					]
				},
				{
					"name": "right_arm",
					"parent": "torso2",
					"pivot": [-2, 8.25, -6],
					"cubes": [
						{"origin": [-3, 7, -7], "size": [1, 2, 2], "inflate": 0.01, "uv": [10, 60]}
					]
				},
				{
					"name": "right_arm2",
					"parent": "right_arm",
					"pivot": [-3, 7, -5],
					"cubes": [
						{"origin": [-3, 4, -7], "size": [1, 3, 2], "uv": [15, 26]}
					]
				},
				{
					"name": "right_hand",
					"parent": "right_arm2",
					"pivot": [-2.5, 5, -6]
				},
				{
					"name": "right_finger1",
					"parent": "right_hand",
					"pivot": [-2.5, 4.5, -6],
					"cubes": [
						{"origin": [-2.5, 4, -7.75], "size": [0, 1, 1], "uv": [4, 14]}
					]
				},
				{
					"name": "right_finger2",
					"parent": "right_hand",
					"pivot": [-2.5, 4.5, -6],
					"cubes": [
						{"origin": [-2.5, 4, -5.25], "size": [0, 1, 1], "uv": [0, 14]}
					]
				},
				{
					"name": "right_finger3",
					"parent": "right_hand",
					"pivot": [-2.5, 4, -6],
					"cubes": [
						{"origin": [-2.5, 3, -6.5], "size": [0, 1, 1], "uv": [4, 13]}
					]
				},
				{
					"name": "neck",
					"parent": "torso2",
					"pivot": [0, 8.4, -7.75],
					"cubes": [
						{"origin": [-1.5, 8, -7.75], "size": [3, 5, 4], "uv": [10, 51]}
					]
				},
				{
					"name": "collar",
					"parent": "neck",
					"pivot": [0, 10, -5.5],
					"rotation": [7.5, 0, 0],
					"cubes": [
						{"origin": [-3, 10, -8.25], "size": [6, 0, 6], "uv": [45, 3]},
						{"origin": [-2, 9, -8.25], "size": [4, 2, 5], "uv": [46, 15]}
					]
				},
				{
					"name": "chain",
					"parent": "collar",
					"pivot": [0, 10, -8.25],
					"cubes": [
						{"origin": [-1.5, 10, -13.25], "size": [3, 0, 5], "uv": [50, 9]}
					]
				},
				{
					"name": "head",
					"parent": "neck",
					"pivot": [0, 11.25, -5.75],
					"cubes": [
						{"origin": [2.25, 15.5, -10], "size": [2, 1, 1], "pivot": [3.25, 16.25, -9.5], "rotation": [-12.5, 40, -20], "uv": [56, 30]},
						{"origin": [-4.25, 15.5, -10], "size": [2, 1, 1], "pivot": [-3.25, 16.25, -9.5], "rotation": [-12.5, -40, 20], "uv": [56, 32]},
						{"origin": [-3.5, 11.25, -9.75], "size": [7, 5, 7], "inflate": 0.01, "uv": [0, 14]},
						{"origin": [-3, 15.75, -9.25], "size": [6, 3, 6], "inflate": 0.3, "uv": [20, 29]}
					]
				},
				{
					"name": "left_middle_spike",
					"parent": "head",
					"pivot": [1.45, 14.5, -4.5],
					"rotation": [5, 7.5, 0],
					"cubes": [
						{"origin": [0.45, 14, -3.25], "size": [2, 2, 2], "pivot": [1.45, 14.5, -2.25], "rotation": [7.5, 0, 0], "uv": [48, 23]},
						{"origin": [1.45, 14, -1.25], "size": [0, 2, 2], "pivot": [1.45, 14.5, -2.25], "rotation": [7.5, 0, 0], "uv": [46, 26]},
						{"origin": [0.45, 13.5, -3.25], "size": [2, 2, 2], "uv": [11, 37]},
						{"origin": [0.95, 14, -1.25], "size": [1, 1, 1], "uv": [0, 0]}
					]
				},
				{
					"name": "right_middle_spike",
					"parent": "head",
					"pivot": [-1.45, 14.5, -4.5],
					"rotation": [5, -7.5, 0],
					"cubes": [
						{"origin": [-2.45, 14, -3.25], "size": [2, 2, 2], "pivot": [-1.45, 14.5, -2.25], "rotation": [7.5, 0, 0], "uv": [55, 26], "mirror": true},
						{"origin": [-1.45, 14, -1.25], "size": [0, 2, 2], "pivot": [-1.45, 14.5, -2.25], "rotation": [7.5, 0, 0], "uv": [50, 26], "mirror": true},
						{"origin": [-2.45, 13.5, -3.25], "size": [2, 2, 2], "uv": [19, 38]},
						{"origin": [-1.95, 14, -1.25], "size": [1, 1, 1], "uv": [27, 2]}
					]
				},
				{
					"name": "left_spike",
					"parent": "head",
					"pivot": [3.5, 14.5, -5.5],
					"rotation": [0, -30, -5],
					"cubes": [
						{"origin": [2.5, 14, -5.5], "size": [3, 2, 2], "pivot": [3.5, 14.5, -5.5], "rotation": [0, 0, -7.5], "uv": [46, 34]},
						{"origin": [5.5, 14, -4.5], "size": [2, 2, 0], "pivot": [3.5, 14.5, -5.5], "rotation": [0, 0, -7.5], "uv": [57, 36]},
						{"origin": [3.5, 13.5, -5.5], "size": [2, 2, 2], "uv": [16, 60]},
						{"origin": [5.5, 14, -5], "size": [1, 1, 1], "uv": [21, 43]}
					]
				},
				{
					"name": "right_spike",
					"parent": "head",
					"pivot": [-3.5, 14.5, -5.5],
					"rotation": [0, 30, 5],
					"cubes": [
						{"origin": [-5.5, 14, -5.5], "size": [3, 2, 2], "pivot": [-3.5, 14.5, -5.5], "rotation": [0, 0, 7.5], "uv": [46, 30]},
						{"origin": [-7.5, 14, -4.5], "size": [2, 2, 0], "pivot": [-3.5, 14.5, -5.5], "rotation": [0, 0, 7.5], "uv": [57, 34]},
						{"origin": [-5.5, 13.5, -5.5], "size": [2, 2, 2], "uv": [16, 60]},
						{"origin": [-6.5, 14, -5], "size": [1, 1, 1], "uv": [17, 43]}
					]
				},
				{
					"name": "eye_right",
					"parent": "head",
					"pivot": [-3, 14.75, -7.95],
					"rotation": [10, 0, 0],
					"cubes": [
						{"origin": [-3.5, 13.35, -8.95], "size": [0, 1, 2], "inflate": 0.015, "uv": [3, -2]},
						{"origin": [-3.5, 13.85, -9.45], "size": [0, 2, 3], "inflate": 0.02, "uv": [0, 1]},
						{"origin": [-3.5, 14.1, -9.2], "size": [0, 2, 2], "inflate": 0.03, "uv": [0, 51]},
						{"origin": [-3.5, 14.6, -8.7], "size": [0, 1, 1], "inflate": 0.04, "uv": [0, 54]}
					]
				},
				{
					"name": "slanted_eyelid_right",
					"parent": "eye_right",
					"pivot": [-3.5, 15.6, -7.95],
					"cubes": [
						{"origin": [-3.5, 15.35, -9.45], "size": [0, 1, 3], "inflate": 0.05, "uv": [4, 50]}
					]
				},
				{
					"name": "eyelid_right",
					"parent": "eye_right",
					"pivot": [-3.415, 14.35, -7.95],
					"cubes": [
						{"origin": [-3.4, 13.85, -9.45], "size": [0, 2, 3], "inflate": 0.045, "uv": [37, 39]},
						{"origin": [-3.43, 13.35, -8.95], "size": [0, 1, 2], "inflate": 0.02, "uv": [38, 42]}
					]
				},
				{
					"name": "eye_left",
					"parent": "head",
					"pivot": [3, 14.75, -7.95],
					"rotation": [10, 0, 0],
					"cubes": [
						{"origin": [3.5, 13.85, -9.45], "size": [0, 2, 3], "inflate": 0.02, "uv": [0, -1]},
						{"origin": [3.5, 14.1, -9.2], "size": [0, 2, 2], "inflate": 0.03, "uv": [0, 49]},
						{"origin": [3.5, 14.6, -8.7], "size": [0, 1, 1], "inflate": 0.04, "uv": [0, 54]},
						{"origin": [3.5, 13.35, -8.95], "size": [0, 1, 2], "inflate": 0.015, "uv": [0, 4]}
					]
				},
				{
					"name": "slanted_eyelid_left",
					"parent": "eye_left",
					"pivot": [3.5, 15.85, -7.95],
					"cubes": [
						{"origin": [3.5, 15.35, -9.45], "size": [0, 1, 3], "inflate": 0.05, "uv": [4, 49]}
					]
				},
				{
					"name": "eyelid_left",
					"parent": "eye_left",
					"pivot": [3.415, 14.35, -7.95],
					"cubes": [
						{"origin": [3.4, 13.85, -9.45], "size": [0, 2, 3], "inflate": 0.045, "uv": [37, 36]},
						{"origin": [3.43, 13.35, -8.95], "size": [0, 1, 2], "inflate": 0.02, "uv": [38, 39]}
					]
				},
				{
					"name": "cranial_spikes",
					"parent": "head",
					"pivot": [-3, 15.5, -8.25],
					"cubes": [
						{"origin": [-3.3, 15.25, -9.5], "size": [1, 2, 2], "inflate": 0.2, "pivot": [-3, 15.5, -8.25], "rotation": [-45, 0, 0], "uv": [21, 0]},
						{"origin": [2.3, 15.25, -9.5], "size": [1, 2, 2], "inflate": 0.2, "pivot": [-3, 15.5, -8.25], "rotation": [-45, 0, 0], "uv": [21, 0]},
						{"origin": [-3.3, 15.5, -6.25], "size": [1, 2, 2], "inflate": 0.2, "pivot": [-3, 15.5, -5.25], "rotation": [-45, 0, 0], "uv": [38, 25]},
						{"origin": [2.3, 15.5, -6.25], "size": [1, 2, 2], "inflate": 0.2, "pivot": [-3, 15.5, -5.25], "rotation": [-45, 0, 0], "uv": [38, 25]},
						{"origin": [4.3, 15, -11.25], "size": [1, 2, 2], "inflate": 0.2, "pivot": [-1.5, 15.25, -9.75], "rotation": [-45, -90, 0], "uv": [38, 30]},
						{"origin": [7.3, 14.75, -11.5], "size": [1, 2, 2], "inflate": 0.2, "pivot": [1.5, 15.25, -9.75], "rotation": [-45, -90, 0], "uv": [16, 47]}
					]
				},
				{
					"name": "mouth",
					"parent": "head",
					"pivot": [0.1, 15.25, -9.45],
					"rotation": [2.5, 0, 0],
					"cubes": [
						{"origin": [0.1, 12.25, -11.5], "size": [4, 4, 4], "pivot": [1.1, 13.25, -11.95], "rotation": [0, -45, 0], "uv": [38, 6]},
						{"origin": [0.1, 11.75, -11.5], "size": [4, 1, 0], "inflate": 0.01, "pivot": [1.1, 12.75, -11.95], "rotation": [0, -45, 0], "uv": [17, 45]},
						{"origin": [0.1, 11.75, -11.5], "size": [0, 1, 4], "inflate": 0.01, "pivot": [1.1, 12.75, -11.95], "rotation": [0, -45, 0], "uv": [17, 42]}
					]
				},
				{
					"name": "jaw",
					"parent": "mouth",
					"pivot": [0.1, 12.25, -9.9],
					"cubes": [
						{"origin": [0.1, 11.25, -11], "size": [4, 1, 4], "pivot": [1.1, 12.25, -11.45], "rotation": [0, -45, 0], "uv": [29, 0]}
					]
				},
				{
					"name": "leg_right",
					"parent": "body",
					"pivot": [-2.75, 7.75, 0],
					"cubes": [
						{"origin": [-5.25, 4.75, -3], "size": [3, 5, 5], "inflate": 0.01, "uv": [24, 54]}
					]
				},
				{
					"name": "leg_right2",
					"parent": "leg_right",
					"pivot": [-3.75, 6, 1.4],
					"cubes": [
						{"origin": [-4.75, 0, -0.1], "size": [2, 6, 3], "uv": [0, 55]}
					]
				},
				{
					"name": "foot_right",
					"parent": "leg_right2",
					"pivot": [-3.75, 1, 1.5],
					"cubes": [
						{"origin": [-5.25, 0, 0.4], "size": [3, 1, 3], "inflate": 0.02, "uv": [35, 55]}
					]
				},
				{
					"name": "foot_right2",
					"parent": "foot_right",
					"pivot": [-3.75, 0.5, 0.4],
					"cubes": [
						{"origin": [-5.25, 0, -1.6], "size": [3, 1, 2], "inflate": 0.01, "uv": [36, 20]}
					]
				},
				{
					"name": "rightfoot_toe",
					"parent": "foot_right2",
					"pivot": [-3.75, 1, -0.85],
					"cubes": [
						{"origin": [-3.75, 0, -2.85], "size": [0, 1, 2], "uv": [0, 26]}
					]
				},
				{
					"name": "rightfoot_toe2",
					"parent": "foot_right2",
					"pivot": [-4.75, 1, -0.85],
					"cubes": [
						{"origin": [-4.75, 0, -2.85], "size": [0, 1, 2], "uv": [0, 25]}
					]
				},
				{
					"name": "rightfoot_toe3",
					"parent": "foot_right2",
					"pivot": [-2.75, 1, -0.85],
					"cubes": [
						{"origin": [-2.75, 0, -2.85], "size": [0, 1, 2], "uv": [0, 24]}
					]
				},
				{
					"name": "backright_toe2",
					"parent": "foot_right",
					"pivot": [-3.75, 1, 3.4],
					"cubes": [
						{"origin": [-3.75, 0, 3.4], "size": [0, 1, 1], "uv": [4, 19]}
					]
				},
				{
					"name": "leg_left",
					"parent": "body",
					"pivot": [2.75, 7.75, 0],
					"cubes": [
						{"origin": [2.25, 4.75, -3], "size": [3, 5, 5], "inflate": 0.01, "uv": [22, 44]}
					]
				},
				{
					"name": "leg_left2",
					"parent": "leg_left",
					"pivot": [3.75, 6, 1.4],
					"cubes": [
						{"origin": [2.75, 0, -0.1], "size": [2, 6, 3], "uv": [28, 20]}
					]
				},
				{
					"name": "foot_left",
					"parent": "leg_left2",
					"pivot": [3.75, 1, 1.5],
					"cubes": [
						{"origin": [2.25, 0, 0.4], "size": [3, 1, 3], "inflate": 0.02, "uv": [24, 39]}
					]
				},
				{
					"name": "foot_left2",
					"parent": "foot_left",
					"pivot": [3.75, 0.5, 0.4],
					"cubes": [
						{"origin": [2.25, 0, -1.6], "size": [3, 1, 2], "inflate": 0.01, "uv": [21, 4]}
					]
				},
				{
					"name": "leftfoot_toe",
					"parent": "foot_left2",
					"pivot": [3.75, 1, -0.85],
					"cubes": [
						{"origin": [3.75, 0, -2.85], "size": [0, 1, 2], "uv": [21, 18]}
					]
				},
				{
					"name": "leftfoot_toe2",
					"parent": "foot_left2",
					"pivot": [4.75, 1, -0.85],
					"cubes": [
						{"origin": [4.75, 0, -2.85], "size": [0, 1, 2], "uv": [0, 18]}
					]
				},
				{
					"name": "leftfoot_toe3",
					"parent": "foot_left2",
					"pivot": [2.75, 1, -0.85],
					"cubes": [
						{"origin": [2.75, 0, -2.85], "size": [0, 1, 2], "uv": [0, 17]}
					]
				},
				{
					"name": "backleft_toe2",
					"parent": "foot_left",
					"pivot": [3.75, 1, 3.4],
					"cubes": [
						{"origin": [3.75, 0, 3.4], "size": [0, 1, 1], "uv": [4, 18]}
					]
				}
			]
		}
	]
}