{
	"format_version": "1.12.0",
	"minecraft:geometry": [
		{
			"description": {
				"identifier": "geometry.swampert",
				"texture_width": 128,
				"texture_height": 128,
				"visible_bounds_width": 4,
				"visible_bounds_height": 3.5,
				"visible_bounds_offset": [0, 1.25, 0]
			},
			"bones": [
				{
					"name": "swampert",
					"pivot": [0, 0, 0]
				},
				{
					"name": "body",
					"parent": "swampert",
					"pivot": [0, 8, 5.25],
					"cubes": [
						{"origin": [-4, 15.75, 1.75], "size": [8, 5, 7], "uv": [0, 33]},
						{"origin": [-4.5, 4.75, 1.25], "size": [9, 11, 8], "uv": [32, 25]}
					]
				},
				{
					"name": "head",
					"parent": "body",
					"pivot": [0, 20.75, 5.25],
					"cubes": [
						{"origin": [-5, 20.75, -0.5], "size": [10, 7, 9], "uv": [0, 0]},
						{"origin": [4, 23.75, 0], "size": [0, 13, 9], "pivot": [4, 31.75, 4.5], "rotation": [-10, 7.5, 15], "uv": [0, 36]},
						{"origin": [-4, 23.75, 0], "size": [0, 13, 9], "pivot": [-4, 31.75, 4.5], "rotation": [-10, -7.5, -15], "uv": [30, 35]}
					]
				},
				{
					"name": "eye_left",
					"parent": "head",
					"pivot": [2.75, 25, -0.525],
					"cubes": [
						{"origin": [1.75, 23.5, -0.525], "size": [2, 3, 0], "inflate": 0.02, "pivot": [2.75, 25, -0.525], "rotation": [0, 0, -2.5], "uv": [0, 0]}
					]
				},
				{
					"name": "eye_right",
					"parent": "head",
					"pivot": [-2.75, 25, -0.525],
					"cubes": [
						{"origin": [-3.75, 23.5, -0.525], "size": [2, 3, 0], "inflate": 0.02, "pivot": [-2.75, 25, -0.525], "rotation": [0, 0, 2.5], "uv": [0, 0], "mirror": true}
					]
				},
				{
					"name": "eyelid_left",
					"parent": "head",
					"pivot": [2.5, 25, 0.225],
					"cubes": [
						{"origin": [1.5, 23.5, -0.275], "size": [2, 3, 1], "inflate": 0.04, "pivot": [2.5, 25, -0.275], "rotation": [0, 0, -2.5], "uv": [16, 23]}
					]
				},
				{
					"name": "eyelid_right",
					"parent": "head",
					"pivot": [-2.5, 25, 0.225],
					"cubes": [
						{"origin": [-3.5, 23.5, -0.275], "size": [2, 3, 1], "inflate": 0.04, "pivot": [-2.5, 25, -0.275], "rotation": [0, 0, 2.5], "uv": [16, 23], "mirror": true}
					]
				},
				{
					"name": "atenna_left_front",
					"parent": "head",
					"pivot": [4.75, 23.25, 2.5],
					"rotation": [5, 15, 5],
					"cubes": [
						{"origin": [4.75, 22.25, 2.5], "size": [6, 2, 0], "pivot": [7.75, 23.25, 2.5], "rotation": [-90, 0, 0], "uv": [0, 22]}
					]
				},
				{
					"name": "atenna_left_middle",
					"parent": "head",
					"pivot": [5, 23.25, 4],
					"rotation": [0, 0, 5],
					"cubes": [
						{"origin": [4.8, 22.75, 4], "size": [2, 1, 0], "pivot": [5.8, 23.25, 4], "rotation": [-90, 0, 0], "uv": [72, 0]}
					]
				},
				{
					"name": "atenna_left_back",
					"parent": "head",
					"pivot": [4.75, 23.25, 5.5],
					"rotation": [-5, -15, 5],
					"cubes": [
						{"origin": [4.75, 22.25, 5.5], "size": [6, 2, 0], "pivot": [7.75, 23.25, 5.5], "rotation": [-90, 0, 0], "uv": [0, 24]}
					]
				},
				{
					"name": "atenna_right_front",
					"parent": "head",
					"pivot": [-4.75, 23.25, 2.5],
					"rotation": [5, -15, -5],
					"cubes": [
						{"origin": [-10.75, 22.25, 2.5], "size": [6, 2, 0], "pivot": [-7.75, 23.25, 2.5], "rotation": [-90, 0, 0], "uv": [0, 22], "mirror": true}
					]
				},
				{
					"name": "atenna_right_middle",
					"parent": "head",
					"pivot": [-5, 23.25, 4],
					"rotation": [0, 0, -5],
					"cubes": [
						{"origin": [-6.8, 22.75, 4], "size": [2, 1, 0], "pivot": [-5.8, 23.25, 4], "rotation": [-90, 0, 0], "uv": [72, 0], "mirror": true}
					]
				},
				{
					"name": "atenna_right_back",
					"parent": "head",
					"pivot": [-4.75, 23.25, 5.5],
					"rotation": [-5, 15, -5],
					"cubes": [
						{"origin": [-10.75, 22.25, 5.5], "size": [6, 2, 0], "pivot": [-7.75, 23.25, 5.5], "rotation": [-90, 0, 0], "uv": [0, 24], "mirror": true}
					]
				},
				{
					"name": "arm_left",
					"parent": "body",
					"pivot": [4, 18.75, 5],
					"cubes": [
						{"origin": [4, 17.25, 3], "size": [7, 3, 4], "uv": [63, 40]}
					]
				},
				{
					"name": "forearm_left",
					"parent": "arm_left",
					"pivot": [11, 18.75, 5],
					"cubes": [
						{"origin": [11, 17.25, 2.5], "size": [7, 3, 5], "uv": [58, 22]},
						{"origin": [12, 20, 3.5], "size": [5, 1, 3], "pivot": [14.5, 20.5, 5], "rotation": [0, 0, 2.5], "uv": [16, 16]}
					]
				},
				{
					"name": "finger_left_middle",
					"parent": "forearm_left",
					"pivot": [18, 19.75, 5],
					"cubes": [
						{"origin": [18, 19.25, 4], "size": [4, 1, 2], "uv": [63, 47]}
					]
				},
				{
					"name": "finger_left_side3",
					"parent": "forearm_left",
					"pivot": [17.5, 19.5, 3.5],
					"cubes": [
						{"origin": [17.5, 19, 2.5], "size": [4, 1, 2], "uv": [58, 30]}
					]
				},
				{
					"name": "finger_left_side4",
					"parent": "forearm_left",
					"pivot": [17.5, 19.5, 6.5],
					"cubes": [
						{"origin": [17.5, 19, 5.5], "size": [4, 1, 2], "uv": [57, 0]}
					]
				},
				{
					"name": "arm_right",
					"parent": "body",
					"pivot": [-4, 18.75, 5],
					"cubes": [
						{"origin": [-11, 17.25, 3], "size": [7, 3, 4], "uv": [55, 58]}
					]
				},
				{
					"name": "forearm_right",
					"parent": "arm_right",
					"pivot": [-11, 18.75, 5],
					"cubes": [
						{"origin": [-18, 17.25, 2.5], "size": [7, 3, 5], "uv": [45, 14]},
						{"origin": [-17, 20, 3.5], "size": [5, 1, 3], "pivot": [-14.5, 20.5, 5], "rotation": [0, 0, -2.5], "uv": [0, 16]}
					],
					"locators": {
						"held_item": [-20, 18, 5]
					}
				},
				{
					"name": "finger_right_middle",
					"parent": "forearm_right",
					"pivot": [-18, 19.75, 5],
					"cubes": [
						{"origin": [-22, 19.25, 4], "size": [4, 1, 2], "uv": [18, 48]}
					]
				},
				{
					"name": "finger_right_side",
					"parent": "forearm_right",
					"pivot": [-17.5, 19.5, 3.5],
					"cubes": [
						{"origin": [-21.5, 19, 2.5], "size": [4, 1, 2], "uv": [18, 45]}
					]
				},
				{
					"name": "finger_right_side2",
					"parent": "forearm_right",
					"pivot": [-17.5, 19.5, 6.5],
					"cubes": [
						{"origin": [-21.5, 19, 5.5], "size": [4, 1, 2], "uv": [40, 22]}
					]
				},
				{
					"name": "tail",
					"parent": "body",
					"pivot": [0, 6, 7],
					"cubes": [
						{"origin": [-3, 4.25, 5], "size": [6, 5, 7], "pivot": [0, 6.25, 7], "rotation": [-20, 0, 0], "uv": [38, 0]},
						{"origin": [0, 1, -0.25], "size": [0, 14, 23], "pivot": [0, 7, 9.25], "rotation": [5, 0, 0], "uv": [0, 48]}
					]
				},
				{
					"name": "leg_left",
					"parent": "swampert",
					"pivot": [4.75, 8.5, 5],
					"cubes": [
						{"origin": [2.75, 3, 1.5], "size": [4, 7, 7], "uv": [48, 44]},
						{"origin": [2.75, 2, 2.5], "size": [4, 1, 5], "uv": [0, 65]},
						{"origin": [6.5, 3.5, 2.75], "size": [1, 6, 4], "pivot": [7, 6.5, 4.75], "rotation": [-2.5, 2.5, 0], "uv": [51, 65]}
					]
				},
				{
					"name": "foot_left",
					"parent": "leg_left",
					"pivot": [4.75, 2, 5.5],
					"cubes": [
						{"origin": [2.75, 0, 1], "size": [4, 2, 7], "uv": [57, 5]},
						{"origin": [3.25, 0, 1], "size": [3, 2, 3], "inflate": 0.02, "uv": [25, 25], "mirror": true}
					]
				},
				{
					"name": "leg_right",
					"parent": "swampert",
					"pivot": [-4.75, 8.5, 5],
					"cubes": [
						{"origin": [-6.75, 3, 1.5], "size": [4, 7, 7], "uv": [11, 51]},
						{"origin": [-6.75, 2, 2.5], "size": [4, 1, 5], "uv": [18, 65]},
						{"origin": [-7.5, 3.5, 2.75], "size": [1, 6, 4], "pivot": [-7, 6.5, 4.75], "rotation": [-2.5, -2.5, 0], "uv": [61, 65]}
					]
				},
				{
					"name": "foot_right",
					"parent": "leg_right",
					"pivot": [-4.75, 2, 5.5],
					"cubes": [
						{"origin": [-6.75, 0, 1], "size": [4, 2, 7], "uv": [33, 57]},
						{"origin": [-6.25, 0, 1], "size": [3, 2, 3], "inflate": 0.02, "uv": [25, 25]}
					]
				}
			]
		}
	]
}