{
	"format_version": "1.12.0",
	"minecraft:geometry": [
		{
			"description": {
				"identifier": "geometry.weezing",
				"texture_width": 64,
				"texture_height": 64,
				"visible_bounds_width": 4,
				"visible_bounds_height": 3.5,
				"visible_bounds_offset": [0, 1.25, 0]
			},
			"bones": [
				{
					"name": "weezing",
					"pivot": [0, 0, 0]
				},
				{
					"name": "bone",
					"parent": "weezing",
					"pivot": [0, 11.5, 0]
				},
				{
					"name": "main_body",
					"parent": "bone",
					"pivot": [-4, 11.5, 0],
					"cubes": [
						{"origin": [-11.5, 4, -7.5], "size": [15, 15, 15], "uv": [0, 0]},
						{"origin": [0.5, 3.99, -7], "size": [1, 0, 2], "uv": [49, 33]},
						{"origin": [0.5, 6.5, -7.52], "size": [1, 2, 0], "uv": [55, 32]},
						{"origin": [-9.5, 3.99, -7], "size": [1, 0, 2], "uv": [51, 33], "mirror": true},
						{"origin": [-9.5, 6.5, -7.52], "size": [1, 2, 0], "uv": [57, 32], "mirror": true},
						{"origin": [-6, 8, -7.51], "size": [4, 2, 0], "uv": [51, 30], "mirror": true},
						{"origin": [-5, 8.5, -7.52], "size": [2, 1, 0], "uv": [51, 32], "mirror": true},
						{"origin": [-4.5, 7.5, -7.52], "size": [1, 1, 0], "uv": [55, 34], "mirror": true}
					],
					"locators": {
						"held_item_fixed": {
							"offset": [-4, 19.5, 2.5],
							"rotation": [90, 0, 0]
						}
					}
				},
				{
					"name": "eyes",
					"parent": "main_body",
					"pivot": [-3.5, 15, -7.52]
				},
				{
					"name": "eye_left",
					"parent": "eyes",
					"pivot": [-0.5, 15, -7.52],
					"rotation": [0, 0, 7.5],
					"cubes": [
						{"origin": [-2.25, 14, -7.52], "size": [5, 2, 0], "uv": [0, 3]}
					]
				},
				{
					"name": "pupil_left",
					"parent": "eye_left",
					"pivot": [-0.75, 15.5, -7.53],
					"cubes": [
						{"origin": [-1.25, 15, -7.53], "size": [1, 1, 0], "uv": [13, 0]}
					]
				},
				{
					"name": "eyebrow_left",
					"parent": "eye_left",
					"pivot": [0, 18, -7.5],
					"rotation": [-20, 0, 0],
					"cubes": [
						{"origin": [-3, 16, -7.5], "size": [6, 2, 1], "uv": [0, 0]}
					]
				},
				{
					"name": "eyelid_left",
					"parent": "eye_left",
					"pivot": [0.25, 15, -6.93],
					"cubes": [
						{"origin": [-2.25, 14, -7.43], "size": [5, 2, 1], "inflate": 0.01, "uv": [52, 44]}
					]
				},
				{
					"name": "eye_right",
					"parent": "eyes",
					"pivot": [-7.5, 15, -7.52],
					"rotation": [0, 0, -7.5],
					"cubes": [
						{"origin": [-10.75, 14, -7.52], "size": [5, 2, 0], "uv": [0, 8], "mirror": true}
					]
				},
				{
					"name": "pupil_right",
					"parent": "eye_right",
					"pivot": [-7.25, 15.5, -7.53],
					"cubes": [
						{"origin": [-7.75, 15, -7.53], "size": [1, 1, 0], "uv": [13, 5], "mirror": true}
					]
				},
				{
					"name": "eyebrow_right",
					"parent": "eye_right",
					"pivot": [-8, 18, -7.5],
					"rotation": [-20, 0, 0],
					"cubes": [
						{"origin": [-11, 16, -7.5], "size": [6, 2, 1], "uv": [0, 5], "mirror": true}
					]
				},
				{
					"name": "eyelid_right",
					"parent": "eye_right",
					"pivot": [-8.25, 15, -6.93],
					"cubes": [
						{"origin": [-10.75, 14, -7.43], "size": [5, 2, 1], "inflate": 0.01, "uv": [52, 47], "mirror": true}
					]
				},
				{
					"name": "mouth",
					"parent": "main_body",
					"pivot": [-4, 12, -7.52]
				},
				{
					"name": "mouth_open",
					"parent": "mouth",
					"pivot": [-4, 11.75, -7.51],
					"cubes": [
						{"origin": [-4.5, 10.75, -7.51], "size": [7, 2, 0], "uv": [45, 0]},
						{"origin": [-10.5, 10.75, -7.51], "size": [7, 2, 0], "uv": [45, 2], "mirror": true}
					]
				},
				{
					"name": "tooth_open_left1",
					"parent": "mouth_open",
					"pivot": [-1.75, 12.25, -7.52],
					"cubes": [
						{"origin": [-2.75, 11.75, -7.52], "size": [2, 1, 0], "uv": [60, 0]}
					]
				},
				{
					"name": "tooth_open_left2",
					"parent": "mouth_open",
					"pivot": [0, 10.75, -7.52],
					"rotation": [10, 0, 5],
					"cubes": [
						{"origin": [0, 10.75, -7.52], "size": [2, 3, 0], "uv": [60, 2]}
					]
				},
				{
					"name": "tooth_open_right1",
					"parent": "mouth_open",
					"pivot": [-6.25, 12.25, -7.52],
					"cubes": [
						{"origin": [-7.25, 11.75, -7.52], "size": [2, 1, 0], "uv": [60, 1], "mirror": true}
					]
				},
				{
					"name": "tooth_open_right2",
					"parent": "mouth_open",
					"pivot": [-8, 10.75, -7.52],
					"rotation": [10, 0, -5],
					"cubes": [
						{"origin": [-10, 10.75, -7.52], "size": [2, 3, 0], "uv": [60, 5], "mirror": true}
					]
				},
				{
					"name": "mouth_closed",
					"parent": "mouth",
					"pivot": [-4, 11.5, -6.76],
					"cubes": [
						{"origin": [-4, 11, -6.76], "size": [6, 1, 0], "uv": [45, 5]},
						{"origin": [-10, 11, -6.76], "size": [6, 1, 0], "uv": [45, 4], "mirror": true}
					]
				},
				{
					"name": "tooth_closed_left",
					"parent": "mouth_closed",
					"pivot": [0, 11, -6.77],
					"rotation": [10, 0, 5],
					"cubes": [
						{"origin": [0, 11, -6.77], "size": [2, 3, 0], "uv": [60, 8]}
					]
				},
				{
					"name": "tooth_closed_right",
					"parent": "mouth_closed",
					"pivot": [-8, 11, -6.77],
					"rotation": [10, 0, -5],
					"cubes": [
						{"origin": [-10, 11, -6.77], "size": [2, 3, 0], "uv": [60, 11], "mirror": true}
					]
				},
				{
					"name": "main_craters",
					"parent": "main_body",
					"pivot": [-4, 11.5, 0]
				},
				{
					"name": "main_crater_back1",
					"parent": "main_craters",
					"pivot": [-3.75, 11.9, 7.5],
					"cubes": [
						{"origin": [-5.25, 10.4, 7], "size": [3, 3, 2], "uv": [0, 48], "mirror": true}
					]
				},
				{
					"name": "main_crater_back2",
					"parent": "main_craters",
					"pivot": [-8.5, 17.9, 7.5],
					"rotation": [25, -5, 0],
					"cubes": [
						{"origin": [-10, 16.4, 6.75], "size": [3, 3, 2], "uv": [10, 48], "mirror": true}
					]
				},
				{
					"name": "main_crater_back3",
					"parent": "main_craters",
					"pivot": [-5.25, 4.85, 6.75],
					"rotation": [-40, -5, 0],
					"cubes": [
						{"origin": [-6.75, 3.35, 6.25], "size": [3, 3, 2], "uv": [0, 53], "mirror": true}
					]
				},
				{
					"name": "main_crater_top1",
					"parent": "main_craters",
					"pivot": [0.75, 18.9, -1.5],
					"rotation": [5, 0, 15],
					"cubes": [
						{"origin": [-0.75, 18.4, -3], "size": [3, 2, 3], "uv": [20, 48]}
					]
				},
				{
					"name": "main_crater_top2",
					"parent": "main_craters",
					"pivot": [-8.75, 18.9, -1.5],
					"rotation": [5, 0, -15],
					"cubes": [
						{"origin": [-10.25, 18.4, -3], "size": [3, 2, 3], "uv": [10, 53], "mirror": true}
					]
				},
				{
					"name": "main_crater_top3",
					"parent": "main_craters",
					"pivot": [-0.5, 19, 7.5],
					"rotation": [-45, 5, 0],
					"cubes": [
						{"origin": [-2, 17.5, 6], "size": [3, 2, 3], "uv": [22, 53]}
					]
				},
				{
					"name": "main_crater_bottom1",
					"parent": "main_craters",
					"pivot": [-0.25, 3.9, 1],
					"rotation": [5, 0, -10],
					"cubes": [
						{"origin": [-1.75, 2.4, -0.5], "size": [3, 2, 3], "uv": [0, 58]}
					]
				},
				{
					"name": "main_crater_bottom2",
					"parent": "main_craters",
					"pivot": [-7.75, 3.9, 1],
					"rotation": [5, 0, 10],
					"cubes": [
						{"origin": [-9.25, 2.4, -0.5], "size": [3, 2, 3], "uv": [12, 58], "mirror": true}
					]
				},
				{
					"name": "main_crater_left1",
					"parent": "main_craters",
					"pivot": [3.5, 7.5, -5.5],
					"rotation": [0, 10, 10],
					"cubes": [
						{"origin": [2.75, 6, -7], "size": [2, 3, 3], "uv": [24, 58], "mirror": true}
					]
				},
				{
					"name": "main_crater_left2",
					"parent": "main_craters",
					"pivot": [3.5, 8.5, 7.5],
					"rotation": [0, -45, 5],
					"cubes": [
						{"origin": [2, 7, 6], "size": [2, 3, 3], "uv": [31, 55], "mirror": true}
					]
				},
				{
					"name": "main_crater_right1",
					"parent": "main_craters",
					"pivot": [-11.5, 7.5, -5.5],
					"rotation": [0, -10, -10],
					"cubes": [
						{"origin": [-12.75, 6, -7], "size": [2, 3, 3], "uv": [36, 40]}
					]
				},
				{
					"name": "main_crater_right2",
					"parent": "main_craters",
					"pivot": [-11.5, 10.5, -1.5],
					"rotation": [0, -5, -5],
					"cubes": [
						{"origin": [-13, 9, -3], "size": [2, 3, 3], "uv": [33, 46]}
					]
				},
				{
					"name": "main_crater_right3",
					"parent": "main_craters",
					"pivot": [-11.5, 16, 2.5],
					"rotation": [0, 0, 12.5],
					"cubes": [
						{"origin": [-13, 14.5, 1], "size": [2, 3, 3], "uv": [38, 52]}
					]
				},
				{
					"name": "main_crater_right4",
					"parent": "main_craters",
					"pivot": [-11.5, 9, 6],
					"rotation": [0, 10, -5],
					"cubes": [
						{"origin": [-13, 7.5, 4.5], "size": [2, 3, 3], "uv": [38, 58]}
					]
				},
				{
					"name": "middle_body",
					"parent": "main_body",
					"pivot": [7.5, 13, 2.5],
					"rotation": [-10, -37.5, 15],
					"cubes": [
						{"origin": [3, 8.5, -2], "size": [9, 9, 9], "uv": [0, 30]}
					]
				},
				{
					"name": "small_eyes",
					"parent": "middle_body",
					"pivot": [7.5, 15, -2.02]
				},
				{
					"name": "small_eye_left",
					"parent": "small_eyes",
					"pivot": [10, 15, -2.01],
					"rotation": [0, 0, -5],
					"cubes": [
						{"origin": [8.5, 14, -2.01], "size": [3, 2, 0], "uv": [0, 10]}
					]
				},
				{
					"name": "small_pupil_left",
					"parent": "small_eye_left",
					"pivot": [9.5, 15.25, -2.02],
					"cubes": [
						{"origin": [9, 14.75, -2.02], "size": [1, 1, 0], "uv": [10, 8]}
					]
				},
				{
					"name": "small_eyebrow_left",
					"parent": "small_eye_left",
					"pivot": [8.55, 16, -2.03],
					"rotation": [0, 0, 12.5],
					"cubes": [
						{"origin": [8.5, 15.75, -2.03], "size": [3.25, 1, 0], "inflate": 0.01, "uv": [0, 12]}
					]
				},
				{
					"name": "small_eyelid_left",
					"parent": "small_eye_left",
					"pivot": [10, 15, -1.42],
					"cubes": [
						{"origin": [8.5, 14, -1.92], "size": [3, 2, 1], "inflate": 0.01, "uv": [56, 38]}
					]
				},
				{
					"name": "small_eye_right",
					"parent": "small_eyes",
					"pivot": [5, 15, -2.01],
					"rotation": [0, 0, 5],
					"cubes": [
						{"origin": [3.5, 14, -2.01], "size": [3, 2, 0], "uv": [6, 10], "mirror": true}
					]
				},
				{
					"name": "small_pupil_right",
					"parent": "small_eye_right",
					"pivot": [5.5, 15.25, -2.02],
					"cubes": [
						{"origin": [5, 14.75, -2.02], "size": [1, 1, 0], "uv": [10, 9], "mirror": true}
					]
				},
				{
					"name": "small_eyebrow_right",
					"parent": "small_eye_right",
					"pivot": [6.45, 16, -2.03],
					"rotation": [0, 0, -12.5],
					"cubes": [
						{"origin": [3.25, 15.75, -2.03], "size": [3.25, 1, 0], "inflate": 0.01, "uv": [0, 13], "mirror": true}
					]
				},
				{
					"name": "small_eyelid_right",
					"parent": "small_eye_right",
					"pivot": [5, 15, -1.42],
					"cubes": [
						{"origin": [3.5, 14, -1.92], "size": [3, 2, 1], "inflate": 0.01, "uv": [54, 41], "mirror": true}
					]
				},
				{
					"name": "small_mouth",
					"parent": "middle_body",
					"pivot": [7.5, 12.25, -2.02]
				},
				{
					"name": "small_mouth_closed",
					"parent": "small_mouth",
					"pivot": [7.5, 13, -2.02],
					"cubes": [
						{"origin": [5.5, 12.5, -2.02], "size": [4, 1, 0], "uv": [45, 6]},
						{"origin": [9.5, 12, -2.02], "size": [2, 1, 0], "uv": [45, 7]},
						{"origin": [3.5, 12, -2.02], "size": [2, 1, 0], "uv": [45, 8], "mirror": true}
					]
				},
				{
					"name": "small_tooth_closed_left",
					"parent": "small_mouth_closed",
					"pivot": [10.75, 13, -2.02],
					"rotation": [-20, 0, 0],
					"cubes": [
						{"origin": [10.25, 12.5, -2.02], "size": [1, 1, 0], "pivot": [10.75, 13, -2.02], "rotation": [0, 0, 45], "uv": [49, 7]}
					]
				},
				{
					"name": "small_tooth_closed_right",
					"parent": "small_mouth_closed",
					"pivot": [4.25, 13, -2.02],
					"rotation": [-20, 0, 0],
					"cubes": [
						{"origin": [3.75, 12.5, -2.02], "size": [1, 1, 0], "pivot": [4.25, 13, -2.02], "rotation": [0, 0, -45], "uv": [49, 8], "mirror": true}
					]
				},
				{
					"name": "small_mouth_open",
					"parent": "small_mouth",
					"pivot": [7.5, 13, -1.77],
					"cubes": [
						{"origin": [7.5, 11.75, -1.77], "size": [4, 2, 0], "uv": [45, 9]},
						{"origin": [3.5, 11.75, -1.77], "size": [4, 2, 0], "uv": [45, 11], "mirror": true}
					]
				},
				{
					"name": "small_tooth_open_left",
					"parent": "small_mouth_open",
					"pivot": [9.75, 13.75, -1.77],
					"rotation": [-20, 0, 0],
					"cubes": [
						{"origin": [9.25, 13.25, -1.77], "size": [1, 1, 0], "pivot": [9.75, 13.75, -1.77], "rotation": [0, 0, 45], "uv": [51, 7]}
					]
				},
				{
					"name": "small_tooth_open_right",
					"parent": "small_mouth_open",
					"pivot": [5.25, 13.75, -1.77],
					"rotation": [-20, 0, 0],
					"cubes": [
						{"origin": [4.75, 13.25, -1.77], "size": [1, 1, 0], "pivot": [5.25, 13.75, -1.77], "rotation": [0, 0, -45], "uv": [51, 8], "mirror": true}
					]
				},
				{
					"name": "middle_craters",
					"parent": "middle_body",
					"pivot": [7.5, 13, 2.5]
				},
				{
					"name": "middle_crater_top1",
					"parent": "middle_craters",
					"pivot": [6, 17.5, 0],
					"rotation": [25, 0, 0],
					"cubes": [
						{"origin": [5, 16.5, -1], "size": [2, 2, 2], "uv": [46, 40]}
					]
				},
				{
					"name": "middle_crater_top2",
					"parent": "middle_craters",
					"pivot": [7.5, 17.5, 4.5],
					"rotation": [-12.5, 0, 0],
					"cubes": [
						{"origin": [6.5, 16.75, 3.5], "size": [2, 2, 2], "uv": [44, 44]}
					]
				},
				{
					"name": "middle_crater_left1",
					"parent": "middle_craters",
					"pivot": [12, 15.5, 1.5],
					"rotation": [0, 5, -15],
					"cubes": [
						{"origin": [11.5, 14.5, 0.5], "size": [2, 2, 2], "uv": [43, 48]}
					]
				},
				{
					"name": "middle_crater_left2",
					"parent": "middle_craters",
					"pivot": [12, 10.5, -0.5],
					"rotation": [0, 5, 15],
					"cubes": [
						{"origin": [11.5, 9.5, -1.5], "size": [2, 2, 2], "uv": [48, 52]}
					]
				},
				{
					"name": "middle_crater_left3",
					"parent": "middle_craters",
					"pivot": [12, 14, 5.5],
					"rotation": [0, -15, 0],
					"cubes": [
						{"origin": [11.5, 13, 4.5], "size": [2, 2, 2], "uv": [46, 56]}
					]
				},
				{
					"name": "middle_crater_right1",
					"parent": "middle_craters",
					"pivot": [3, 16, 1.25],
					"rotation": [0, -5, 20],
					"cubes": [
						{"origin": [1.5, 15, 0.25], "size": [2, 2, 2], "uv": [48, 60], "mirror": true}
					]
				},
				{
					"name": "middle_crater_right2",
					"parent": "middle_craters",
					"pivot": [3, 10.25, -0.5],
					"rotation": [0, -5, -17.5],
					"cubes": [
						{"origin": [1.5, 9.25, -1.5], "size": [2, 2, 2], "uv": [56, 60], "mirror": true}
					]
				},
				{
					"name": "tube",
					"parent": "main_body",
					"pivot": [1, 8, 2],
					"rotation": [15, 0, -55],
					"cubes": [
						{"origin": [0, 1, 1], "size": [2, 6, 2], "uv": [1, 31]}
					]
				},
				{
					"name": "small_body",
					"parent": "tube",
					"pivot": [1, -0.5, 2],
					"rotation": [-2.5, 0, 45],
					"cubes": [
						{"origin": [-1.5, -3, -0.5], "size": [5, 5, 5], "uv": [36, 30]}
					]
				},
				{
					"name": "small_craters",
					"parent": "small_body",
					"pivot": [1, -0.5, 2]
				},
				{
					"name": "small_crater_front1",
					"parent": "small_craters",
					"pivot": [3.5, -1, -0.5],
					"rotation": [0, -50, 0],
					"cubes": [
						{"origin": [3, -1.5, -0.75], "size": [1, 1, 1], "uv": [54, 60]}
					]
				},
				{
					"name": "small_crater_front2",
					"parent": "small_craters",
					"pivot": [-1.5, -1, -0.5],
					"rotation": [0, 50, 0],
					"cubes": [
						{"origin": [-2, -1.5, -0.75], "size": [1, 1, 1], "uv": [54, 58], "mirror": true}
					]
				},
				{
					"name": "small_crater_back1",
					"parent": "small_craters",
					"pivot": [2, -2, 4.5],
					"rotation": [0, 12.5, 0],
					"cubes": [
						{"origin": [1.5, -2.5, 4.25], "size": [1, 1, 1], "uv": [52, 56], "mirror": true}
					]
				},
				{
					"name": "small_crater_back2",
					"parent": "small_craters",
					"pivot": [-0.25, -3, 4.5],
					"rotation": [-45, -10, 0],
					"cubes": [
						{"origin": [-0.75, -3.5, 3.75], "size": [1, 1, 1], "uv": [56, 56], "mirror": true}
					]
				},
				{
					"name": "small_crater_back3",
					"parent": "small_craters",
					"pivot": [-1.5, 0.5, 4.5],
					"rotation": [0, -45, 0],
					"cubes": [
						{"origin": [-2, 0, 3.75], "size": [1, 1, 1], "uv": [58, 58], "mirror": true}
					]
				},
				{
					"name": "small_crater_back4",
					"parent": "small_craters",
					"pivot": [1, 1.5, 4.5],
					"rotation": [17.5, 0, 0],
					"cubes": [
						{"origin": [0.5, 1, 4.25], "size": [1, 1, 1], "uv": [60, 56], "mirror": true}
					]
				},
				{
					"name": "tube2",
					"parent": "small_body",
					"pivot": [2, 1, 1.5],
					"rotation": [10, 0, 20],
					"cubes": [
						{"origin": [1, 1, 0.5], "size": [2, 5, 2], "uv": [27, 32]}
					]
				}
			]
		}
	]
}