{
	"format_version": "1.12.0",
	"minecraft:geometry": [
		{
			"description": {
				"identifier": "geometry.weavile_male",
				"texture_width": 64,
				"texture_height": 64,
				"visible_bounds_width": 3,
				"visible_bounds_height": 3.5,
				"visible_bounds_offset": [0, 1.25, 0]
			},
			"bones": [
				{
					"name": "weavile",
					"pivot": [0, 0, 0]
				},
				{
					"name": "body",
					"parent": "weavile",
					"pivot": [0, 0, 0]
				},
				{
					"name": "waist",
					"parent": "body",
					"pivot": [0, 5.6, 0],
					"cubes": [
						{"origin": [-2.5, 5.8, -2], "size": [5, 5, 4], "inflate": 0, "uv": [20, 24]}
					]
				},
				{
					"name": "torso",
					"parent": "waist",
					"pivot": [0, 10.75, 0],
					"cubes": [
						{"origin": [-2, 10.65, -1.4], "size": [4, 3, 3], "uv": [40, 10]},
						{"origin": [-0.35, 12.6, -0.9], "size": [2, 2, 2], "inflate": -0.1, "uv": [12, 38]},
						{"origin": [-1.65, 12.6, -0.9], "size": [2, 2, 2], "inflate": -0.1, "uv": [0, 38], "mirror": true}
					]
				},
				{
					"name": "collar",
					"parent": "torso",
					"pivot": [0, 32, 0]
				},
				{
					"name": "collar_front",
					"parent": "collar",
					"pivot": [0, 14.6, -0.8],
					"rotation": [30, 0, 0],
					"cubes": [
						{"origin": [-4, 14.6, -4.3], "size": [8, 0, 4], "uv": [20, 4]}
					]
				},
				{
					"name": "collar_left",
					"parent": "collar",
					"pivot": [1.1, 14.9, 0.1],
					"rotation": [0, 0, 30],
					"cubes": [
						{"origin": [1.6, 14.9, -2.4], "size": [3, 0, 5], "uv": [49, 0]}
					]
				},
				{
					"name": "collar_right",
					"parent": "collar",
					"pivot": [-1.1, 14.9, 0.1],
					"rotation": [0, 0, -30],
					"cubes": [
						{"origin": [-4.6, 14.9, -2.4], "size": [3, 0, 5], "uv": [49, 5]}
					]
				},
				{
					"name": "collar_back",
					"parent": "collar",
					"pivot": [0, 14.6, 1],
					"rotation": [-30, 0, 0],
					"cubes": [
						{"origin": [-4, 14.6, 0.5], "size": [8, 0, 4], "uv": [20, 0]}
					]
				},
				{
					"name": "head",
					"parent": "torso",
					"pivot": [0, 14.65, 0],
					"cubes": [
						{"origin": [-4, 14.7, -4], "size": [8, 7, 8], "uv": [0, 0]},
						{"origin": [-0.5, 18.7, -4.01], "size": [1, 2, 0], "uv": [0, 0]},
						{"origin": [-2.5, 15.7, -5], "size": [5, 1, 1], "uv": [24, 36]}
					]
				},
				{
					"name": "ear_right",
					"parent": "head",
					"pivot": [-4, 18.1, -0.7],
					"rotation": [0, 0, -10],
					"cubes": [
						{"origin": [-10, 16.1, -0.7], "size": [6, 2, 0], "uv": [0, 51]}
					]
				},
				{
					"name": "ear_left",
					"parent": "head",
					"pivot": [4, 18.1, -0.7],
					"rotation": [0, 0, 10],
					"cubes": [
						{"origin": [4, 16.1, -0.7], "size": [6, 2, 0], "uv": [0, 53]}
					]
				},
				{
					"name": "crown",
					"parent": "head",
					"pivot": [0, 21.7, -1],
					"rotation": [-15, 0, 0]
				},
				{
					"name": "crown_middle",
					"parent": "crown",
					"pivot": [0, 21.7, -1],
					"rotation": [-7, 0, 0],
					"cubes": [
						{"origin": [-4.5, 21.7, -1], "size": [9, 8, 1], "uv": [0, 24]}
					]
				},
				{
					"name": "crown_right",
					"parent": "crown",
					"pivot": [-4.5, 29.5, 0],
					"rotation": [-4, 3, -55],
					"cubes": [
						{"origin": [-13.5, 21.5, 0], "size": [9, 8, 1], "uv": [20, 15]}
					]
				},
				{
					"name": "crown_left",
					"parent": "crown",
					"pivot": [4.5, 29.5, 0],
					"rotation": [-4, -3, 55],
					"cubes": [
						{"origin": [4.5, 21.5, 0], "size": [9, 8, 1], "uv": [0, 15]}
					]
				},
				{
					"name": "head_fluff_top",
					"parent": "head",
					"pivot": [0, 21.7, -1.5],
					"rotation": [-14, 0, 0],
					"cubes": [
						{"origin": [-4, 17.7, -1.5], "size": [8, 8, 0], "pivot": [0, 21.7, -1.5], "rotation": [0, 0, 45], "uv": [40, 16]}
					]
				},
				{
					"name": "head_fluff_right",
					"parent": "head",
					"pivot": [-4, 18.9, -1.5],
					"rotation": [0, 20, 0],
					"cubes": [
						{"origin": [-4, 17.7, -1.5], "size": [4, 4, 0], "pivot": [-4, 21.7, -1.5], "rotation": [0, 0, 45], "uv": [56, 10]}
					]
				},
				{
					"name": "head_fluff_left",
					"parent": "head",
					"pivot": [4, 18.9, -1.5],
					"rotation": [0, -20, 0],
					"cubes": [
						{"origin": [0, 17.7, -1.5], "size": [4, 4, 0], "pivot": [4, 21.7, -1.5], "rotation": [0, 0, -45], "uv": [56, 14]}
					]
				},
				{
					"name": "head_fluff_back",
					"parent": "head",
					"pivot": [0, 21.4, 1.5],
					"rotation": [-14, 0, 0],
					"cubes": [
						{"origin": [-3, 15.9, 1.5], "size": [9, 9, 0], "pivot": [0, 21.9, 1.5], "rotation": [0, 0, 45], "uv": [38, 24]}
					]
				},
				{
					"name": "jaw",
					"parent": "head",
					"pivot": [0, 15.21, -4.45],
					"cubes": [
						{"origin": [-2.5, 14.7, -5], "size": [5, 1, 1], "uv": [24, 38]}
					]
				},
				{
					"name": "mouth",
					"parent": "head",
					"pivot": [0, 15.2, -4.442],
					"cubes": [
						{"origin": [-2.5, 14.7, -4.442], "size": [5, 1, 0], "uv": [24, 40]}
					]
				},
				{
					"name": "fang_right",
					"parent": "head",
					"pivot": [-1.7, 15.1, -4.85],
					"rotation": [-5, 0, 0],
					"cubes": [
						{"origin": [-2.2, 14.6, -5], "size": [1, 1, 0], "pivot": [-1.7, 15.11307, -5.84943], "rotation": [0, 0, 45], "uv": [2, 0]}
					]
				},
				{
					"name": "fang_left",
					"parent": "head",
					"pivot": [1.7, 15.72, -4.45],
					"rotation": [-5, 0, 0],
					"cubes": [
						{"origin": [1.2, 15.22, -4.54], "size": [1, 1, 0], "pivot": [1.7, 15.7, -5.45], "rotation": [0, 0, -45], "uv": [2, 1], "mirror": true}
					]
				},
				{
					"name": "eyes",
					"parent": "head",
					"pivot": [0, 17.4, -2.5]
				},
				{
					"name": "eye_right",
					"parent": "eyes",
					"pivot": [-3.5, 17.75, -2.5],
					"cubes": [
						{"origin": [-4, 16.7, -4], "size": [3, 2, 1], "inflate": 0.01, "uv": [0, 2]}
					]
				},
				{
					"name": "pupil_right",
					"parent": "eye_right",
					"pivot": [-2.1, 17.7, -3.51],
					"cubes": [
						{"origin": [-2.6, 16.7, -4], "size": [1, 2, 1], "inflate": 0.015, "uv": [60, 0]}
					]
				},
				{
					"name": "eyelid_right",
					"parent": "eye_right",
					"pivot": [-2.4, 17.7, -3.4],
					"cubes": [
						{"origin": [-3.9, 16.7, -3.9], "size": [3, 2, 1], "inflate": 0.025, "uv": [0, 43]}
					]
				},
				{
					"name": "eye_left",
					"parent": "eyes",
					"pivot": [3.5, 17.75, -2.5],
					"cubes": [
						{"origin": [1, 16.7, -4], "size": [3, 2, 1], "inflate": 0.01, "uv": [0, 5]}
					]
				},
				{
					"name": "pupil_left",
					"parent": "eye_left",
					"pivot": [2, 17.7, -3.51],
					"cubes": [
						{"origin": [1.5, 16.7, -4], "size": [1, 2, 1], "inflate": 0.015, "uv": [60, 3]}
					]
				},
				{
					"name": "eyelid_left",
					"parent": "eye_left",
					"pivot": [2.4, 17.7, -3.4],
					"cubes": [
						{"origin": [0.9, 16.7, -3.9], "size": [3, 2, 1], "inflate": 0.025, "uv": [8, 43]}
					]
				},
				{
					"name": "arm_right",
					"parent": "torso",
					"pivot": [-2, 13.5, 0],
					"cubes": [
						{"origin": [-7, 13, -1], "size": [5, 1, 2], "inflate": 0.1, "uv": [38, 33]}
					]
				},
				{
					"name": "arm_right2",
					"parent": "arm_right",
					"pivot": [-7, 14, 1],
					"cubes": [
						{"origin": [-11, 12.5, -1.5], "size": [4, 2, 3], "inflate": -0.09, "uv": [40, 5]}
					]
				},
				{
					"name": "arm_claw_back_right",
					"parent": "arm_right2",
					"pivot": [-10.9, 14.5, 0.6],
					"rotation": [0, 5, 0],
					"cubes": [
						{"origin": [-13.8, 12.5, 0.5], "size": [3, 2, 1], "inflate": -0.11, "uv": [56, 27]},
						{"origin": [-14.69, 11.5, 1.1], "size": [1, 2, 0], "uv": [20, 24]}
					]
				},
				{
					"name": "arm_claw_middle_right",
					"parent": "arm_right2",
					"pivot": [-10.9, 14.5, 0],
					"cubes": [
						{"origin": [-13.8, 12.5, -0.5], "size": [3, 2, 1], "inflate": -0.11, "uv": [56, 30]},
						{"origin": [-14.69, 11.5, 0], "size": [1, 2, 0], "uv": [22, 24]}
					]
				},
				{
					"name": "arm_claw_front_right",
					"parent": "arm_right2",
					"pivot": [-10.9, 14.5, -0.6],
					"rotation": [0, -5, 0],
					"cubes": [
						{"origin": [-13.8, 12.5, -1.5], "size": [3, 2, 1], "inflate": -0.11, "uv": [56, 33]},
						{"origin": [-14.69, 11.5, -1.1], "size": [1, 2, 0], "uv": [20, 26]}
					]
				},
				{
					"name": "arm_left",
					"parent": "torso",
					"pivot": [2, 13.5, 0],
					"cubes": [
						{"origin": [2, 13, -1], "size": [5, 1, 2], "inflate": 0.1, "uv": [24, 33]}
					]
				},
				{
					"name": "arm_left2",
					"parent": "arm_left",
					"pivot": [7, 14, 1],
					"cubes": [
						{"origin": [7, 12.5, -1.5], "size": [4, 2, 3], "inflate": -0.09, "uv": [40, 0]}
					]
				},
				{
					"name": "arm_claw_back_left",
					"parent": "arm_left2",
					"pivot": [10.9, 14.5, 0.6],
					"rotation": [0, -5, 0],
					"cubes": [
						{"origin": [10.8, 12.5, 0.5], "size": [3, 2, 1], "inflate": -0.11, "uv": [56, 18]},
						{"origin": [13.69, 11.5, 1.1], "size": [1, 2, 0], "uv": [36, 24]}
					]
				},
				{
					"name": "arm_claw_middle_left",
					"parent": "arm_left2",
					"pivot": [10.9, 14.5, 0],
					"cubes": [
						{"origin": [10.8, 12.5, -0.5], "size": [3, 2, 1], "inflate": -0.11, "uv": [56, 21]},
						{"origin": [13.69, 11.5, 0], "size": [1, 2, 0], "uv": [34, 24]}
					]
				},
				{
					"name": "arm_claw_front_left",
					"parent": "arm_left2",
					"pivot": [10.9, 14.5, -0.6],
					"rotation": [0, 5, 0],
					"cubes": [
						{"origin": [10.8, 12.5, -1.5], "size": [3, 2, 1], "inflate": -0.11, "uv": [56, 24]},
						{"origin": [13.69, 11.5, -1.1], "size": [1, 2, 0], "uv": [36, 26]}
					]
				},
				{
					"name": "tail",
					"parent": "waist",
					"pivot": [0, 7.75, 2]
				},
				{
					"name": "tail_bottom",
					"parent": "tail",
					"pivot": [0, 7.8, 2],
					"rotation": [-10, 0, 0],
					"cubes": [
						{"origin": [0, 5.8, 1.75], "size": [0, 3, 9], "uv": [0, 37]}
					]
				},
				{
					"name": "tail_top",
					"parent": "tail",
					"pivot": [0, 7.9, 2],
					"rotation": [20, 0, 0],
					"cubes": [
						{"origin": [0, 7.9, 1.8], "size": [0, 2, 6], "uv": [0, 43]}
					]
				},
				{
					"name": "leg_right",
					"parent": "body",
					"pivot": [-1.5, 5.8, 0.3],
					"cubes": [
						{"origin": [-2.5, 3.2, -0.7], "size": [2, 3, 2], "inflate": -0.19, "uv": [8, 33]}
					]
				},
				{
					"name": "leg_right2",
					"parent": "leg_right",
					"pivot": [-1.5, 3.4, -0.5],
					"cubes": [
						{"origin": [-2.5, 0.6, -0.7], "size": [2, 3, 2], "inflate": -0.2, "uv": [16, 33]}
					]
				},
				{
					"name": "foot_right",
					"parent": "leg_right2",
					"pivot": [-1.5, 1, 0.25],
					"cubes": [
						{"origin": [-2.5, 0.1, -2.55], "size": [2, 1, 4], "inflate": 0.1, "uv": [4, 38]}
					]
				},
				{
					"name": "foot_right2",
					"parent": "foot_right",
					"pivot": [-1.5, 0, -2.65],
					"cubes": [
						{"origin": [-0.6, 0, -3.65], "size": [0, 1, 1], "pivot": [-0.6, 0.5, -2.65], "rotation": [0, 5, 0], "uv": [34, 26]},
						{"origin": [-2.4, 0, -3.65], "size": [0, 1, 1], "pivot": [-2.4, 0.5, -2.65], "rotation": [0, -5, 0], "uv": [0, 32]},
						{"origin": [-1.5, 0, -3.65], "size": [0, 1, 1], "uv": [0, 33]}
					]
				},
				{
					"name": "leg_left",
					"parent": "body",
					"pivot": [1.5, 5.8, 0.3],
					"cubes": [
						{"origin": [0.5, 3.2, -0.7], "size": [2, 3, 2], "inflate": -0.19, "uv": [0, 33]}
					]
				},
				{
					"name": "leg_left2",
					"parent": "leg_left",
					"pivot": [1.5, 3.4, -0.5],
					"cubes": [
						{"origin": [0.5, 0.6, -0.7], "size": [2, 3, 2], "inflate": -0.2, "uv": [32, 10]}
					]
				},
				{
					"name": "foot_left",
					"parent": "leg_left2",
					"pivot": [1.5, 1, 0.25],
					"cubes": [
						{"origin": [0.5, 0.1, -2.55], "size": [2, 1, 4], "inflate": 0.1, "uv": [16, 38]}
					]
				},
				{
					"name": "foot_left2",
					"parent": "foot_left",
					"pivot": [1.5, 0, -2.65],
					"cubes": [
						{"origin": [0.6, 0, -3.65], "size": [0, 1, 1], "pivot": [0.6, 0.5, -2.65], "rotation": [0, -5, 0], "uv": [34, 25]},
						{"origin": [2.4, 0, -3.65], "size": [0, 1, 1], "pivot": [2.4, 0.5, -2.65], "rotation": [0, 5, 0], "uv": [22, 25]},
						{"origin": [1.5, 0, -3.65], "size": [0, 1, 1], "uv": [22, 26]}
					]
				}
			]
		}
	]
}