{
	"format_version": "1.12.0",
	"minecraft:geometry": [
		{
			"description": {
				"identifier": "geometry.raticate_male",
				"texture_width": 64,
				"texture_height": 64,
				"visible_bounds_width": 5,
				"visible_bounds_height": 2.5,
				"visible_bounds_offset": [0, 0.75, 0]
			},
			"bones": [
				{
					"name": "raticate",
					"pivot": [0, 0, 0]
				},
				{
					"name": "body",
					"parent": "raticate",
					"pivot": [0, 5.7, 0]
				},
				{
					"name": "torso",
					"parent": "body",
					"pivot": [1, 5.7, -2],
					"cubes": [
						{"origin": [-5.5, 1.2, -5.5], "size": [11, 10, 11], "uv": [0, 0]}
					]
				},
				{
					"name": "head",
					"parent": "torso",
					"pivot": [0, 11.2, -0.2],
					"rotation": [10, 0, 0],
					"cubes": [
						{"origin": [-4.5, 7.7, -7.2], "size": [9, 10, 11], "uv": [0, 21]}
					]
				},
				{
					"name": "head_fur",
					"parent": "head",
					"pivot": [0, 17.7, -1.2],
					"rotation": [-35, 0, 0],
					"cubes": [
						{"origin": [-4, 17.6, -1.2], "size": [8, 2, 0], "uv": [29, 30]}
					]
				},
				{
					"name": "snout",
					"parent": "head",
					"pivot": [-1.5, 16.9, -7.2],
					"rotation": [22.5, 0, 0],
					"cubes": [
						{"origin": [-2.5, 13.9, -9.8], "size": [5, 3, 3], "uv": [46, 18]}
					]
				},
				{
					"name": "tooth_upper",
					"parent": "snout",
					"pivot": [0, 13.9, -9.6],
					"rotation": [-16, 0, 0],
					"cubes": [
						{"origin": [-1.5, 11.8, -9.6], "size": [3, 3, 0], "uv": [0, 57]}
					]
				},
				{
					"name": "jaw",
					"parent": "head",
					"pivot": [0, 8.5, -6.9],
					"cubes": [
						{"origin": [-2, 8, -7.9], "size": [4, 1, 2], "uv": [44, 0]}
					]
				},
				{
					"name": "tooth_lower",
					"parent": "jaw",
					"pivot": [0, 9, -7.7],
					"rotation": [8, 0, 0],
					"cubes": [
						{"origin": [-1.5, 8.1, -7.7], "size": [3, 3, 0], "uv": [0, 54]}
					]
				},
				{
					"name": "mouth",
					"parent": "head",
					"pivot": [0, 12, -7.21],
					"cubes": [
						{"origin": [-2.5, 9, -7.21], "size": [5, 6, 0], "uv": [0, 21]}
					]
				},
				{
					"name": "whiskers_right",
					"parent": "head",
					"pivot": [-4, 12.15, -5.7]
				},
				{
					"name": "whiskers_upper_right",
					"parent": "whiskers_right",
					"pivot": [-4.5, 12.65, -5.5],
					"rotation": [0, 15, 12],
					"cubes": [
						{"origin": [-10.75, 12.65, -5.5], "size": [7, 2, 0], "uv": [33, 6]}
					]
				},
				{
					"name": "whiskers_middle_right",
					"parent": "whiskers_right",
					"pivot": [-4.5, 11.85, -5.4],
					"rotation": [0, 15, 4],
					"cubes": [
						{"origin": [-9.55, 11.85, -5.4], "size": [6, 2, 0], "uv": [47, 6]}
					]
				},
				{
					"name": "whiskers_lower_right",
					"parent": "whiskers_right",
					"pivot": [-4.5, 13.05, -5.2],
					"rotation": [0, 15, -5],
					"cubes": [
						{"origin": [-8.75, 10.05, -5.2], "size": [5, 3, 0], "uv": [49, 8]}
					]
				},
				{
					"name": "whiskers_left",
					"parent": "head",
					"pivot": [4, 12.15, -5.7]
				},
				{
					"name": "whiskers_upper_left",
					"parent": "whiskers_left",
					"pivot": [4.5, 12.65, -5.5],
					"rotation": [0, -15, -12],
					"cubes": [
						{"origin": [3.75, 12.65, -5.5], "size": [7, 2, 0], "uv": [44, 11], "mirror": true}
					]
				},
				{
					"name": "whiskers_middle_left",
					"parent": "whiskers_left",
					"pivot": [4.5, 11.85, -5.4],
					"rotation": [0, -15, -4],
					"cubes": [
						{"origin": [3.55, 11.85, -5.4], "size": [6, 2, 0], "uv": [44, 13], "mirror": true}
					]
				},
				{
					"name": "whiskers_lower_left",
					"parent": "whiskers_left",
					"pivot": [4.5, 13.05, -5.2],
					"rotation": [0, -15, 5],
					"cubes": [
						{"origin": [3.75, 10.05, -5.2], "size": [5, 3, 0], "uv": [44, 15], "mirror": true}
					]
				},
				{
					"name": "ear_right",
					"parent": "head",
					"pivot": [-4.5, 16.45, -0.45],
					"rotation": [10, 45, 5],
					"cubes": [
						{"origin": [-10, 13.45, -0.45], "size": [6, 6, 0], "uv": [40, 32]}
					]
				},
				{
					"name": "ear_left",
					"parent": "head",
					"pivot": [4.5, 16.45, -0.45],
					"rotation": [10, -45, -5],
					"cubes": [
						{"origin": [4, 13.45, -0.45], "size": [6, 6, 0], "uv": [52, 32]}
					]
				},
				{
					"name": "eyes",
					"parent": "head",
					"pivot": [0, 15.75, -4.35]
				},
				{
					"name": "eye_right",
					"parent": "eyes",
					"pivot": [-4.51, 15.85, -4.75],
					"rotation": [-7, 0, 0],
					"cubes": [
						{"origin": [-4.51, 14.85, -6.25], "size": [0, 2, 3], "uv": [35, 18]}
					]
				},
				{
					"name": "pupil_right",
					"parent": "eye_right",
					"pivot": [-4.52, 15.85, -5.45],
					"cubes": [
						{"origin": [-4.52, 15.35, -5.95], "size": [0, 1, 1], "uv": [35, 24]}
					]
				},
				{
					"name": "eyelid_right",
					"parent": "eye_right",
					"pivot": [-3.91, 15.85, -4.75],
					"cubes": [
						{"origin": [-4.42, 14.85, -6.25], "size": [1, 2, 3], "inflate": 0.01, "uv": [25, 42]}
					]
				},
				{
					"name": "eye_left",
					"parent": "eyes",
					"pivot": [4.51, 15.85, -4.75],
					"rotation": [-7, 0, 0],
					"cubes": [
						{"origin": [4.51, 14.85, -6.25], "size": [0, 2, 3], "uv": [35, 20]}
					]
				},
				{
					"name": "pupil_left",
					"parent": "eye_left",
					"pivot": [4.52, 15.85, -5.45],
					"cubes": [
						{"origin": [4.52, 15.35, -5.95], "size": [0, 1, 1], "uv": [37, 24], "mirror": true}
					]
				},
				{
					"name": "eyelid_left",
					"parent": "eye_left",
					"pivot": [3.91, 15.85, -4.75],
					"cubes": [
						{"origin": [3.42, 14.85, -6.25], "size": [1, 2, 3], "inflate": 0.01, "uv": [11, 42]}
					]
				},
				{
					"name": "arm_right",
					"parent": "torso",
					"pivot": [-5.1, 7.2, -4.25],
					"cubes": [
						{"origin": [-7.2, 6.7, -5.3], "size": [4, 1, 2], "inflate": -0.1, "uv": [0, 51]}
					]
				},
				{
					"name": "hand_right",
					"parent": "arm_right",
					"pivot": [-7.5, 7.15, -4.3],
					"cubes": [
						{"origin": [-9.1, 6.7, -5.3], "size": [2, 1, 2], "inflate": 0.01, "uv": [41, 8]}
					],
					"locators": {
						"held_item": {
							"offset": [-9.75, 6.25, -4],
							"rotation": [0, 0, -30]
						}
					}
				},
				{
					"name": "finger_back_right",
					"parent": "hand_right",
					"pivot": [-9.1, 7.7, -3.4],
					"cubes": [
						{"origin": [-11.1, 6.7, -3.4], "size": [2, 1, 0], "uv": [33, 27]}
					]
				},
				{
					"name": "finger_middle_right",
					"parent": "hand_right",
					"pivot": [-9.1, 7.7, -4.3],
					"cubes": [
						{"origin": [-11.1, 6.7, -4.3], "size": [2, 1, 0], "uv": [33, 28]}
					]
				},
				{
					"name": "finger_front_right",
					"parent": "hand_right",
					"pivot": [-9.1, 7.7, -5.2],
					"cubes": [
						{"origin": [-11.1, 6.7, -5.2], "size": [2, 1, 0], "uv": [33, 29]}
					]
				},
				{
					"name": "arm_left",
					"parent": "torso",
					"pivot": [5.1, 7.2, -4.25],
					"cubes": [
						{"origin": [3.2, 6.7, -5.3], "size": [4, 1, 2], "inflate": -0.1, "uv": [0, 48]}
					]
				},
				{
					"name": "hand_left",
					"parent": "arm_left",
					"pivot": [7.5, 7.15, -4.3],
					"cubes": [
						{"origin": [7.1, 6.7, -5.3], "size": [2, 1, 2], "inflate": 0.01, "uv": [33, 8]}
					]
				},
				{
					"name": "finger_back_left",
					"parent": "hand_left",
					"pivot": [9.1, 7.7, -3.4],
					"cubes": [
						{"origin": [9.1, 6.7, -3.4], "size": [2, 1, 0], "uv": [29, 27]}
					]
				},
				{
					"name": "finger_middle_left",
					"parent": "hand_left",
					"pivot": [9.1, 7.7, -4.3],
					"cubes": [
						{"origin": [9.1, 6.7, -4.3], "size": [2, 1, 0], "uv": [29, 28]}
					]
				},
				{
					"name": "finger_front_left",
					"parent": "hand_left",
					"pivot": [9.1, 7.7, -5.2],
					"cubes": [
						{"origin": [9.1, 6.7, -5.2], "size": [2, 1, 0], "uv": [29, 29]}
					]
				},
				{
					"name": "tail",
					"parent": "torso",
					"pivot": [0, 4.2, 4.5],
					"cubes": [
						{"origin": [-1.5, 2.7, 4.5], "size": [3, 3, 11], "inflate": 0.02, "uv": [1, 50]}
					]
				},
				{
					"name": "tail2",
					"parent": "tail",
					"pivot": [0, 4.2, 15.5],
					"cubes": [
						{"origin": [-1, 3.2, 15.3], "size": [2, 2, 5], "inflate": 0.02, "uv": [37, 21]}
					]
				},
				{
					"name": "tail3",
					"parent": "tail2",
					"pivot": [0, 4.2, 20.3],
					"cubes": [
						{"origin": [-1, 3.2, 20.3], "size": [2, 2, 5], "inflate": 0.02, "uv": [16, 42]}
					]
				},
				{
					"name": "tail4",
					"parent": "tail3",
					"pivot": [0, 4.2, 25.3],
					"cubes": [
						{"origin": [-0.5, 3.7, 25.3], "size": [1, 1, 5], "inflate": 0.02, "uv": [46, 24]}
					]
				},
				{
					"name": "foot_right",
					"parent": "body",
					"pivot": [-3.55, 1, 0],
					"rotation": [0, 25, 0],
					"cubes": [
						{"origin": [-5.05, 0, -3], "size": [3, 1, 5], "uv": [0, 42]},
						{"origin": [-4.55, 1, -1.5], "size": [2, 2, 3], "pivot": [-3.55, 1, 1.5], "rotation": [10, 0, 0], "uv": [0, 5]}
					]
				},
				{
					"name": "toes_right",
					"parent": "foot_right",
					"pivot": [-3.55, 0, -3],
					"cubes": [
						{"origin": [-4.8, 0, -6], "size": [0, 1, 3], "pivot": [-4.8, 0.5, -3], "rotation": [0, 10, 0], "uv": [29, 19]},
						{"origin": [-3.55, 0, -6], "size": [0, 1, 3], "uv": [29, 21]},
						{"origin": [-2.3, 0, -6], "size": [0, 1, 3], "pivot": [-2.3, 0.5, -3], "rotation": [0, -10, 0], "uv": [29, 23]}
					]
				},
				{
					"name": "foot_left",
					"parent": "body",
					"pivot": [3.55, 1, 0],
					"rotation": [0, -25, 0],
					"cubes": [
						{"origin": [2.05, 0, -3], "size": [3, 1, 5], "uv": [33, 0]},
						{"origin": [2.55, 1, -1.5], "size": [2, 2, 3], "pivot": [3.55, 1, 1.5], "rotation": [10, 0, 0], "uv": [0, 0]}
					]
				},
				{
					"name": "toes_left",
					"parent": "foot_left",
					"pivot": [3.55, 0, -3],
					"cubes": [
						{"origin": [4.8, 0, -6], "size": [0, 1, 3], "pivot": [4.8, 0.5, -3], "rotation": [0, -10, 0], "uv": [29, 18]},
						{"origin": [3.55, 0, -6], "size": [0, 1, 3], "uv": [29, 20]},
						{"origin": [2.3, 0, -6], "size": [0, 1, 3], "pivot": [2.3, 0.5, -3], "rotation": [0, 10, 0], "uv": [29, 22]}
					]
				}
			]
		}
	]
}