{
	"format_version": "1.12.0",
	"minecraft:geometry": [
		{
			"description": {
				"identifier": "geometry.turtwig",
				"texture_width": 64,
				"texture_height": 64,
				"visible_bounds_width": 3,
				"visible_bounds_height": 2.5,
				"visible_bounds_offset": [0, 0.75, 0]
			},
			"bones": [
				{
					"name": "turtwig",
					"pivot": [0, 0, 0]
				},
				{
					"name": "body",
					"parent": "turtwig",
					"pivot": [0, 4, 2]
				},
				{
					"name": "torso",
					"parent": "body",
					"pivot": [0, 5.33833, 2.82407],
					"cubes": [
						{"origin": [-4, 1.9981, -1.95642], "size": [8, 4, 9], "uv": [0, 14]},
						{"origin": [-4.5, 4.2481, -1.45642], "size": [9, 5, 9], "inflate": -0.01, "pivot": [0, 6.2481, 2.54358], "rotation": [-7.5, 0, 0], "uv": [0, 0]}
					]
				},
				{
					"name": "tail",
					"parent": "torso",
					"pivot": [0, 3.2481, 6.79358],
					"cubes": [
						{"origin": [0, 2.4981, 6.54358], "size": [0, 3, 3], "uv": [18, 24]}
					]
				},
				{
					"name": "head",
					"parent": "torso",
					"pivot": [0, 7.25, -1.75],
					"cubes": [
						{"origin": [-3.5, 6.75, -9], "size": [7, 7, 8], "inflate": 0.01, "uv": [26, 19]},
						{"origin": [3.5, 5.75, -5], "size": [1, 4, 4], "inflate": 0.01, "uv": [36, 34]},
						{"origin": [-4.5, 5.75, -5], "size": [1, 4, 4], "inflate": 0.01, "uv": [36, 3]},
						{"origin": [-2, 4.75, -9], "size": [4, 2, 0], "inflate": 0.01, "uv": [0, 7]},
						{"origin": [-3.5, 4.75, -5.5], "size": [7, 2, 4], "inflate": 0.01, "uv": [0, 27]}
					]
				},
				{
					"name": "twig",
					"parent": "head",
					"pivot": [0, 13.5, -3],
					"cubes": [
						{"origin": [-0.5, 12.75, -3.5], "size": [1, 5, 1], "uv": [22, 30]}
					]
				},
				{
					"name": "leaf_left",
					"parent": "head",
					"pivot": [0.5, 16.25, -3],
					"rotation": [0, 0, -27.5],
					"cubes": [
						{"origin": [0.5, 14.25, -3], "size": [6, 4, 0], "uv": [40, 11]}
					]
				},
				{
					"name": "leaf_right",
					"parent": "head",
					"pivot": [-0.5, 16.25, -3],
					"rotation": [0, 0, 27.5],
					"cubes": [
						{"origin": [-6.5, 14.25, -3], "size": [6, 4, 0], "uv": [0, 40]}
					]
				},
				{
					"name": "jaw",
					"parent": "head",
					"pivot": [0, 6.5, -5],
					"cubes": [
						{"origin": [-3, 4.75, -8.5], "size": [6, 2, 3], "inflate": 0.01, "uv": [25, 14]}
					]
				},
				{
					"name": "eyes",
					"parent": "head",
					"pivot": [0, 8.75, -6.2]
				},
				{
					"name": "eye_left",
					"parent": "eyes",
					"pivot": [3.01, 9.75, -7],
					"cubes": [
						{"origin": [2.51, 7.75, -8.5], "size": [1, 4, 3], "inflate": 0.01, "uv": [20, 41]}
					]
				},
				{
					"name": "eyelid_left",
					"parent": "eye_left",
					"pivot": [2.91, 9.75, -7],
					"cubes": [
						{"origin": [2.41, 7.75, -8.5], "size": [1, 4, 3], "inflate": 0.02, "uv": [0, 14]}
					]
				},
				{
					"name": "eye_right",
					"parent": "eyes",
					"pivot": [-3.01, 9.75, -7],
					"cubes": [
						{"origin": [-3.51, 7.75, -8.5], "size": [1, 4, 3], "inflate": 0.01, "uv": [12, 40]}
					]
				},
				{
					"name": "eyelid_right",
					"parent": "eye_right",
					"pivot": [-2.91, 9.75, -7],
					"cubes": [
						{"origin": [-3.41, 7.75, -8.5], "size": [1, 4, 3], "inflate": 0.02, "uv": [0, 0]}
					]
				},
				{
					"name": "leg_front_right",
					"parent": "body",
					"pivot": [-3.25, 3, -0.75],
					"cubes": [
						{"origin": [-4.75, 0, -2.25], "size": [3, 4, 3], "uv": [24, 34]}
					]
				},
				{
					"name": "leg_front_left",
					"parent": "body",
					"pivot": [3.25, 3, -0.75],
					"cubes": [
						{"origin": [1.75, 0, -2.25], "size": [3, 4, 3], "uv": [12, 33]}
					]
				},
				{
					"name": "leg_back_right",
					"parent": "body",
					"pivot": [-3.25, 3, 5],
					"cubes": [
						{"origin": [-4.75, 0, 3.5], "size": [3, 4, 3], "uv": [0, 33]}
					]
				},
				{
					"name": "leg_back_left",
					"parent": "body",
					"pivot": [3.25, 3, 5],
					"cubes": [
						{"origin": [1.75, 0, 3.5], "size": [3, 4, 3], "uv": [27, 0]}
					]
				}
			]
		}
	]
}