{
	"format_version": "1.12.0",
	"minecraft:geometry": [
		{
			"description": {
				"identifier": "geometry.spiritomb",
				"texture_width": 128,
				"texture_height": 64,
				"visible_bounds_width": 3,
				"visible_bounds_height": 3.5,
				"visible_bounds_offset": [0, 1.25, 0]
			},
			"bones": [
				{
					"name": "spiritomb",
					"pivot": [0, 0, 0]
				},
				{
					"name": "body",
					"parent": "spiritomb",
					"pivot": [0, 5.5, 0]
				},
				{
					"name": "tomb",
					"parent": "body",
					"pivot": [0, 1.5, 0],
					"cubes": [
						{"origin": [-4, 0, -4], "size": [8, 5, 8], "uv": [96, 15]},
						{"origin": [-3.5, 5, -3.5], "size": [7, 5, 7], "uv": [80, 0]},
						{"origin": [2, 6, -3.51], "size": [1, 1, 0], "uv": [124, 31]},
						{"origin": [-3, 6, -3.51], "size": [1, 1, 0], "uv": [122, 31]}
					]
				},
				{
					"name": "stem",
					"parent": "tomb",
					"pivot": [0, 10, -0.5],
					"cubes": [
						{"origin": [0, 8.5, -9], "size": [0, 9, 10], "uv": [108, -10]}
					]
				},
				{
					"name": "spirit",
					"parent": "stem",
					"pivot": [0, 14, -9]
				},
				{
					"name": "face",
					"parent": "spirit",
					"pivot": [0, 14, -9.01],
					"cubes": [
						{"origin": [-5.5, 14, -9.01], "size": [11, 5, 0], "uv": [70, 16]},
						{"origin": [2, 14.5, -9.015], "size": [1, 1, 0], "uv": [126, 31]}
					]
				},
				{
					"name": "mouth_open",
					"parent": "face",
					"pivot": [0, 11, -9.01],
					"cubes": [
						{"origin": [-5.5, 7.5, -9.01], "size": [11, 7, 0], "uv": [70, 26]}
					]
				},
				{
					"name": "mouth_closed",
					"parent": "face",
					"pivot": [0, 11.5, -9.01],
					"cubes": [
						{"origin": [-5.5, 9, -9.01], "size": [11, 5, 0], "uv": [70, 21]}
					]
				},
				{
					"name": "back",
					"parent": "spirit",
					"pivot": [0, 14, -9],
					"cubes": [
						{"origin": [-14, 0, -9], "size": [28, 28, 0], "uv": [0, 29]}
					]
				},
				{
					"name": "orbs",
					"parent": "back",
					"pivot": [0, 14, -9.1],
					"cubes": [
						{"origin": [-14, 0, -9], "size": [28, 28, 0], "inflate": 0.02, "uv": [0, 0]}
					]
				}
			]
		}
	]
}