{
	"format_version": "1.12.0",
	"minecraft:geometry": [
		{
			"description": {
				"identifier": "geometry.beedrill",
				"texture_width": 64,
				"texture_height": 64,
				"visible_bounds_width": 4,
				"visible_bounds_height": 3.5,
				"visible_bounds_offset": [0, 1.25, 0]
			},
			"bones": [
				{
					"name": "beedrill",
					"pivot": [0, 3, 0]
				},
				{
					"name": "body",
					"parent": "beedrill",
					"pivot": [0, 15.5, -0.5],
					"cubes": [
						{"origin": [-1.5, 13, -1.5], "size": [3, 5, 2], "uv": [27, 5]}
					]
				},
				{
					"name": "head_AI",
					"parent": "body",
					"pivot": [0, 17, -0.5]
				},
				{
					"name": "head",
					"parent": "head_AI",
					"pivot": [0, 17, -0.5],
					"rotation": [15, 0, 0],
					"cubes": [
						{"origin": [-2, 17, -4], "size": [4, 4, 5], "uv": [1, 3]}
					],
					"locators": {
						"held_item_fixed": {
							"offset": [0, 16.75, -3],
							"rotation": [90, 0, 0]
						}
					}
				},
				{
					"name": "eyes",
					"parent": "head",
					"pivot": [0, 19.13456, -1.72175]
				},
				{
					"name": "eye_right_open",
					"parent": "eyes",
					"pivot": [-2.5, 19.25, -1.5],
					"cubes": [
						{"origin": [-3, 18.25, -3.25], "size": [1, 2, 3], "pivot": [-2.75, 19.25, -1.5], "rotation": [27.5, 0, 0], "uv": [19, 8]}
					]
				},
				{
					"name": "eye_left_open",
					"parent": "eyes",
					"pivot": [2.5, 19.25, -1.5],
					"cubes": [
						{"origin": [2, 18.25, -3.25], "size": [1, 2, 3], "pivot": [2.75, 19.25, -1.5], "rotation": [27.5, 0, 0], "uv": [16, 3], "mirror": true}
					]
				},
				{
					"name": "eye_right_closed",
					"parent": "eyes",
					"pivot": [-1.5, 19.25, -1.5],
					"cubes": [
						{"origin": [-2, 18.25, -3.25], "size": [1, 2, 3], "pivot": [-1.75, 19.25, -1.5], "rotation": [27.5, 0, 0], "uv": [18, 37]}
					]
				},
				{
					"name": "eye_left_closed",
					"parent": "eyes",
					"pivot": [1.5, 19.25, -1.5],
					"cubes": [
						{"origin": [1, 18.25, -3.25], "size": [1, 2, 3], "pivot": [1.75, 19.25, -1.5], "rotation": [27.5, 0, 0], "uv": [18, 37], "mirror": true}
					]
				},
				{
					"name": "antenna_right",
					"parent": "head",
					"pivot": [-1.5, 21, -1.5],
					"rotation": [7.5, 12.5, 1],
					"cubes": [
						{"origin": [-1.75, 21, -1.5], "size": [1, 4, 0], "uv": [4, 1]}
					]
				},
				{
					"name": "antenna_right2",
					"parent": "antenna_right",
					"pivot": [-1.5, 25, -1.5],
					"rotation": [105, 0, 0],
					"cubes": [
						{"origin": [-1.75, 25, -1.5], "size": [1, 5, 0], "uv": [14, 3]}
					]
				},
				{
					"name": "antenna_left",
					"parent": "head",
					"pivot": [1.5, 21, -1.5],
					"rotation": [7.5, -12.5, -1],
					"cubes": [
						{"origin": [0.75, 21, -1.5], "size": [1, 4, 0], "uv": [2, 1]}
					]
				},
				{
					"name": "antenna_left2",
					"parent": "antenna_left",
					"pivot": [1.5, 25, -1.5],
					"rotation": [105, 0, 0],
					"cubes": [
						{"origin": [0.75, 25, -1.5], "size": [1, 5, 0], "uv": [0, 0]}
					]
				},
				{
					"name": "torso",
					"parent": "body",
					"pivot": [0, 15, 0],
					"cubes": [
						{"origin": [-2, 13.5, -2], "size": [4, 3, 3], "uv": [0, 24]}
					]
				},
				{
					"name": "abdomen",
					"parent": "torso",
					"pivot": [0, 13, 0.5],
					"cubes": [
						{"origin": [-2.5, 4, -2], "size": [5, 9, 3], "uv": [24, 12]},
						{"origin": [-3.5, 5, -3], "size": [7, 7, 5], "uv": [0, 12]},
						{"origin": [-1, 0.025, -0.675], "size": [2, 4, 0], "pivot": [0, 5.025, -0.675], "rotation": [-5, 0, 0], "uv": [0, 13]}
					]
				},
				{
					"name": "wing_right",
					"parent": "torso",
					"pivot": [-0.75, 16.5, 1],
					"rotation": [0, 10, 0],
					"cubes": [
						{"origin": [-13, 13.5, 1], "size": [12, 12, 0], "pivot": [0, 1.5, -0.5], "rotation": [0, 7.5, 0], "uv": [40, 1]}
					]
				},
				{
					"name": "wing_right2",
					"parent": "wing_right",
					"pivot": [-0.75, 13.5, 1],
					"rotation": [0, 5, 0],
					"cubes": [
						{"origin": [-12, 8.5, 1], "size": [11, 8, 0], "pivot": [0, 3.5, -0.5], "rotation": [0, 7.5, 0], "uv": [41, 13]}
					]
				},
				{
					"name": "wing_left",
					"parent": "torso",
					"pivot": [0.75, 16.5, 1],
					"rotation": [0, -10, 0],
					"cubes": [
						{"origin": [1, 13.5, 1], "size": [12, 12, 0], "pivot": [0, 1.5, -0.5], "rotation": [0, -7.5, 0], "uv": [40, 21], "mirror": true}
					]
				},
				{
					"name": "wing_left2",
					"parent": "wing_left",
					"pivot": [0.75, 13.5, 1],
					"rotation": [0, -5, 0],
					"cubes": [
						{"origin": [1, 8.5, 1], "size": [11, 8, 0], "pivot": [0, 3.5, -0.5], "rotation": [0, -7.5, 0], "uv": [41, 33], "mirror": true}
					]
				},
				{
					"name": "arm_right",
					"parent": "body",
					"pivot": [-2, 16, -1],
					"cubes": [
						{"origin": [-7, 16, -1.5], "size": [5, 0, 1], "uv": [15, 0]}
					]
				},
				{
					"name": "arm_right2",
					"parent": "arm_right",
					"pivot": [-7, 16, -1],
					"cubes": [
						{"origin": [-10, 16, -1.5], "size": [3, 0, 1], "uv": [3, 0]}
					]
				},
				{
					"name": "arm_stinger_right",
					"parent": "arm_right2",
					"pivot": [-9, 16, -1],
					"cubes": [
						{"origin": [-15, 14.5, -2.5], "size": [6, 3, 3], "uv": [0, 36], "mirror": true},
						{"origin": [-20, 15, -2], "size": [5, 2, 2], "uv": [22, 24], "mirror": true},
						{"origin": [-23, 15.5, -1], "size": [3, 1, 0], "uv": [8, 2]}
					]
				},
				{
					"name": "arm_left",
					"parent": "body",
					"pivot": [2, 16, -1],
					"cubes": [
						{"origin": [2, 16, -1.5], "size": [5, 0, 1], "uv": [25, 0], "mirror": true}
					]
				},
				{
					"name": "arm_left2",
					"parent": "arm_left",
					"pivot": [7, 16, -1],
					"cubes": [
						{"origin": [7, 16, -1.5], "size": [3, 0, 1], "uv": [9, 0], "mirror": true}
					]
				},
				{
					"name": "arm_stinger_left",
					"parent": "arm_left2",
					"pivot": [9, 16, -1],
					"cubes": [
						{"origin": [9, 14.5, -2.5], "size": [6, 3, 3], "uv": [0, 30]},
						{"origin": [15, 15, -2], "size": [5, 2, 2], "uv": [22, 28]},
						{"origin": [20, 15.5, -1], "size": [3, 1, 0], "uv": [8, 1], "mirror": true}
					]
				},
				{
					"name": "leg_right",
					"parent": "body",
					"pivot": [-2, 14.5, -1],
					"rotation": [0, 0, -42.5],
					"cubes": [
						{"origin": [-8, 14.5, -1.5], "size": [6, 0, 1], "uv": [35, 0]}
					]
				},
				{
					"name": "leg_right2",
					"parent": "leg_right",
					"pivot": [-8, 14.5, -1],
					"cubes": [
						{"origin": [-14, 14.5, -2], "size": [6, 0, 2], "uv": [24, 1]}
					]
				},
				{
					"name": "foot_right",
					"parent": "leg_right2",
					"pivot": [-14, 14.5, -1],
					"rotation": [10, 0, 0],
					"cubes": [
						{"origin": [-14, 13, -2], "size": [0, 5, 2], "uv": [14, 22]}
					]
				},
				{
					"name": "leg_left",
					"parent": "body",
					"pivot": [2, 14.5, -1],
					"rotation": [0, 0, 42.5],
					"cubes": [
						{"origin": [2, 14.5, -1.5], "size": [6, 0, 1], "uv": [47, 0], "mirror": true}
					]
				},
				{
					"name": "leg_left2",
					"parent": "leg_left",
					"pivot": [8, 14.5, -1],
					"cubes": [
						{"origin": [8, 14.5, -2], "size": [6, 0, 2], "uv": [12, 1], "mirror": true}
					]
				},
				{
					"name": "foot_left",
					"parent": "leg_left2",
					"pivot": [14, 14.5, -1],
					"rotation": [10, 0, 0],
					"cubes": [
						{"origin": [14, 13, -2], "size": [0, 5, 2], "uv": [18, 22]}
					]
				}
			]
		}
	]
}