{
	"format_version": "1.12.0",
	"minecraft:geometry": [
		{
			"description": {
				"identifier": "geometry.xatu_female",
				"texture_width": 128,
				"texture_height": 64,
				"visible_bounds_width": 4,
				"visible_bounds_height": 3.5,
				"visible_bounds_offset": [0, 1.25, 0]
			},
			"bones": [
				{
					"name": "xatu",
					"pivot": [0, 0, 0]
				},
				{
					"name": "body",
					"parent": "xatu",
					"pivot": [0, 7, 0]
				},
				{
					"name": "torso",
					"parent": "body",
					"pivot": [0, 6, 0],
					"cubes": [
						{"origin": [-5.5, 6, -5.5], "size": [11, 7, 11], "uv": [0, 24]},
						{"origin": [-5.5, 8, -5.5], "size": [11, 1, 11], "inflate": 0.01, "uv": [65, 48]},
						{"origin": [-4.5, 12.5, -4.5], "size": [9, 5, 9], "uv": [33, 19]},
						{"origin": [-3.5, 17.5, -3.5], "size": [7, 3, 7], "uv": [40, 9]}
					]
				},
				{
					"name": "torso_bottom",
					"parent": "torso",
					"pivot": [0, 6, 0],
					"cubes": [
						{"origin": [-5.5, 3, -5.5], "size": [11, 3, 0], "uv": [0, 42]},
						{"origin": [-5.5, 3, 5.5], "size": [11, 3, 0], "uv": [0, 45]},
						{"origin": [5.5, 3, -5.5], "size": [0, 3, 11], "uv": [22, 31]},
						{"origin": [-5.5, 3, -5.5], "size": [0, 3, 11], "uv": [22, 34], "mirror": true}
					]
				},
				{
					"name": "neck",
					"parent": "torso",
					"pivot": [0, 20.5, 0.25],
					"cubes": [
						{"origin": [-2.5, 19.5, -2.25], "size": [5, 4, 5], "uv": [44, 0]}
					]
				},
				{
					"name": "head",
					"parent": "neck",
					"pivot": [0, 25.5, 0.25],
					"cubes": [
						{"origin": [-4, 21.5, -3.75], "size": [8, 8, 8], "uv": [0, 0]}
					]
				},
				{
					"name": "eyes",
					"parent": "head",
					"pivot": [0, 26.25, -3.8]
				},
				{
					"name": "eye_left",
					"parent": "eyes",
					"pivot": [3.01, 26, -2.76],
					"cubes": [
						{"origin": [2.01, 25, -3.76], "size": [2, 2, 3], "uv": [0, 18]}
					]
				},
				{
					"name": "eye_shine_left",
					"parent": "eye_left",
					"pivot": [3.01, 26.5, -3.77],
					"cubes": [
						{"origin": [2.51, 26, -3.77], "size": [1, 1, 0], "uv": [8, 17]}
					]
				},
				{
					"name": "eyelid_left",
					"parent": "eye_left",
					"pivot": [2.91, 26, -2.66],
					"cubes": [
						{"origin": [1.91, 25, -3.67], "size": [2, 2, 3], "inflate": 0.01, "uv": [14, 18]}
					]
				},
				{
					"name": "eye_right",
					"parent": "eyes",
					"pivot": [-3.01, 26, -2.76],
					"cubes": [
						{"origin": [-4.01, 25, -3.76], "size": [2, 2, 3], "uv": [7, 16], "mirror": true}
					]
				},
				{
					"name": "eye_shine_right",
					"parent": "eye_right",
					"pivot": [-3.01, 26.5, -3.77],
					"cubes": [
						{"origin": [-3.51, 26, -3.77], "size": [1, 1, 0], "uv": [8, 18], "mirror": true}
					]
				},
				{
					"name": "eyelid_right",
					"parent": "eye_right",
					"pivot": [-2.91, 26, -2.66],
					"cubes": [
						{"origin": [-3.91, 25, -3.67], "size": [2, 2, 3], "inflate": 0.01, "uv": [21, 16], "mirror": true}
					]
				},
				{
					"name": "beak",
					"parent": "head",
					"pivot": [0, 25, -3.75],
					"cubes": [
						{"origin": [-1.5, 23.5, -7.25], "size": [3, 3, 4], "inflate": 0.01, "uv": [24, 1]}
					]
				},
				{
					"name": "beak2",
					"parent": "beak",
					"pivot": [0, 26.5, -7.25],
					"rotation": [10, 0, 0],
					"cubes": [
						{"origin": [-1, 23.5, -9.25], "size": [2, 3, 2], "inflate": 0.01, "uv": [34, 0]}
					]
				},
				{
					"name": "beak3",
					"parent": "beak2",
					"pivot": [0, 26.5, -9.25],
					"rotation": [-22.5, 0, 0],
					"cubes": [
						{"origin": [-1, 23.5, -9.25], "size": [2, 3, 2], "uv": [32, 8]}
					]
				},
				{
					"name": "hair_band_left",
					"parent": "head",
					"pivot": [1.25, 23.5, 4.25],
					"rotation": [27.5, 0, 0],
					"cubes": [
						{"origin": [1.25, 18.5, 2.25], "size": [0, 5, 2], "uv": [0, -2]}
					]
				},
				{
					"name": "hair_band_left2",
					"parent": "hair_band_left",
					"pivot": [1.25, 18.5, 4.25],
					"cubes": [
						{"origin": [1.25, 13.5, 1.75], "size": [0, 5, 3], "uv": [42, -3]}
					]
				},
				{
					"name": "hair_band_left3",
					"parent": "hair_band_left2",
					"pivot": [1.25, 13.5, 4.75],
					"cubes": [
						{"origin": [1.25, 8.5, 1.25], "size": [0, 5, 4], "uv": [32, 9]}
					]
				},
				{
					"name": "hair_band_left4",
					"parent": "hair_band_left3",
					"pivot": [1.25, 8.5, 5.25],
					"cubes": [
						{"origin": [1.25, 4.5, 1.25], "size": [0, 4, 4], "uv": [0, 19]}
					]
				},
				{
					"name": "hair_band_right",
					"parent": "head",
					"pivot": [-1.25, 23.5, 4.25],
					"rotation": [27.5, 0, 0],
					"cubes": [
						{"origin": [-1.25, 18.5, 2.25], "size": [0, 5, 2], "uv": [4, -2], "mirror": true}
					]
				},
				{
					"name": "hair_band_right2",
					"parent": "hair_band_right",
					"pivot": [-1.25, 18.5, 4.25],
					"cubes": [
						{"origin": [-1.25, 13.5, 1.75], "size": [0, 5, 3], "uv": [38, 2], "mirror": true}
					]
				},
				{
					"name": "hair_band_right3",
					"parent": "hair_band_right2",
					"pivot": [-1.25, 13.5, 4.75],
					"cubes": [
						{"origin": [-1.25, 8.5, 1.25], "size": [0, 5, 4], "uv": [31, 14], "mirror": true}
					]
				},
				{
					"name": "hair_band_right4",
					"parent": "hair_band_right3",
					"pivot": [-1.25, 8.5, 5.25],
					"cubes": [
						{"origin": [-1.25, 4.5, 1.25], "size": [0, 4, 4], "uv": [0, 23], "mirror": true}
					]
				},
				{
					"name": "wings",
					"parent": "torso",
					"pivot": [0, 17.5, 0]
				},
				{
					"name": "wing_open_left",
					"parent": "wings",
					"pivot": [3.5, 16, 0],
					"cubes": [
						{"origin": [2.5, 13.5, 0], "size": [10, 6, 0], "uv": [44, 33]}
					]
				},
				{
					"name": "wing_open_left2",
					"parent": "wing_open_left",
					"pivot": [5.5, 19.5, 0],
					"cubes": [
						{"origin": [4.5, 19.5, 0], "size": [10, 13, 0], "inflate": 0.01, "uv": [24, 48]}
					]
				},
				{
					"name": "wing_open_left3",
					"parent": "wing_open_left2",
					"pivot": [14.5, 32.5, 0],
					"cubes": [
						{"origin": [14.5, 19.5, 0], "size": [6, 13, 0], "uv": [64, 46]}
					]
				},
				{
					"name": "wing_open_right",
					"parent": "wings",
					"pivot": [-3.5, 16, 0],
					"cubes": [
						{"origin": [-12.5, 13.5, 0], "size": [10, 6, 0], "uv": [44, 39], "mirror": true}
					]
				},
				{
					"name": "wing_open_right2",
					"parent": "wing_open_right",
					"pivot": [-5.5, 19.5, 0],
					"cubes": [
						{"origin": [-14.5, 19.5, 0], "size": [10, 13, 0], "inflate": 0.01, "uv": [44, 45], "mirror": true}
					]
				},
				{
					"name": "wing_open_right3",
					"parent": "wing_open_right2",
					"pivot": [-14.5, 32.5, 0],
					"cubes": [
						{"origin": [-20.5, 19.5, 0], "size": [6, 13, 0], "uv": [64, 33], "mirror": true}
					]
				},
				{
					"name": "wing_closed",
					"parent": "wings",
					"pivot": [0, 7, -5],
					"cubes": [
						{"origin": [-0.5, 6.01, -5.51], "size": [1, 7, 1], "inflate": 0.01, "uv": [68, 16]},
						{"origin": [-0.5, 3, -5.52], "size": [1, 3, 0], "uv": [45, 9]}
					]
				},
				{
					"name": "wing_closed_left",
					"parent": "wing_closed",
					"pivot": [3.5, 19.5, 0],
					"cubes": [
						{"origin": [3.5, 17.5, -3.5], "size": [0, 2, 5], "inflate": 0.01, "uv": [59, -5]},
						{"origin": [1.5, 12.5, -4.5], "size": [3, 5, 5], "inflate": 0.01, "uv": [64, 0]},
						{"origin": [0.51, 6, -5.51], "size": [5, 7, 4], "inflate": 0.01, "uv": [72, 10]},
						{"origin": [0.5, 3, -5.51], "size": [5, 3, 0], "uv": [61, 10]},
						{"origin": [5.51, 3, -5.5], "size": [0, 3, 4], "inflate": 0.01, "uv": [77, -2]}
					]
				},
				{
					"name": "wing_closed_right",
					"parent": "wing_closed",
					"pivot": [-3.5, 19.5, 0],
					"cubes": [
						{"origin": [-3.5, 17.5, -3.5], "size": [0, 2, 5], "inflate": 0.01, "uv": [59, -3], "mirror": true},
						{"origin": [-4.5, 12.5, -4.5], "size": [3, 5, 5], "inflate": 0.01, "uv": [80, 0], "mirror": true},
						{"origin": [-5.51, 6, -5.51], "size": [5, 7, 4], "inflate": 0.01, "uv": [69, 21], "mirror": true},
						{"origin": [-5.5, 3, -5.51], "size": [5, 3, 0], "uv": [61, 13], "mirror": true},
						{"origin": [-5.51, 3, -5.5], "size": [0, 3, 4], "inflate": 0.01, "uv": [91, -2], "mirror": true}
					]
				},
				{
					"name": "legs",
					"parent": "body",
					"pivot": [0, 5.5, 0]
				},
				{
					"name": "leg_left",
					"parent": "legs",
					"pivot": [2.5, 5.5, 0],
					"cubes": [
						{"origin": [1.5, 3.5, -1], "size": [2, 3, 2], "inflate": 0.01, "uv": [33, 23]}
					]
				},
				{
					"name": "leg_left2",
					"parent": "leg_left",
					"pivot": [2.5, 3.5, 1],
					"cubes": [
						{"origin": [1.5, 1.5, -1], "size": [2, 2, 2], "uv": [0, 31]}
					]
				},
				{
					"name": "foot_left",
					"parent": "leg_left2",
					"pivot": [2.5, 2, 0],
					"cubes": [
						{"origin": [1.5, 0, -2.5], "size": [2, 2, 4], "inflate": 0.01, "uv": [0, 48]}
					]
				},
				{
					"name": "foot_front_left",
					"parent": "foot_left",
					"pivot": [2.5, 2, -2.5],
					"cubes": [
						{"origin": [1.5, 0, -4.5], "size": [2, 2, 2], "uv": [8, 48]}
					]
				},
				{
					"name": "foot_front_left2",
					"parent": "foot_front_left",
					"pivot": [2.5, 2, -4.5],
					"cubes": [
						{"origin": [2, 0, -6.5], "size": [1, 2, 2], "uv": [14, 50]}
					]
				},
				{
					"name": "foot_back_left",
					"parent": "foot_left",
					"pivot": [2.5, 2, 1.5],
					"cubes": [
						{"origin": [1.5, 0, 1.5], "size": [2, 2, 2], "uv": [8, 60]}
					]
				},
				{
					"name": "foot_back_left2",
					"parent": "foot_back_left",
					"pivot": [2.5, 2, 3.5],
					"cubes": [
						{"origin": [2, 0, 3.5], "size": [1, 2, 1], "uv": [0, 49]}
					]
				},
				{
					"name": "leg_right",
					"parent": "legs",
					"pivot": [-2.5, 5.5, 0],
					"cubes": [
						{"origin": [-3.5, 3.5, -1], "size": [2, 3, 2], "inflate": 0.01, "uv": [60, 19], "mirror": true}
					]
				},
				{
					"name": "leg_right2",
					"parent": "leg_right",
					"pivot": [-2.5, 3.5, 1],
					"cubes": [
						{"origin": [-3.5, 1.5, -1], "size": [2, 2, 2], "uv": [60, 24], "mirror": true}
					]
				},
				{
					"name": "foot_right",
					"parent": "leg_right2",
					"pivot": [-2.5, 2, 0],
					"cubes": [
						{"origin": [-3.5, 0, -2.5], "size": [2, 2, 4], "inflate": 0.01, "uv": [0, 54], "mirror": true}
					]
				},
				{
					"name": "foot_front_right",
					"parent": "foot_right",
					"pivot": [-2.5, 2, -2.5],
					"cubes": [
						{"origin": [-3.5, 0, -4.5], "size": [2, 2, 2], "uv": [8, 54], "mirror": true}
					]
				},
				{
					"name": "foot_front_right2",
					"parent": "foot_front_right",
					"pivot": [-2.5, 2, -4.5],
					"cubes": [
						{"origin": [-3, 0, -6.5], "size": [1, 2, 2], "uv": [14, 56], "mirror": true}
					]
				},
				{
					"name": "foot_back_right",
					"parent": "foot_right",
					"pivot": [-2.5, 2, 1.5],
					"cubes": [
						{"origin": [-3.5, 0, 1.5], "size": [2, 2, 2], "uv": [0, 60], "mirror": true}
					]
				},
				{
					"name": "foot_back_right2",
					"parent": "foot_back_right",
					"pivot": [-2.5, 2, 3.5],
					"cubes": [
						{"origin": [-3, 0, 3.5], "size": [1, 2, 1], "uv": [0, 55], "mirror": true}
					]
				}
			]
		}
	]
}