{
	"format_version": "1.12.0",
	"minecraft:geometry": [
		{
			"description": {
				"identifier": "geometry.munchlax",
				"texture_width": 64,
				"texture_height": 64,
				"visible_bounds_width": 3,
				"visible_bounds_height": 2.5,
				"visible_bounds_offset": [0, 0.75, 0]
			},
			"bones": [
				{
					"name": "munchlax",
					"pivot": [0, -0.25, 0]
				},
				{
					"name": "body",
					"parent": "munchlax",
					"pivot": [0, 6.75, 0],
					"cubes": [
						{"origin": [-4, 7.75, -3], "size": [8, 2, 6], "uv": [0, 26]},
						{"origin": [-5, 1.75, -3.5], "size": [10, 6, 7], "uv": [0, 0]}
					]
				},
				{
					"name": "fur_left",
					"parent": "body",
					"pivot": [5, 1.75, 0],
					"rotation": [0, 0, 45],
					"cubes": [
						{"origin": [5, 1.75, -4.5], "size": [2, 0, 9], "uv": [-9, 44], "mirror": true}
					]
				},
				{
					"name": "fur_right",
					"parent": "body",
					"pivot": [-5, 1.75, 0],
					"rotation": [0, 0, -45],
					"cubes": [
						{"origin": [-7, 1.75, -4.5], "size": [2, 0, 9], "uv": [-9, 44]}
					]
				},
				{
					"name": "fur_front",
					"parent": "body",
					"pivot": [0, 1.75, -3.5],
					"rotation": [45, 0, 0],
					"cubes": [
						{"origin": [-6.5, 1.75, -5.5], "size": [13, 0, 2], "uv": [-2, 42]}
					]
				},
				{
					"name": "fur_back",
					"parent": "body",
					"pivot": [0, 1.75, 3.5],
					"rotation": [-45, 0, 0],
					"cubes": [
						{"origin": [-6.5, 1.75, 3.5], "size": [13, 0, 2], "uv": [-2, 53]}
					]
				},
				{
					"name": "head",
					"parent": "body",
					"pivot": [0, 9.75, 0],
					"cubes": [
						{"origin": [-4.5, 9.75, -3.5], "size": [9, 6, 7], "uv": [0, 13]}
					]
				},
				{
					"name": "eyes",
					"parent": "head",
					"pivot": [0, 13.75, -3.5],
					"cubes": [
						{"origin": [1, 12.25, -3.5], "size": [2, 3, 0], "inflate": 0.02, "uv": [60, 0], "mirror": true},
						{"origin": [-3, 12.25, -3.5], "size": [2, 3, 0], "inflate": 0.02, "uv": [60, 0]}
					]
				},
				{
					"name": "eyelid_left",
					"parent": "head",
					"pivot": [2, 13.75, -2.9],
					"cubes": [
						{"origin": [1, 12.25, -3.4], "size": [2, 3, 1], "inflate": 0.04, "uv": [45, 0], "mirror": true}
					]
				},
				{
					"name": "eyelid_right",
					"parent": "head",
					"pivot": [-2, 13.75, -2.9],
					"cubes": [
						{"origin": [-3, 12.25, -3.4], "size": [2, 3, 1], "inflate": 0.04, "uv": [45, 0]}
					]
				},
				{
					"name": "ear_left",
					"parent": "head",
					"pivot": [2.25, 15.5, 0.25],
					"rotation": [-5, 25, 5],
					"cubes": [
						{"origin": [0.25, 15.5, -0.75], "size": [4, 6, 2], "pivot": [2.25, 19, 0.25], "rotation": [0, -90, 0], "uv": [0, 34]}
					]
				},
				{
					"name": "ear_right",
					"parent": "head",
					"pivot": [-2.25, 15.5, 0.25],
					"rotation": [-5, -25, -5],
					"cubes": [
						{"origin": [-4.25, 15.5, -0.75], "size": [4, 6, 2], "pivot": [-2.25, 19, 0.25], "rotation": [0, 90, 0], "uv": [12, 34]}
					]
				},
				{
					"name": "arm_left",
					"parent": "body",
					"pivot": [4, 9.75, -0.25],
					"cubes": [
						{"origin": [4, 6.75, -1.25], "size": [6, 3, 2], "uv": [22, 26]}
					]
				},
				{
					"name": "arm_right",
					"parent": "body",
					"pivot": [-4, 9.75, -0.25],
					"cubes": [
						{"origin": [-10, 6.75, -1.25], "size": [6, 3, 2], "uv": [28, 31]}
					]
				},
				{
					"name": "foot_left",
					"parent": "body",
					"pivot": [2.75, 2, 0.75],
					"cubes": [
						{"origin": [0.75, 0, -2.25], "size": [4, 2, 5], "uv": [25, 13]},
						{"origin": [1.12026, 0, -4.24438], "size": [0, 1, 2], "inflate": 0.02, "pivot": [1.12026, 1, -3.74438], "rotation": [0, 5, 0], "uv": [0, 16]},
						{"origin": [2.75, 0, -4.25], "size": [0, 1, 2], "inflate": 0.02, "uv": [0, 16]},
						{"origin": [4.37974, 0, -4.24438], "size": [0, 1, 2], "inflate": 0.02, "pivot": [4.37974, 1, -3.74438], "rotation": [0, -5, 0], "uv": [0, 16]}
					]
				},
				{
					"name": "foot_right",
					"parent": "body",
					"pivot": [-2.75, 2, 0.75],
					"cubes": [
						{"origin": [-4.75, 0, -2.25], "size": [4, 2, 5], "uv": [27, 0]},
						{"origin": [-1.12026, 0, -4.24438], "size": [0, 1, 2], "inflate": 0.02, "pivot": [-1.12026, 1, -3.74438], "rotation": [0, -5, 0], "uv": [0, 16]},
						{"origin": [-2.75, 0, -4.25], "size": [0, 1, 2], "inflate": 0.02, "uv": [0, 16]},
						{"origin": [-4.37974, 0, -4.24438], "size": [0, 1, 2], "inflate": 0.02, "pivot": [-4.37974, 1, -3.74438], "rotation": [0, 5, 0], "uv": [0, 16]}
					]
				}
			]
		}
	]
}