{
	"format_version": "1.12.0",
	"minecraft:geometry": [
		{
			"description": {
				"identifier": "geometry.parasect",
				"texture_width": 128,
				"texture_height": 64,
				"visible_bounds_width": 3,
				"visible_bounds_height": 2.5,
				"visible_bounds_offset": [0, 0.75, 0]
			},
			"bones": [
				{
					"name": "parasect",
					"pivot": [0, 0, 0]
				},
				{
					"name": "body",
					"parent": "parasect",
					"pivot": [0, 7.5, 1],
					"cubes": [
						{"origin": [-5, 5.5, -5], "size": [10, 4, 9], "uv": [41, 22]},
						{"origin": [-4, 5.5, 4], "size": [8, 4, 3], "uv": [29, 39]}
					]
				},
				{
					"name": "head",
					"parent": "body",
					"pivot": [0, 7.25, -5],
					"cubes": [
						{"origin": [-3.5, 6.25, -8.5], "size": [7, 3, 4], "uv": [38, 46]}
					]
				},
				{
					"name": "eye_right",
					"parent": "head",
					"pivot": [-2.25, 8.75, -7.75],
					"cubes": [
						{"origin": [-2.75, 8.25, -9.25], "size": [2, 2, 2], "uv": [0, 39]}
					]
				},
				{
					"name": "eye_left",
					"parent": "head",
					"pivot": [2.25, 8.75, -7.75],
					"cubes": [
						{"origin": [0.75, 8.25, -9.25], "size": [2, 2, 2], "uv": [0, 43]}
					]
				},
				{
					"name": "mushroom",
					"parent": "body",
					"pivot": [0, 8.25, 1.25],
					"rotation": [-7.5, 0, 0],
					"cubes": [
						{"origin": [-9, 8.25, -7.25], "size": [18, 5, 17], "uv": [0, 0]},
						{"origin": [-7, 13.25, -5.25], "size": [14, 4, 13], "uv": [0, 22]},
						{"origin": [-5, 17.25, -3.25], "size": [10, 5, 9], "uv": [0, 39]}
					]
				},
				{
					"name": "arm_right",
					"parent": "body",
					"pivot": [-5, 7.25, -3.5],
					"rotation": [-27.61998, -57.97593, 8.88474],
					"cubes": [
						{"origin": [-9, 6.25, -4.5], "size": [4, 2, 1], "uv": [54, 3]},
						{"origin": [-11, 5.75, -5], "size": [2, 3, 2], "uv": [54, 6]}
					]
				},
				{
					"name": "hand_right",
					"parent": "arm_right",
					"pivot": [-10.75, 7.25, -4],
					"cubes": [
						{"origin": [-14.75, 4.5, -6], "size": [4, 5, 4], "inflate": 0.02, "uv": [51, 35]},
						{"origin": [-14.28347, 0.95638, -5.5], "size": [3, 4, 3], "pivot": [-12.78347, 2.95638, -3.5], "rotation": [0, 0, -15], "uv": [0, 22]},
						{"origin": [-13.73384, -1.30927, -4.5], "size": [2, 2, 1], "pivot": [-13.672, 0.68187, -4], "rotation": [0, 0, -55], "uv": [0, 29]},
						{"origin": [-11.91196, -0.76901, -4], "size": [1, 1, 0], "pivot": [-11.41196, -0.26901, -4.5], "rotation": [0, 0, -65], "uv": [0, 10]}
					],
					"locators": {
						"held_item": [-11.5, 3.75, -4]
					}
				},
				{
					"name": "claw_right",
					"parent": "hand_right",
					"pivot": [-10.75, 5, -4],
					"rotation": [0, 0, 2.5],
					"cubes": [
						{"origin": [-11.74952, 2.97819, -4.5], "size": [1, 2, 1], "uv": [12, 0]}
					]
				},
				{
					"name": "arm_left",
					"parent": "body",
					"pivot": [5, 7.25, -3.5],
					"rotation": [-27.61998, 57.97593, -8.88474],
					"cubes": [
						{"origin": [5, 6.25, -4.5], "size": [4, 2, 1], "uv": [54, 0]},
						{"origin": [9, 5.75, -5], "size": [2, 3, 2], "uv": [54, 11]}
					]
				},
				{
					"name": "hand_left",
					"parent": "arm_left",
					"pivot": [10.75, 7.25, -4],
					"cubes": [
						{"origin": [10.75, 4.5, -6], "size": [4, 5, 4], "inflate": 0.02, "uv": [0, 0]},
						{"origin": [11.28347, 0.95638, -5.5], "size": [3, 4, 3], "pivot": [12.78347, 2.95638, -3.5], "rotation": [0, 0, 15], "uv": [0, 9]},
						{"origin": [11.322, -0.11813, -4.5], "size": [2, 2, 1], "pivot": [12.322, 0.88187, -4], "rotation": [0, 0, 55], "uv": [6, 29]},
						{"origin": [10.91196, -0.76901, -4], "size": [1, 1, 0], "pivot": [11.41196, -0.26901, -4.5], "rotation": [0, 0, 65], "uv": [0, 9]}
					]
				},
				{
					"name": "claw_left",
					"parent": "hand_left",
					"pivot": [10.75, 5, -4],
					"cubes": [
						{"origin": [10.75, 3, -4.5], "size": [1, 2, 1], "uv": [0, 0]}
					]
				},
				{
					"name": "leg_right_front",
					"parent": "body",
					"pivot": [-5, 7, -1.5],
					"rotation": [0, -10, 5],
					"cubes": [
						{"origin": [-9.5, 6.5, -1.5], "size": [5, 1, 0], "uv": [62, 14]}
					]
				},
				{
					"name": "leg_right_front2",
					"parent": "leg_right_front",
					"pivot": [-9.5, 7.5, -1.5],
					"rotation": [0, 0, -55],
					"cubes": [
						{"origin": [-13.5, 6, -1.5], "size": [4, 2, 0], "inflate": 0.01, "uv": [64, 6]}
					]
				},
				{
					"name": "leg_right_front3",
					"parent": "leg_right_front2",
					"pivot": [-13.5, 8, -1.5],
					"rotation": [0, 0, -47.5],
					"cubes": [
						{"origin": [-17.5, 6, -1.5], "size": [4, 2, 0], "uv": [64, 9]}
					]
				},
				{
					"name": "leg_right_front4",
					"parent": "leg_right_front3",
					"pivot": [-17.5, 8, -1.5],
					"rotation": [0, 0, -40],
					"cubes": [
						{"origin": [-19.5, 7, -1.5], "size": [2, 1, 0], "inflate": 0.01, "uv": [68, 16]}
					]
				},
				{
					"name": "leg_left_front",
					"parent": "body",
					"pivot": [5, 7, -1.5],
					"rotation": [0, 10, -5],
					"cubes": [
						{"origin": [4.5, 6.5, -1.5], "size": [5, 1, 0], "uv": [72, 14], "mirror": true}
					]
				},
				{
					"name": "leg_left_front2",
					"parent": "leg_left_front",
					"pivot": [9.5, 7.5, -1.5],
					"rotation": [0, 0, 55],
					"cubes": [
						{"origin": [9.5, 6, -1.5], "size": [4, 2, 0], "inflate": 0.01, "uv": [74, 6], "mirror": true}
					]
				},
				{
					"name": "leg_left_front3",
					"parent": "leg_left_front2",
					"pivot": [13.5, 8, -1.5],
					"rotation": [0, 0, 47.5],
					"cubes": [
						{"origin": [13.5, 6, -1.5], "size": [4, 2, 0], "uv": [74, 9], "mirror": true}
					]
				},
				{
					"name": "leg_left_front4",
					"parent": "leg_left_front3",
					"pivot": [17.5, 8, -1.5],
					"rotation": [0, 0, 40],
					"cubes": [
						{"origin": [17.5, 7, -1.5], "size": [2, 1, 0], "inflate": 0.01, "uv": [78, 16], "mirror": true}
					]
				},
				{
					"name": "leg_right_back",
					"parent": "body",
					"pivot": [-5, 6.5, 3],
					"rotation": [0, 20, 5],
					"cubes": [
						{"origin": [-9.5, 6, 3], "size": [5, 1, 0], "uv": [62, 12]}
					]
				},
				{
					"name": "leg_right_back2",
					"parent": "leg_right_back",
					"pivot": [-9.5, 7, 3],
					"rotation": [0, 0, -45],
					"cubes": [
						{"origin": [-13.5, 5.5, 3], "size": [4, 2, 0], "inflate": 0.01, "uv": [64, 0]}
					]
				},
				{
					"name": "leg_right_back3",
					"parent": "leg_right_back2",
					"pivot": [-13.5, 7.5, 3],
					"rotation": [0, 0, -57.5],
					"cubes": [
						{"origin": [-17.5, 5.5, 3], "size": [4, 2, 0], "uv": [64, 3]}
					]
				},
				{
					"name": "leg_right_back4",
					"parent": "leg_right_back3",
					"pivot": [-17.5, 7.5, 3],
					"rotation": [0, 0, -40],
					"cubes": [
						{"origin": [-19.5, 6.5, 3], "size": [2, 1, 0], "inflate": 0.01, "uv": [62, 16]}
					]
				},
				{
					"name": "leg_left_back",
					"parent": "body",
					"pivot": [5, 6.5, 3],
					"rotation": [0, -20, -5],
					"cubes": [
						{"origin": [4.5, 6, 3], "size": [5, 1, 0], "uv": [72, 12], "mirror": true}
					]
				},
				{
					"name": "leg_left_back2",
					"parent": "leg_left_back",
					"pivot": [9.5, 7, 3],
					"rotation": [0, 0, 45],
					"cubes": [
						{"origin": [9.5, 5.5, 3], "size": [4, 2, 0], "inflate": 0.01, "uv": [74, 0], "mirror": true}
					]
				},
				{
					"name": "leg_left_back3",
					"parent": "leg_left_back2",
					"pivot": [13.5, 7.5, 3],
					"rotation": [0, 0, 57.5],
					"cubes": [
						{"origin": [13.5, 5.5, 3], "size": [4, 2, 0], "uv": [74, 3], "mirror": true}
					]
				},
				{
					"name": "leg_left_back4",
					"parent": "leg_left_back3",
					"pivot": [17.5, 7.5, 3],
					"rotation": [0, 0, 40],
					"cubes": [
						{"origin": [17.5, 6.5, 3], "size": [2, 1, 0], "inflate": 0.01, "uv": [72, 16], "mirror": true}
					]
				}
			]
		}
	]
}