{
	"format_version": "1.12.0",
	"minecraft:geometry": [
		{
			"description": {
				"identifier": "geometry.mamoswine_female",
				"texture_width": 256,
				"texture_height": 256,
				"visible_bounds_width": 6,
				"visible_bounds_height": 5.5,
				"visible_bounds_offset": [0, 2.25, 0]
			},
			"bones": [
				{
					"name": "mamoswine",
					"pivot": [0, 0, 0]
				},
				{
					"name": "body",
					"parent": "mamoswine",
					"pivot": [0, 0, 0]
				},
				{
					"name": "torso",
					"parent": "body",
					"pivot": [0, 19.5, 0],
					"rotation": [-2.5, 0, 0],
					"cubes": [
						{"origin": [-19, 10.5, 5], "size": [38, 40, 19], "uv": [0, 79]},
						{"origin": [-20, 9.5, -28], "size": [40, 46, 33], "uv": [0, 0]}
					]
				},
				{
					"name": "goggles",
					"parent": "torso",
					"pivot": [0, 43, -28.51],
					"rotation": [-5, 0, 0],
					"cubes": [
						{"origin": [-19, 34.5, -29.5], "size": [16, 17, 3], "uv": [178, 83]},
						{"origin": [3, 34.5, -29.5], "size": [16, 17, 3], "uv": [124, 176]},
						{"origin": [-3, 36.5, -29.5], "size": [6, 13, 3], "uv": [0, 79]}
					]
				},
				{
					"name": "eye_left",
					"parent": "goggles",
					"pivot": [10.75, 43.5, -28.01],
					"rotation": [0, 0, -17.5],
					"cubes": [
						{"origin": [6.5, 40, -29.51], "size": [8.5, 7, 1], "uv": [101, 195]}
					]
				},
				{
					"name": "eyelid_left",
					"parent": "eye_left",
					"pivot": [10.75, 43.5, -27.91],
					"cubes": [
						{"origin": [6.5, 40, -29.41], "size": [8.5, 7, 1], "inflate": 0.01, "uv": [70, 175]}
					]
				},
				{
					"name": "eye_right",
					"parent": "goggles",
					"pivot": [-10.75, 43.5, -28.01],
					"rotation": [0, 0, 17.5],
					"cubes": [
						{"origin": [-15, 40, -29.51], "size": [8.5, 7, 1], "uv": [30, 174]}
					]
				},
				{
					"name": "eyelid_right",
					"parent": "eye_right",
					"pivot": [-10.75, 43.5, -27.91],
					"cubes": [
						{"origin": [-15, 40, -29.41], "size": [8.5, 7, 1], "inflate": 0.01, "uv": [137, 21]}
					]
				},
				{
					"name": "snout",
					"parent": "torso",
					"pivot": [0, 41.5, -28],
					"rotation": [12.5, 0, 0]
				},
				{
					"name": "nose",
					"parent": "snout",
					"pivot": [0, 41.5, -29],
					"cubes": [
						{"origin": [-4, 32.5, -34], "size": [8, 9, 6], "uv": [181, 187]}
					]
				},
				{
					"name": "fur",
					"parent": "snout",
					"pivot": [0, 41.5, -30.5],
					"rotation": [-25, 0, 0],
					"cubes": [
						{"origin": [-10.5, 28.5, -30.5], "size": [21, 13, 7], "uv": [162, 63]},
						{"origin": [-14, 23.5, -28], "size": [28, 17, 0], "pivot": [0, 41.5, -27.5], "rotation": [-7.5, 0, 0], "uv": [169, 0]}
					]
				},
				{
					"name": "tail",
					"parent": "torso",
					"pivot": [0, 32.5, 24],
					"cubes": [
						{"origin": [0, 27, 19], "size": [0, 9, 12], "uv": [113, 9]}
					]
				},
				{
					"name": "tusk_right",
					"parent": "torso",
					"pivot": [-13.25, 22.5, -25.5],
					"rotation": [47.5, 10, 5],
					"cubes": [
						{"origin": [-18.25, 15, -39.5], "size": [10, 10, 14], "uv": [170, 141]}
					]
				},
				{
					"name": "tusk_right2",
					"parent": "tusk_right",
					"pivot": [-13.25, 16, -39.5],
					"rotation": [-47.5, 0, 0],
					"cubes": [
						{"origin": [-17.25, 16, -51.5], "size": [8, 8, 12], "uv": [2, 176]}
					]
				},
				{
					"name": "tusk_right3",
					"parent": "tusk_right2",
					"pivot": [-13.25, 18, -51.5],
					"rotation": [-47.5, 0, 0],
					"cubes": [
						{"origin": [-16.25, 18, -62.5], "size": [6, 6, 11], "uv": [87, 178]}
					]
				},
				{
					"name": "tusk_right4",
					"parent": "tusk_right3",
					"pivot": [-13.25, 19, -62.5],
					"rotation": [-47.5, 0, 0],
					"cubes": [
						{"origin": [-15.25, 19, -70.5], "size": [4, 4, 8], "uv": [154, 188]}
					]
				},
				{
					"name": "tusk_left",
					"parent": "torso",
					"pivot": [13.25, 22.5, -25.5],
					"rotation": [47.5, -10, -5],
					"cubes": [
						{"origin": [8.25, 15, -39.5], "size": [10, 10, 14], "uv": [164, 103]}
					]
				},
				{
					"name": "tusk_left2",
					"parent": "tusk_left",
					"pivot": [13.25, 16, -39.5],
					"rotation": [-47.5, 0, 0],
					"cubes": [
						{"origin": [9.25, 16, -51.5], "size": [8, 8, 12], "uv": [172, 167]}
					]
				},
				{
					"name": "tusk_left3",
					"parent": "tusk_left2",
					"pivot": [13.25, 18, -51.5],
					"rotation": [-47.5, 0, 0],
					"cubes": [
						{"origin": [10.25, 18, -62.5], "size": [6, 6, 11], "uv": [47, 178]}
					]
				},
				{
					"name": "tusk_left4",
					"parent": "tusk_left3",
					"pivot": [13.25, 19, -62.5],
					"rotation": [-47.5, 0, 0],
					"cubes": [
						{"origin": [11.25, 19, -70.5], "size": [4, 4, 8], "uv": [51, 141]}
					]
				},
				{
					"name": "leg_front_left",
					"parent": "body",
					"pivot": [15, 22, -13],
					"cubes": [
						{"origin": [7, 6, -21], "size": [16, 22, 16], "uv": [114, 117]},
						{"origin": [22.5, 6, -21], "size": [3, 0, 16], "pivot": [23, 6, -13], "rotation": [0, 0, 15], "uv": [91, 79]},
						{"origin": [4.5, 6, -21], "size": [3, 0, 16], "pivot": [7, 6, -13], "rotation": [0, 0, -15], "uv": [79, 79]},
						{"origin": [7, 6, -5.5], "size": [16, 0, 3], "pivot": [15, 6, -5], "rotation": [-15, 0, 0], "uv": [185, 20]},
						{"origin": [7, 6, -23.5], "size": [16, 0, 3], "pivot": [15, 6, -21], "rotation": [15, 0, 0], "uv": [175, 133]}
					]
				},
				{
					"name": "foot_front_left",
					"parent": "leg_front_left",
					"pivot": [3, 7.5, -13],
					"cubes": [
						{"origin": [8, 0, -20], "size": [14, 7, 14], "uv": [128, 155]},
						{"origin": [9, 0, -23], "size": [12, 5, 3], "uv": [71, 195]}
					]
				},
				{
					"name": "leg_front_right",
					"parent": "body",
					"pivot": [-15, 22, -13],
					"cubes": [
						{"origin": [-23, 6, -21], "size": [16, 22, 16], "uv": [114, 79]},
						{"origin": [-25.5, 6, -21], "size": [3, 0, 16], "pivot": [-23, 6, -13], "rotation": [0, 0, -15], "uv": [6, 16]},
						{"origin": [-7.5, 6, -21], "size": [3, 0, 16], "pivot": [-7, 6, -13], "rotation": [0, 0, 15], "uv": [0, 16]},
						{"origin": [-23, 6, -5.5], "size": [16, 0, 3], "pivot": [-15, 6, -5], "rotation": [-15, 0, 0], "uv": [166, 17]},
						{"origin": [-23, 6, -23.5], "size": [16, 0, 3], "pivot": [-15, 6, -21], "rotation": [15, 0, 0], "uv": [159, 130]}
					]
				},
				{
					"name": "foot_front_right",
					"parent": "leg_front_right",
					"pivot": [-3, 7.5, -13],
					"cubes": [
						{"origin": [-22, 0, -20], "size": [14, 7, 14], "uv": [146, 21]},
						{"origin": [-21, 0, -23], "size": [12, 5, 3], "uv": [188, 42]}
					]
				},
				{
					"name": "leg_back_left",
					"parent": "body",
					"pivot": [14, 22, 18],
					"cubes": [
						{"origin": [6, 6, 10], "size": [16, 20, 16], "uv": [64, 139]},
						{"origin": [21.5, 6, 10], "size": [3, 0, 16], "pivot": [22, 6, 18], "rotation": [0, 0, 15], "uv": [97, 79]},
						{"origin": [3.5, 6, 10], "size": [3, 0, 16], "pivot": [6, 6, 18], "rotation": [0, 0, -15], "uv": [85, 79]},
						{"origin": [6, 6, 25.5], "size": [16, 0, 3], "pivot": [14, 6, 26], "rotation": [-15, 0, 0], "uv": [185, 23]},
						{"origin": [6, 6, 7.5], "size": [16, 0, 3], "pivot": [14, 6, 10], "rotation": [15, 0, 0], "uv": [175, 136]}
					]
				},
				{
					"name": "foot_back_left",
					"parent": "leg_back_left",
					"pivot": [2, 7.5, 18],
					"cubes": [
						{"origin": [7, 0, 11], "size": [14, 7, 14], "uv": [146, 42]},
						{"origin": [8, 0, 8], "size": [12, 5, 3], "uv": [41, 195]}
					]
				},
				{
					"name": "leg_back_right",
					"parent": "body",
					"pivot": [-14, 22, 18],
					"cubes": [
						{"origin": [-22, 6, 10], "size": [16, 20, 16], "uv": [0, 138]},
						{"origin": [-24.5, 6, 10], "size": [3, 0, 16], "pivot": [-22, 6, 18], "rotation": [0, 0, -15], "uv": [6, 0]},
						{"origin": [-6.5, 6, 10], "size": [3, 0, 16], "pivot": [-6, 6, 18], "rotation": [0, 0, 15], "uv": [0, 0]},
						{"origin": [-22, 6, 25.5], "size": [16, 0, 3], "pivot": [-14, 6, 26], "rotation": [-15, 0, 0], "uv": [159, 127]},
						{"origin": [-22, 6, 7.5], "size": [16, 0, 3], "pivot": [-14, 6, 10], "rotation": [15, 0, 0], "uv": [110, 30]}
					]
				},
				{
					"name": "foot_back_right",
					"parent": "leg_back_right",
					"pivot": [-2, 7.5, 18],
					"cubes": [
						{"origin": [-21, 0, 11], "size": [14, 7, 14], "uv": [113, 0]},
						{"origin": [-20, 0, 8], "size": [12, 5, 3], "uv": [188, 26]}
					]
				}
			]
		}
	]
}