{
	"format_version": "1.12.0",
	"minecraft:geometry": [
		{
			"description": {
				"identifier": "geometry.luvdisc",
				"texture_width": 16,
				"texture_height": 16,
				"visible_bounds_width": 2,
				"visible_bounds_height": 2.5,
				"visible_bounds_offset": [0, 0.75, 0]
			},
			"bones": [
				{
					"name": "luvdisc",
					"pivot": [0, 0, 0]
				},
				{
					"name": "body",
					"parent": "luvdisc",
					"pivot": [0, 4.25, -1],
					"rotation": [-45, 0, 0],
					"cubes": [
						{"origin": [-0.5, 2.25, -3], "size": [1, 4, 4], "uv": [0, 0]}
					]
				},
				{
					"name": "fin_upper",
					"parent": "body",
					"pivot": [0, 6.25, -1],
					"cubes": [
						{"origin": [-0.5, 6.25, -3], "size": [1, 2, 4], "uv": [6, 4]}
					]
				},
				{
					"name": "fin_upper2",
					"parent": "fin_upper",
					"pivot": [0, 8.25, -0.5],
					"cubes": [
						{"origin": [-0.5, 8.25, -2], "size": [1, 1, 3], "uv": [6, 0]}
					]
				},
				{
					"name": "fin_lower",
					"parent": "body",
					"pivot": [0, 4.25, 1],
					"cubes": [
						{"origin": [-0.5, 2.25, 1], "size": [1, 4, 2], "uv": [0, 8]}
					]
				},
				{
					"name": "fin_lower2",
					"parent": "fin_lower",
					"pivot": [0, 4.75, 3],
					"cubes": [
						{"origin": [-0.5, 3.25, 3], "size": [1, 3, 1], "uv": [0, 0]}
					]
				},
				{
					"name": "eyes",
					"parent": "body",
					"pivot": [0, 4.25, -1.75]
				},
				{
					"name": "eye_right",
					"parent": "eyes",
					"pivot": [-0.51, 4.25, -1.75],
					"cubes": [
						{"origin": [-0.51, 3.75, -2.25], "size": [0, 1, 1], "uv": [6, 1], "mirror": true}
					]
				},
				{
					"name": "eye_left",
					"parent": "eyes",
					"pivot": [0.51, 4.25, -1.75],
					"cubes": [
						{"origin": [0.51, 3.75, -2.25], "size": [0, 1, 1], "uv": [6, 0]}
					]
				}
			]
		}
	]
}