{
	"format_version": "1.12.0",
	"minecraft:geometry": [
		{
			"description": {
				"identifier": "geometry.duskull",
				"texture_width": 64,
				"texture_height": 64,
				"visible_bounds_width": 4,
				"visible_bounds_height": 2.5,
				"visible_bounds_offset": [0, 0.75, 0]
			},
			"bones": [
				{
					"name": "duskull",
					"pivot": [0, 3.5, 1]
				},
				{
					"name": "body",
					"parent": "duskull",
					"pivot": [0, 8.5, -0.5],
					"cubes": [
						{"origin": [-6, 2.5, -6.5], "size": [12, 12, 12], "uv": [0, 0]},
						{"origin": [-2.5, 14.5, -6.5], "size": [5, 2, 4], "uv": [0, 24]}
					]
				},
				{
					"name": "torso_flame",
					"parent": "body",
					"pivot": [0, 16.5, -4.6],
					"rotation": [0, -20, 0],
					"cubes": [
						{"origin": [-2, 16.5, -4.6], "size": [4, 3, 0], "uv": [0, 9]}
					]
				},
				{
					"name": "torso_flame2",
					"parent": "torso_flame",
					"pivot": [0, 19.5, -4.6],
					"cubes": [
						{"origin": [-2, 19.5, -4.6], "size": [4, 2, 0], "uv": [0, 7]}
					]
				},
				{
					"name": "arms",
					"parent": "body",
					"pivot": [0, 11, -1.5]
				},
				{
					"name": "arm_left",
					"parent": "arms",
					"pivot": [6, 10.5, -1.5],
					"cubes": [
						{"origin": [6, 7.5, -1.5], "size": [6, 4, 0], "uv": [30, 24]}
					]
				},
				{
					"name": "arm_left2",
					"parent": "arm_left",
					"pivot": [12, 7.5, -1.5],
					"cubes": [
						{"origin": [12, 7.5, -1.5], "size": [3, 4, 0], "inflate": 0.01, "uv": [37, 28]}
					]
				},
				{
					"name": "arm_left3",
					"parent": "arm_left2",
					"pivot": [15, 11.5, -1.5],
					"cubes": [
						{"origin": [15, 7.5, -1.5], "size": [2, 4, 0], "uv": [42, 24]}
					]
				},
				{
					"name": "arm_right",
					"parent": "arms",
					"pivot": [-6, 10.5, -1.5],
					"cubes": [
						{"origin": [-12, 7.5, -1.5], "size": [6, 4, 0], "uv": [0, 34], "mirror": true}
					]
				},
				{
					"name": "arm_right2",
					"parent": "arm_right",
					"pivot": [-12, 7.5, -1.5],
					"cubes": [
						{"origin": [-15, 7.5, -1.5], "size": [3, 4, 0], "inflate": 0.01, "uv": [0, 30], "mirror": true}
					]
				},
				{
					"name": "arm_right3",
					"parent": "arm_right2",
					"pivot": [-15, 11.5, -1.5],
					"cubes": [
						{"origin": [-17, 7.5, -1.5], "size": [2, 4, 0], "uv": [6, 30], "mirror": true}
					]
				},
				{
					"name": "tail",
					"parent": "body",
					"pivot": [0, 2.5, 1],
					"cubes": [
						{"origin": [-3, 0, -2.5], "size": [6, 3, 7], "uv": [11, 24]}
					]
				},
				{
					"name": "tail2",
					"parent": "tail",
					"pivot": [0, 0, 4.5],
					"cubes": [
						{"origin": [-3.5, 0, 4.5], "size": [7, 0, 2], "uv": [10, 34]}
					]
				},
				{
					"name": "tail3",
					"parent": "tail2",
					"pivot": [0, 0, 6.5],
					"cubes": [
						{"origin": [-3.5, 0, 6.5], "size": [7, 0, 2], "uv": [24, 34]}
					]
				},
				{
					"name": "head",
					"parent": "body",
					"pivot": [0, 13.5, -6.5],
					"cubes": [
						{"origin": [-5, 5.5, -8.5], "size": [10, 8, 2], "uv": [36, 0]},
						{"origin": [-2, 13.5, -7.5], "size": [4, 1, 1], "uv": [41, 35]},
						{"origin": [-1, 3.5, -8.5], "size": [2, 2, 1], "pivot": [0, 5.5, -7.5], "rotation": [-5, 0, 0], "uv": [6, 0]},
						{"origin": [2, 3.5, -8.475], "size": [2, 2, 1], "pivot": [2, 5.5, -7.4], "rotation": [-2.5, 0, -10], "uv": [0, 3]},
						{"origin": [-4, 3.5, -8.475], "size": [2, 2, 1], "pivot": [-2, 5.5, -7.4], "rotation": [-2.5, 0, 10], "uv": [0, 0], "mirror": true}
					]
				},
				{
					"name": "head_interior",
					"parent": "head",
					"pivot": [0, 9.5, -8.5],
					"cubes": [
						{"origin": [4, 7.5, -8.5], "size": [0, 4, 6], "uv": [48, 4]},
						{"origin": [-4, 7.5, -8.5], "size": [0, 4, 6], "uv": [48, 8], "mirror": true},
						{"origin": [-1, 7.5, -8.49], "size": [2, 4, 0], "uv": [60, 14]},
						{"origin": [-4, 7.5, -2.5], "size": [8, 4, 0], "uv": [48, 18]},
						{"origin": [-4, 11.5, -8.5], "size": [8, 0, 6], "uv": [42, 22]},
						{"origin": [-4, 7.5, -8.5], "size": [8, 0, 6], "uv": [42, 28]}
					]
				},
				{
					"name": "eye",
					"parent": "head",
					"pivot": [0, 9.5, -5.29],
					"cubes": [
						{"origin": [1.5, 8, -6.79], "size": [0, 3, 3], "uv": [6, 38]},
						{"origin": [-1.5, 8, -6.79], "size": [0, 3, 3], "uv": [0, 38]},
						{"origin": [-1.5, 8, -6.79], "size": [3, 3, 0], "uv": [0, 38]},
						{"origin": [-1.5, 8, -3.79], "size": [3, 3, 0], "uv": [6, 38]},
						{"origin": [-1.5, 11, -6.79], "size": [3, 0, 3], "uv": [9, 36]},
						{"origin": [-1.5, 8, -6.79], "size": [3, 0, 3], "uv": [9, 39]}
					]
				},
				{
					"name": "eye_center",
					"parent": "eye",
					"pivot": [0, 9.5, -5.29],
					"cubes": [
						{"origin": [-1, 8.5, -6.29], "size": [2, 2, 2], "uv": [18, 36]}
					]
				}
			]
		}
	]
}