{
	"format_version": "1.12.0",
	"minecraft:geometry": [
		{
			"description": {
				"identifier": "geometry.chinchou",
				"texture_width": 64,
				"texture_height": 64,
				"visible_bounds_width": 8,
				"visible_bounds_height": 5.5,
				"visible_bounds_offset": [0, 2.25, 0]
			},
			"bones": [
				{
					"name": "chinchou",
					"pivot": [0, 0, 0]
				},
				{
					"name": "body",
					"parent": "chinchou",
					"pivot": [0, 6, 0]
				},
				{
					"name": "torso",
					"parent": "body",
					"pivot": [0, 2.5, 2.5],
					"cubes": [
						{"origin": [-7, 2, -7], "size": [14, 8, 14], "uv": [0, 0]}
					]
				},
				{
					"name": "stem_left",
					"parent": "torso",
					"pivot": [0.5, 5, 7],
					"cubes": [
						{"origin": [0.5, 5, 7], "size": [0, 1, 7], "uv": [14, 32]}
					]
				},
				{
					"name": "stem_left2",
					"parent": "stem_left",
					"pivot": [0.5, 5, 14],
					"cubes": [
						{"origin": [0.5, 5, 14], "size": [0, 1, 7], "inflate": 0.01, "uv": [0, 32]}
					]
				},
				{
					"name": "stem_left3",
					"parent": "stem_left2",
					"pivot": [0.5, 5, 21],
					"cubes": [
						{"origin": [0.5, 5, 21], "size": [0, 1, 7], "uv": [28, 31]}
					]
				},
				{
					"name": "stem_left4",
					"parent": "stem_left3",
					"pivot": [0.5, 5, 28],
					"cubes": [
						{"origin": [0.5, 5, 28], "size": [0, 1, 7], "inflate": 0.01, "uv": [14, 31]}
					]
				},
				{
					"name": "stem_left5",
					"parent": "stem_left4",
					"pivot": [0.5, 5, 35],
					"cubes": [
						{"origin": [0.5, 5, 35], "size": [0, 1, 7], "uv": [0, 6]}
					]
				},
				{
					"name": "stem_left6",
					"parent": "stem_left5",
					"pivot": [0.5, 5, 42],
					"cubes": [
						{"origin": [0.5, 5, 42], "size": [0, 1, 7], "inflate": 0.01, "uv": [0, 31]}
					]
				},
				{
					"name": "stem_left7",
					"parent": "stem_left6",
					"pivot": [0.5, 5.5, 48.5],
					"cubes": [
						{"origin": [-1, 4.5, 48], "size": [3, 2, 3], "uv": [0, 40]}
					]
				},
				{
					"name": "stem_left8",
					"parent": "stem_left7",
					"pivot": [0.5, 5.5, 50.5],
					"cubes": [
						{"origin": [-2, 4, 50], "size": [5, 3, 5], "uv": [0, 30]}
					],
					"locators": {
						"locator2": [0.4, 5.6, 52.5]
					}
				},
				{
					"name": "stem_right",
					"parent": "torso",
					"pivot": [-0.5, 5, 7],
					"cubes": [
						{"origin": [-0.5, 5, 7], "size": [0, 1, 7], "uv": [0, 0]}
					]
				},
				{
					"name": "stem_right2",
					"parent": "stem_right",
					"pivot": [-0.5, 5, 14],
					"cubes": [
						{"origin": [-0.5, 5, 14], "size": [0, 1, 7], "inflate": 0.01, "uv": [0, 1]}
					]
				},
				{
					"name": "stem_right3",
					"parent": "stem_right2",
					"pivot": [-0.5, 5, 21],
					"cubes": [
						{"origin": [-0.5, 5, 21], "size": [0, 1, 7], "uv": [0, 2]}
					]
				},
				{
					"name": "stem_right4",
					"parent": "stem_right3",
					"pivot": [-0.5, 5, 28],
					"cubes": [
						{"origin": [-0.5, 5, 28], "size": [0, 1, 7], "inflate": 0.01, "uv": [0, 3]}
					]
				},
				{
					"name": "stem_right5",
					"parent": "stem_right4",
					"pivot": [-0.5, 5, 35],
					"cubes": [
						{"origin": [-0.5, 5, 35], "size": [0, 1, 7], "uv": [0, 4]}
					]
				},
				{
					"name": "stem_right6",
					"parent": "stem_right5",
					"pivot": [-0.5, 5, 42],
					"cubes": [
						{"origin": [-0.5, 5, 42], "size": [0, 1, 7], "inflate": 0.01, "uv": [0, 5]}
					]
				},
				{
					"name": "stem_right7",
					"parent": "stem_right6",
					"pivot": [-0.5, 5.5, 48.5],
					"cubes": [
						{"origin": [-2, 4.5, 48], "size": [3, 2, 3], "uv": [39, 36]}
					]
				},
				{
					"name": "stem_right8",
					"parent": "stem_right7",
					"pivot": [-0.5, 5.5, 50.5],
					"cubes": [
						{"origin": [-3, 4, 50], "size": [5, 3, 5], "uv": [0, 22]}
					],
					"locators": {
						"locator": [-0.5, 5.2, 52.3]
					}
				},
				{
					"name": "eye_left",
					"parent": "torso",
					"pivot": [4.51, 6.5, -6.01],
					"cubes": [
						{"origin": [1.76, 4, -7.01], "size": [5, 5, 0], "uv": [40, 41]}
					]
				},
				{
					"name": "eyelid_left",
					"parent": "eye_left",
					"pivot": [4.25, 6.5, -5.91],
					"cubes": [
						{"origin": [1.75, 4, -6.91], "size": [5, 5, 2], "inflate": 0.01, "uv": [26, 39]}
					]
				},
				{
					"name": "eye_right",
					"parent": "torso",
					"pivot": [-4.51, 6.5, -6.01],
					"cubes": [
						{"origin": [-6.76, 4, -7.01], "size": [5, 5, 0], "uv": [12, 40]}
					]
				},
				{
					"name": "eyelid_right",
					"parent": "eye_right",
					"pivot": [-4.25, 6.5, -5.91],
					"cubes": [
						{"origin": [-6.75, 4, -6.91], "size": [5, 5, 2], "inflate": 0.01, "uv": [0, 0]}
					]
				},
				{
					"name": "mouth_open",
					"parent": "torso",
					"pivot": [0, 4.5, -5.91],
					"cubes": [
						{"origin": [-1, 3.5, -6.91], "size": [2, 2, 1], "uv": [40, 27]}
					]
				},
				{
					"name": "mouth_closed",
					"parent": "torso",
					"pivot": [0, 5, -6.01],
					"cubes": [
						{"origin": [-1, 4, -7.01], "size": [2, 1, 1], "uv": [42, 0]}
					]
				},
				{
					"name": "arm_left",
					"parent": "torso",
					"pivot": [6.5, 4.5, -0.5],
					"cubes": [
						{"origin": [6, 4.5, -3], "size": [5, 0, 5], "uv": [29, 30]}
					]
				},
				{
					"name": "arm_left2",
					"parent": "arm_left",
					"pivot": [11, 4.5, -3],
					"cubes": [
						{"origin": [11, 4.5, -3], "size": [5, 0, 5], "inflate": 0.01, "uv": [10, 30]}
					]
				},
				{
					"name": "arm_right",
					"parent": "torso",
					"pivot": [-6.5, 4.5, -0.5],
					"cubes": [
						{"origin": [-11, 4.5, -3], "size": [5, 0, 5], "uv": [10, 22]}
					]
				},
				{
					"name": "arm_right2",
					"parent": "arm_right",
					"pivot": [-11, 4.5, -3],
					"cubes": [
						{"origin": [-16, 4.5, -3], "size": [5, 0, 5], "inflate": 0.01, "uv": [29, 22]}
					]
				},
				{
					"name": "leg_left",
					"parent": "body",
					"pivot": [3.5, 1.5, 2],
					"cubes": [
						{"origin": [1.5, 0, -2.5], "size": [4, 2, 6], "uv": [20, 30]}
					]
				},
				{
					"name": "leg_right",
					"parent": "body",
					"pivot": [-3.5, 1.5, 2],
					"cubes": [
						{"origin": [-5.5, 0, -2.5], "size": [4, 2, 6], "uv": [20, 22]}
					]
				}
			]
		}
	]
}