{
	"format_version": "1.12.0",
	"minecraft:geometry": [
		{
			"description": {
				"identifier": "geometry.serperior",
				"texture_width": 128,
				"texture_height": 64,
				"visible_bounds_width": 8,
				"visible_bounds_height": 7,
				"visible_bounds_offset": [0, -0.5, 0]
			},
			"bones": [
				{
					"name": "serperior",
					"pivot": [0, 0, 0]
				},
				{
					"name": "body",
					"parent": "serperior",
					"pivot": [0, 2.6, 0]
				},
				{
					"name": "neck",
					"parent": "body",
					"pivot": [0, 12.6, -5],
					"rotation": [-90, 0, 0],
					"cubes": [
						{"origin": [-2.5, 12.6, -9], "size": [5, 5, 5], "inflate": 0.01, "uv": [0, 29]}
					]
				},
				{
					"name": "neck_leaves",
					"parent": "neck",
					"pivot": [0, 16.1, -9]
				},
				{
					"name": "neck_leaf_left",
					"parent": "neck_leaves",
					"pivot": [2.3, 17.6, -8.8],
					"rotation": [-0.5, -45.11505, -0.32549],
					"cubes": [
						{"origin": [2.3, 13.6, -11.8], "size": [0, 4, 3], "inflate": 0.01, "uv": [18, -3]},
						{"origin": [-0.7, 17.6, -11.8], "size": [3, 0, 4], "inflate": 0.02, "uv": [20, 0]}
					]
				},
				{
					"name": "neck_leaf_left2",
					"parent": "neck_leaf_left",
					"pivot": [2.3, 17.6, -11.8],
					"rotation": [0, -10, 0],
					"cubes": [
						{"origin": [2.3, 14.6, -15.8], "size": [0, 3, 4], "inflate": 0.01, "uv": [24, 0]},
						{"origin": [0.3, 17.59, -15.8], "size": [2, 0, 5], "inflate": 0.01, "uv": [19, 7]}
					]
				},
				{
					"name": "neck_leaf_left3",
					"parent": "neck_leaf_left2",
					"pivot": [2.3, 17.6, -15.8],
					"rotation": [0, -27.5, 0],
					"cubes": [
						{"origin": [2.3, 15.6, -19.79], "size": [0, 2, 4], "inflate": 0.005, "uv": [18, 8]},
						{"origin": [1.3, 17.6, -19.79], "size": [1, 0, 5], "inflate": 0.005, "uv": [15, 14]}
					]
				},
				{
					"name": "neck_leaf_left4",
					"parent": "neck_leaf_left3",
					"pivot": [2.275, 16.6, -19.79],
					"rotation": [0, -57.5, 0],
					"cubes": [
						{"origin": [2.3, 15.6, -22.79], "size": [0, 2, 3], "inflate": 0.005, "uv": [22, 11]}
					]
				},
				{
					"name": "neck_leaf_left5",
					"parent": "neck_leaf_left4",
					"pivot": [2.275, 16.6, -22.79],
					"rotation": [0, -90, 0],
					"cubes": [
						{"origin": [2.275, 15.6, -24.8], "size": [0, 2, 2], "uv": [22, 14]}
					]
				},
				{
					"name": "neck_leaf_left6",
					"parent": "neck_leaf_left5",
					"pivot": [2.275, 16.6, -24.79],
					"rotation": [0, -82.5, 0],
					"cubes": [
						{"origin": [2.275, 15.6, -26.8], "size": [0, 2, 2], "uv": [23, 16]}
					]
				},
				{
					"name": "neck_leaf_right",
					"parent": "neck_leaves",
					"pivot": [-2.3, 17.6, -8.8],
					"rotation": [-0.5, 45.11505, 0.32549],
					"cubes": [
						{"origin": [-2.3, 13.6, -11.8], "size": [0, 4, 3], "inflate": 0.01, "uv": [30, -3], "mirror": true},
						{"origin": [-2.3, 17.6, -11.8], "size": [3, 0, 4], "inflate": 0.02, "uv": [24, 7], "mirror": true}
					]
				},
				{
					"name": "neck_leaf_right2",
					"parent": "neck_leaf_right",
					"pivot": [-2.3, 17.6, -11.8],
					"rotation": [0, 10, 0],
					"cubes": [
						{"origin": [-2.3, 14.6, -15.8], "size": [0, 3, 4], "inflate": 0.01, "uv": [32, 0], "mirror": true},
						{"origin": [-2.3, 17.59, -15.8], "size": [2, 0, 5], "inflate": 0.01, "uv": [23, 11], "mirror": true}
					]
				},
				{
					"name": "neck_leaf_right3",
					"parent": "neck_leaf_right2",
					"pivot": [-2.3, 17.6, -15.8],
					"rotation": [0, 27.5, 0],
					"cubes": [
						{"origin": [-2.3, 15.6, -19.79], "size": [0, 2, 4], "inflate": 0.005, "uv": [23, 16], "mirror": true},
						{"origin": [-2.3, 17.6, -19.79], "size": [1, 0, 5], "inflate": 0.005, "uv": [27, 11], "mirror": true}
					]
				},
				{
					"name": "neck_leaf_right4",
					"parent": "neck_leaf_right3",
					"pivot": [-2.275, 16.6, -19.79],
					"rotation": [0, 57.5, 0],
					"cubes": [
						{"origin": [-2.275, 15.6, -22.79], "size": [0, 2, 3], "inflate": 0.005, "uv": [27, 15], "mirror": true}
					]
				},
				{
					"name": "neck_leaf_right5",
					"parent": "neck_leaf_right4",
					"pivot": [-2.275, 16.6, -22.79],
					"rotation": [0, 90, 0],
					"cubes": [
						{"origin": [-2.275, 15.6, -24.79], "size": [0, 2, 2], "uv": [26, 14], "mirror": true}
					]
				},
				{
					"name": "neck_leaf_right6",
					"parent": "neck_leaf_right5",
					"pivot": [-2.275, 16.6, -24.79],
					"rotation": [0, 82.5, 0],
					"cubes": [
						{"origin": [-2.275, 15.6, -26.79], "size": [0, 2, 2], "uv": [30, 14], "mirror": true}
					]
				},
				{
					"name": "neck2",
					"parent": "neck",
					"pivot": [0, 17.6, -9],
					"cubes": [
						{"origin": [-2, 13.6, -14.4], "size": [4, 4, 6], "uv": [0, 19]}
					]
				},
				{
					"name": "vines",
					"parent": "neck2",
					"pivot": [0, 17.25, -9.45],
					"rotation": [-90, 0, 0]
				},
				{
					"name": "vine_left",
					"parent": "vines",
					"pivot": [1.95, 17.15, -9.325],
					"cubes": [
						{"origin": [1.95, 16.65, -9.325], "size": [4, 1, 0], "uv": [4, 51]}
					]
				},
				{
					"name": "vine_left2",
					"parent": "vine_left",
					"pivot": [5.95, 17.15231, -9.33343],
					"cubes": [
						{"origin": [5.95, 16.65, -9.325], "size": [4, 1, 0], "uv": [4, 52]}
					]
				},
				{
					"name": "vine_left3",
					"parent": "vine_left2",
					"pivot": [9.95, 17.15231, -9.33343],
					"cubes": [
						{"origin": [9.95, 16.65, -9.325], "size": [4, 1, 0], "uv": [4, 53]}
					]
				},
				{
					"name": "vine_left4",
					"parent": "vine_left3",
					"pivot": [13.95, 17.15231, -9.33343],
					"cubes": [
						{"origin": [13.95, 16.65, -9.325], "size": [4, 1, 0], "uv": [4, 54]}
					]
				},
				{
					"name": "vine_left5",
					"parent": "vine_left4",
					"pivot": [17.95, 17.15231, -9.33343],
					"cubes": [
						{"origin": [17.95, 16.65, -9.325], "size": [4, 1, 0], "uv": [4, 55]}
					]
				},
				{
					"name": "vine_left6",
					"parent": "vine_left5",
					"pivot": [21.95, 17.15231, -9.33343],
					"cubes": [
						{"origin": [21.95, 16.65, -9.325], "size": [4, 1, 0], "uv": [4, 56]}
					]
				},
				{
					"name": "vine_left7",
					"parent": "vine_left6",
					"pivot": [25.95, 17.15231, -9.33343],
					"cubes": [
						{"origin": [25.95, 16.65, -9.325], "size": [4, 1, 0], "uv": [4, 57]}
					]
				},
				{
					"name": "vine_left_end",
					"parent": "vine_left7",
					"pivot": [29.95, 17.15231, -9.33343],
					"cubes": [
						{"origin": [29.95, 16.15, -9.325], "size": [3, 2, 0], "uv": [20, 51]}
					]
				},
				{
					"name": "vine_right",
					"parent": "vines",
					"pivot": [-1.95, 17.15, -9.325],
					"cubes": [
						{"origin": [-5.95, 16.65, -9.325], "size": [4, 1, 0], "uv": [12, 51], "mirror": true}
					]
				},
				{
					"name": "vine_right2",
					"parent": "vine_right",
					"pivot": [-5.95, 17.15231, -9.33343],
					"cubes": [
						{"origin": [-9.95, 16.65, -9.325], "size": [4, 1, 0], "uv": [12, 52], "mirror": true}
					]
				},
				{
					"name": "vine_right3",
					"parent": "vine_right2",
					"pivot": [-9.95, 17.15231, -9.33343],
					"cubes": [
						{"origin": [-13.95, 16.65, -9.325], "size": [4, 1, 0], "uv": [12, 53], "mirror": true}
					]
				},
				{
					"name": "vine_right4",
					"parent": "vine_right3",
					"pivot": [-13.95, 17.15231, -9.33343],
					"cubes": [
						{"origin": [-17.95, 16.65, -9.325], "size": [4, 1, 0], "uv": [12, 54], "mirror": true}
					]
				},
				{
					"name": "vine_right5",
					"parent": "vine_right4",
					"pivot": [-17.95, 17.15231, -9.33343],
					"cubes": [
						{"origin": [-21.95, 16.65, -9.325], "size": [4, 1, 0], "uv": [12, 55], "mirror": true}
					]
				},
				{
					"name": "vine_right6",
					"parent": "vine_right5",
					"pivot": [-21.95, 17.15231, -9.33343],
					"cubes": [
						{"origin": [-25.95, 16.65, -9.325], "size": [4, 1, 0], "uv": [12, 56], "mirror": true}
					]
				},
				{
					"name": "vine_right7",
					"parent": "vine_right6",
					"pivot": [-25.95, 17.15231, -9.33343],
					"cubes": [
						{"origin": [-29.95, 16.65, -9.325], "size": [4, 1, 0], "uv": [12, 57], "mirror": true}
					]
				},
				{
					"name": "vine_right_end",
					"parent": "vine_right7",
					"pivot": [-29.95, 17.15231, -9.33343],
					"cubes": [
						{"origin": [-32.95, 16.15, -9.325], "size": [3, 2, 0], "uv": [20, 53], "mirror": true}
					]
				},
				{
					"name": "head",
					"parent": "neck2",
					"pivot": [0, 15.6, -12.9],
					"rotation": [90, 0, 0]
				},
				{
					"name": "head_ai",
					"parent": "head",
					"pivot": [0, 15.6, -12.9]
				},
				{
					"name": "head_rotation",
					"parent": "head_ai",
					"pivot": [0, 17.6, -12.9],
					"rotation": [-90, 0, 0],
					"cubes": [
						{"origin": [-3, 14, -15.9], "size": [6, 6, 5], "uv": [0, 0]}
					]
				},
				{
					"name": "eyes",
					"parent": "head_rotation",
					"pivot": [0, 17, -13.8]
				},
				{
					"name": "eye_left",
					"parent": "eyes",
					"pivot": [3.01, 16.625, -13.9],
					"rotation": [2.5, 0, 0],
					"cubes": [
						{"origin": [3.01, 14.1, -14.9], "size": [0, 5, 2], "uv": [26, 20]}
					]
				},
				{
					"name": "pupil_left",
					"parent": "eye_left",
					"pivot": [3.02, 15.6, -13.9],
					"cubes": [
						{"origin": [3.02, 15.1, -14.9], "size": [0, 1, 2], "uv": [24, 25]}
					]
				},
				{
					"name": "eyelid_left",
					"parent": "eye_left",
					"pivot": [2.42, 16.6, -13.9],
					"cubes": [
						{"origin": [1.92, 14.1, -14.9], "size": [1, 5, 2], "inflate": 0.01, "uv": [30, 27]}
					]
				},
				{
					"name": "eye_right",
					"parent": "eyes",
					"pivot": [-3.01, 16.625, -13.9],
					"rotation": [2.5, 0, 0],
					"cubes": [
						{"origin": [-3.01, 14.1, -14.9], "size": [0, 5, 2], "uv": [30, 20], "mirror": true}
					]
				},
				{
					"name": "pupil_right",
					"parent": "eye_right",
					"pivot": [-3.02, 15.6, -13.9],
					"cubes": [
						{"origin": [-3.02, 15.1, -14.9], "size": [0, 1, 2], "uv": [28, 25], "mirror": true}
					]
				},
				{
					"name": "eyelid_right",
					"parent": "eye_right",
					"pivot": [-2.42, 16.6, -13.9],
					"cubes": [
						{"origin": [-2.92, 14.1, -14.9], "size": [1, 5, 2], "inflate": 0.01, "uv": [37, 29], "mirror": true}
					]
				},
				{
					"name": "ears",
					"parent": "head_rotation",
					"pivot": [0, 19.6, -15.9]
				},
				{
					"name": "ear_left",
					"parent": "ears",
					"pivot": [1.8, 20, -15.9],
					"rotation": [-15, 0, 0],
					"cubes": [
						{"origin": [0.8, 20, -19.9], "size": [2, 0, 4], "inflate": 0.01, "uv": [-4, 19]}
					]
				},
				{
					"name": "ear_left2",
					"parent": "ear_left",
					"pivot": [0.8, 20, -19.9],
					"rotation": [-5, 0, 0],
					"cubes": [
						{"origin": [0.8, 20, -23.9], "size": [2, 0, 4], "uv": [11, 29]}
					]
				},
				{
					"name": "ear_left3",
					"parent": "ear_left2",
					"pivot": [1.3, 20, -23.9],
					"rotation": [-12.5, 0, 0],
					"cubes": [
						{"origin": [1.3, 20, -26.9], "size": [1, 0, 3], "uv": [17, 26]}
					]
				},
				{
					"name": "ear_right",
					"parent": "ears",
					"pivot": [-1.8, 20, -15.9],
					"rotation": [-15, 0, 0],
					"cubes": [
						{"origin": [-2.8, 20, -19.9], "size": [2, 0, 4], "inflate": 0.01, "uv": [-4, 29], "mirror": true}
					]
				},
				{
					"name": "ear_right2",
					"parent": "ear_right",
					"pivot": [-0.8, 20, -19.9],
					"rotation": [-5, 0, 0],
					"cubes": [
						{"origin": [-2.8, 20, -23.9], "size": [2, 0, 4], "uv": [15, 29], "mirror": true}
					]
				},
				{
					"name": "ear_right3",
					"parent": "ear_right2",
					"pivot": [-1.3, 20, -23.9],
					"rotation": [-12.5, 0, 0],
					"cubes": [
						{"origin": [-2.3, 20, -26.9], "size": [1, 0, 3], "uv": [19, 26], "mirror": true}
					]
				},
				{
					"name": "muzzle",
					"parent": "head_rotation",
					"pivot": [0, 14, -10.9],
					"rotation": [5, 0, 0],
					"cubes": [
						{"origin": [-2, 11.79886, -14.92615], "size": [4, 3, 4], "uv": [0, 12]}
					]
				},
				{
					"name": "mouth_open",
					"parent": "muzzle",
					"pivot": [0, 13.19886, -11.01615],
					"cubes": [
						{"origin": [-1, 12.19886, -11.01615], "size": [2, 2, 0], "uv": [16, 16]}
					]
				},
				{
					"name": "muzzle2",
					"parent": "muzzle",
					"pivot": [0, 11.7867, -11.92234],
					"rotation": [-5, 0, 0],
					"cubes": [
						{"origin": [-1.5, 9.50266, -14.90229], "size": [3, 3, 3], "uv": [14, 19]}
					]
				},
				{
					"name": "muzzle3",
					"parent": "muzzle2",
					"pivot": [0, 9.50266, -12.83899],
					"rotation": [-5, 0, 0],
					"cubes": [
						{"origin": [-1, 7.58866, -14.85136], "size": [2, 2, 2], "uv": [12, 12]}
					]
				},
				{
					"name": "segment1",
					"parent": "body",
					"pivot": [0, 12.6, -2.5],
					"rotation": [-90, 0, 0],
					"cubes": [
						{"origin": [-3, 9.6, -2.5], "size": [6, 6, 7], "inflate": 0.01, "uv": [37, 1]}
					]
				},
				{
					"name": "arms",
					"parent": "segment1",
					"pivot": [0, 15, -2.5]
				},
				{
					"name": "arm_left",
					"parent": "arms",
					"pivot": [3, 15, -2.5],
					"cubes": [
						{"origin": [3, 12.5, -2.5], "size": [3, 5, 0], "uv": [36, 14]}
					]
				},
				{
					"name": "arm_left2",
					"parent": "arm_left",
					"pivot": [6, 14.9, -2.5],
					"cubes": [
						{"origin": [6, 12.9, -2.5], "size": [3, 4, 0], "uv": [38, 0]}
					]
				},
				{
					"name": "arm_right",
					"parent": "arms",
					"pivot": [-3, 15, -2.5],
					"cubes": [
						{"origin": [-6, 12.5, -2.5], "size": [3, 5, 0], "uv": [56, 14], "mirror": true}
					]
				},
				{
					"name": "arm_right2",
					"parent": "arm_right",
					"pivot": [-6, 14.9, -2.5],
					"cubes": [
						{"origin": [-9, 12.9, -2.5], "size": [3, 4, 0], "uv": [56, 0], "mirror": true}
					]
				},
				{
					"name": "segment2",
					"parent": "segment1",
					"pivot": [0, 9.6, 4.5],
					"cubes": [
						{"origin": [-3.5, 9.1, 4.5], "size": [7, 7, 8], "inflate": 0.01, "uv": [34, 14]}
					]
				},
				{
					"name": "segment3",
					"parent": "segment2",
					"pivot": [0, 12.1, 12.5],
					"cubes": [
						{"origin": [-3.5, 9.1, 11.5], "size": [7, 7, 9], "uv": [34, 29]}
					]
				},
				{
					"name": "segment4",
					"parent": "segment3",
					"pivot": [0, 12.6, 20.5],
					"cubes": [
						{"origin": [-3, 9.6, 19.5], "size": [6, 6, 9], "inflate": 0.01, "uv": [57, 20]}
					]
				},
				{
					"name": "segment5",
					"parent": "segment4",
					"pivot": [0, 12.6, 28.5],
					"cubes": [
						{"origin": [-3, 9.6, 27.5], "size": [6, 6, 9], "uv": [57, 36]}
					]
				},
				{
					"name": "segment6",
					"parent": "segment5",
					"pivot": [0, 12.6, 36.5],
					"cubes": [
						{"origin": [-2.5, 10.1, 35.5], "size": [5, 5, 9], "uv": [36, 45]}
					]
				},
				{
					"name": "segment7",
					"parent": "segment6",
					"pivot": [0, 12.6, 44.5],
					"cubes": [
						{"origin": [-2, 10.6, 43.5], "size": [4, 4, 10], "uv": [18, 49]}
					]
				},
				{
					"name": "segment8",
					"parent": "segment7",
					"pivot": [0, 12.6, 53.5],
					"cubes": [
						{"origin": [-1.5, 11.1, 52.5], "size": [3, 3, 11], "uv": [17, 34]}
					]
				},
				{
					"name": "tail_leaf1",
					"parent": "segment8",
					"pivot": [0, 14.1, 55.2]
				},
				{
					"name": "tail_leaf1_middle",
					"parent": "tail_leaf1",
					"pivot": [0, 14.1, 55.2],
					"cubes": [
						{"origin": [0, 13.8, 54.2], "size": [0, 3, 2], "uv": [0, 37]}
					]
				},
				{
					"name": "tail_leaf1_middle2",
					"parent": "tail_leaf1_middle",
					"pivot": [0, 16.8, 55.2],
					"cubes": [
						{"origin": [0, 16.8, 54.2], "size": [0, 2, 2], "uv": [0, 40]}
					]
				},
				{
					"name": "tail_leaf1_left",
					"parent": "tail_leaf1",
					"pivot": [0, 13.8, 55.7],
					"rotation": [-27.5, 0, 0],
					"cubes": [
						{"origin": [0.01, 13.8, 54.7], "size": [0, 2, 2], "uv": [0, 42]}
					]
				},
				{
					"name": "tail_leaf1_left2",
					"parent": "tail_leaf1_left",
					"pivot": [0, 15.8, 55.7],
					"cubes": [
						{"origin": [0.01, 15.8, 54.7], "size": [0, 2, 2], "uv": [0, 44]}
					]
				},
				{
					"name": "tail_leaf1_right",
					"parent": "tail_leaf1",
					"pivot": [0, 13.8, 54.7],
					"rotation": [27.5, 0, 0],
					"cubes": [
						{"origin": [0.01, 13.8, 53.7], "size": [0, 2, 2], "uv": [4, 37]}
					]
				},
				{
					"name": "tail_leaf1_right2",
					"parent": "tail_leaf1_right",
					"pivot": [0, 15.8, 54.7],
					"cubes": [
						{"origin": [0.01, 15.8, 53.7], "size": [0, 2, 2], "uv": [4, 39]}
					]
				},
				{
					"name": "tail_leaf2",
					"parent": "segment8",
					"pivot": [0, 14.1, 62.3]
				},
				{
					"name": "tail_leaf2_middle",
					"parent": "tail_leaf2",
					"pivot": [0, 13.8, 62.3],
					"cubes": [
						{"origin": [0, 13.8, 61.3], "size": [0, 3, 2], "uv": [4, 41]}
					]
				},
				{
					"name": "tail_leaf2_middle2",
					"parent": "tail_leaf2_middle",
					"pivot": [0, 16.8, 62.3],
					"cubes": [
						{"origin": [0, 16.8, 61.3], "size": [0, 2, 2], "uv": [4, 44]}
					]
				},
				{
					"name": "tail_leaf2_left",
					"parent": "tail_leaf2",
					"pivot": [0, 13.8, 62.8],
					"rotation": [-27.5, 0, 0],
					"cubes": [
						{"origin": [0.01, 13.8, 61.8], "size": [0, 2, 2], "uv": [8, 37]}
					]
				},
				{
					"name": "tail_leaf2_left2",
					"parent": "tail_leaf2_left",
					"pivot": [0, 15.8, 62.8],
					"cubes": [
						{"origin": [0.01, 15.8, 61.8], "size": [0, 2, 2], "uv": [8, 39]}
					]
				},
				{
					"name": "tail_leaf2_right",
					"parent": "tail_leaf2",
					"pivot": [0, 13.8, 61.8],
					"rotation": [27.5, 0, 0],
					"cubes": [
						{"origin": [0.01, 13.8, 60.8], "size": [0, 2, 2], "uv": [8, 41]}
					]
				},
				{
					"name": "tail_leaf2_right2",
					"parent": "tail_leaf2_right",
					"pivot": [0, 15.8, 61.8],
					"cubes": [
						{"origin": [0.01, 15.8, 60.8], "size": [0, 2, 2], "uv": [8, 43]}
					]
				},
				{
					"name": "segment9",
					"parent": "segment8",
					"pivot": [0, 12.6, 63.5],
					"cubes": [
						{"origin": [-1, 11.6, 62.5], "size": [2, 2, 10], "uv": [3, 39]}
					]
				},
				{
					"name": "tail_leaf3",
					"parent": "segment9",
					"pivot": [0, 13.6, 69]
				},
				{
					"name": "tail_leaf3_middle",
					"parent": "tail_leaf3",
					"pivot": [0, 14.3, 62.5],
					"cubes": [
						{"origin": [0, 13.3, 68], "size": [0, 3, 2], "uv": [0, 49]}
					]
				},
				{
					"name": "tail_leaf3_middle2",
					"parent": "tail_leaf3_middle",
					"pivot": [0, 16.3, 69],
					"cubes": [
						{"origin": [0, 16.3, 68], "size": [0, 2, 2], "uv": [0, 52]}
					]
				},
				{
					"name": "tail_leaf3_left",
					"parent": "tail_leaf3",
					"pivot": [0, 13.4, 69.6],
					"rotation": [-27.5, 0, 0],
					"cubes": [
						{"origin": [0.01, 13.26512, 68.55747], "size": [0, 2, 2], "uv": [0, 54]}
					]
				},
				{
					"name": "tail_leaf3_left2",
					"parent": "tail_leaf3_left",
					"pivot": [0, 15.25077, 69.53015],
					"cubes": [
						{"origin": [0.01, 15.26512, 68.55747], "size": [0, 2, 2], "uv": [0, 56]}
					]
				},
				{
					"name": "tail_leaf3_right",
					"parent": "tail_leaf3",
					"pivot": [0, 13.4, 68.4],
					"rotation": [27.5, 0, 0],
					"cubes": [
						{"origin": [0.01, 13.26512, 67.44253], "size": [0, 2, 2], "uv": [0, 58]}
					]
				},
				{
					"name": "tail_leaf3_right2",
					"parent": "tail_leaf3_right",
					"pivot": [0, 15.2535, 68.4387],
					"cubes": [
						{"origin": [0.01, 15.26512, 67.44253], "size": [0, 2, 2], "uv": [0, 60]}
					]
				}
			]
		}
	]
}