{
	"format_version": "1.12.0",
	"minecraft:geometry": [
		{
			"description": {
				"identifier": "geometry.spearow",
				"texture_width": 64,
				"texture_height": 32,
				"visible_bounds_width": 3,
				"visible_bounds_height": 2.5,
				"visible_bounds_offset": [0, 0.75, 0]
			},
			"bones": [
				{
					"name": "spearow",
					"pivot": [0, 0, 0]
				},
				{
					"name": "body",
					"parent": "spearow",
					"pivot": [0, 5.25, -0.75]
				},
				{
					"name": "torso",
					"parent": "body",
					"pivot": [0, 5.25, -1.25],
					"rotation": [-15, 0, 0],
					"cubes": [
						{"origin": [-2.5, 2.75, -3.75], "size": [5, 5, 5], "uv": [0, 0]},
						{"origin": [-2, 3.25, 0.75], "size": [4, 4, 3], "inflate": 0.01, "uv": [50, 0]}
					]
				},
				{
					"name": "neck",
					"parent": "torso",
					"pivot": [0, 5.25, -2.5],
					"rotation": [32.5, 0, 0]
				},
				{
					"name": "head_ai",
					"parent": "neck",
					"pivot": [0, 6.25, -2.5],
					"cubes": [
						{"origin": [-2, 3.75, -4.5], "size": [4, 6, 4], "uv": [13, 11]}
					]
				},
				{
					"name": "head",
					"parent": "head_ai",
					"pivot": [0, 9.75, -2.5],
					"rotation": [-17.5, 0, 0],
					"cubes": [
						{"origin": [-2, 7.75, -4.5], "size": [4, 4, 4], "inflate": 0.01, "uv": [0, 17]},
						{"origin": [-1, 9, -6.5], "size": [2, 1, 2], "inflate": 0.01, "pivot": [0, 10.25, -4.5], "rotation": [2.5, 0, 0], "uv": [56, 13]},
						{"origin": [-0.5, 9.75, -6.5], "size": [1, 1, 2], "inflate": 0.01, "pivot": [0, 10.75, -4.5], "rotation": [25, 0, 0], "uv": [52, 19]},
						{"origin": [-0.5, 8.5, -6.5], "size": [1, 1, 0], "pivot": [0, 10.25, -4.5], "rotation": [2.5, 0, 0], "uv": [3, 0]}
					],
					"locators": {
						"held_item_fixed": {
							"offset": [0, 8.75, -6.5],
							"rotation": [90, 0, 0]
						}
					}
				},
				{
					"name": "eye_left",
					"parent": "head",
					"pivot": [0, -0.5, 0],
					"cubes": [
						{"origin": [1.01, 8.75, -4.51], "size": [1, 2, 2], "inflate": 0.01, "uv": [31, 0]},
						{"origin": [0.51, 10, -4.53], "size": [1, 1, 0], "uv": [2, 25], "mirror": true},
						{"origin": [0.015, 10.75, -4.515], "size": [2, 1, 0], "inflate": 0.02, "pivot": [2.015, 10.75, -3.515], "rotation": [0, 0, -30], "uv": [0, 12]}
					]
				},
				{
					"name": "eyelid_left",
					"parent": "eye_left",
					"pivot": [1.51, 9.25, -3.51],
					"cubes": [
						{"origin": [0.91, 8.75, -4.41], "size": [1, 2, 2], "inflate": 0.02, "uv": [50, 7]}
					]
				},
				{
					"name": "eye_right",
					"parent": "head",
					"pivot": [0, -0.5, 0],
					"cubes": [
						{"origin": [-2.01, 8.75, -4.51], "size": [1, 2, 2], "inflate": 0.01, "uv": [0, 13]},
						{"origin": [-1.51, 10, -4.53], "size": [1, 1, 0], "uv": [0, 25]},
						{"origin": [-2.015, 10.75, -4.515], "size": [2, 1, 0], "inflate": 0.02, "pivot": [-2.015, 10.75, -3.515], "rotation": [0, 0, 30], "uv": [0, 4]}
					]
				},
				{
					"name": "eyelid_right",
					"parent": "eye_right",
					"pivot": [-1.41, 10.25, -3.41],
					"cubes": [
						{"origin": [-1.91, 8.75, -4.41], "size": [1, 2, 2], "inflate": 0.012, "uv": [56, 7]}
					]
				},
				{
					"name": "scruff_right",
					"parent": "head",
					"pivot": [-2, 11.75, -2.5],
					"rotation": [17.62528, -31.26463, -9.36302],
					"cubes": [
						{"origin": [-2, 7.75, -3], "size": [0, 4, 4], "uv": [48, 10]},
						{"origin": [-2, 11.75, -3], "size": [1, 0, 4], "uv": [26, 23]}
					]
				},
				{
					"name": "scruff_left",
					"parent": "head",
					"pivot": [2, 11.75, -2.5],
					"rotation": [17.62528, 31.26463, 9.36302],
					"cubes": [
						{"origin": [2, 7.75, -3], "size": [0, 4, 4], "uv": [40, 10]},
						{"origin": [1, 11.75, -3], "size": [1, 0, 4], "uv": [26, 19]}
					]
				},
				{
					"name": "scruff_top_right",
					"parent": "head",
					"pivot": [0.5, 11.75, -2.5],
					"rotation": [29.39942, -19.84302, -10.82777],
					"cubes": [
						{"origin": [-1.5, 11.75, -3], "size": [2, 0, 4], "uv": [26, 5]}
					]
				},
				{
					"name": "scruff_top_left",
					"parent": "head",
					"pivot": [-0.5, 11.75, -2.5],
					"rotation": [29.39942, 19.84302, 10.82777],
					"cubes": [
						{"origin": [-0.5, 11.75, -3], "size": [2, 0, 4], "uv": [25, 15]}
					]
				},
				{
					"name": "scruff_bottom",
					"parent": "head",
					"pivot": [0.5, 7.75, -4.5],
					"cubes": [
						{"origin": [-1.5, 5.75, -4.5], "size": [3, 2, 0], "uv": [6, 15]}
					]
				},
				{
					"name": "jaw",
					"parent": "head",
					"pivot": [0, 9, -4.5],
					"rotation": [-5, 0, 0],
					"cubes": [
						{"origin": [-1, 8.25, -6], "size": [2, 1, 2], "uv": [38, 18]}
					]
				},
				{
					"name": "crest",
					"parent": "head",
					"pivot": [0, 11.75, -4.5],
					"rotation": [15, 0, 0]
				},
				{
					"name": "wing_right",
					"parent": "torso",
					"pivot": [-2.5, 5.75, -2.75],
					"cubes": [
						{"origin": [-5.5, 5.75, -4.75], "size": [3, 0, 5], "uv": [11, 21]}
					]
				},
				{
					"name": "wing_right2",
					"parent": "wing_right",
					"pivot": [-5.5, 5.75, 0.25],
					"cubes": [
						{"origin": [-9.5, 5.75, -4.75], "size": [4, 0, 5], "inflate": 0.01, "uv": [15, 5]}
					]
				},
				{
					"name": "wing_right3",
					"parent": "wing_right2",
					"pivot": [-9.5, 5.75, -4.75],
					"cubes": [
						{"origin": [-15.5, 5.75, -4.75], "size": [6, 0, 5], "uv": [0, 10]}
					]
				},
				{
					"name": "wing_left",
					"parent": "torso",
					"pivot": [2.5, 5.75, -2.75],
					"cubes": [
						{"origin": [2.5, 5.75, -4.75], "size": [3, 0, 5], "uv": [17, 21]}
					]
				},
				{
					"name": "wing_left2",
					"parent": "wing_left",
					"pivot": [5.5, 5.75, 0.25],
					"cubes": [
						{"origin": [5.5, 5.75, -4.75], "size": [4, 0, 5], "inflate": 0.01, "uv": [20, 10]}
					]
				},
				{
					"name": "wing_left3",
					"parent": "wing_left2",
					"pivot": [9.5, 5.75, -4.75],
					"cubes": [
						{"origin": [9.5, 5.75, -4.75], "size": [6, 0, 5], "uv": [10, 0]}
					]
				},
				{
					"name": "tail",
					"parent": "torso",
					"pivot": [0, 5.25, 3.75]
				},
				{
					"name": "tail_middle",
					"parent": "tail",
					"pivot": [0, 5.25, 3.75],
					"cubes": [
						{"origin": [-1, 5.25, 3.75], "size": [2, 0, 5], "inflate": 0.01, "uv": [22, 0]}
					]
				},
				{
					"name": "tail_left",
					"parent": "tail",
					"pivot": [0.5, 5.25, 3.75],
					"rotation": [0, 17.5, 0],
					"cubes": [
						{"origin": [0, 5.25, 3.75], "size": [1, 0, 5], "uv": [23, 21]}
					]
				},
				{
					"name": "tail_right",
					"parent": "tail",
					"pivot": [-0.5, 5.25, 3.75],
					"rotation": [0, -17.5, 0],
					"cubes": [
						{"origin": [-1, 5.25, 3.75], "size": [1, 0, 5], "uv": [23, 5]}
					]
				},
				{
					"name": "leg_right",
					"parent": "body",
					"pivot": [-1.5, 3, 0.25],
					"rotation": [5, 0, 0],
					"cubes": [
						{"origin": [-2, 1.75, -0.25], "size": [1, 1, 1], "uv": [0, 17]}
					]
				},
				{
					"name": "leg_right2",
					"parent": "leg_right",
					"pivot": [-1.5, 1.75, 0.75],
					"rotation": [-15, 0, 0],
					"cubes": [
						{"origin": [-2, 0.75, -0.25], "size": [1, 1, 1], "uv": [0, 10]}
					]
				},
				{
					"name": "foot_right",
					"parent": "leg_right2",
					"pivot": [-1.5, 0.75, -0.25],
					"rotation": [10, 0, 0],
					"cubes": [
						{"origin": [-2.5, -0.25, -1], "size": [2, 1, 2], "uv": [46, 18]}
					]
				},
				{
					"name": "toe_back_right",
					"parent": "foot_right",
					"pivot": [-1.5, 0.75, 1],
					"cubes": [
						{"origin": [-1.5, -0.25, 1], "size": [0, 1, 1], "inflate": 0.01, "uv": [23, 9]}
					]
				},
				{
					"name": "claw_back_right",
					"parent": "toe_back_right",
					"pivot": [-1.5, 0.75, 2],
					"cubes": [
						{"origin": [-1.5, -0.25, 2], "size": [0, 1, 1], "uv": [2, 18]}
					]
				},
				{
					"name": "toe_inner_right",
					"parent": "foot_right",
					"pivot": [-0.75, 0.75, -1],
					"cubes": [
						{"origin": [-0.75, -0.25, -2], "size": [0, 1, 1], "inflate": 0.01, "uv": [21, 9]}
					]
				},
				{
					"name": "claw_inner_right",
					"parent": "toe_inner_right",
					"pivot": [-0.75, 0.75, -2],
					"cubes": [
						{"origin": [-0.75, -0.25, -3], "size": [0, 1, 1], "uv": [0, 19]}
					]
				},
				{
					"name": "toe_outer_right",
					"parent": "foot_right",
					"pivot": [-2.25, 0.75, -1],
					"cubes": [
						{"origin": [-2.25, -0.25, -2], "size": [0, 1, 1], "inflate": 0.01, "uv": [19, 9]}
					]
				},
				{
					"name": "claw_outer_right",
					"parent": "toe_outer_right",
					"pivot": [-2.25, 0.75, -2],
					"cubes": [
						{"origin": [-2.25, -0.25, -3], "size": [0, 1, 1], "uv": [2, 19]}
					]
				},
				{
					"name": "leg_left",
					"parent": "body",
					"pivot": [1.5, 3, 0.25],
					"rotation": [5, 0, 0],
					"cubes": [
						{"origin": [1, 1.75, -0.25], "size": [1, 1, 1], "uv": [0, 2]}
					]
				},
				{
					"name": "leg_left2",
					"parent": "leg_left",
					"pivot": [1.5, 1.75, 0.75],
					"rotation": [-15, 0, 0],
					"cubes": [
						{"origin": [1, 0.75, -0.25], "size": [1, 1, 1], "uv": [0, 0]}
					]
				},
				{
					"name": "foot_left",
					"parent": "leg_left2",
					"pivot": [1.5, 0.75, -0.25],
					"rotation": [10, 0, 0],
					"cubes": [
						{"origin": [0.5, -0.25, -1], "size": [2, 1, 2], "uv": [54, 16]}
					]
				},
				{
					"name": "toe_back_left",
					"parent": "foot_left",
					"pivot": [1.5, 0.75, 1],
					"cubes": [
						{"origin": [1.5, -0.25, 1], "size": [0, 1, 1], "inflate": 0.01, "uv": [0, 18]}
					]
				},
				{
					"name": "claw_back_left",
					"parent": "toe_back_left",
					"pivot": [1.5, 0.75, 2],
					"cubes": [
						{"origin": [1.5, -0.25, 2], "size": [0, 1, 1], "uv": [17, 9]}
					]
				},
				{
					"name": "toe_inner_left",
					"parent": "foot_left",
					"pivot": [0.75, 0.75, -1],
					"cubes": [
						{"origin": [0.75, -0.25, -2], "size": [0, 1, 1], "inflate": 0.01, "uv": [0, 13]}
					]
				},
				{
					"name": "claw_inner_left",
					"parent": "toe_inner_left",
					"pivot": [0.75, 0.75, -2],
					"cubes": [
						{"origin": [0.75, -0.25, -3], "size": [0, 1, 1], "uv": [0, 12]}
					]
				},
				{
					"name": "toe_outer_left",
					"parent": "foot_left",
					"pivot": [2.25, 0.75, -1],
					"cubes": [
						{"origin": [2.25, -0.25, -2], "size": [0, 1, 1], "inflate": 0.01, "uv": [3, 9]}
					]
				},
				{
					"name": "claw_outer_left",
					"parent": "toe_outer_left",
					"pivot": [2.25, 0.75, -2],
					"cubes": [
						{"origin": [2.25, -0.25, -3], "size": [0, 1, 1], "uv": [3, 1]}
					]
				}
			]
		}
	]
}