{
	"format_version": "1.12.0",
	"minecraft:geometry": [
		{
			"description": {
				"identifier": "geometry.moltres",
				"texture_width": 64,
				"texture_height": 64,
				"visible_bounds_width": 5,
				"visible_bounds_height": 3.5,
				"visible_bounds_offset": [0, 1.25, 0]
			},
			"bones": [
				{
					"name": "moltres",
					"pivot": [0, 0, 0]
				},
				{
					"name": "body",
					"parent": "moltres",
					"pivot": [0, 14, 0]
				},
				{
					"name": "torso",
					"parent": "body",
					"pivot": [0, 10.5, 0.25],
					"cubes": [
						{"origin": [-3.5, 8, -3], "size": [7, 11, 6], "uv": [22, 24]}
					]
				},
				{
					"name": "neck",
					"parent": "torso",
					"pivot": [0, 19, 0],
					"cubes": [
						{"origin": [-1.5, 18, -1.5], "size": [3, 6, 3], "uv": [48, 24]}
					]
				},
				{
					"name": "head",
					"parent": "neck",
					"pivot": [0, 25, 0],
					"cubes": [
						{"origin": [-2, 23, -3.75], "size": [4, 4, 6], "uv": [16, 41]},
						{"origin": [-1, 24.75, -9.75], "size": [2, 1, 6], "uv": [46, 35]},
						{"origin": [0, 26.75, -4.5], "size": [0, 5, 14], "pivot": [0, 29.25, 2.5], "rotation": [10, 0, 0], "uv": [0, 10]}
					]
				},
				{
					"name": "jaw",
					"parent": "head",
					"pivot": [0, 24.25, -3.75],
					"rotation": [-2.5, 0, 0],
					"cubes": [
						{"origin": [-1, 23.75, -8.75], "size": [2, 1, 5], "inflate": -0.02, "uv": [0, 50]}
					],
					"locators": {
						"held_item_fixed": {
							"offset": [0, 24.25, -6.25],
							"rotation": [90, 0, 0]
						}
					}
				},
				{
					"name": "tail",
					"parent": "torso",
					"pivot": [0, 9, 3],
					"cubes": [
						{"origin": [0, 4.5, 2], "size": [0, 9, 8], "uv": [0, 33]}
					]
				},
				{
					"name": "tail2",
					"parent": "tail",
					"pivot": [0, 9, 10],
					"cubes": [
						{"origin": [0, 3.5, 10], "size": [0, 11, 13], "uv": [0, 0]}
					]
				},
				{
					"name": "leftwing",
					"parent": "torso",
					"pivot": [3.5, 17.5, 0],
					"cubes": [
						{"origin": [3.5, 7.5, 0], "size": [11, 12, 0], "uv": [0, 29]}
					]
				},
				{
					"name": "leftwing2",
					"parent": "leftwing",
					"pivot": [14.5, 17.5, 0],
					"cubes": [
						{"origin": [14.5, 7.5, 0], "size": [17, 12, 0], "uv": [0, 0]}
					]
				},
				{
					"name": "rightwing",
					"parent": "torso",
					"pivot": [-3.5, 17.5, 0],
					"cubes": [
						{"origin": [-14.5, 7.5, 0], "size": [11, 12, 0], "uv": [34, 0]}
					]
				},
				{
					"name": "rightwing2",
					"parent": "rightwing",
					"pivot": [-14.5, 17.5, 0],
					"cubes": [
						{"origin": [-31.5, 7.5, 0], "size": [17, 12, 0], "uv": [26, 12]}
					]
				},
				{
					"name": "rightleg",
					"parent": "body",
					"pivot": [-2.5, 10.5, 0.25],
					"cubes": [
						{"origin": [-4, 6.5, -1.75], "size": [3, 6, 4], "uv": [46, 47]}
					]
				},
				{
					"name": "rightknee",
					"parent": "rightleg",
					"pivot": [-2.5, 6.5, 0.25],
					"cubes": [
						{"origin": [-3, 4.5, -0.75], "size": [1, 3, 2], "inflate": 0.01, "uv": [9, 50]}
					]
				},
				{
					"name": "rightknee2",
					"parent": "rightknee",
					"pivot": [-2.5, 4.5, 1.25],
					"cubes": [
						{"origin": [-3, 0.5, -0.75], "size": [1, 4, 2], "uv": [30, 41]}
					]
				},
				{
					"name": "rightfoot",
					"parent": "rightknee2",
					"pivot": [-2.5, 1, 0.25],
					"cubes": [
						{"origin": [-3.5, 0, -2.25], "size": [2, 1, 4], "uv": [14, 51]},
						{"origin": [-2.5, 0, 1.75], "size": [0, 1, 2], "uv": [36, 41]},
						{"origin": [-3.63726, 0, -5.19915], "size": [0, 1, 3], "pivot": [-3.63726, 0.5, -3.69915], "rotation": [0, 15, 0], "uv": [22, 26]},
						{"origin": [-2.5, 0, -5.25], "size": [0, 1, 3], "uv": [34, 38]},
						{"origin": [-1.36274, 0, -5.19915], "size": [0, 1, 3], "pivot": [-1.36274, 0.5, -3.69915], "rotation": [0, -15, 0], "uv": [18, 9]}
					]
				},
				{
					"name": "leftleg",
					"parent": "body",
					"pivot": [2.5, 10.5, 0.25],
					"cubes": [
						{"origin": [1, 6.5, -1.75], "size": [3, 6, 4], "uv": [36, 41]}
					]
				},
				{
					"name": "leftknee",
					"parent": "leftleg",
					"pivot": [2.5, 6.5, 0.25],
					"cubes": [
						{"origin": [2, 4.5, -0.75], "size": [1, 3, 2], "inflate": 0.01, "uv": [42, 24]}
					]
				},
				{
					"name": "leftknee2",
					"parent": "leftknee",
					"pivot": [2.5, 4.5, 1.25],
					"cubes": [
						{"origin": [2, 0.5, -0.75], "size": [1, 4, 2], "uv": [16, 41]}
					]
				},
				{
					"name": "leftfoot",
					"parent": "leftknee2",
					"pivot": [2.5, 1, 0.25],
					"cubes": [
						{"origin": [1.5, 0, -2.25], "size": [2, 1, 4], "uv": [50, 42]},
						{"origin": [2.5, 0, 1.75], "size": [0, 1, 2], "uv": [34, 40]},
						{"origin": [3.63726, 0, -5.19915], "size": [0, 1, 3], "pivot": [3.63726, 0.5, -3.69915], "rotation": [0, -15, 0], "uv": [12, 9]},
						{"origin": [2.5, 0, -5.25], "size": [0, 1, 3], "uv": [6, 9]},
						{"origin": [1.36274, 0, -5.19915], "size": [0, 1, 3], "pivot": [1.36274, 0.5, -3.69915], "rotation": [0, 15, 0], "uv": [0, 9]}
					]
				}
			]
		}
	]
}