{
	"format_version": "1.12.0",
	"minecraft:geometry": [
		{
			"description": {
				"identifier": "geometry.charmeleon",
				"texture_width": 64,
				"texture_height": 64,
				"visible_bounds_width": 4,
				"visible_bounds_height": 3.5,
				"visible_bounds_offset": [0, 1.25, 0]
			},
			"bones": [
				{
					"name": "charmeleon",
					"pivot": [0, 0, 0]
				},
				{
					"name": "body",
					"parent": "charmeleon",
					"pivot": [0, 10.5, 0]
				},
				{
					"name": "torso",
					"parent": "body",
					"pivot": [0, 10.5, 0],
					"cubes": [
						{"origin": [-4, 11, -2.5], "size": [8, 6, 6], "uv": [18, 14]},
						{"origin": [-4.5, 4, -3], "size": [9, 7, 7], "uv": [16, 38]}
					]
				},
				{
					"name": "neck",
					"parent": "torso",
					"pivot": [0, 17, -0.5],
					"cubes": [
						{"origin": [-2, 16, -1.5], "size": [4, 4, 4], "uv": [0, 42]}
					]
				},
				{
					"name": "head",
					"parent": "neck",
					"pivot": [0, 19, -0.5],
					"cubes": [
						{"origin": [-4, 19, -3.5], "size": [8, 7, 7], "uv": [0, 0]},
						{"origin": [-1.5, 24.07634, 2.04404], "size": [3, 2, 6], "pivot": [0, 25, 2.25], "rotation": [25, 0, 0], "uv": [39, 0]},
						{"origin": [-2.5, 20, -7.5], "size": [5, 3, 4], "uv": [0, 14]},
						{"origin": [-1.75, 19.5, -6.25], "size": [0, 1, 1], "pivot": [-1.5, 20, -6.25], "rotation": [45, -20, 0], "uv": [0, 13]},
						{"origin": [1.75, 19.5, -6.25], "size": [0, 1, 1], "pivot": [1.5, 20, -6.25], "rotation": [45, 20, 0], "uv": [0, 14]}
					]
				},
				{
					"name": "jaw",
					"parent": "head",
					"pivot": [0, 20, -3.5],
					"cubes": [
						{"origin": [-2, 19, -7], "size": [4, 1, 4], "inflate": 0.01, "uv": [47, 10]}
					]
				},
				{
					"name": "eyes",
					"parent": "head",
					"pivot": [0, 23, -1.75]
				},
				{
					"name": "eye_right",
					"parent": "eyes",
					"pivot": [-4.01, 23, -1.75],
					"rotation": [15, 0, 0],
					"cubes": [
						{"origin": [-4.01, 22, -3.25], "size": [0, 2, 3], "uv": [51, -3]}
					]
				},
				{
					"name": "eyelid_right",
					"parent": "eye_right",
					"pivot": [-3.41, 23, -1.75],
					"cubes": [
						{"origin": [-3.91, 22, -3.25], "size": [1, 2, 3], "inflate": 0.01, "uv": [46, 15]}
					]
				},
				{
					"name": "eye_left",
					"parent": "eyes",
					"pivot": [4.01, 23, -1.75],
					"rotation": [15, 0, 0],
					"cubes": [
						{"origin": [4.01, 22, -3.25], "size": [0, 2, 3], "uv": [51, -1], "mirror": true}
					]
				},
				{
					"name": "eyelid_left",
					"parent": "eye_left",
					"pivot": [3.41, 23, -1.75],
					"cubes": [
						{"origin": [2.91, 22, -3.25], "size": [1, 2, 3], "inflate": 0.01, "uv": [54, 15], "mirror": true}
					]
				},
				{
					"name": "tail",
					"parent": "torso",
					"pivot": [0, 6.75, 4],
					"cubes": [
						{"origin": [-2, 4.25, 3], "size": [4, 5, 7], "uv": [24, 52]}
					]
				},
				{
					"name": "tail2",
					"parent": "tail",
					"pivot": [0, 6.4, 10],
					"cubes": [
						{"origin": [-1.5, 4.5, 9], "size": [3, 4, 9], "uv": [0, 51]}
					]
				},
				{
					"name": "fire",
					"parent": "tail2",
					"pivot": [0, 8.15, 17.5],
					"cubes": [
						{"origin": [0, 8.25, 14], "size": [0, 10, 7], "uv": [48, 47]},
						{"origin": [0, 8.25, 14], "size": [0, 10, 7], "pivot": [0, 8.15, 17.5], "rotation": [0, 90, 0], "uv": [48, 37]}
					]
				},
				{
					"name": "arm_right",
					"parent": "torso",
					"pivot": [-4, 16.75, 0.25],
					"cubes": [
						{"origin": [-10, 14.75, -1.25], "size": [6, 2, 3], "uv": [23, 0], "mirror": true}
					]
				},
				{
					"name": "hand_right",
					"parent": "arm_right",
					"pivot": [-10, 16.75, 0.25],
					"cubes": [
						{"origin": [-16, 14.75, -1.75], "size": [6, 2, 4], "uv": [30, 8], "mirror": true}
					],
					"locators": {
						"held_item": [-17, 15, 1]
					}
				},
				{
					"name": "claw_right1",
					"parent": "hand_right",
					"pivot": [-16, 15.75, -1.15],
					"rotation": [15, 0, 0],
					"cubes": [
						{"origin": [-17.75, 15.75, -1.65], "size": [2, 0, 1], "uv": [18, 17], "mirror": true}
					]
				},
				{
					"name": "claw_right2",
					"parent": "hand_right",
					"pivot": [-16, 16, 0.25],
					"cubes": [
						{"origin": [-18, 16, -0.25], "size": [2, 0, 1], "uv": [18, 18], "mirror": true}
					]
				},
				{
					"name": "claw_right3",
					"parent": "hand_right",
					"pivot": [-16, 15.75, 1.65],
					"rotation": [-15, 0, 0],
					"cubes": [
						{"origin": [-17.75, 15.75, 1.15], "size": [2, 0, 1], "uv": [18, 19], "mirror": true}
					]
				},
				{
					"name": "arm_left",
					"parent": "torso",
					"pivot": [4, 16.75, 0.25],
					"cubes": [
						{"origin": [4, 14.75, -1.25], "size": [6, 2, 3], "uv": [18, 32]}
					]
				},
				{
					"name": "hand_left",
					"parent": "arm_left",
					"pivot": [10, 16.75, 0.25],
					"cubes": [
						{"origin": [10, 14.75, -1.75], "size": [6, 2, 4], "uv": [44, 38]}
					]
				},
				{
					"name": "claw_left1",
					"parent": "hand_left",
					"pivot": [16, 15.75, -1.15],
					"rotation": [15, 0, 0],
					"cubes": [
						{"origin": [15.75, 15.75, -1.65], "size": [2, 0, 1], "uv": [18, 14]}
					]
				},
				{
					"name": "claw_left2",
					"parent": "hand_left",
					"pivot": [16, 16, 0.25],
					"cubes": [
						{"origin": [16, 16, -0.25], "size": [2, 0, 1], "uv": [18, 15]}
					]
				},
				{
					"name": "claw_left3",
					"parent": "hand_left",
					"pivot": [16, 15.75, 1.65],
					"rotation": [-15, 0, 0],
					"cubes": [
						{"origin": [15.75, 15.75, 1.15], "size": [2, 0, 1], "uv": [18, 16]}
					]
				},
				{
					"name": "leg_right",
					"parent": "body",
					"pivot": [-3.75, 6.5, 0.5],
					"cubes": [
						{"origin": [-5.75, 2.5, -2], "size": [4, 6, 5], "uv": [0, 31], "mirror": true}
					]
				},
				{
					"name": "leg_right2",
					"parent": "leg_right",
					"pivot": [-3.75, 2.55, 0.75],
					"cubes": [
						{"origin": [-5.25, 1, -1.25], "size": [3, 2, 4], "uv": [0, 21], "mirror": true},
						{"origin": [-5.75, 0, -2.25], "size": [4, 1, 5], "inflate": 0.01, "uv": [13, 26], "mirror": true},
						{"origin": [-5.25, 0, -4], "size": [0, 1, 2], "pivot": [-5.25, 0.5, -2.25], "rotation": [0, 10, 0], "uv": [0, 3]},
						{"origin": [-3.75, 0, -4.25], "size": [0, 1, 2], "uv": [0, 2]},
						{"origin": [-2.25, 0, -4], "size": [0, 1, 2], "pivot": [-2.25, 0.5, -2.25], "rotation": [0, -10, 0], "uv": [0, 1]}
					]
				},
				{
					"name": "leg_left",
					"parent": "body",
					"pivot": [3.75, 6.5, 0],
					"cubes": [
						{"origin": [1.75, 2.5, -2], "size": [4, 6, 5], "uv": [46, 26]}
					]
				},
				{
					"name": "leg_left2",
					"parent": "leg_left",
					"pivot": [3.75, 2.55, 0.75],
					"cubes": [
						{"origin": [2.25, 1, -1.25], "size": [3, 2, 4], "uv": [46, 20]},
						{"origin": [1.75, 0, -2.25], "size": [4, 1, 5], "inflate": 0.01, "uv": [32, 32]},
						{"origin": [2.25, 0, -4], "size": [0, 1, 2], "pivot": [2.25, 0.5, -2.25], "rotation": [0, 10, 0], "uv": [0, 0]},
						{"origin": [3.75, 0, -4.25], "size": [0, 1, 2], "uv": [0, -1]},
						{"origin": [5.25, 0, -4], "size": [0, 1, 2], "pivot": [5.25, 0.5, -2.25], "rotation": [0, -10, 0], "uv": [0, -2]}
					]
				}
			]
		}
	]
}