{
	"format_version": "1.12.0",
	"minecraft:geometry": [
		{
			"description": {
				"identifier": "geometry.treecko",
				"texture_width": 64,
				"texture_height": 64,
				"visible_bounds_width": 4,
				"visible_bounds_height": 2.5,
				"visible_bounds_offset": [0, 0.75, 0]
			},
			"bones": [
				{
					"name": "treecko",
					"pivot": [0, 0, 0]
				},
				{
					"name": "body",
					"parent": "treecko",
					"pivot": [0, 0, 0]
				},
				{
					"name": "torso",
					"parent": "body",
					"pivot": [0, 6, 0],
					"cubes": [
						{"origin": [-2, 6, -2], "size": [4, 4, 4], "uv": [20, 7]}
					]
				},
				{
					"name": "tail",
					"parent": "torso",
					"pivot": [0, 7.25, 2],
					"cubes": [
						{"origin": [-1.5, 6.25, 1], "size": [3, 2, 3], "uv": [35, 37]}
					]
				},
				{
					"name": "left_tail",
					"parent": "tail",
					"pivot": [1, 7.25, 3.5],
					"rotation": [0, 5.5, 0],
					"cubes": [
						{"origin": [-0.5, 5.75, 3.5], "size": [3, 3, 4], "uv": [29, 26]}
					]
				},
				{
					"name": "left_tail2",
					"parent": "left_tail",
					"pivot": [1.25, 7.25, 7],
					"rotation": [0, 2, 0],
					"cubes": [
						{"origin": [-0.75, 5.25, 7], "size": [4, 4, 7], "uv": [15, 15]}
					]
				},
				{
					"name": "left_tail3",
					"parent": "left_tail2",
					"pivot": [1.25, 5.25, 14],
					"rotation": [40, -2.5, 0],
					"cubes": [
						{"origin": [0.25, 5.25, 14], "size": [2, 3, 4], "uv": [0, 35]}
					]
				},
				{
					"name": "right_tail",
					"parent": "tail",
					"pivot": [-1, 7.25, 3.5],
					"rotation": [0, -3, 0],
					"cubes": [
						{"origin": [-2.5, 5.74, 3.5], "size": [3, 3, 4], "uv": [0, 28]}
					]
				},
				{
					"name": "right_tail2",
					"parent": "right_tail",
					"pivot": [-1.25, 7.25, 7],
					"rotation": [0, -2, 0],
					"cubes": [
						{"origin": [-3.25, 5.24, 7], "size": [4, 4, 7], "uv": [0, 11]}
					]
				},
				{
					"name": "right_tail3",
					"parent": "right_tail2",
					"pivot": [-1.25, 5.25, 14],
					"rotation": [40, 2.5, 0],
					"cubes": [
						{"origin": [-2.25, 5.24, 14], "size": [2, 3, 4], "uv": [26, 33]}
					]
				},
				{
					"name": "upper_torso",
					"parent": "torso",
					"pivot": [0, 9.5, -0.15],
					"cubes": [
						{"origin": [-1.5, 9, -1.65], "size": [3, 4, 3], "uv": [30, 15]}
					]
				},
				{
					"name": "neck",
					"parent": "upper_torso",
					"pivot": [0, 13, -0.15],
					"cubes": [
						{"origin": [-1, 12.5, -1.15], "size": [2, 2, 2], "uv": [20, 38]}
					]
				},
				{
					"name": "head",
					"parent": "neck",
					"pivot": [0, 14.5, -0.4],
					"cubes": [
						{"origin": [-3, 16, -3.4], "size": [6, 5, 6], "inflate": 0.01, "uv": [0, 0]},
						{"origin": [-0.5, 19, -3.41], "size": [1, 2, 0], "inflate": 0.01, "uv": [36, 9]},
						{"origin": [-0.5, 19, 2.61], "size": [1, 2, 0], "inflate": 0.01, "uv": [0, 23]},
						{"origin": [-3, 15.5, -3.4], "size": [6, 1, 2], "uv": [16, 27]},
						{"origin": [-3, 14, -1.4], "size": [6, 2, 4], "uv": [0, 44]}
					]
				},
				{
					"name": "jaw",
					"parent": "head",
					"pivot": [0, 15.5, -1.4],
					"cubes": [
						{"origin": [-3, 14, -3.4], "size": [6, 1, 2], "inflate": -0.01, "pivot": [0, 14, -1.4], "rotation": [-5, 0, 0], "uv": [19, 1]},
						{"origin": [-3, 14.5, -3.4], "size": [6, 1, 2], "inflate": -0.02, "pivot": [0, 14, -1.4], "rotation": [-5, 0, 0], "uv": [47, 1]}
					]
				},
				{
					"name": "snout",
					"parent": "head",
					"pivot": [0, 17, -2.5],
					"rotation": [10, 0, 0],
					"cubes": [
						{"origin": [-1.5, 15.47, -5.47], "size": [3, 3, 3], "uv": [36, 9]}
					]
				},
				{
					"name": "crest",
					"parent": "head",
					"pivot": [0, 15.5, -0.4],
					"cubes": [
						{"origin": [0.88, 19, -2.4], "size": [2, 4, 4], "inflate": 0.12, "pivot": [2, 21, -0.4], "rotation": [45, 0, 0], "uv": [32, 1]},
						{"origin": [-2.88, 19, -2.4], "size": [2, 4, 4], "inflate": 0.12, "pivot": [-2, 21, -0.4], "rotation": [45, 0, 0], "uv": [14, 30]}
					]
				},
				{
					"name": "eyes",
					"parent": "head",
					"pivot": [0, 14.5, -0.4]
				},
				{
					"name": "left_eye",
					"parent": "eyes",
					"pivot": [3, 18.5, -2.4],
					"cubes": [
						{"origin": [3.02, 16.5, -2.9], "size": [0, 1, 3], "uv": [10, 59]},
						{"origin": [3.02, 17.5, -3.4], "size": [0, 2, 4], "uv": [1, 58]}
					]
				},
				{
					"name": "left_pupil",
					"parent": "left_eye",
					"pivot": [3, 18.5, -2.4],
					"cubes": [
						{"origin": [3.03, 17.5, -2.65], "size": [0, 2, 1], "uv": [6, 23]},
						{"origin": [3.04, 18.5, -2.15], "size": [0, 1, 1], "uv": [6, 22]}
					]
				},
				{
					"name": "left_eyelid",
					"parent": "eyes",
					"pivot": [3, 18.5, -2.3],
					"cubes": [
						{"origin": [2.92, 16.5, -3.36], "size": [0, 3, 4], "inflate": 0.03, "uv": [10, 51]}
					]
				},
				{
					"name": "right_eyelid",
					"parent": "eyes",
					"pivot": [-2.9, 18.5, -2.3],
					"cubes": [
						{"origin": [-2.92, 16.5, -3.36], "size": [0, 3, 4], "inflate": 0.03, "uv": [1, 51], "mirror": true}
					]
				},
				{
					"name": "right_eye",
					"parent": "eyes",
					"pivot": [-3, 18.5, -2.4],
					"cubes": [
						{"origin": [-3.02, 16.5, -2.9], "size": [0, 1, 3], "uv": [10, 57]},
						{"origin": [-3.02, 17.5, -3.4], "size": [0, 2, 4], "uv": [1, 55]}
					]
				},
				{
					"name": "right_pupil",
					"parent": "right_eye",
					"pivot": [-3, 18.75, -1.9],
					"cubes": [
						{"origin": [-3.03, 17.5, -2.65], "size": [0, 2, 1], "uv": [3, 23]},
						{"origin": [-3.04, 18.5, -2.15], "size": [0, 1, 1], "uv": [3, 22], "mirror": true}
					]
				},
				{
					"name": "left_upper_arm",
					"parent": "upper_torso",
					"pivot": [1.5, 12.5, 0.1],
					"cubes": [
						{"origin": [1, 11.5, -0.4], "size": [4, 1, 1], "uv": [39, 27]}
					]
				},
				{
					"name": "left_lower_arm",
					"parent": "left_upper_arm",
					"pivot": [5, 12, 0.6],
					"cubes": [
						{"origin": [5, 11.5, -0.4], "size": [3, 1, 1], "inflate": 0.001, "uv": [10, 30]}
					]
				},
				{
					"name": "left_hand",
					"parent": "left_lower_arm",
					"pivot": [8, 12, 0.1],
					"cubes": [
						{"origin": [8, 11.5, -0.9], "size": [2, 1, 2], "inflate": 0.01, "uv": [40, 34]}
					]
				},
				{
					"name": "left_index_finger",
					"parent": "left_hand",
					"pivot": [9.5, 12.5, -0.65],
					"rotation": [0, 20, 0],
					"cubes": [
						{"origin": [9.5, 11.5, -1.15], "size": [1, 1, 1], "uv": [42, 18]}
					]
				},
				{
					"name": "left_index_finger2",
					"parent": "left_index_finger",
					"pivot": [10.5, 12.5, -0.65],
					"cubes": [
						{"origin": [10.5, 11.5, -1.15], "size": [1, 1, 1], "inflate": 0.1, "uv": [18, 42]}
					]
				},
				{
					"name": "left_pinky_finger",
					"parent": "left_hand",
					"pivot": [9.5, 12.5, 0.85],
					"rotation": [0, -20, 0],
					"cubes": [
						{"origin": [9.5, 11.5, 0.35], "size": [1, 1, 1], "uv": [8, 42]}
					]
				},
				{
					"name": "left_pinky_finger2",
					"parent": "left_pinky_finger",
					"pivot": [10.5, 12.5, 0.85],
					"cubes": [
						{"origin": [10.5, 11.5, 0.35], "size": [1, 1, 1], "inflate": 0.1, "uv": [4, 42]}
					]
				},
				{
					"name": "left_middle_finger",
					"parent": "left_hand",
					"pivot": [10, 12.5, 0.1],
					"cubes": [
						{"origin": [10, 11.5, -0.4], "size": [1, 1, 1], "uv": [0, 42]}
					]
				},
				{
					"name": "left_middle_finger2",
					"parent": "left_middle_finger",
					"pivot": [11, 12.5, 0.1],
					"cubes": [
						{"origin": [11, 11.5, -0.4], "size": [1, 1, 1], "inflate": 0.1, "uv": [15, 41]}
					]
				},
				{
					"name": "right_upper_arm",
					"parent": "upper_torso",
					"pivot": [-1.5, 12.5, 0.1],
					"cubes": [
						{"origin": [-5, 11.5, -0.4], "size": [4, 1, 1], "uv": [39, 25]}
					]
				},
				{
					"name": "right_lower_arm",
					"parent": "right_upper_arm",
					"pivot": [-5, 12, 0.6],
					"cubes": [
						{"origin": [-8, 11.5, -0.4], "size": [3, 1, 1], "inflate": 0.001, "uv": [24, 5]}
					]
				},
				{
					"name": "right_hand",
					"parent": "right_lower_arm",
					"pivot": [-8, 12, 0.1],
					"cubes": [
						{"origin": [-10, 11.5, -0.9], "size": [2, 1, 2], "inflate": 0.01, "uv": [26, 40]}
					]
				},
				{
					"name": "right_index_finger",
					"parent": "right_hand",
					"pivot": [-9.5, 12.5, -0.65],
					"rotation": [0, -20, 0],
					"cubes": [
						{"origin": [-10.5, 11.5, -1.15], "size": [1, 1, 1], "uv": [11, 41]}
					]
				},
				{
					"name": "right_index_finger2",
					"parent": "right_index_finger",
					"pivot": [-10.5, 12.5, -0.65],
					"cubes": [
						{"origin": [-11.5, 11.5, -1.15], "size": [1, 1, 1], "inflate": 0.1, "uv": [40, 3]}
					]
				},
				{
					"name": "right_pinky_finger",
					"parent": "right_hand",
					"pivot": [-9.5, 12.5, 0.85],
					"rotation": [0, 20, 0],
					"cubes": [
						{"origin": [-10.5, 11.5, 0.35], "size": [1, 1, 1], "uv": [8, 37]}
					]
				},
				{
					"name": "right_pinky_finger2",
					"parent": "right_pinky_finger",
					"pivot": [-10.5, 12.5, 0.85],
					"cubes": [
						{"origin": [-11.5, 11.5, 0.35], "size": [1, 1, 1], "inflate": 0.1, "uv": [8, 35]}
					]
				},
				{
					"name": "right_middle_finger",
					"parent": "right_hand",
					"pivot": [-10, 12.5, 0.1],
					"cubes": [
						{"origin": [-11, 11.5, -0.4], "size": [1, 1, 1], "uv": [26, 34]}
					]
				},
				{
					"name": "right_middle_finger2",
					"parent": "right_middle_finger",
					"pivot": [-11, 12.5, 0.1],
					"cubes": [
						{"origin": [-12, 11.5, -0.4], "size": [1, 1, 1], "inflate": 0.1, "uv": [14, 32]}
					]
				},
				{
					"name": "right_upper_leg",
					"parent": "body",
					"pivot": [-1.25, 6, 0],
					"cubes": [
						{"origin": [-1.75, 3.5, -0.5], "size": [1, 4, 1], "uv": [0, 11]}
					]
				},
				{
					"name": "right_lower_leg",
					"parent": "right_upper_leg",
					"pivot": [-1.25, 3.5, -0.5],
					"cubes": [
						{"origin": [-1.75, 0.5, -0.5], "size": [1, 3, 1], "uv": [0, 28]}
					]
				},
				{
					"name": "right_foot",
					"parent": "right_lower_leg",
					"pivot": [-1.25, 1, 0],
					"cubes": [
						{"origin": [-2.25, 0, -1], "size": [2, 1, 2], "uv": [22, 31]}
					]
				},
				{
					"name": "right_foot2",
					"parent": "right_foot",
					"pivot": [-1.25, 0, -1],
					"cubes": [
						{"origin": [-2.75, 0, -3], "size": [3, 1, 2], "inflate": 0.01, "uv": [37, 22]}
					]
				},
				{
					"name": "right_toes",
					"parent": "right_foot2",
					"pivot": [-1.25, 1, -3]
				},
				{
					"name": "right_inner_toe",
					"parent": "right_toes",
					"pivot": [0, 1, -2.9],
					"rotation": [0, -7.5, 0],
					"cubes": [
						{"origin": [-0.5, 0.1, -3.9], "size": [1, 1, 1], "inflate": 0.1, "uv": [15, 16]}
					]
				},
				{
					"name": "right_outer_toe",
					"parent": "right_toes",
					"pivot": [-2.5, 1, -2.9],
					"rotation": [0, 7.5, 0],
					"cubes": [
						{"origin": [-3, 0.1, -3.9], "size": [1, 1, 1], "inflate": 0.1, "uv": [0, 16]}
					]
				},
				{
					"name": "right_middle_toe",
					"parent": "right_toes",
					"pivot": [-1.25, 1, -3],
					"cubes": [
						{"origin": [-1.75, 0.1, -4], "size": [1, 1, 1], "inflate": 0.1, "uv": [0, 0]}
					]
				},
				{
					"name": "left_upper_leg",
					"parent": "body",
					"pivot": [1.25, 6, 0],
					"cubes": [
						{"origin": [0.75, 3.5, -0.5], "size": [1, 4, 1], "uv": [15, 11]}
					]
				},
				{
					"name": "left_lower_leg",
					"parent": "left_upper_leg",
					"pivot": [1.25, 3.5, -0.5],
					"cubes": [
						{"origin": [0.75, 0.5, -0.5], "size": [1, 3, 1], "uv": [0, 35]}
					]
				},
				{
					"name": "left_foot",
					"parent": "left_lower_leg",
					"pivot": [1.25, 1, 0],
					"cubes": [
						{"origin": [0.25, 0, -1], "size": [2, 1, 2], "uv": [40, 0]}
					]
				},
				{
					"name": "left_foot2",
					"parent": "left_foot",
					"pivot": [1.25, 0, -1],
					"cubes": [
						{"origin": [-0.25, 0, -3], "size": [3, 1, 2], "inflate": 0.01, "uv": [39, 15]}
					]
				},
				{
					"name": "left_toes",
					"parent": "left_foot2",
					"pivot": [1.25, 1, -3]
				},
				{
					"name": "left_inner_toe",
					"parent": "left_toes",
					"pivot": [0, 1, -2.9],
					"rotation": [0, 7.5, 0],
					"cubes": [
						{"origin": [-0.5, 0.1, -3.9], "size": [1, 1, 1], "inflate": 0.1, "uv": [32, 9]}
					]
				},
				{
					"name": "left_outer_toe",
					"parent": "left_toes",
					"pivot": [2.5, 1, -2.9],
					"rotation": [0, -7.5, 0],
					"cubes": [
						{"origin": [2, 0.1, -3.9], "size": [1, 1, 1], "inflate": 0.1, "uv": [10, 28]}
					]
				},
				{
					"name": "left_middle_toe",
					"parent": "left_toes",
					"pivot": [1.25, 1, -3],
					"cubes": [
						{"origin": [0.75, 0.1, -4], "size": [1, 1, 1], "inflate": 0.1, "uv": [18, 15]}
					]
				}
			]
		}
	]
}