{
	"format_version": "1.12.0",
	"minecraft:geometry": [
		{
			"description": {
				"identifier": "geometry.marshtomp",
				"texture_width": 64,
				"texture_height": 64,
				"visible_bounds_width": 3,
				"visible_bounds_height": 2.5,
				"visible_bounds_offset": [0, 0.75, 0]
			},
			"bones": [
				{
					"name": "marshtomp",
					"pivot": [0, 0, 0]
				},
				{
					"name": "body",
					"parent": "marshtomp",
					"pivot": [0, 7.5, -1]
				},
				{
					"name": "torso",
					"parent": "body",
					"pivot": [0, 4, -1],
					"cubes": [
						{"origin": [-3.5, 2.5, -3.5], "size": [7, 9, 5], "uv": [18, 13]}
					]
				},
				{
					"name": "head",
					"parent": "torso",
					"pivot": [0, 13, -1.5],
					"cubes": [
						{"origin": [-4, 11, -4.75], "size": [8, 6, 7], "uv": [0, 0]},
						{"origin": [-1.5, 13, -4.775], "size": [3, 1, 0], "inflate": 0.02, "uv": [0, 6]},
						{"origin": [0, 11, -4], "size": [0, 12, 9], "uv": [0, 4]}
					]
				},
				{
					"name": "eye_left",
					"parent": "head",
					"pivot": [2.5, 15, -4.775],
					"rotation": [0, 0, -2.5],
					"cubes": [
						{"origin": [1.5, 14, -4.775], "size": [2, 2, 0], "inflate": 0.02, "uv": [0, 0]}
					]
				},
				{
					"name": "eye_right",
					"parent": "head",
					"pivot": [-2.5, 15, -4.775],
					"rotation": [0, 0, 2.5],
					"cubes": [
						{"origin": [-3.5, 14, -4.775], "size": [2, 2, 0], "inflate": 0.02, "uv": [0, 0], "mirror": true}
					]
				},
				{
					"name": "eyelid_left",
					"parent": "head",
					"pivot": [2.5, 15, -4.025],
					"rotation": [0, 0, -2.5],
					"cubes": [
						{"origin": [1.5, 14, -4.525], "size": [2, 2, 1], "inflate": 0.04, "uv": [0, 2]}
					]
				},
				{
					"name": "eyelid_right",
					"parent": "head",
					"pivot": [-2.5, 15, -4.025],
					"rotation": [0, 0, 2.5],
					"cubes": [
						{"origin": [-3.5, 14, -4.525], "size": [2, 2, 1], "inflate": 0.04, "uv": [0, 2], "mirror": true}
					]
				},
				{
					"name": "atenna_left",
					"parent": "head",
					"pivot": [4, 13.5, -2],
					"cubes": [
						{"origin": [4, 12.5, -2], "size": [4, 2, 0], "uv": [23, 0]}
					]
				},
				{
					"name": "atenna_right",
					"parent": "head",
					"pivot": [-4, 13.5, -2],
					"cubes": [
						{"origin": [-8, 12.5, -2], "size": [4, 2, 0], "uv": [23, 2]}
					]
				},
				{
					"name": "arm_left",
					"parent": "torso",
					"pivot": [3.5, 10.75, -1],
					"cubes": [
						{"origin": [3.5, 8.75, -2.5], "size": [5, 2, 3], "inflate": 0.01, "uv": [35, 33]}
					]
				},
				{
					"name": "forearm_left",
					"parent": "arm_left",
					"pivot": [8.5, 10.75, 0.5],
					"cubes": [
						{"origin": [8.5, 8.75, -2.5], "size": [4, 2, 3], "uv": [16, 36]}
					]
				},
				{
					"name": "arm_right",
					"parent": "torso",
					"pivot": [-3.5, 10.75, -1],
					"cubes": [
						{"origin": [-8.5, 8.75, -2.5], "size": [5, 2, 3], "inflate": 0.01, "uv": [0, 36]}
					]
				},
				{
					"name": "forearm_right",
					"parent": "arm_right",
					"pivot": [-8.5, 10.75, 0.5],
					"cubes": [
						{"origin": [-12.5, 8.75, -2.5], "size": [4, 2, 3], "uv": [37, 9]}
					],
					"locators": {
						"held_item": [-13, 10, -2]
					}
				},
				{
					"name": "tail_fin_right",
					"parent": "torso",
					"pivot": [-1.25, 6.75, 1.5],
					"cubes": [
						{"origin": [-1.25, 2.25, 1.5], "size": [0, 9, 6], "uv": [12, 21]}
					]
				},
				{
					"name": "tail_fin_left",
					"parent": "torso",
					"pivot": [1.25, 6.75, 1.5],
					"cubes": [
						{"origin": [1.25, 2.25, 1.5], "size": [0, 9, 6], "uv": [0, 19]}
					]
				},
				{
					"name": "leg_right",
					"parent": "body",
					"pivot": [-2.25, 4.5, -1],
					"cubes": [
						{"origin": [-3.75, 0, -3], "size": [3, 5, 4], "uv": [24, 27]}
					]
				},
				{
					"name": "leg_left",
					"parent": "body",
					"pivot": [2.25, 4.5, -1],
					"cubes": [
						{"origin": [0.75, 0, -3], "size": [3, 5, 4], "uv": [30, 0]}
					]
				}
			]
		}
	]
}