{
	"format_version": "1.12.0",
	"minecraft:geometry": [
		{
			"description": {
				"identifier": "geometry.skarmory",
				"texture_width": 128,
				"texture_height": 128,
				"visible_bounds_width": 5,
				"visible_bounds_height": 3.5,
				"visible_bounds_offset": [0, 1.25, 0]
			},
			"bones": [
				{
					"name": "skarmory",
					"pivot": [0, 0, 0]
				},
				{
					"name": "body",
					"parent": "skarmory",
					"pivot": [0, 0, 2]
				},
				{
					"name": "torso",
					"parent": "body",
					"pivot": [0, 10.5, 1],
					"cubes": [
						{"origin": [-4, 8.5, -7.5], "size": [8, 9, 12], "pivot": [0, 11, 2], "rotation": [-20, 0, 0], "uv": [0, 0]}
					]
				},
				{
					"name": "lower_neck",
					"parent": "torso",
					"pivot": [0, 17.5, -5],
					"rotation": [50, 0, 0],
					"cubes": [
						{"origin": [-2.5, 15.5, -9.5], "size": [5, 5, 7], "uv": [67, 43]}
					]
				},
				{
					"name": "lower_neck2",
					"parent": "lower_neck",
					"pivot": [0, 20.5, -4.75],
					"rotation": [-7.5, 0, 0],
					"cubes": [
						{"origin": [-2, 19.5, -7.75], "size": [4, 3, 5], "uv": [72, 59]}
					]
				},
				{
					"name": "lower_neck3",
					"parent": "lower_neck2",
					"pivot": [0, 22.5, -4.5],
					"rotation": [-7.5, 0, 0],
					"cubes": [
						{"origin": [-1.5, 21, -6], "size": [3, 3, 3], "uv": [0, 22]}
					]
				},
				{
					"name": "upper_neck",
					"parent": "lower_neck3",
					"pivot": [0, 24, -4.5],
					"rotation": [-12.5, 0, 0],
					"cubes": [
						{"origin": [-1, 23.04226, -5.36415], "size": [2, 5, 2], "uv": [52, 78]}
					]
				},
				{
					"name": "head",
					"parent": "upper_neck",
					"pivot": [0, 26.54226, -4.36415],
					"rotation": [-5, 0, 0],
					"cubes": [
						{"origin": [-1.5, 26.04226, -6.36415], "size": [3, 4, 4], "inflate": 0.005, "uv": [75, 74]},
						{"origin": [-1.5, 28.04226, -9.36415], "size": [3, 1, 3], "inflate": 0.005, "uv": [31, 7]},
						{"origin": [1.5, 27.39581, -9.02836], "size": [0, 3, 3], "inflate": 0.01, "pivot": [1.5, 28.39581, -7.77836], "rotation": [-56.5, 0, 0], "uv": [16, 79]},
						{"origin": [-1.5, 27.39581, -9.02836], "size": [0, 3, 3], "inflate": 0.01, "pivot": [-1.5, 28.39581, -7.77836], "rotation": [-56.5, 0, 0], "uv": [9, 79]},
						{"origin": [-2, 28.54226, -7.36415], "size": [4, 2, 5], "inflate": 0.015, "uv": [0, 71]},
						{"origin": [0, 30.54226, -6.36415], "size": [0, 7, 4], "pivot": [0, 30.54226, -6.36415], "rotation": [-12.5, 0, 0], "uv": [0, 0]},
						{"origin": [-2.11, 28.54226, -7.36415], "size": [1, 2, 5], "inflate": 0.01, "uv": [35, 86]},
						{"origin": [1.11, 28.54226, -7.36415], "size": [1, 2, 5], "inflate": 0.01, "uv": [48, 86]},
						{"origin": [-1.5, 28.54226, -3.86415], "size": [3, 2, 3], "pivot": [0, 29.54226, -2.36415], "rotation": [0, -45, 0], "uv": [14, 29]}
					]
				},
				{
					"name": "jaw",
					"parent": "head",
					"pivot": [0, 28.04226, -6.36415],
					"cubes": [
						{"origin": [-1.5, 26.04226, -10.86415], "size": [3, 2, 5], "uv": [19, 71]},
						{"origin": [1.48, 27.54226, -10.61415], "size": [0, 1, 1], "inflate": 0.01, "pivot": [1.48, 28.04226, -10.11415], "rotation": [45, 0, 0], "uv": [0, 22]},
						{"origin": [-1.48, 27.54226, -10.61415], "size": [0, 1, 1], "inflate": 0.01, "pivot": [-1.48, 28.04226, -10.11415], "rotation": [45, 0, 0], "uv": [9, 4]},
						{"origin": [1.48, 26.54226, -9.86415], "size": [0, 1, 1], "inflate": 0.01, "pivot": [1.48, 28.04226, -10.11415], "rotation": [45, 0, 0], "uv": [9, 7]},
						{"origin": [-1.48, 26.54226, -9.86415], "size": [0, 1, 1], "inflate": 0.01, "pivot": [-1.48, 28.04226, -10.11415], "rotation": [45, 0, 0], "uv": [0, 0]}
					]
				},
				{
					"name": "beak",
					"parent": "head",
					"pivot": [0, 30.54226, -7.36415],
					"rotation": [20, 0, 0],
					"cubes": [
						{"origin": [-2, 28.54226, -11.36415], "size": [4, 2, 4], "inflate": 0.01, "uv": [68, 0]},
						{"origin": [-1.5, 28.54226, -12.86415], "size": [3, 2, 3], "pivot": [0, 29.54226, -11.36415], "rotation": [0, -45, 0], "uv": [0, 29]},
						{"origin": [1.11, 28.54226, -11.36415], "size": [1, 2, 4], "inflate": 0.005, "uv": [87, 0]},
						{"origin": [-2.11, 28.54226, -11.36415], "size": [1, 2, 4], "inflate": 0.005, "uv": [98, 0]}
					]
				},
				{
					"name": "eyes",
					"parent": "head",
					"pivot": [0, 28.54226, -4.36415]
				},
				{
					"name": "left_eye",
					"parent": "eyes",
					"pivot": [1.5, 28.54226, -5.36415],
					"cubes": [
						{"origin": [1.5, 27.29226, -8.11415], "size": [0, 2, 3], "inflate": 0.015, "pivot": [1.5, 28.54226, -5.36415], "rotation": [-17.5, 0, 0], "uv": [68, 57]},
						{"origin": [1.5, 27.74226, -7.16415], "size": [0, 1, 1], "inflate": 0.02, "pivot": [1.5, 28.54226, -6.36415], "rotation": [-17.5, 0, 0], "uv": [14, 29]}
					]
				},
				{
					"name": "right_eye",
					"parent": "eyes",
					"pivot": [-1.5, 28.54226, -5.36415],
					"cubes": [
						{"origin": [-1.5, 27.29226, -8.11415], "size": [0, 2, 3], "inflate": 0.015, "pivot": [-1.5, 28.54226, -5.36415], "rotation": [-17.5, 0, 0], "uv": [52, 64]},
						{"origin": [-1.5, 27.74226, -7.16415], "size": [0, 1, 1], "inflate": 0.02, "pivot": [-1.5, 28.54226, -6.36415], "rotation": [-17.5, 0, 0], "uv": [10, 29]}
					]
				},
				{
					"name": "closed",
					"parent": "eyes",
					"pivot": [0, 28.54226, -4.36415]
				},
				{
					"name": "left_eyelid",
					"parent": "closed",
					"pivot": [1.4, 28.54226, -5.36415],
					"cubes": [
						{"origin": [1.4, 27.29226, -8.11415], "size": [0, 2, 3], "inflate": 0.025, "pivot": [1.4, 28.54226, -5.36415], "rotation": [-17.5, 0, 0], "uv": [52, 62]},
						{"origin": [1.4, 28.04226, -8.61415], "size": [0, 1, 3], "inflate": 0.03, "pivot": [1.4, 28.54226, -5.36415], "rotation": [-10, 0, 0], "uv": [52, 61], "mirror": true}
					]
				},
				{
					"name": "right_eyelid",
					"parent": "closed",
					"pivot": [-1.4, 28.54226, -5.36415],
					"cubes": [
						{"origin": [-1.4, 27.29226, -8.11415], "size": [0, 2, 3], "inflate": 0.025, "pivot": [-1.4, 28.54226, -5.36415], "rotation": [-17.5, 0, 0], "uv": [58, 62]},
						{"origin": [-1.4, 28.04226, -8.61415], "size": [0, 1, 3], "inflate": 0.03, "pivot": [-1.4, 28.54226, -5.36415], "rotation": [-10, 0, 0], "uv": [58, 61]}
					]
				},
				{
					"name": "tail",
					"parent": "torso",
					"pivot": [0, 15.75, 6],
					"rotation": [-20, 0, 0],
					"cubes": [
						{"origin": [0, 14.5, 5], "size": [0, 12, 12], "uv": [2, 77]}
					]
				},
				{
					"name": "left_wing",
					"parent": "torso",
					"pivot": [4, 17.85, -3.5]
				},
				{
					"name": "left_steel_flap",
					"parent": "left_wing",
					"pivot": [4, 17.7, -3.5],
					"cubes": [
						{"origin": [3, 17.7, -6.5], "size": [12, 0, 4], "inflate": 0.01, "uv": [2, 66]}
					]
				},
				{
					"name": "left_steel_flap_tip",
					"parent": "left_steel_flap",
					"pivot": [15, 17.7, -6.5],
					"cubes": [
						{"origin": [15, 17.7, -6.5], "size": [12, 0, 4], "uv": [60, 37]}
					]
				},
				{
					"name": "left_feather1",
					"parent": "left_wing",
					"pivot": [4, 17.8, -3.4],
					"cubes": [
						{"origin": [3, 17.8, -6.4], "size": [12, 0, 4], "inflate": 0.01, "uv": [60, 30]}
					]
				},
				{
					"name": "left_feather_tip1",
					"parent": "left_feather1",
					"pivot": [15, 17.8, -6.4],
					"cubes": [
						{"origin": [15, 17.8, -6.4], "size": [12, 0, 4], "uv": [39, 59]}
					]
				},
				{
					"name": "left_feather2",
					"parent": "left_wing",
					"pivot": [4, 17.9, -3.3],
					"cubes": [
						{"origin": [3, 17.9, -6.3], "size": [12, 0, 4], "inflate": 0.01, "uv": [2, 59]}
					]
				},
				{
					"name": "left_feather_tip2",
					"parent": "left_feather2",
					"pivot": [15, 17.9, -6.3],
					"cubes": [
						{"origin": [15, 17.9, -6.3], "size": [12, 0, 4], "uv": [39, 52]}
					]
				},
				{
					"name": "left_feather3",
					"parent": "left_wing",
					"pivot": [4, 18, -3.2],
					"cubes": [
						{"origin": [3, 18, -6.2], "size": [12, 0, 4], "inflate": 0.01, "uv": [2, 52]}
					]
				},
				{
					"name": "left_feather_tip3",
					"parent": "left_feather3",
					"pivot": [15, 18, -6.2],
					"cubes": [
						{"origin": [15, 18, -6.2], "size": [12, 0, 4], "uv": [47, 23]}
					]
				},
				{
					"name": "right_wing",
					"parent": "torso",
					"pivot": [-4, 17.85, -3.5]
				},
				{
					"name": "right_steel_flap",
					"parent": "right_wing",
					"pivot": [-4, 17.7, -3.5],
					"cubes": [
						{"origin": [-15, 17.7, -6.5], "size": [12, 0, 4], "inflate": 0.01, "uv": [39, 45]}
					]
				},
				{
					"name": "right_steel_flap_tip",
					"parent": "right_steel_flap",
					"pivot": [-15, 17.7, -6.5],
					"cubes": [
						{"origin": [-27, 17.7, -6.5], "size": [12, 0, 4], "uv": [45, 16]}
					]
				},
				{
					"name": "right_feather1",
					"parent": "right_wing",
					"pivot": [-4, 17.8, -3.4],
					"cubes": [
						{"origin": [-15, 17.8, -6.4], "size": [12, 0, 4], "inflate": 0.01, "uv": [45, 9]}
					]
				},
				{
					"name": "right_feather_tip1",
					"parent": "right_feather1",
					"pivot": [-15, 17.8, -6.4],
					"cubes": [
						{"origin": [-27, 17.8, -6.4], "size": [12, 0, 4], "uv": [2, 45]}
					]
				},
				{
					"name": "right_feather2",
					"parent": "right_wing",
					"pivot": [-4, 17.9, -3.3],
					"cubes": [
						{"origin": [-15, 17.9, -6.3], "size": [12, 0, 4], "inflate": 0.01, "uv": [29, 38]}
					]
				},
				{
					"name": "right_feather_tip2",
					"parent": "right_feather2",
					"pivot": [-15, 17.9, -6.3],
					"cubes": [
						{"origin": [-27, 17.9, -6.3], "size": [12, 0, 4], "uv": [33, 2]}
					]
				},
				{
					"name": "right_feather3",
					"parent": "right_wing",
					"pivot": [-4, 18, -3.2],
					"cubes": [
						{"origin": [-15, 18, -6.2], "size": [12, 0, 4], "inflate": 0.01, "uv": [29, 31]}
					]
				},
				{
					"name": "right_feather_tip3",
					"parent": "right_feather3",
					"pivot": [-15, 18, -6.2],
					"cubes": [
						{"origin": [-27, 18, -6.2], "size": [12, 0, 4], "uv": [16, 24]}
					]
				},
				{
					"name": "left_thigh",
					"parent": "body",
					"pivot": [3, 10, -0.25],
					"rotation": [47.5, 0, 0],
					"cubes": [
						{"origin": [1, 7, -3.25], "size": [4, 7, 6], "pivot": [2, 7, 2.75], "rotation": [0, 0, 0], "uv": [58, 64]}
					]
				},
				{
					"name": "left_upper_leg",
					"parent": "left_thigh",
					"pivot": [3, 7, -1.75],
					"cubes": [
						{"origin": [2, 4, -2.75], "size": [2, 4, 2], "inflate": 0.01, "uv": [0, 79]}
					]
				},
				{
					"name": "left_lower_leg",
					"parent": "left_upper_leg",
					"pivot": [3, 4, -1.75],
					"rotation": [-75, 0, 0],
					"cubes": [
						{"origin": [2, 0, -2.75], "size": [2, 5, 2], "uv": [43, 78]}
					]
				},
				{
					"name": "left_foot",
					"parent": "left_lower_leg",
					"pivot": [3, 0.5, -1.75],
					"rotation": [27.5, 0, 0],
					"cubes": [
						{"origin": [1.5, -1.5, -4.25], "size": [3, 2, 4], "uv": [76, 17]}
					]
				},
				{
					"name": "left_inner_toe",
					"parent": "left_foot",
					"pivot": [2, -0.25, -4.25],
					"rotation": [0, 12.5, 0],
					"cubes": [
						{"origin": [1.5, -1.25, -6.25], "size": [1, 1, 3], "inflate": 0.01, "uv": [31, 64]}
					]
				},
				{
					"name": "left_inner_toe_claw",
					"parent": "left_inner_toe",
					"pivot": [2, -0.25, -6.25],
					"cubes": [
						{"origin": [1.5, -1.15, -8.25], "size": [1, 1, 2], "inflate": 0.2, "uv": [81, 0]},
						{"origin": [2, -1.35, -9.25], "size": [0, 1, 1], "uv": [0, 29]}
					]
				},
				{
					"name": "left_outer_toe",
					"parent": "left_foot",
					"pivot": [4, -0.25, -4.25],
					"rotation": [0, -12.5, 0],
					"cubes": [
						{"origin": [3.5, -1.25, -6.25], "size": [1, 1, 3], "inflate": 0.01, "uv": [31, 57]}
					]
				},
				{
					"name": "left_outer_toe_claw",
					"parent": "left_outer_toe",
					"pivot": [4, -0.25, -6.25],
					"cubes": [
						{"origin": [3.5, -1.15, -8.25], "size": [1, 1, 2], "inflate": 0.2, "uv": [79, 68]},
						{"origin": [4, -1.35, -9.25], "size": [0, 1, 1], "uv": [17, 25]}
					]
				},
				{
					"name": "left_back_toe",
					"parent": "left_foot",
					"pivot": [3, -0.25, -0.25],
					"cubes": [
						{"origin": [2.5, -1.25, -1.25], "size": [1, 1, 2], "inflate": 0.01, "uv": [79, 56]}
					]
				},
				{
					"name": "left_back_toe_claw",
					"parent": "left_back_toe",
					"pivot": [3, -0.25, 0.75],
					"cubes": [
						{"origin": [2.5, -1.15, 0.75], "size": [1, 1, 2], "inflate": 0.2, "uv": [23, 79]},
						{"origin": [3, -1.35, 2.75], "size": [0, 1, 1], "uv": [14, 25]}
					]
				},
				{
					"name": "right_thigh",
					"parent": "body",
					"pivot": [-3, 10, -0.25],
					"rotation": [47.5, 0, 0],
					"cubes": [
						{"origin": [-5, 7, -3.25], "size": [4, 7, 6], "pivot": [-2, 7, 2.75], "rotation": [0, 0, 0], "uv": [37, 64]}
					]
				},
				{
					"name": "right_upper_leg",
					"parent": "right_thigh",
					"pivot": [-3, 7, -1.75],
					"cubes": [
						{"origin": [-4, 4, -2.75], "size": [2, 4, 2], "inflate": 0.01, "uv": [61, 78]}
					]
				},
				{
					"name": "right_lower_leg",
					"parent": "right_upper_leg",
					"pivot": [-3, 4, -1.75],
					"rotation": [-75, 0, 0],
					"cubes": [
						{"origin": [-4, 0, -2.75], "size": [2, 5, 2], "uv": [34, 78]}
					]
				},
				{
					"name": "right_foot",
					"parent": "right_lower_leg",
					"pivot": [-3, 0.5, -1.75],
					"rotation": [27.5, 0, 0],
					"cubes": [
						{"origin": [-4.5, -1.5, -4.25], "size": [3, 2, 4], "uv": [76, 10]}
					]
				},
				{
					"name": "right_inner_toe",
					"parent": "right_foot",
					"pivot": [-2, -0.25, -4.25],
					"rotation": [0, -12.5, 0],
					"cubes": [
						{"origin": [-2.5, -1.25, -6.25], "size": [1, 1, 3], "inflate": 0.01, "uv": [31, 50]}
					]
				},
				{
					"name": "right_inner_toe_claw",
					"parent": "right_inner_toe",
					"pivot": [-2, -0.25, -6.25],
					"cubes": [
						{"origin": [-2.5, -1.15, -8.25], "size": [1, 1, 2], "inflate": 0.2, "uv": [72, 56]},
						{"origin": [-2, -1.35, -9.25], "size": [0, 1, 1], "uv": [17, 22]}
					]
				},
				{
					"name": "right_outer_toe",
					"parent": "right_foot",
					"pivot": [-4, -0.25, -4.25],
					"rotation": [0, 12.5, 0],
					"cubes": [
						{"origin": [-4.5, -1.25, -6.25], "size": [1, 1, 3], "inflate": 0.01, "uv": [31, 43]}
					]
				},
				{
					"name": "right_outer_toe_claw",
					"parent": "right_outer_toe",
					"pivot": [-4, -0.25, -6.25],
					"cubes": [
						{"origin": [-4.5, -1.15, -8.25], "size": [1, 1, 2], "inflate": 0.2, "uv": [14, 71]},
						{"origin": [-4, -1.35, -9.25], "size": [0, 1, 1], "uv": [14, 22]}
					]
				},
				{
					"name": "right_back_toe",
					"parent": "right_foot",
					"pivot": [-3, -0.25, -0.25],
					"cubes": [
						{"origin": [-3.5, -1.25, -1.25], "size": [1, 1, 2], "inflate": 0.01, "uv": [62, 0]}
					]
				},
				{
					"name": "right_back_toe_claw",
					"parent": "right_back_toe",
					"pivot": [-3, -0.25, 0.75],
					"cubes": [
						{"origin": [-3.5, -1.15, 0.75], "size": [1, 1, 2], "inflate": 0.2, "uv": [5, 0]},
						{"origin": [-3, -1.35, 2.75], "size": [0, 1, 1], "uv": [10, 22]}
					]
				}
			]
		}
	]
}