{
	"format_version": "1.12.0",
	"minecraft:geometry": [
		{
			"description": {
				"identifier": "geometry.illumise",
				"texture_width": 64,
				"texture_height": 64,
				"visible_bounds_width": 3,
				"visible_bounds_height": 2.5,
				"visible_bounds_offset": [0, 0.75, 0]
			},
			"bones": [
				{
					"name": "illumise",
					"pivot": [0, 1, 0]
				},
				{
					"name": "body",
					"parent": "illumise",
					"pivot": [0, 1, 0]
				},
				{
					"name": "torso",
					"parent": "body",
					"pivot": [0, 4, 0],
					"cubes": [
						{"origin": [-4, 3.5, -3], "size": [8, 8, 6], "uv": [0, 13]},
						{"origin": [-3, 11.5, -2], "size": [6, 1, 4], "uv": [17, 49]},
						{"origin": [-2.5, 9.5, -3], "size": [5, 1, 0], "inflate": 0.01, "uv": [24, 5]}
					]
				},
				{
					"name": "head",
					"parent": "torso",
					"pivot": [0, 11.5, -0.5],
					"cubes": [
						{"origin": [-4.5, 11.5, -3.5], "size": [9, 7, 6], "uv": [0, 0]},
						{"origin": [-6.5, 11.75, -0.5], "size": [13, 8, 5], "inflate": 0.01, "pivot": [0, 14.49, 1], "rotation": [-10, 0, 0], "uv": [24, 22]},
						{"origin": [3.5, 10.57435, -2.96245], "size": [3, 3, 6], "pivot": [0.005, 10.57435, -2.96245], "rotation": [7.5, 0, 0], "uv": [0, 28]},
						{"origin": [-6.5, 10.57435, -2.96245], "size": [3, 3, 6], "pivot": [-0.005, 10.57435, -2.96245], "rotation": [7.5, 0, 0], "uv": [24, 7]},
						{"origin": [3.5, 10.76889, -4.43212], "size": [2, 2, 3], "inflate": 0.01, "pivot": [3, 12.51889, -2.43212], "rotation": [-45, 0, 0], "uv": [42, 12]},
						{"origin": [-5.5, 10.76889, -4.43212], "size": [2, 2, 3], "inflate": 0.01, "pivot": [-3, 12.51889, -2.43212], "rotation": [-45, 0, 0], "uv": [40, 0]}
					]
				},
				{
					"name": "mouth",
					"parent": "head",
					"pivot": [0, 1.75, -0.5],
					"cubes": [
						{"origin": [-0.5, 11.5, -3.5], "size": [1, 1, 0], "inflate": 0.01, "uv": [4, 13]},
						{"origin": [0.5, 12, -3.5], "size": [1, 1, 0], "inflate": 0.01, "uv": [0, 1]},
						{"origin": [-1.5, 12, -3.5], "size": [1, 1, 0], "inflate": 0.01, "uv": [0, 0]}
					]
				},
				{
					"name": "mouth_open",
					"parent": "mouth",
					"pivot": [0, 1.85, -0.4],
					"cubes": [
						{"origin": [-1, 11.6, -3.4], "size": [2, 1, 0], "inflate": 0.025, "uv": [16, 46]},
						{"origin": [-1.5, 12.1, -3.4], "size": [3, 1, 0], "inflate": 0.02, "uv": [16, 45]}
					]
				},
				{
					"name": "eyes",
					"parent": "head",
					"pivot": [0, 11.25, -0.5]
				},
				{
					"name": "left_eye",
					"parent": "eyes",
					"pivot": [2.25, 14.9, -3.5],
					"cubes": [
						{"origin": [1.5, 14, -3.5], "size": [3, 2, 0], "inflate": 0.01, "uv": [0, 17]},
						{"origin": [2, 14.5, -3.5], "size": [1, 1, 0], "inflate": 0.02, "uv": [0, 13]}
					]
				},
				{
					"name": "left_eyelid",
					"parent": "left_eye",
					"pivot": [2.15, 14.9, -3.4],
					"cubes": [
						{"origin": [1.4, 14, -3.4], "size": [3, 2, 0], "inflate": 0.03, "uv": [0, 53]}
					]
				},
				{
					"name": "right_eye",
					"parent": "eyes",
					"pivot": [-2.25, 14.9, -3.5],
					"cubes": [
						{"origin": [-4.5, 14, -3.5], "size": [3, 2, 0], "inflate": 0.01, "uv": [0, 4]},
						{"origin": [-3, 14.5, -3.5], "size": [1, 1, 0], "inflate": 0.02, "uv": [4, 1]}
					]
				},
				{
					"name": "right_eyelid",
					"parent": "right_eye",
					"pivot": [-2.15, 14.9, -3.4],
					"cubes": [
						{"origin": [-4.4, 14, -3.4], "size": [3, 2, 0], "inflate": 0.03, "uv": [0, 55], "mirror": true}
					]
				},
				{
					"name": "left_antenna",
					"parent": "head",
					"pivot": [2.75, 17, -3.6],
					"rotation": [0, 0, 25],
					"cubes": [
						{"origin": [1.25, 17, -3.6], "size": [2, 2, 0], "inflate": 0.01, "uv": [12, 48]}
					]
				},
				{
					"name": "left_antenna2",
					"parent": "left_antenna",
					"pivot": [1.25, 19, -3.6],
					"cubes": [
						{"origin": [1.25, 19, -3.6], "size": [2, 3, 0], "inflate": 0.01, "uv": [12, 45]}
					]
				},
				{
					"name": "right_antenna",
					"parent": "head",
					"pivot": [-2.75, 17, -3.6],
					"rotation": [0, 0, -25],
					"cubes": [
						{"origin": [-3.25, 17, -3.6], "size": [2, 2, 0], "inflate": 0.01, "uv": [0, 31]}
					]
				},
				{
					"name": "right_antenna2",
					"parent": "right_antenna",
					"pivot": [-1.25, 19, -3.6],
					"cubes": [
						{"origin": [-3.25, 19, -3.6], "size": [2, 3, 0], "inflate": 0.01, "uv": [0, 28]}
					]
				},
				{
					"name": "nose",
					"parent": "head",
					"pivot": [0, 14.5, -3.5],
					"cubes": [
						{"origin": [-0.5, 13.5, -3.5], "size": [1, 1, 0], "inflate": 0.01, "uv": [4, 0]}
					]
				},
				{
					"name": "butt_lights",
					"parent": "torso",
					"pivot": [0, 4.5, 3.25],
					"cubes": [
						{"origin": [-2.5, 3.5, 2], "size": [5, 3, 1], "inflate": 0.01, "uv": [0, 45]}
					]
				},
				{
					"name": "butt_lights_glowing",
					"parent": "torso",
					"pivot": [0, 4.5, 3.25],
					"cubes": [
						{"origin": [-2.5, 3.5, 2], "size": [5, 3, 1], "inflate": 0.02, "uv": [0, 49]}
					]
				},
				{
					"name": "left_wing",
					"parent": "torso",
					"pivot": [0.75, 10, 3],
					"rotation": [-2.68407, -34.5616, -3.65268],
					"cubes": [
						{"origin": [-0.25, 8, 3], "size": [8, 4, 0], "uv": [34, 35]}
					]
				},
				{
					"name": "right_wing",
					"parent": "torso",
					"pivot": [-0.75, 10, 3],
					"rotation": [-5.18407, 34.5616, 3.65268],
					"cubes": [
						{"origin": [-7.75, 8, 3], "size": [8, 4, 0], "uv": [18, 35]}
					]
				},
				{
					"name": "left_shoulder_ring",
					"parent": "torso",
					"pivot": [4, 9.5, 0],
					"cubes": [
						{"origin": [4, 7.5, -2], "size": [1, 4, 4], "pivot": [4, 11.5, 0.25], "rotation": [0, 0, 5], "uv": [22, 39]}
					]
				},
				{
					"name": "left_arm",
					"parent": "left_shoulder_ring",
					"pivot": [4.5, 9.5, 0],
					"cubes": [
						{"origin": [4, 8, -1.5], "size": [3, 3, 3], "uv": [10, 39]},
						{"origin": [7, 8.5, -1], "size": [1, 2, 2], "uv": [0, 13]}
					]
				},
				{
					"name": "right_shoulder_ring",
					"parent": "torso",
					"pivot": [-4, 9.5, 0],
					"cubes": [
						{"origin": [-5, 7.5, -2], "size": [1, 4, 4], "pivot": [-4, 11.5, 0.25], "rotation": [0, 0, -5], "uv": [0, 37]}
					]
				},
				{
					"name": "right_arm",
					"parent": "right_shoulder_ring",
					"pivot": [-4.5, 9.5, 0],
					"cubes": [
						{"origin": [-7, 8, -1.5], "size": [3, 3, 3], "uv": [36, 5]},
						{"origin": [-8, 8.5, -1], "size": [1, 2, 2], "uv": [0, 0]}
					]
				},
				{
					"name": "left_thigh_ring",
					"parent": "body",
					"pivot": [2.5, 4, 0],
					"cubes": [
						{"origin": [0.5, 2.5, -2], "size": [4, 1, 4], "pivot": [0.5, 3.5, -0.25], "rotation": [0, 0, -10], "uv": [28, 16]}
					]
				},
				{
					"name": "left_leg",
					"parent": "left_thigh_ring",
					"pivot": [2, 3, 0.5],
					"cubes": [
						{"origin": [1, 1, -1.5], "size": [3, 3, 3], "uv": [32, 39]},
						{"origin": [1.5, 0, -1], "size": [2, 1, 2], "uv": [40, 17]}
					]
				},
				{
					"name": "right_thigh_ring",
					"parent": "body",
					"pivot": [-2.5, 4, 0],
					"cubes": [
						{"origin": [-4.5, 2.5, -2], "size": [4, 1, 4], "pivot": [-0.5, 3.5, -0.25], "rotation": [0, 0, 10], "uv": [24, 0]}
					]
				},
				{
					"name": "right_leg",
					"parent": "right_thigh_ring",
					"pivot": [-2, 3, 0.5],
					"cubes": [
						{"origin": [-4, 1, -1.5], "size": [3, 3, 3], "uv": [12, 28]},
						{"origin": [-3.5, 0, -1], "size": [2, 1, 2], "uv": [22, 16]}
					]
				}
			]
		}
	]
}