{
	"format_version": "1.12.0",
	"minecraft:geometry": [
		{
			"description": {
				"identifier": "geometry.poliwhirl",
				"texture_width": 64,
				"texture_height": 64,
				"visible_bounds_width": 4,
				"visible_bounds_height": 2.5,
				"visible_bounds_offset": [0, 0.75, 0]
			},
			"bones": [
				{
					"name": "poliwhirl",
					"pivot": [0, 0, 0]
				},
				{
					"name": "body",
					"parent": "poliwhirl",
					"pivot": [0, 10.5, 0]
				},
				{
					"name": "torso",
					"parent": "body",
					"pivot": [0, 0, 0],
					"cubes": [
						{"origin": [-7, 4, -5], "size": [14, 13, 10], "uv": [0, 0]}
					]
				},
				{
					"name": "torso_right",
					"parent": "torso",
					"pivot": [-4.25, 16.75, -0.75],
					"rotation": [0, 0, -5],
					"cubes": [
						{"origin": [-6.75, 16.75, -2.75], "size": [5, 4, 4], "uv": [18, 23]}
					]
				},
				{
					"name": "eye_right",
					"parent": "torso_right",
					"pivot": [-4.25, 18.5, -2.751],
					"cubes": [
						{"origin": [-6.25, 16.5, -2.751], "size": [4, 4, 0], "uv": [0, 50], "mirror": true}
					]
				},
				{
					"name": "eyelid_right",
					"parent": "eye_right",
					"pivot": [-4.2, 18.5, -2.151],
					"cubes": [
						{"origin": [-6.25, 16.5, -2.651], "size": [4, 4, 1], "inflate": 0.01, "uv": [8, 50], "mirror": true}
					]
				},
				{
					"name": "torso_left",
					"parent": "torso",
					"pivot": [4.25, 16.75, -0.75],
					"rotation": [0, 0, 5],
					"cubes": [
						{"origin": [1.75, 16.75, -2.75], "size": [5, 4, 4], "uv": [0, 23]}
					]
				},
				{
					"name": "eye_left",
					"parent": "torso_left",
					"pivot": [4.25, 18.5, -2.751],
					"cubes": [
						{"origin": [2.25, 16.5, -2.751], "size": [4, 4, 0], "uv": [0, 54]}
					]
				},
				{
					"name": "eyelid_left",
					"parent": "eye_left",
					"pivot": [4.25, 18.5, -2.151],
					"cubes": [
						{"origin": [2.25, 16.5, -2.651], "size": [4, 4, 1], "inflate": 0.01, "uv": [18, 50]}
					]
				},
				{
					"name": "arm_right",
					"parent": "body",
					"pivot": [-6, 13.75, 0],
					"cubes": [
						{"origin": [-9, 12.25, -1.5], "size": [3, 3, 3], "inflate": 0.01, "uv": [33, 35]}
					]
				},
				{
					"name": "arm_right2",
					"parent": "arm_right",
					"pivot": [-9, 13.75, 1.5],
					"cubes": [
						{"origin": [-12, 12.25, -1.5], "size": [3, 3, 3], "uv": [45, 35]}
					]
				},
				{
					"name": "hand_right",
					"parent": "arm_right2",
					"pivot": [-11, 13.75, 0],
					"cubes": [
						{"origin": [-14, 11.75, -2], "size": [3, 4, 4], "uv": [44, 19]}
					],
					"locators": {
						"held_item": [-16, 13, 0]
					}
				},
				{
					"name": "fingers_right1",
					"parent": "hand_right",
					"pivot": [-13.25, 14.5, 0.25],
					"cubes": [
						{"origin": [-15.5, 13.75, -2.5], "size": [3, 2, 5], "inflate": 0.01, "uv": [38, 0]}
					]
				},
				{
					"name": "fingers_right2",
					"parent": "fingers_right1",
					"pivot": [-15.5, 15.75, 0.25],
					"cubes": [
						{"origin": [-18.5, 13.75, -2.5], "size": [3, 2, 5], "uv": [43, 41]}
					]
				},
				{
					"name": "thumb_right",
					"parent": "hand_right",
					"pivot": [-13, 12.75, -2],
					"cubes": [
						{"origin": [-15.75, 11.75, -3], "size": [3, 2, 2], "inflate": 0.01, "uv": [32, 23]}
					]
				},
				{
					"name": "arm_left",
					"parent": "body",
					"pivot": [6, 13.75, 0],
					"cubes": [
						{"origin": [6, 12.25, -1.5], "size": [3, 3, 3], "inflate": 0.01, "uv": [45, 28]}
					]
				},
				{
					"name": "arm_left2",
					"parent": "arm_left",
					"pivot": [9, 13.75, 1.5],
					"cubes": [
						{"origin": [9, 12.25, -1.5], "size": [3, 3, 3], "uv": [33, 28]}
					]
				},
				{
					"name": "hand_left",
					"parent": "arm_left2",
					"pivot": [11, 13.75, 0],
					"cubes": [
						{"origin": [11, 11.75, -2], "size": [3, 4, 4], "uv": [29, 41]}
					]
				},
				{
					"name": "fingers_left1",
					"parent": "hand_left",
					"pivot": [13.25, 14.5, 0.25],
					"cubes": [
						{"origin": [12.5, 13.75, -2.5], "size": [3, 2, 5], "inflate": 0.01, "uv": [0, 38]}
					]
				},
				{
					"name": "fingers_left2",
					"parent": "fingers_left1",
					"pivot": [15.5, 15.75, 0.25],
					"cubes": [
						{"origin": [15.5, 13.75, -2.5], "size": [3, 2, 5], "uv": [16, 38]}
					]
				},
				{
					"name": "thumb_left",
					"parent": "hand_left",
					"pivot": [13, 12.75, -2],
					"cubes": [
						{"origin": [12.75, 11.75, -3], "size": [3, 2, 2], "inflate": 0.01, "uv": [13, 31]}
					]
				},
				{
					"name": "leg_right",
					"parent": "body",
					"pivot": [-4, 4, 0],
					"rotation": [0, 10, 0],
					"cubes": [
						{"origin": [-5, 1.5, -1.5], "size": [2, 4, 3], "uv": [48, 7]}
					]
				},
				{
					"name": "foot_right1",
					"parent": "leg_right",
					"pivot": [-4, 2, 0],
					"cubes": [
						{"origin": [-6, 0, -3], "size": [4, 2, 5], "inflate": 0.01, "uv": [18, 31]}
					]
				},
				{
					"name": "foot_right2",
					"parent": "foot_right1",
					"pivot": [-4, 0, -3],
					"cubes": [
						{"origin": [-6, 0, -6], "size": [4, 2, 3], "uv": [14, 45]}
					]
				},
				{
					"name": "leg_left",
					"parent": "body",
					"pivot": [4, 4, 0],
					"rotation": [0, -10, 0],
					"cubes": [
						{"origin": [3, 1.5, -1.5], "size": [2, 4, 3], "uv": [0, 0]}
					]
				},
				{
					"name": "foot_left1",
					"parent": "leg_left",
					"pivot": [4, 2, 0],
					"cubes": [
						{"origin": [2, 0, -3], "size": [4, 2, 5], "inflate": 0.01, "uv": [0, 31]}
					]
				},
				{
					"name": "foot_left2",
					"parent": "foot_left1",
					"pivot": [4, 0, -3],
					"cubes": [
						{"origin": [2, 0, -6], "size": [4, 2, 3], "uv": [0, 45]}
					]
				}
			]
		}
	]
}