{
	"format_version": "1.12.0",
	"minecraft:geometry": [
		{
			"description": {
				"identifier": "geometry.rattata_alolan",
				"texture_width": 64,
				"texture_height": 32,
				"visible_bounds_width": 4,
				"visible_bounds_height": 2.5,
				"visible_bounds_offset": [0, 0.75, 0]
			},
			"bones": [
				{
					"name": "rattata_alolan",
					"pivot": [0, 0, 0]
				},
				{
					"name": "body",
					"parent": "rattata_alolan",
					"pivot": [0, 5.5, 4],
					"cubes": [
						{"origin": [-2.5, 2.8, -4], "size": [5, 5, 9], "uv": [1, 11]}
					]
				},
				{
					"name": "head",
					"parent": "body",
					"pivot": [0, 6.5, -3.75],
					"cubes": [
						{"origin": [-2.5, 4.75, -8.25], "size": [5, 5, 6], "inflate": 0.01, "uv": [0, 0]},
						{"origin": [-3, 4.75, -7.75], "size": [1, 2, 4], "uv": [20, 14]},
						{"origin": [2, 4.75, -7.75], "size": [1, 2, 4], "uv": [26, 10]}
					]
				},
				{
					"name": "snout",
					"parent": "head",
					"pivot": [0, 7.7, -8.25],
					"rotation": [10, 0, 0],
					"cubes": [
						{"origin": [-1.5, 5.75, -10.75], "size": [3, 2, 3], "uv": [16, 0]},
						{"origin": [-1, 4, -10.2], "size": [2, 2, 0], "pivot": [0, 6, -10.2], "rotation": [-10, 0, 0], "uv": [0, 0]}
					]
				},
				{
					"name": "jaw",
					"parent": "head",
					"pivot": [0, 5.65, -6.8],
					"cubes": [
						{"origin": [-1.5, 4.75, -9.7], "size": [3, 1, 3], "inflate": -0.05, "uv": [41, 0]}
					],
					"locators": {
						"held_item_fixed": {
							"offset": [0, 5, -9.5],
							"rotation": [90, 0, 0]
						}
					}
				},
				{
					"name": "mouth",
					"parent": "head",
					"pivot": [0, 5.85, -7.725],
					"cubes": [
						{"origin": [-1.5, 4.85, -8.225], "size": [3, 2, 1], "inflate": -0.06, "uv": [50, 0]}
					]
				},
				{
					"name": "whisker_right",
					"parent": "head",
					"pivot": [-1.4, 6.9, -9.35],
					"rotation": [0, 15, -15],
					"cubes": [
						{"origin": [-4.15, 6.4, -9.35], "size": [3, 1, 0], "uv": [32, 10]}
					]
				},
				{
					"name": "whisker_left",
					"parent": "head",
					"pivot": [1.4, 6.9, -9.35],
					"rotation": [0, -15, 15],
					"cubes": [
						{"origin": [1.15, 6.4, -9.35], "size": [3, 1, 0], "uv": [32, 4]}
					]
				},
				{
					"name": "ear_right",
					"parent": "head",
					"pivot": [-2.5, 9.3, -4],
					"rotation": [10, 30, 5],
					"cubes": [
						{"origin": [-6.5, 7.8, -3.75], "size": [5, 5, 0], "uv": [46, 15]}
					]
				},
				{
					"name": "ear_left",
					"parent": "head",
					"pivot": [2.5, 9.3, -4],
					"rotation": [10, -30, -5],
					"cubes": [
						{"origin": [1.5, 7.8, -3.75], "size": [5, 5, 0], "uv": [36, 15]}
					]
				},
				{
					"name": "eyes",
					"parent": "head",
					"pivot": [0, 7.75, -6]
				},
				{
					"name": "eye_right",
					"parent": "eyes",
					"pivot": [-2.515, 7.75, -5.74],
					"cubes": [
						{"origin": [-2.515, 6.75, -7.24], "size": [0, 2, 3], "uv": [0, -1]}
					]
				},
				{
					"name": "pupil_right",
					"parent": "eye_right",
					"pivot": [-2.53, 7.75, -6.34],
					"cubes": [
						{"origin": [-2.53, 7.25, -6.84], "size": [0, 1, 1], "uv": [4, -1]}
					]
				},
				{
					"name": "eyelid_right",
					"parent": "eye_right",
					"pivot": [-1.915, 7.75, -5.74],
					"cubes": [
						{"origin": [-2.415, 6.75, -7.24], "size": [1, 2, 3], "inflate": 0.02, "uv": [55, 0]}
					]
				},
				{
					"name": "eye_left",
					"parent": "eyes",
					"pivot": [2.515, 7.75, -5.74],
					"cubes": [
						{"origin": [2.515, 6.75, -7.24], "size": [0, 2, 3], "uv": [0, 1]}
					]
				},
				{
					"name": "pupil_left",
					"parent": "eye_left",
					"pivot": [2.52, 7.75, -6.34],
					"cubes": [
						{"origin": [2.52, 7.25, -6.84], "size": [0, 1, 1], "uv": [4, 0], "mirror": true}
					]
				},
				{
					"name": "eyelid_left",
					"parent": "eye_left",
					"pivot": [1.915, 7.75, -5.74],
					"cubes": [
						{"origin": [1.415, 6.75, -7.24], "size": [1, 2, 3], "inflate": 0.02, "uv": [40, 4]}
					]
				},
				{
					"name": "leg_front_right",
					"parent": "body",
					"pivot": [-2.55, 5, -2.5],
					"cubes": [
						{"origin": [-3.25, 3, -3.5], "size": [2, 3, 2], "inflate": 0.01, "uv": [44, 10]}
					]
				},
				{
					"name": "leg_front_right2",
					"parent": "leg_front_right",
					"pivot": [-2.25, 3, -3.5]
				},
				{
					"name": "leg_front_right_standing",
					"parent": "leg_front_right2",
					"pivot": [-3.25, 3, -2.5],
					"cubes": [
						{"origin": [-3.25, 1, -3.5], "size": [2, 2, 2], "uv": [36, 10]}
					]
				},
				{
					"name": "leg_front_right3",
					"parent": "leg_front_right_standing",
					"pivot": [-2.25, 1, -2.5],
					"cubes": [
						{"origin": [-3.25, 0, -3.5], "size": [2, 1, 2], "inflate": 0.01, "uv": [56, 8]}
					]
				},
				{
					"name": "leg_front_right4",
					"parent": "leg_front_right3",
					"pivot": [-2.25, 1, -3.5],
					"cubes": [
						{"origin": [-3.25, 0, -4.5], "size": [2, 1, 1], "inflate": 0.015, "uv": [25, 0]}
					]
				},
				{
					"name": "leg_front_left",
					"parent": "body",
					"pivot": [2.55, 5, -2.5],
					"cubes": [
						{"origin": [1.25, 3, -3.5], "size": [2, 3, 2], "inflate": 0.01, "uv": [48, 5]}
					]
				},
				{
					"name": "leg_front_left2",
					"parent": "leg_front_left",
					"pivot": [2.25, 3, -3.5]
				},
				{
					"name": "leg_front_left_standing",
					"parent": "leg_front_left2",
					"pivot": [3.25, 3, -2.5],
					"cubes": [
						{"origin": [1.25, 1, -3.5], "size": [2, 2, 2], "uv": [32, 0]}
					]
				},
				{
					"name": "leg_front_left3",
					"parent": "leg_front_left_standing",
					"pivot": [2.25, 1, -2.5],
					"cubes": [
						{"origin": [1.25, 0, -3.5], "size": [2, 1, 2], "inflate": 0.01, "uv": [56, 5]}
					]
				},
				{
					"name": "leg_front_left4",
					"parent": "leg_front_left3",
					"pivot": [2.25, 1, -3.5],
					"cubes": [
						{"origin": [1.25, 0, -4.5], "size": [2, 1, 1], "inflate": 0.015, "uv": [38, 0]}
					]
				},
				{
					"name": "tail",
					"parent": "body",
					"pivot": [0, 6.5, 5],
					"cubes": [
						{"origin": [0, 6, 4.5], "size": [0, 1, 4], "uv": [56, 7]}
					]
				},
				{
					"name": "tail2",
					"parent": "tail",
					"pivot": [0, 6, 8.5],
					"cubes": [
						{"origin": [0, 6, 8.5], "size": [0, 1, 4], "inflate": 0.01, "uv": [56, 8]}
					]
				},
				{
					"name": "tail3",
					"parent": "tail2",
					"pivot": [0, 6, 12.5],
					"cubes": [
						{"origin": [0, 6, 12.5], "size": [0, 1, 4], "inflate": 0.01, "uv": [0, 15]}
					]
				},
				{
					"name": "tail4",
					"parent": "tail3",
					"pivot": [0, 6, 16.5],
					"cubes": [
						{"origin": [0, 6, 16.5], "size": [0, 5, 5], "uv": [22, 0]}
					]
				},
				{
					"name": "leg_back_right",
					"parent": "body",
					"pivot": [-2.75, 5, 2.25],
					"rotation": [23, 0, 0],
					"cubes": [
						{"origin": [-3.85, 2, 1.25], "size": [2, 4, 3], "inflate": 0.1, "uv": [10, 25]}
					]
				},
				{
					"name": "leg_back_right2",
					"parent": "leg_back_right",
					"pivot": [-2.85, 2.6, 2.85],
					"rotation": [-23, 0, 0],
					"cubes": [
						{"origin": [-3.85, 0.6, 2.75], "size": [2, 2, 2], "uv": [32, 6]}
					]
				},
				{
					"name": "leg_back_right3",
					"parent": "leg_back_right2",
					"pivot": [-2.85, 0.6, 3.7],
					"cubes": [
						{"origin": [-3.85, -0.4, 1.75], "size": [2, 1, 3], "inflate": 0.01, "uv": [0, 15]}
					]
				},
				{
					"name": "leg_back_left",
					"parent": "body",
					"pivot": [2.75, 5, 2.25],
					"rotation": [23, 0, 0],
					"cubes": [
						{"origin": [1.85, 2, 1.25], "size": [2, 4, 3], "inflate": 0.1, "uv": [0, 25]}
					]
				},
				{
					"name": "leg_back_left2",
					"parent": "leg_back_left",
					"pivot": [2.85, 2.6, 2.85],
					"rotation": [-23, 0, 0],
					"cubes": [
						{"origin": [1.85, 0.6, 2.75], "size": [2, 2, 2], "uv": [20, 10]}
					]
				},
				{
					"name": "leg_back_left3",
					"parent": "leg_back_left2",
					"pivot": [2.85, 0.6, 3.7],
					"cubes": [
						{"origin": [1.85, -0.4, 1.75], "size": [2, 1, 3], "inflate": 0.01, "uv": [0, 11]}
					]
				}
			]
		}
	]
}