{
	"format_version": "1.12.0",
	"minecraft:geometry": [
		{
			"description": {
				"identifier": "geometry.unfezant_female",
				"texture_width": 128,
				"texture_height": 64,
				"visible_bounds_width": 6,
				"visible_bounds_height": 5.5,
				"visible_bounds_offset": [0, 2.25, 0]
			},
			"bones": [
				{
					"name": "unfezant",
					"pivot": [0, 0, 0]
				},
				{
					"name": "body",
					"parent": "unfezant",
					"pivot": [0, 10.5, -2]
				},
				{
					"name": "torso",
					"parent": "body",
					"pivot": [0, 12.5, -0.75],
					"rotation": [-27.5, 0, 0],
					"cubes": [
						{"origin": [-5, 9.5, -10], "size": [10, 10, 9], "uv": [0, 27]},
						{"origin": [-4, 10.5, -5], "size": [8, 8, 10], "uv": [29, 17]}
					]
				},
				{
					"name": "wing_left",
					"parent": "torso",
					"pivot": [5, 17.5, -7.25]
				},
				{
					"name": "closed_left",
					"parent": "wing_left",
					"pivot": [9.5, 17.5, -5.75],
					"cubes": [
						{"origin": [5, 17.5, -11.25], "size": [9, 0, 11], "uv": [99, 0]}
					]
				},
				{
					"name": "closed_left2",
					"parent": "closed_left",
					"pivot": [18.5, 17.5, -5.75],
					"cubes": [
						{"origin": [14, 17.5, -11.25], "size": [9, 0, 11], "inflate": 0.01, "uv": [45, 35]}
					]
				},
				{
					"name": "closed_left3",
					"parent": "closed_left2",
					"pivot": [30, 17.5, -5.75],
					"cubes": [
						{"origin": [23, 17.5, -11.25], "size": [14, 0, 11], "uv": [19, 0]}
					]
				},
				{
					"name": "open_left",
					"parent": "wing_left",
					"pivot": [9.5, 17.5, -5.75],
					"cubes": [
						{"origin": [5, 17.5, -11.25], "size": [9, 0, 17], "uv": [75, 47]}
					]
				},
				{
					"name": "open_left2",
					"parent": "open_left",
					"pivot": [18.5, 17.5, -5.75],
					"cubes": [
						{"origin": [14, 17.5, -11.25], "size": [9, 0, 17], "inflate": 0.01, "uv": [93, 47]}
					]
				},
				{
					"name": "open_left3",
					"parent": "open_left2",
					"pivot": [30, 17.5, -5.75],
					"cubes": [
						{"origin": [23, 17.5, -11.25], "size": [14, 0, 17], "uv": [47, 47]}
					]
				},
				{
					"name": "wing_right",
					"parent": "torso",
					"pivot": [-5, 17.5, -7.25]
				},
				{
					"name": "closed_right",
					"parent": "wing_right",
					"pivot": [-9.5, 17.5, -5.75],
					"cubes": [
						{"origin": [-14, 17.5, -11.25], "size": [9, 0, 11], "uv": [44, 11]}
					]
				},
				{
					"name": "closed_right2",
					"parent": "closed_right",
					"pivot": [-18.5, 17.5, -5.75],
					"cubes": [
						{"origin": [-23, 17.5, -11.25], "size": [9, 0, 11], "inflate": 0.01, "uv": [27, 35]}
					]
				},
				{
					"name": "closed_right3",
					"parent": "closed_right2",
					"pivot": [-30, 17.5, -5.75],
					"cubes": [
						{"origin": [-37, 17.5, -11.25], "size": [14, 0, 11], "uv": [0, 16]}
					]
				},
				{
					"name": "open_right",
					"parent": "wing_right",
					"pivot": [-9.5, 17.5, -5.75],
					"cubes": [
						{"origin": [-14, 17.5, -11.25], "size": [9, 0, 17], "uv": [-17, 47]}
					]
				},
				{
					"name": "open_right3",
					"parent": "open_right",
					"pivot": [-18.5, 17.5, -5.75],
					"cubes": [
						{"origin": [-23, 17.5, -11.25], "size": [9, 0, 17], "inflate": 0.01, "uv": [29, 47]}
					]
				},
				{
					"name": "open_right2",
					"parent": "open_right3",
					"pivot": [-30, 17.5, -5.75],
					"cubes": [
						{"origin": [-37, 17.5, -11.25], "size": [14, 0, 17], "uv": [1, 47]}
					]
				},
				{
					"name": "tail",
					"parent": "torso",
					"pivot": [0, 17, 5],
					"cubes": [
						{"origin": [-3.5, 16.5, 4.5], "size": [7, 0, 16], "uv": [0, 0]}
					]
				},
				{
					"name": "neck",
					"parent": "torso",
					"pivot": [0, 15.5, -8.25],
					"rotation": [30, 0, 0]
				},
				{
					"name": "head_ai",
					"parent": "neck",
					"pivot": [0, 18.59965, -7.22686],
					"cubes": [
						{"origin": [-2.5, 14, -9.25], "size": [5, 10, 5], "uv": [82, 16]}
					]
				},
				{
					"name": "head",
					"parent": "head_ai",
					"pivot": [0, 25.59965, -6.97686],
					"rotation": [-2.5, 0, 0],
					"cubes": [
						{"origin": [-3, 22.5, -9.75], "size": [6, 7, 6], "inflate": 0.01, "uv": [104, 16]},
						{"origin": [3, 24.5, -5.75], "size": [0, 5, 3], "inflate": 0.01, "pivot": [3, 26.5, -5.75], "rotation": [0, 7.5, 0], "uv": [64, -3]},
						{"origin": [-3, 24.5, -5.75], "size": [0, 5, 3], "inflate": 0.01, "pivot": [-3, 26.5, -5.75], "rotation": [0, -7.5, 0], "uv": [70, -3]},
						{"origin": [-1.5, 26.5, -9.76], "size": [3, 3, 0], "inflate": 0.01, "uv": [48, 11]}
					]
				},
				{
					"name": "beak",
					"parent": "head",
					"pivot": [0, 26.09965, -10.22686],
					"rotation": [15, 0, 0],
					"cubes": [
						{"origin": [-1, 24.5, -13], "size": [2, 2, 4], "inflate": 0.01, "uv": [39, 11]},
						{"origin": [-0.5, 24, -13], "size": [1, 1, 0], "uv": [0, 0]}
					]
				},
				{
					"name": "ribbon_left",
					"parent": "head",
					"pivot": [0.75, 29.5, -9.75],
					"cubes": [
						{"origin": [0.75, 29.5, -9.75], "size": [2, 4, 0], "inflate": 0.01, "uv": [76, 0]}
					]
				},
				{
					"name": "ribbon_left2",
					"parent": "ribbon_left",
					"pivot": [1.75, 33.5, -9.75],
					"cubes": [
						{"origin": [0.75, 33.5, -9.75], "size": [2, 4, 0], "inflate": 0.01, "uv": [76, 4]}
					]
				},
				{
					"name": "ribbon_left3",
					"parent": "ribbon_left2",
					"pivot": [1.75, 37.5, -9.75],
					"cubes": [
						{"origin": [0.75, 37.5, -9.75], "size": [2, 4, 0], "inflate": 0.01, "uv": [76, 8]}
					]
				},
				{
					"name": "ribbon_left4",
					"parent": "ribbon_left3",
					"pivot": [1.75, 41.5, -9.75],
					"cubes": [
						{"origin": [0.75, 41.5, -9.75], "size": [2, 4, 0], "inflate": 0.01, "uv": [76, 12]}
					]
				},
				{
					"name": "ribbon_left5",
					"parent": "ribbon_left4",
					"pivot": [1.75, 45.5, -9.75],
					"cubes": [
						{"origin": [0.75, 45.5, -9.75], "size": [2, 4, 0], "inflate": 0.01, "uv": [94, 0]}
					]
				},
				{
					"name": "ribbon_left6",
					"parent": "ribbon_left5",
					"pivot": [1.75, 49.5, -9.75],
					"cubes": [
						{"origin": [0.75, 49.5, -9.75], "size": [2, 4, 0], "inflate": 0.01, "uv": [85, 0]}
					]
				},
				{
					"name": "ribbon_left7",
					"parent": "ribbon_left6",
					"pivot": [1.75, 53.5, -9.75],
					"cubes": [
						{"origin": [0.75, 53.5, -9.75], "size": [2, 4, 0], "inflate": 0.01, "uv": [85, 4]}
					]
				},
				{
					"name": "ribbon_left8",
					"parent": "ribbon_left7",
					"pivot": [1.75, 57.5, -9.75],
					"cubes": [
						{"origin": [0.75, 57.5, -9.75], "size": [2, 4, 0], "inflate": 0.01, "uv": [85, 8]}
					]
				},
				{
					"name": "ribbon_left9",
					"parent": "ribbon_left8",
					"pivot": [1.75, 61.5, -9.75],
					"cubes": [
						{"origin": [0.75, 61.5, -9.75], "size": [2, 4, 0], "inflate": 0.01, "uv": [85, 12]}
					]
				},
				{
					"name": "ribbon_right",
					"parent": "head",
					"pivot": [-0.75, 29.5, -9.75],
					"cubes": [
						{"origin": [-2.75, 29.5, -9.75], "size": [2, 4, 0], "inflate": 0.01, "uv": [80, 0]}
					]
				},
				{
					"name": "ribbon_right2",
					"parent": "ribbon_right",
					"pivot": [-1.75, 33.5, -9.75],
					"cubes": [
						{"origin": [-2.75, 33.5, -9.75], "size": [2, 4, 0], "inflate": 0.01, "uv": [80, 4]}
					]
				},
				{
					"name": "ribbon_right3",
					"parent": "ribbon_right2",
					"pivot": [-1.75, 37.5, -9.75],
					"cubes": [
						{"origin": [-2.75, 37.5, -9.75], "size": [2, 4, 0], "inflate": 0.01, "uv": [80, 8]}
					]
				},
				{
					"name": "ribbon_right4",
					"parent": "ribbon_right3",
					"pivot": [-1.75, 41.5, -9.75],
					"cubes": [
						{"origin": [-2.75, 41.5, -9.75], "size": [2, 4, 0], "inflate": 0.01, "uv": [80, 12]}
					]
				},
				{
					"name": "ribbon_right5",
					"parent": "ribbon_right4",
					"pivot": [-1.75, 45.5, -9.75],
					"cubes": [
						{"origin": [-2.75, 45.5, -9.75], "size": [2, 4, 0], "inflate": 0.01, "uv": [98, 0]}
					]
				},
				{
					"name": "ribbon_right6",
					"parent": "ribbon_right5",
					"pivot": [-1.75, 49.5, -9.75],
					"cubes": [
						{"origin": [-2.75, 49.5, -9.75], "size": [2, 4, 0], "inflate": 0.01, "uv": [89, 0]}
					]
				},
				{
					"name": "ribbon_right7",
					"parent": "ribbon_right6",
					"pivot": [-1.75, 53.5, -9.75],
					"cubes": [
						{"origin": [-2.75, 53.5, -9.75], "size": [2, 4, 0], "inflate": 0.01, "uv": [89, 4]}
					]
				},
				{
					"name": "ribbon_right8",
					"parent": "ribbon_right7",
					"pivot": [-1.75, 57.5, -9.75],
					"cubes": [
						{"origin": [-2.75, 57.5, -9.75], "size": [2, 4, 0], "inflate": 0.01, "uv": [89, 8]}
					]
				},
				{
					"name": "ribbon_right9",
					"parent": "ribbon_right8",
					"pivot": [-1.75, 61.5, -9.75],
					"cubes": [
						{"origin": [-2.75, 61.5, -9.75], "size": [2, 4, 0], "inflate": 0.01, "uv": [89, 12]}
					]
				},
				{
					"name": "hair",
					"parent": "head",
					"pivot": [0, 28.09965, -5.22686],
					"rotation": [17.5, 0, 0],
					"cubes": [
						{"origin": [0, 25.75, -6], "size": [0, 4, 6], "uv": [0, 0]}
					]
				},
				{
					"name": "eye_left",
					"parent": "head",
					"pivot": [2.01167, 26.93298, -8.65686],
					"cubes": [
						{"origin": [1.01, 25.25, -9.25], "size": [2, 2, 3], "inflate": 0.01, "uv": [99, 16]},
						{"origin": [1.015, 26.75, -9.5], "size": [2, 1, 4], "inflate": 0.02, "pivot": [2.01, 27, -7.75], "rotation": [7.5, 0, 0], "uv": [55, 22]},
						{"origin": [1.015, 25.75, -8.75], "size": [2, 1, 1], "inflate": 0.01, "uv": [58, 0]}
					]
				},
				{
					"name": "eyelid_left",
					"parent": "eye_left",
					"pivot": [2.21, 26.59965, -8.68686],
					"cubes": [
						{"origin": [0.91, 25, -9.25], "size": [2, 2, 3], "inflate": 0.02, "uv": [79, 33]}
					]
				},
				{
					"name": "eye_right",
					"parent": "head",
					"pivot": [-2.01167, 26.93298, -8.65686],
					"cubes": [
						{"origin": [-3.01, 25.25, -9.25], "size": [2, 2, 3], "inflate": 0.01, "uv": [0, 21]},
						{"origin": [-3.015, 26.75, -9.5], "size": [2, 1, 4], "inflate": 0.02, "pivot": [-2.01, 27, -7.75], "rotation": [7.5, 0, 0], "uv": [99, 7]},
						{"origin": [-3.015, 25.75, -8.75], "size": [2, 1, 1], "inflate": 0.01, "uv": [79, 38]}
					]
				},
				{
					"name": "eyelid_right",
					"parent": "eye_right",
					"pivot": [-2.21, 26.59965, -8.68686],
					"cubes": [
						{"origin": [-2.91, 25, -9.25], "size": [2, 2, 3], "inflate": 0.02, "uv": [0, 16]}
					]
				},
				{
					"name": "jaw",
					"parent": "head",
					"pivot": [0, 24.84965, -9.72686],
					"cubes": [
						{"origin": [-1, 23.84965, -11.72686], "size": [2, 1, 2], "uv": [0, 32]}
					]
				},
				{
					"name": "leg_left",
					"parent": "body",
					"pivot": [2.5, 10.5, -0.25],
					"cubes": [
						{"origin": [1, 7.25, -1.75], "size": [3, 4, 3], "inflate": 0.01, "uv": [116, 40]},
						{"origin": [1.5, 5.75, -1.25], "size": [2, 2, 2], "inflate": 0.01, "uv": [98, 36]}
					]
				},
				{
					"name": "leg_left2",
					"parent": "leg_left",
					"pivot": [2.5, 5.75, 0.25],
					"rotation": [-10, 0, 0],
					"cubes": [
						{"origin": [2, 0.75, -0.75], "size": [1, 5, 1], "uv": [110, 41]},
						{"origin": [2.5, 2.75, -0.25], "size": [0, 2, 2], "uv": [7, 19]}
					]
				},
				{
					"name": "foot_left",
					"parent": "leg_left2",
					"pivot": [2.5, 0.75, 0.25],
					"rotation": [10, 0, 0],
					"cubes": [
						{"origin": [1.5, -0.07635, -1.98481], "size": [2, 1, 3], "uv": [108, 11]}
					]
				},
				{
					"name": "toe_back_left",
					"parent": "foot_left",
					"pivot": [2.5, 0.92365, 1.01519],
					"cubes": [
						{"origin": [2, -0.07635, 1.01519], "size": [1, 1, 1], "inflate": 0.01, "uv": [86, 33]}
					]
				},
				{
					"name": "claw_back_left",
					"parent": "toe_back_left",
					"pivot": [2.5, 0.92365, 2.01519],
					"cubes": [
						{"origin": [2.5, -0.07635, 2.01519], "size": [0, 1, 1], "uv": [9, 11]}
					]
				},
				{
					"name": "toe_inner_left",
					"parent": "foot_left",
					"pivot": [2.25, 0.92365, -1.73481],
					"rotation": [0, 20, 0],
					"cubes": [
						{"origin": [1.25, -0.07635, -3.73481], "size": [1, 1, 2], "inflate": 0.01, "uv": [99, 12]}
					]
				},
				{
					"name": "claw_inner_left",
					"parent": "toe_inner_left",
					"pivot": [1.75, 0.92365, -3.73481],
					"cubes": [
						{"origin": [1.75, -0.07635, -4.73481], "size": [0, 1, 1], "uv": [0, 11]}
					]
				},
				{
					"name": "toe_middle_left",
					"parent": "foot_left",
					"pivot": [2.5, 0.92365, -1.73481],
					"cubes": [
						{"origin": [2, -0.07635, -3.73481], "size": [1, 1, 2], "inflate": 0.01, "uv": [75, 27]}
					]
				},
				{
					"name": "claw_middle_left",
					"parent": "toe_middle_left",
					"pivot": [2.5, 0.92365, -3.73481],
					"cubes": [
						{"origin": [2.5, -0.07635, -4.73481], "size": [0, 1, 1], "uv": [9, 10]}
					]
				},
				{
					"name": "toe_outer_left",
					"parent": "foot_left",
					"pivot": [2.75, 0.92365, -1.73481],
					"rotation": [0, -20, 0],
					"cubes": [
						{"origin": [2.75, -0.07635, -3.73481], "size": [1, 1, 2], "inflate": 0.01, "uv": [115, 11]}
					]
				},
				{
					"name": "claw_outer_left",
					"parent": "toe_outer_left",
					"pivot": [3.25, 0.92365, -3.73481],
					"cubes": [
						{"origin": [3.25, -0.07635, -4.73481], "size": [0, 1, 1], "uv": [0, 10]}
					]
				},
				{
					"name": "leg_right",
					"parent": "body",
					"pivot": [-2.5, 10.5, -0.25],
					"cubes": [
						{"origin": [-4, 7.25, -1.75], "size": [3, 4, 3], "inflate": 0.01, "uv": [116, 31]},
						{"origin": [-3.5, 5.75, -1.25], "size": [2, 2, 2], "inflate": 0.01, "uv": [98, 32]}
					]
				},
				{
					"name": "leg_right2",
					"parent": "leg_right",
					"pivot": [-2.5, 5.75, 0.25],
					"rotation": [-10, 0, 0],
					"cubes": [
						{"origin": [-3, 0.75, -0.75], "size": [1, 5, 1], "uv": [110, 33]},
						{"origin": [-2.5, 2.75, -0.25], "size": [0, 2, 2], "uv": [7, 14]}
					]
				},
				{
					"name": "foot_right",
					"parent": "leg_right2",
					"pivot": [-2.5, 0.75, 0.25],
					"rotation": [10, 0, 0],
					"cubes": [
						{"origin": [-3.5, -0.07635, -1.98481], "size": [2, 1, 3], "uv": [30, 11]}
					]
				},
				{
					"name": "toe_back_right",
					"parent": "foot_right",
					"pivot": [-2.5, 0.92365, 1.01519],
					"cubes": [
						{"origin": [-3, -0.07635, 1.01519], "size": [1, 1, 1], "inflate": 0.01, "uv": [68, 30]}
					]
				},
				{
					"name": "claw_back_right",
					"parent": "toe_back_right",
					"pivot": [-2.5, 0.92365, 2.01519],
					"cubes": [
						{"origin": [-2.5, -0.07635, 2.01519], "size": [0, 1, 1], "uv": [9, 0]}
					]
				},
				{
					"name": "toe_inner_right",
					"parent": "foot_right",
					"pivot": [-2.25, 0.92365, -1.73481],
					"rotation": [0, -20, 0],
					"cubes": [
						{"origin": [-2.25, -0.07635, -3.73481], "size": [1, 1, 2], "inflate": 0.01, "uv": [37, 11]}
					]
				},
				{
					"name": "claw_inner_right",
					"parent": "toe_inner_right",
					"pivot": [-1.75, 0.92365, -3.73481],
					"cubes": [
						{"origin": [-1.75, -0.07635, -4.73481], "size": [0, 1, 1], "uv": [0, 9]}
					]
				},
				{
					"name": "toe_middle_right",
					"parent": "foot_right",
					"pivot": [-2.5, 0.92365, -1.73481],
					"cubes": [
						{"origin": [-3, -0.07635, -3.73481], "size": [1, 1, 2], "inflate": 0.01, "uv": [10, 8]}
					]
				},
				{
					"name": "claw_middle_right",
					"parent": "toe_middle_right",
					"pivot": [-2.5, 0.92365, -3.73481],
					"cubes": [
						{"origin": [-2.5, -0.07635, -4.73481], "size": [0, 1, 1], "uv": [0, 1]}
					]
				},
				{
					"name": "toe_outer_right",
					"parent": "foot_right",
					"pivot": [-2.75, 0.92365, -1.73481],
					"rotation": [0, 20, 0],
					"cubes": [
						{"origin": [-3.75, -0.07635, -3.73481], "size": [1, 1, 2], "inflate": 0.01, "uv": [9, 0]}
					]
				},
				{
					"name": "claw_outer_right",
					"parent": "toe_outer_right",
					"pivot": [-3.25, 0.92365, -3.73481],
					"cubes": [
						{"origin": [-3.25, -0.07635, -4.73481], "size": [0, 1, 1], "uv": [0, 0]}
					]
				}
			]
		}
	]
}