{
	"format_version": "1.12.0",
	"minecraft:geometry": [
		{
			"description": {
				"identifier": "geometry.linoone",
				"texture_width": 64,
				"texture_height": 64,
				"visible_bounds_width": 4,
				"visible_bounds_height": 2.5,
				"visible_bounds_offset": [0, 0.75, 0]
			},
			"bones": [
				{
					"name": "linoone",
					"pivot": [0, 0, 0]
				},
				{
					"name": "body",
					"parent": "linoone",
					"pivot": [0, 4.75, 1]
				},
				{
					"name": "torso",
					"parent": "body",
					"pivot": [0, 7.75, 1],
					"cubes": [
						{"origin": [-2.5, 2.75, -7], "size": [5, 5, 8], "uv": [0, 13]},
						{"origin": [-1, 7.76, -7], "size": [2, 0, 8], "uv": [22, 5]}
					]
				},
				{
					"name": "head",
					"parent": "torso",
					"pivot": [0, 5.25, -7],
					"cubes": [
						{"origin": [-2, 4.25, -12], "size": [4, 3, 6], "inflate": 0.01, "uv": [0, 26]},
						{"origin": [-0.5, 5.27, -12.02], "size": [1, 2, 0], "uv": [2, 42]},
						{"origin": [-1.5, 7.26, -12], "size": [3, 0, 6], "inflate": 0.001, "uv": [8, 26]},
						{"origin": [-2, 3.75, -10], "size": [4, 1, 3], "uv": [34, 7]}
					]
				},
				{
					"name": "eye_left",
					"parent": "head",
					"pivot": [1.5, 6.55, -8.75],
					"rotation": [10, 0, 0],
					"cubes": [
						{"origin": [2.03, 5.4, -11.15], "size": [0, 1, 1], "uv": [4, 26]},
						{"origin": [2.02, 5.05, -11.4], "size": [0, 1, 2], "uv": [20, 25]},
						{"origin": [2.05, 6.05, -11.9], "size": [0, 1, 3], "uv": [0, 4]}
					]
				},
				{
					"name": "cheek_left",
					"parent": "eye_left",
					"pivot": [2.04, 7.05, -8.9],
					"rotation": [0, 37.5, 0],
					"cubes": [
						{"origin": [2.04, 4.05, -8.9], "size": [0, 3, 6], "uv": [12, 30]}
					]
				},
				{
					"name": "cheek_left2",
					"parent": "eye_left",
					"pivot": [2.04, 5.05, -8.9],
					"rotation": [-17.5, 27.5, 0],
					"cubes": [
						{"origin": [2.04, 3.55, -8.9], "size": [0, 3, 6], "uv": [0, 33]}
					]
				},
				{
					"name": "eye_right",
					"parent": "head",
					"pivot": [-1.5, 6.55, -8.75],
					"rotation": [10, 0, 0],
					"cubes": [
						{"origin": [-2.03, 5.4, -11.15], "size": [0, 1, 1], "uv": [0, 0]},
						{"origin": [-2.02, 5.05, -11.4], "size": [0, 1, 2], "uv": [18, 15]},
						{"origin": [-2.05, 6.05, -11.9], "size": [0, 1, 3], "uv": [0, 3]}
					]
				},
				{
					"name": "cheek_right",
					"parent": "eye_right",
					"pivot": [-2.04, 7.05, -8.9],
					"rotation": [0, -37.5, 0],
					"cubes": [
						{"origin": [-2.04, 4.05, -8.9], "size": [0, 3, 6], "uv": [0, 29]}
					]
				},
				{
					"name": "cheek_right2",
					"parent": "eye_right",
					"pivot": [-2.04, 5.05, -8.9],
					"rotation": [-17.5, -27.5, 0],
					"cubes": [
						{"origin": [-2.04, 3.55, -8.9], "size": [0, 3, 6], "uv": [31, 21]}
					]
				},
				{
					"name": "eyelid_left",
					"parent": "head",
					"pivot": [1.4, 6.55, -8.75],
					"rotation": [10, 0, 0],
					"cubes": [
						{"origin": [0.94, 5.05, -11.4], "size": [1, 1, 2], "uv": [0, 26]}
					]
				},
				{
					"name": "eyelid_right",
					"parent": "head",
					"pivot": [-1.4, 6.55, -8.75],
					"rotation": [10, 0, 0],
					"cubes": [
						{"origin": [-1.94, 5.05, -11.4], "size": [1, 1, 2], "uv": [0, 29], "mirror": true}
					]
				},
				{
					"name": "ear_left",
					"parent": "head",
					"pivot": [1.5, 7, -7.75],
					"rotation": [0, 0, 15],
					"cubes": [
						{"origin": [1.5, 5.75, -8.75], "size": [0, 2, 2], "pivot": [-0.5, -0.5, -1.5], "rotation": [-5, 0, 0], "uv": [18, 13]},
						{"origin": [1.5, 6.75, -8.75], "size": [0, 2, 2], "pivot": [-0.5, -0.5, -1.5], "rotation": [5, 0, 0], "uv": [18, 11]},
						{"origin": [1.5, 6.5, -8.25], "size": [0, 2, 1], "uv": [0, 12]}
					]
				},
				{
					"name": "ear_right",
					"parent": "head",
					"pivot": [-1.5, 7, -7.75],
					"rotation": [0, 0, -15],
					"cubes": [
						{"origin": [-1.5, 5.75, -8.75], "size": [0, 2, 2], "pivot": [0.5, -0.5, -1.5], "rotation": [-5, 0, 0], "uv": [4, 17]},
						{"origin": [-1.5, 6.75, -8.75], "size": [0, 2, 2], "pivot": [0.5, -0.5, -1.5], "rotation": [5, 0, 0], "uv": [0, 17]},
						{"origin": [-1.5, 6.5, -8.25], "size": [0, 2, 1], "uv": [6, 5]}
					]
				},
				{
					"name": "muzzle",
					"parent": "head",
					"pivot": [0, 3.625, -12.5],
					"cubes": [
						{"origin": [-1, 4.75, -13.52], "size": [2, 1, 0], "uv": [20, 28]},
						{"origin": [-1.5, 4.25, -13.5], "size": [3, 2, 2], "inflate": 0.01, "uv": [39, 14]},
						{"origin": [1.48, 3.5, -13.25], "size": [0, 1, 1], "pivot": [0, 4.25, -13.5], "rotation": [45, 0, 0], "uv": [0, 41]},
						{"origin": [-1.48, 3.5, -13.25], "size": [0, 1, 1], "pivot": [0, 4.25, -13.5], "rotation": [45, 0, 0], "uv": [0, 42], "mirror": true}
					]
				},
				{
					"name": "jaw",
					"parent": "muzzle",
					"pivot": [0, 4.25, -10],
					"cubes": [
						{"origin": [-2, 3.75, -12], "size": [4, 1, 2], "uv": [39, 11]},
						{"origin": [-1.5, 3.75, -13.25], "size": [3, 1, 2], "uv": [10, 40]}
					]
				},
				{
					"name": "leg_front_left",
					"parent": "torso",
					"pivot": [1.4, 3, -4],
					"cubes": [
						{"origin": [0.4, -1, -6], "size": [2, 4, 2], "uv": [0, 13]}
					]
				},
				{
					"name": "foot_front_left",
					"parent": "leg_front_left",
					"pivot": [1.4, 0, -4]
				},
				{
					"name": "foot_front_left2",
					"parent": "foot_front_left",
					"pivot": [1.4, -1, -4],
					"cubes": [
						{"origin": [0.4, -1, -6], "size": [2, 1, 2], "inflate": 0.01, "uv": [30, 40]},
						{"origin": [0.9, -1, -7], "size": [0, 1, 1], "uv": [0, 26]},
						{"origin": [1.9, -1, -7], "size": [0, 1, 1], "uv": [4, 25]}
					]
				},
				{
					"name": "leg_front_right",
					"parent": "torso",
					"pivot": [-1.4, 3, -4],
					"cubes": [
						{"origin": [-2.4, -1, -6], "size": [2, 4, 2], "uv": [0, 0]}
					]
				},
				{
					"name": "foot_front_right",
					"parent": "leg_front_right",
					"pivot": [-1.4, 0, -4]
				},
				{
					"name": "foot_front_right2",
					"parent": "foot_front_right",
					"pivot": [-1.4, -1, -4],
					"cubes": [
						{"origin": [-2.4, -1, -6], "size": [2, 1, 2], "inflate": 0.01, "uv": [22, 5]},
						{"origin": [-0.9, -1, -7], "size": [0, 1, 1], "uv": [22, 4]},
						{"origin": [-1.9, -1, -7], "size": [0, 1, 1], "uv": [6, 13]}
					]
				},
				{
					"name": "butt",
					"parent": "body",
					"pivot": [0, 7.75, 1],
					"cubes": [
						{"origin": [-3.5, 2.75, 1], "size": [7, 5, 8], "uv": [0, 0]}
					]
				},
				{
					"name": "tail",
					"parent": "butt",
					"pivot": [0, 6.75, 9],
					"cubes": [
						{"origin": [-4, 5.75, 9], "size": [8, 2, 5], "inflate": 0.01, "uv": [18, 13]}
					]
				},
				{
					"name": "tail2",
					"parent": "tail",
					"pivot": [0, 5.75, 14],
					"cubes": [
						{"origin": [-4, 6.75, 14], "size": [8, 1, 5], "uv": [21, 21]},
						{"origin": [0, 5.75, 14], "size": [0, 1, 5], "uv": [28, 15]}
					]
				},
				{
					"name": "tail3",
					"parent": "tail2",
					"pivot": [0, 6.75, 19],
					"cubes": [
						{"origin": [-3.5, 7.75, 19], "size": [7, 0, 5], "uv": [17, 0]},
						{"origin": [0, 6.75, 19], "size": [0, 1, 5], "uv": [18, 15]}
					]
				},
				{
					"name": "leg_back_left",
					"parent": "butt",
					"pivot": [2.25, 4.15, 6.5],
					"cubes": [
						{"origin": [0.75, 1.5, 3.5], "size": [3, 4, 5], "uv": [31, 31]}
					]
				},
				{
					"name": "foot_back_left",
					"parent": "leg_back_left",
					"pivot": [1.75, 3.4, 7.2],
					"cubes": [
						{"origin": [2.75, 1.36461, 2.18689], "size": [0, 1, 1], "uv": [0, 25]},
						{"origin": [1.75, 1.36461, 2.18689], "size": [0, 1, 1], "uv": [22, 5]},
						{"origin": [1.25, 1.36461, 3.18689], "size": [2, 2, 4], "uv": [20, 36]}
					]
				},
				{
					"name": "leg_back_right",
					"parent": "butt",
					"pivot": [-2.25, 4.15, 6.5],
					"cubes": [
						{"origin": [-3.75, 1.5, 3.5], "size": [3, 4, 5], "uv": [20, 27]}
					]
				},
				{
					"name": "foot_back_right",
					"parent": "leg_back_right",
					"pivot": [-1.75, 3.3, 7.1],
					"cubes": [
						{"origin": [-2.75, 1.4, 2.15], "size": [0, 1, 1], "uv": [6, 12]},
						{"origin": [-1.75, 1.4, 2.15], "size": [0, 1, 1], "uv": [6, 0]},
						{"origin": [-3.25, 1.4, 3.15], "size": [2, 2, 4], "uv": [34, 1]}
					]
				}
			]
		}
	]
}