{
	"format_version": "1.12.0",
	"minecraft:geometry": [
		{
			"description": {
				"identifier": "geometry.watchog",
				"texture_width": 128,
				"texture_height": 128,
				"visible_bounds_width": 4,
				"visible_bounds_height": 4.5,
				"visible_bounds_offset": [0, 1.75, 0]
			},
			"bones": [
				{
					"name": "watchog",
					"pivot": [0, 0, 0]
				},
				{
					"name": "body",
					"parent": "watchog",
					"pivot": [0, 5.25, 0]
				},
				{
					"name": "torso",
					"parent": "body",
					"pivot": [0, 8.75, 0],
					"cubes": [
						{"origin": [-5.5, 8.75, -5], "size": [11, 9, 10], "inflate": 0.01, "uv": [0, 0]}
					]
				},
				{
					"name": "upper_torso",
					"parent": "torso",
					"pivot": [0, 17.75, 0],
					"cubes": [
						{"origin": [-4.5, 17.25, -4.5], "size": [9, 9, 9], "uv": [30, 29]}
					]
				},
				{
					"name": "left_upper_arm",
					"parent": "upper_torso",
					"pivot": [4.5, 24.75, 0],
					"cubes": [
						{"origin": [3.5, 21.75, -1.5], "size": [7, 3, 3], "inflate": 0.01, "uv": [68, 42]}
					]
				},
				{
					"name": "left_lower_arm",
					"parent": "left_upper_arm",
					"pivot": [10.5, 23.25, 1.5],
					"cubes": [
						{"origin": [10.5, 21.75, -1.5], "size": [6, 3, 3], "uv": [0, 75]}
					]
				},
				{
					"name": "left_hand",
					"parent": "left_lower_arm",
					"pivot": [16.5, 23.25, 0],
					"cubes": [
						{"origin": [16.5, 22.25, -1.5], "size": [2, 2, 3], "inflate": 0.02, "uv": [59, 0]}
					]
				},
				{
					"name": "left_thumb",
					"parent": "left_hand",
					"pivot": [17.5, 23.25, -1.5],
					"cubes": [
						{"origin": [17.25, 22.25, -1.5], "size": [3, 2, 0], "inflate": 0.01, "uv": [26, 63]}
					]
				},
				{
					"name": "left_pointer_finger",
					"parent": "left_hand",
					"pivot": [18.5, 24.25, -0.75],
					"cubes": [
						{"origin": [18.5, 22.25, -0.75], "size": [3, 2, 0], "inflate": 0.015, "uv": [59, 6]}
					]
				},
				{
					"name": "left_pinky_finger",
					"parent": "left_hand",
					"pivot": [18.5, 24.25, 0.75],
					"cubes": [
						{"origin": [18.5, 22.25, 0.75], "size": [3, 2, 0], "inflate": 0.015, "uv": [58, 35]}
					]
				},
				{
					"name": "right_upper_arm",
					"parent": "upper_torso",
					"pivot": [-4.5, 24.75, 0],
					"cubes": [
						{"origin": [-10.5, 21.75, -1.5], "size": [7, 3, 3], "inflate": 0.01, "uv": [67, 35]}
					]
				},
				{
					"name": "right_lower_arm",
					"parent": "right_upper_arm",
					"pivot": [-10.5, 23.25, 1.5],
					"cubes": [
						{"origin": [-16.5, 21.75, -1.5], "size": [6, 3, 3], "uv": [68, 49]}
					]
				},
				{
					"name": "right_hand",
					"parent": "right_lower_arm",
					"pivot": [-16.5, 23.25, 0],
					"cubes": [
						{"origin": [-18.5, 22.25, -1.5], "size": [2, 2, 3], "inflate": 0.02, "uv": [44, 48]}
					]
				},
				{
					"name": "right_thumb",
					"parent": "right_hand",
					"pivot": [-17.5, 23.25, -1.5],
					"cubes": [
						{"origin": [-20.25, 22.25, -1.5], "size": [3, 2, 0], "inflate": 0.01, "uv": [51, 54]}
					]
				},
				{
					"name": "right_pointer_finger",
					"parent": "right_hand",
					"pivot": [-18.5, 24.25, -0.75],
					"cubes": [
						{"origin": [-21.5, 22.25, -0.75], "size": [3, 2, 0], "inflate": 0.015, "uv": [0, 54]}
					]
				},
				{
					"name": "right_pinky_finger",
					"parent": "right_hand",
					"pivot": [-18.5, 24.25, 0.75],
					"cubes": [
						{"origin": [-21.5, 22.25, 0.75], "size": [3, 2, 0], "inflate": 0.015, "uv": [52, 48]}
					]
				},
				{
					"name": "neck",
					"parent": "upper_torso",
					"pivot": [0, 26.25, 0],
					"cubes": [
						{"origin": [-3.5, 25.25, -3.5], "size": [7, 7, 7], "uv": [22, 48]}
					]
				},
				{
					"name": "head",
					"parent": "neck",
					"pivot": [0, 30.75, 0],
					"cubes": [
						{"origin": [-5, 30.75, -4.5], "size": [10, 8, 9], "uv": [0, 20]},
						{"origin": [4, 33.5, -4.5], "size": [1, 1, 1], "inflate": 0.015, "uv": [69, 2]},
						{"origin": [-5, 33.5, -4.5], "size": [1, 1, 1], "inflate": 0.015, "uv": [69, 0], "mirror": true},
						{"origin": [-0.5, 34.25, -4.5], "size": [1, 2, 0], "inflate": 0.01, "uv": [7, 0]},
						{"origin": [-1, 34.25, -4.5], "size": [2, 2, 0], "inflate": 0.005, "uv": [55, 51]}
					]
				},
				{
					"name": "snout",
					"parent": "head",
					"pivot": [0, 30.75, -4.45],
					"rotation": [-10, 0, 0],
					"cubes": [
						{"origin": [-2.5, 31.25, -6.5], "size": [5, 3, 4], "uv": [33, 0]},
						{"origin": [-2.5, 30.25, -4.5], "size": [5, 1, 2], "inflate": 0.005, "uv": [8, 84]},
						{"origin": [-1, 30.25, -6.5], "size": [2, 2, 0], "inflate": 0.01, "pivot": [0, 31.25, -6.47819], "rotation": [0, 0, 45], "uv": [43, 63]},
						{"origin": [-1, 33.25, -6.5], "size": [2, 1, 1], "inflate": 0.01, "uv": [33, 63]}
					]
				},
				{
					"name": "jaw",
					"parent": "snout",
					"pivot": [0, 31.25, -4.7],
					"cubes": [
						{"origin": [-2.5, 30.25, -6.5], "size": [5, 1, 2], "uv": [0, 89]}
					]
				},
				{
					"name": "eyes",
					"parent": "head",
					"pivot": [0, 31.75048, -1.72819]
				},
				{
					"name": "left_eye",
					"parent": "eyes",
					"pivot": [2.75, 35.41667, -4.5],
					"cubes": [
						{"origin": [1.25, 34.25, -4.5], "size": [2, 2, 0], "inflate": 0.015, "uv": [16, 59]},
						{"origin": [2, 34, -4.5], "size": [3, 4, 0], "inflate": 0.01, "uv": [0, 24]},
						{"origin": [5, 34, -4.5], "size": [0, 4, 1], "inflate": 0.01, "uv": [1, 82]}
					]
				},
				{
					"name": "left_pupil",
					"parent": "left_eye",
					"pivot": [2.75, 35.41667, -4.5],
					"cubes": [
						{"origin": [1.75, 34.75, -4.5], "size": [1, 1, 0], "inflate": 0.02, "uv": [7, 5]}
					]
				},
				{
					"name": "left_eye_closed",
					"parent": "left_eye",
					"pivot": [2.75, 35.41667, -4.4],
					"cubes": [
						{"origin": [1.25, 35, -4.4], "size": [2, 0.5, 0], "inflate": 0.02, "uv": [0, 96]}
					]
				},
				{
					"name": "right_eye",
					"parent": "eyes",
					"pivot": [-2.75, 35.41667, -4.5],
					"cubes": [
						{"origin": [-3.25, 34.25, -4.5], "size": [2, 2, 0], "inflate": 0.015, "uv": [16, 59], "mirror": true},
						{"origin": [-5, 34, -4.5], "size": [3, 4, 0], "inflate": 0.01, "uv": [0, 20], "mirror": true},
						{"origin": [-5, 34, -4.5], "size": [0, 4, 1], "inflate": 0.01, "uv": [4, 82], "mirror": true}
					]
				},
				{
					"name": "right_pupil",
					"parent": "right_eye",
					"pivot": [-2.75, 35.41667, -4.5],
					"cubes": [
						{"origin": [-2.75, 34.75, -4.5], "size": [1, 1, 0], "inflate": 0.02, "uv": [7, 5], "mirror": true}
					]
				},
				{
					"name": "right_eye_closed",
					"parent": "right_eye",
					"pivot": [-2.75, 35.41667, -4.4],
					"cubes": [
						{"origin": [-3.25, 35, -4.4], "size": [2, 0.5, 0], "inflate": 0.02, "uv": [0, 94], "mirror": true}
					]
				},
				{
					"name": "left_cheek",
					"parent": "head",
					"pivot": [4, 32.75048, -1.72819],
					"rotation": [0, 0, 12.5],
					"cubes": [
						{"origin": [2.5, 30.45, -4], "size": [5, 5, 7], "inflate": 0.01, "uv": [61, 6]}
					]
				},
				{
					"name": "right_cheek",
					"parent": "head",
					"pivot": [-4, 32.75048, -1.72819],
					"rotation": [0, 0, -12.5],
					"cubes": [
						{"origin": [-7.5, 30.45, -4], "size": [5, 5, 7], "inflate": 0.01, "uv": [58, 22]}
					]
				},
				{
					"name": "left_ear",
					"parent": "head",
					"pivot": [3.5, 38.75048, -0.47819],
					"rotation": [-20, 0, 32.5],
					"cubes": [
						{"origin": [2, 37.25, -0.5], "size": [3, 4, 0], "uv": [0, 5]}
					]
				},
				{
					"name": "right_ear",
					"parent": "head",
					"pivot": [-3.5, 38.75048, -0.47819],
					"rotation": [-20, 0, -32.5],
					"cubes": [
						{"origin": [-5, 37.25, -0.5], "size": [3, 4, 0], "uv": [0, 0]}
					]
				},
				{
					"name": "tail_1",
					"parent": "torso",
					"pivot": [0, 10.75, 5],
					"cubes": [
						{"origin": [-1.5, 9.25, 4], "size": [3, 3, 10], "inflate": 0.02, "uv": [51, 48]}
					]
				},
				{
					"name": "tail_2",
					"parent": "tail_1",
					"pivot": [0, 10.75, 13.75],
					"cubes": [
						{"origin": [-1.5, 9.25, 13.75], "size": [3, 3, 9], "inflate": 0.01, "uv": [0, 54]}
					]
				},
				{
					"name": "tail_3",
					"parent": "tail_2",
					"pivot": [0, 10.75, 22.5],
					"cubes": [
						{"origin": [-1.5, 9.25, 22.5], "size": [3, 3, 9], "inflate": 0.005, "uv": [43, 0]}
					]
				},
				{
					"name": "tail_4",
					"parent": "tail_3",
					"pivot": [0, 10.75, 31.25],
					"cubes": [
						{"origin": [-1.5, 9.25, 31.25], "size": [3, 3, 6], "uv": [64, 65]}
					]
				},
				{
					"name": "middle_tail_fluff",
					"parent": "tail_4",
					"pivot": [0, 11.75, 36.25],
					"cubes": [
						{"origin": [-2.5, 11.75, 36.25], "size": [5, 0, 8], "uv": [43, 62]}
					]
				},
				{
					"name": "left_tail_fluff",
					"parent": "tail_4",
					"pivot": [1.5, 11.25, 34.75],
					"cubes": [
						{"origin": [1.5, 8.25, 34.75], "size": [0, 6, 8], "uv": [34, 63]}
					]
				},
				{
					"name": "right_tail_fluff",
					"parent": "tail_4",
					"pivot": [-1.5, 11.25, 34.75],
					"cubes": [
						{"origin": [-1.5, 8.25, 34.75], "size": [0, 6, 8], "uv": [17, 63]}
					]
				},
				{
					"name": "left_upper_leg",
					"parent": "body",
					"pivot": [5, 12.25, 0],
					"rotation": [5, 0, 0],
					"cubes": [
						{"origin": [0.5, 5.75, -3.5], "size": [7, 7, 7], "uv": [0, 38]}
					]
				},
				{
					"name": "left_lower_leg",
					"parent": "left_upper_leg",
					"pivot": [4, 6.75, -1.5],
					"rotation": [-10, 0, 0],
					"cubes": [
						{"origin": [2.5, 1.75, -1.5], "size": [3, 6, 3], "uv": [76, 19]}
					]
				},
				{
					"name": "left_foot",
					"parent": "left_lower_leg",
					"pivot": [4, 2.25, 0],
					"rotation": [5, 0, 0],
					"cubes": [
						{"origin": [2.5, 0.27179, -3.34905], "size": [3, 2, 5], "inflate": 0.01, "uv": [51, 71]}
					]
				},
				{
					"name": "left_toes",
					"parent": "left_foot",
					"pivot": [4, 2.27179, -3.34905],
					"cubes": [
						{"origin": [3, 0.27179, -5.34905], "size": [0, 2, 2], "pivot": [3, 1.77179, -3.34905], "rotation": [0, 10, 0], "uv": [62, 62]},
						{"origin": [4, 0.27179, -5.34905], "size": [0, 2, 2], "uv": [0, 57]},
						{"origin": [5, 0.27179, -5.34905], "size": [0, 2, 2], "pivot": [5, 1.77179, -3.34905], "rotation": [0, -10, 0], "uv": [16, 54]}
					]
				},
				{
					"name": "right_upper_leg",
					"parent": "body",
					"pivot": [-5, 12.25, 0],
					"rotation": [5, 0, 0],
					"cubes": [
						{"origin": [-7.5, 5.75, -3.5], "size": [7, 7, 7], "uv": [36, 13]}
					]
				},
				{
					"name": "right_lower_leg",
					"parent": "right_upper_leg",
					"pivot": [-4, 6.75, -1.5],
					"rotation": [-10, 0, 0],
					"cubes": [
						{"origin": [-5.5, 1.75, -1.5], "size": [3, 6, 3], "uv": [68, 75]}
					]
				},
				{
					"name": "right_foot",
					"parent": "right_lower_leg",
					"pivot": [-4, 2.25, 0],
					"rotation": [5, 0, 0],
					"cubes": [
						{"origin": [-5.5, 0.27179, -3.34905], "size": [3, 2, 5], "inflate": 0.01, "uv": [0, 67]}
					]
				},
				{
					"name": "right_toes",
					"parent": "right_foot",
					"pivot": [-4, 2.27179, -3.34905],
					"cubes": [
						{"origin": [-3, 0.27179, -5.34905], "size": [0, 2, 2], "pivot": [-3, 1.77179, -3.34905], "rotation": [0, -10, 0], "uv": [22, 38]},
						{"origin": [-4, 0.27179, -5.34905], "size": [0, 2, 2], "uv": [0, 38]},
						{"origin": [-5, 0.27179, -5.34905], "size": [0, 2, 2], "pivot": [-5, 1.77179, -3.34905], "rotation": [0, 10, 0], "uv": [30, 20]}
					]
				}
			]
		}
	]
}