{
	"format_version": "1.12.0",
	"minecraft:geometry": [
		{
			"description": {
				"identifier": "geometry.sneasel_hisuian_female",
				"texture_width": 64,
				"texture_height": 32,
				"visible_bounds_width": 3,
				"visible_bounds_height": 3.5,
				"visible_bounds_offset": [0, 1.25, 0]
			},
			"bones": [
				{
					"name": "sneasel_hisuian",
					"pivot": [0, 0, 0]
				},
				{
					"name": "body",
					"parent": "sneasel_hisuian",
					"pivot": [0, 0, 0]
				},
				{
					"name": "waist",
					"parent": "body",
					"pivot": [0, 4.6, 0],
					"cubes": [
						{"origin": [-2.5, 4.8, -2], "size": [5, 5, 4], "inflate": 0, "uv": [0, 15]}
					]
				},
				{
					"name": "torso",
					"parent": "waist",
					"pivot": [0, 11, 1.6],
					"cubes": [
						{"origin": [-2, 9.7, -1.4], "size": [4, 4, 3], "inflate": 0.1, "uv": [18, 15]},
						{"origin": [-0.5, 11, -1.51], "size": [1, 2, 0], "uv": [2, 6]}
					]
				},
				{
					"name": "head",
					"parent": "torso",
					"pivot": [0, 13.55, 0],
					"cubes": [
						{"origin": [-4, 13.6, -4], "size": [8, 7, 8], "uv": [0, 0]},
						{"origin": [-0.5, 18.05, -4], "size": [1, 2, 0], "inflate": 0.01, "uv": [0, 6]},
						{"origin": [-2.5, 14.6, -5], "size": [5, 1, 1], "uv": [38, 9]}
					]
				},
				{
					"name": "jaw",
					"parent": "head",
					"pivot": [0, 14.1, -4.5],
					"cubes": [
						{"origin": [-2.5, 13.6, -5], "size": [5, 1, 1], "uv": [38, 11]}
					]
				},
				{
					"name": "mouth",
					"parent": "head",
					"pivot": [0.5, 14.11, -3.81],
					"cubes": [
						{"origin": [-2.5, 13.61, -4.31], "size": [5, 1, 0], "uv": [37, 13]}
					]
				},
				{
					"name": "eyes",
					"parent": "head",
					"pivot": [0, 16.3, -2.5]
				},
				{
					"name": "eye_right",
					"parent": "eyes",
					"pivot": [-3.5, 16.65, -2.5],
					"cubes": [
						{"origin": [-4, 15.6, -4], "size": [3, 2, 1], "inflate": 0.01, "uv": [0, 0]}
					]
				},
				{
					"name": "pupil_right",
					"parent": "eye_right",
					"pivot": [-2.1, 16.6, -3.5],
					"cubes": [
						{"origin": [-2.6, 15.6, -4], "size": [1, 2, 1], "inflate": 0.015, "uv": [50, 7]}
					]
				},
				{
					"name": "eyelid_right",
					"parent": "eye_right",
					"pivot": [-2.4, 16.6, -3.4],
					"cubes": [
						{"origin": [-3.9, 15.6, -3.9], "size": [3, 2, 1], "inflate": 0.02, "uv": [0, 29]}
					]
				},
				{
					"name": "eye_left",
					"parent": "eyes",
					"pivot": [3.5, 16.65, -2.5],
					"cubes": [
						{"origin": [1, 15.6, -4], "size": [3, 2, 1], "inflate": 0.01, "uv": [0, 3]}
					]
				},
				{
					"name": "pupil_left",
					"parent": "eye_left",
					"pivot": [2.1, 16.6, -3.5],
					"cubes": [
						{"origin": [1.6, 15.6, -4], "size": [1, 2, 1], "inflate": 0.015, "uv": [54, 7]}
					]
				},
				{
					"name": "eyelid_left",
					"parent": "eye_left",
					"pivot": [2.4, 16.6, -3.4],
					"cubes": [
						{"origin": [0.9, 15.6, -3.9], "size": [3, 2, 1], "inflate": 0.02, "uv": [8, 29]}
					]
				},
				{
					"name": "ear_right",
					"parent": "head",
					"pivot": [-2.05, 20.6, -1],
					"rotation": [-20, 15, -40],
					"cubes": [
						{"origin": [-5.05, 20.1, -1], "size": [3, 4, 0], "uv": [32, 9]}
					]
				},
				{
					"name": "ear_left",
					"parent": "head",
					"pivot": [2.05, 20.6, -1],
					"rotation": [-25, -15, 45],
					"cubes": [
						{"origin": [2.05, 20.4, -1], "size": [2, 3, 0], "uv": [0, 15]}
					]
				},
				{
					"name": "feather",
					"parent": "head",
					"pivot": [2.7, 20.6, 0],
					"rotation": [-45, -10, 45],
					"cubes": [
						{"origin": [1.7, 20.6, 0], "size": [3, 9, 0], "uv": [38, 18]}
					]
				},
				{
					"name": "arm_right",
					"parent": "torso",
					"pivot": [-2, 12.8, 0],
					"cubes": [
						{"origin": [-8, 12.3, -1], "size": [6, 1, 2], "inflate": 0.1, "uv": [24, 0]}
					]
				},
				{
					"name": "arm_right2",
					"parent": "arm_right",
					"pivot": [-8, 13.3, 1],
					"cubes": [
						{"origin": [-12, 11.8, -1.5], "size": [4, 2, 3], "uv": [30, 27]}
					]
				},
				{
					"name": "arm_claw_back_right",
					"parent": "arm_right2",
					"pivot": [-12, 13.8, 0.8],
					"cubes": [
						{"origin": [-15, 11.8, 0.3], "size": [3, 2, 1], "inflate": 0.01, "uv": [40, 0]},
						{"origin": [-16, 10.8, 0.8], "size": [1, 2, 0], "pivot": [-15, 12.8, 0.8], "rotation": [0, 0, -10], "uv": [14, 17]}
					]
				},
				{
					"name": "arm_claw_front_right",
					"parent": "arm_right2",
					"pivot": [-12, 13.8, -0.8],
					"cubes": [
						{"origin": [-15, 11.8, -1.3], "size": [3, 2, 1], "inflate": 0.01, "uv": [48, 0]},
						{"origin": [-16, 10.8, -0.8], "size": [1, 2, 0], "pivot": [-15, 12.8, -0.8], "rotation": [0, 0, -10], "uv": [16, 17]}
					]
				},
				{
					"name": "arm_left",
					"parent": "torso",
					"pivot": [2, 12.8, 0],
					"cubes": [
						{"origin": [2, 12.3, -1], "size": [6, 1, 2], "inflate": 0.1, "uv": [34, 6]}
					]
				},
				{
					"name": "arm_left2",
					"parent": "arm_left",
					"pivot": [8, 13.3, 1],
					"cubes": [
						{"origin": [8, 11.8, -1.5], "size": [4, 2, 3], "uv": [16, 27]}
					]
				},
				{
					"name": "arm_claw_back_left",
					"parent": "arm_left2",
					"pivot": [12, 13.8, 0.8],
					"cubes": [
						{"origin": [12, 11.8, 0.3], "size": [3, 2, 1], "inflate": 0.01, "uv": [32, 3]},
						{"origin": [15, 10.8, 0.8], "size": [1, 2, 0], "pivot": [15, 12.8, 0.8], "rotation": [0, 0, 10], "uv": [14, 15]}
					]
				},
				{
					"name": "arm_claw_front_left",
					"parent": "arm_left2",
					"pivot": [12, 13.8, -0.8],
					"cubes": [
						{"origin": [12, 11.8, -1.3], "size": [3, 2, 1], "inflate": 0.01, "uv": [40, 3]},
						{"origin": [15, 10.8, -0.8], "size": [1, 2, 0], "pivot": [15, 12.8, -0.8], "rotation": [0, 0, 10], "uv": [16, 15]}
					]
				},
				{
					"name": "tail",
					"parent": "waist",
					"pivot": [0, 6.75, 2]
				},
				{
					"name": "tail1",
					"parent": "tail",
					"pivot": [0, 7.5, 1.75],
					"rotation": [20, 0, 0],
					"cubes": [
						{"origin": [0, 7, 1.75], "size": [0, 2, 5], "uv": [54, -2]}
					]
				},
				{
					"name": "tail2",
					"parent": "tail",
					"pivot": [0, 7, 1.75],
					"rotation": [-5, 0, 0],
					"cubes": [
						{"origin": [0, 5.75, 1.75], "size": [0, 2, 6], "inflate": 0.01, "uv": [52, -1]}
					]
				},
				{
					"name": "tail3",
					"parent": "tail",
					"pivot": [0, 6, 2],
					"rotation": [-30, 0, 0],
					"cubes": [
						{"origin": [0, 4.5, 2], "size": [0, 2, 4], "uv": [56, -3]}
					]
				},
				{
					"name": "leg_right",
					"parent": "body",
					"pivot": [-1.5, 4.8, 0.2],
					"cubes": [
						{"origin": [-2.5, 2.8, -0.7], "size": [2, 3, 2], "inflate": -0.19, "uv": [0, 24]}
					]
				},
				{
					"name": "leg_right2",
					"parent": "leg_right",
					"pivot": [-1.5, 3, -0.5],
					"cubes": [
						{"origin": [-2.5, 0.2, -0.7], "size": [2, 3, 2], "inflate": -0.2, "uv": [8, 24]}
					]
				},
				{
					"name": "foot_right",
					"parent": "leg_right2",
					"pivot": [-1.5, 1, 1.25],
					"cubes": [
						{"origin": [-2.5, 0.1, -2.55], "size": [2, 1, 4], "inflate": 0.1, "uv": [24, 3]}
					]
				},
				{
					"name": "foot_right2",
					"parent": "foot_right",
					"pivot": [1.4, 0, -1.55],
					"cubes": [
						{"origin": [-0.8, 0, -3.65], "size": [0, 1, 1], "pivot": [-0.8, 0.5, -2.65], "rotation": [0, 10, 0], "uv": [6, 5]},
						{"origin": [-2.2, 0, -3.65], "size": [0, 1, 1], "pivot": [-2.2, 0.5, -2.65], "rotation": [0, -10, 0], "uv": [6, 6]}
					]
				},
				{
					"name": "leg_left",
					"parent": "body",
					"pivot": [1.5, 4.8, 0.2],
					"cubes": [
						{"origin": [0.5, 2.8, -0.7], "size": [2, 3, 2], "inflate": -0.19, "uv": [16, 22], "mirror": true}
					]
				},
				{
					"name": "leg_left2",
					"parent": "leg_left",
					"pivot": [1.5, 3, -0.5],
					"cubes": [
						{"origin": [0.5, 0.2, -0.7], "size": [2, 3, 2], "inflate": -0.2, "uv": [24, 22], "mirror": true}
					]
				},
				{
					"name": "foot_left",
					"parent": "leg_left2",
					"pivot": [1.5, 1, 1.25],
					"cubes": [
						{"origin": [0.5, 0.1, -2.55], "size": [2, 1, 4], "inflate": 0.1, "uv": [29, 13], "mirror": true}
					]
				},
				{
					"name": "foot_left2",
					"parent": "foot_left",
					"pivot": [-1.4, 0, -1.55],
					"cubes": [
						{"origin": [0.8, 0, -3.65], "size": [0, 1, 1], "pivot": [0.8, 0.5, -2.65], "rotation": [0, -10, 0], "uv": [4, 5], "mirror": true},
						{"origin": [2.2, 0, -3.65], "size": [0, 1, 1], "pivot": [2.2, 0.5, -2.65], "rotation": [0, 10, 0], "uv": [4, 6], "mirror": true}
					]
				}
			]
		}
	]
}