{
	"format_version": "1.12.0",
	"minecraft:geometry": [
		{
			"description": {
				"identifier": "geometry.machop",
				"texture_width": 64,
				"texture_height": 64,
				"visible_bounds_width": 4,
				"visible_bounds_height": 2.5,
				"visible_bounds_offset": [0, 0.75, 0]
			},
			"bones": [
				{
					"name": "machop",
					"pivot": [0, 0, 0]
				},
				{
					"name": "body",
					"parent": "machop",
					"pivot": [0, -0.75, 0]
				},
				{
					"name": "torso",
					"parent": "body",
					"pivot": [0, 6.75, 0.5],
					"cubes": [
						{"origin": [-3, 6.25, -2], "size": [6, 8, 5], "uv": [0, 13]}
					]
				},
				{
					"name": "head",
					"parent": "torso",
					"pivot": [0, 14.25, 0],
					"cubes": [
						{"origin": [-3.5, 14.25, -2.5], "size": [7, 7, 6], "uv": [0, 0]},
						{"origin": [-1.75, 19.5, -3.5], "size": [0, 4, 8], "pivot": [-1.75, 21.5, 0.5], "rotation": [0, -5, 0], "uv": [0, 19]},
						{"origin": [0, 19.5, -3.5], "size": [0, 4, 8], "uv": [16, 19]},
						{"origin": [1.75, 19.5, -3.5], "size": [0, 4, 8], "pivot": [1.75, 21.5, 0.5], "rotation": [0, 5, 0], "uv": [17, 5]},
						{"origin": [-3.5, 15.25, -3.5], "size": [7, 2, 1], "uv": [37, 0]},
						{"origin": [-1.5, 15.5, -3.51], "size": [3, 1, 0], "uv": [58, 0]}
					]
				},
				{
					"name": "eyes",
					"parent": "head",
					"pivot": [0, -0.25, 0]
				},
				{
					"name": "eye_right",
					"parent": "eyes",
					"pivot": [-2.51, 18.75, -2.01],
					"cubes": [
						{"origin": [-3.51, 17.25, -2.51], "size": [2, 3, 1], "uv": [3, 45], "mirror": true}
					]
				},
				{
					"name": "eyelid_right",
					"parent": "eye_right",
					"pivot": [-2.41, 18.75, -1.91],
					"cubes": [
						{"origin": [-3.41, 17.25, -2.41], "size": [2, 3, 1], "inflate": 0.01, "uv": [3, 49], "mirror": true}
					]
				},
				{
					"name": "eye_left",
					"parent": "eyes",
					"pivot": [2.51, 18.75, -2.01],
					"cubes": [
						{"origin": [1.51, 17.25, -2.51], "size": [2, 3, 1], "uv": [3, 45]}
					]
				},
				{
					"name": "eyelid_left",
					"parent": "eye_left",
					"pivot": [2.41, 18.75, -1.91],
					"cubes": [
						{"origin": [1.41, 17.25, -2.41], "size": [2, 3, 1], "inflate": 0.01, "uv": [3, 49]}
					]
				},
				{
					"name": "jaw",
					"parent": "head",
					"pivot": [0, 15.25, -2.25],
					"cubes": [
						{"origin": [-3, 14.25, -3.5], "size": [6, 1, 1], "uv": [22, 24]}
					]
				},
				{
					"name": "arm_right",
					"parent": "torso",
					"pivot": [-3, 14, 0.5],
					"cubes": [
						{"origin": [-8, 12, -1], "size": [5, 2, 3], "inflate": 0.01, "uv": [13, 46], "mirror": true}
					]
				},
				{
					"name": "arm_right2",
					"parent": "arm_right",
					"pivot": [-8, 13, 2],
					"cubes": [
						{"origin": [-12, 12, -1], "size": [4, 2, 3], "uv": [26, 8], "mirror": true}
					]
				},
				{
					"name": "hand_right",
					"parent": "arm_right2",
					"pivot": [-12, 13, 0.5],
					"cubes": [
						{"origin": [-14, 12, -1.5], "size": [2, 2, 4], "uv": [35, 35], "mirror": true}
					],
					"locators": {
						"held_item": [-16, 12.5, 0.5]
					}
				},
				{
					"name": "finger_right_index",
					"parent": "hand_right",
					"pivot": [-14, 14, -1],
					"cubes": [
						{"origin": [-16, 13, -1.5], "size": [2, 1, 1], "inflate": 0.01, "uv": [37, 41], "mirror": true}
					]
				},
				{
					"name": "finger_right_index2",
					"parent": "finger_right_index",
					"pivot": [-16, 14, -1],
					"cubes": [
						{"origin": [-18, 13, -1.5], "size": [2, 1, 1], "uv": [29, 41], "mirror": true}
					]
				},
				{
					"name": "finger_right_middle",
					"parent": "hand_right",
					"pivot": [-14, 14, 0],
					"cubes": [
						{"origin": [-16, 13, -0.5], "size": [2, 1, 1], "inflate": 0.01, "uv": [14, 42], "mirror": true}
					]
				},
				{
					"name": "finger_right_middle2",
					"parent": "finger_right_middle",
					"pivot": [-16, 14, 0],
					"cubes": [
						{"origin": [-18, 13, -0.5], "size": [2, 1, 1], "uv": [23, 41], "mirror": true}
					]
				},
				{
					"name": "finger_right_ring",
					"parent": "hand_right",
					"pivot": [-14, 14, 1],
					"cubes": [
						{"origin": [-16, 13, 0.5], "size": [2, 1, 1], "inflate": 0.01, "uv": [22, 0], "mirror": true}
					]
				},
				{
					"name": "finger_right_ring2",
					"parent": "finger_right_ring",
					"pivot": [-16, 14, 1],
					"cubes": [
						{"origin": [-18, 13, 0.5], "size": [2, 1, 1], "uv": [43, 41], "mirror": true}
					]
				},
				{
					"name": "finger_right_pinky",
					"parent": "hand_right",
					"pivot": [-14, 14, 2],
					"cubes": [
						{"origin": [-16, 13, 1.5], "size": [2, 1, 1], "inflate": 0.01, "uv": [56, 41], "mirror": true}
					]
				},
				{
					"name": "finger_right_pinky2",
					"parent": "finger_right_pinky",
					"pivot": [-16, 14, 2],
					"cubes": [
						{"origin": [-18, 13, 1.5], "size": [2, 1, 1], "uv": [56, 41], "mirror": true}
					]
				},
				{
					"name": "thumb_right",
					"parent": "hand_right",
					"pivot": [-13.5, 12.5, -1.25],
					"cubes": [
						{"origin": [-15, 12, -1.75], "size": [2, 1, 1], "inflate": 0.01, "uv": [0, 0], "mirror": true}
					]
				},
				{
					"name": "thumb_right2",
					"parent": "thumb_right",
					"pivot": [-15, 12.5, -1.75],
					"cubes": [
						{"origin": [-16, 12, -1.75], "size": [1, 1, 1], "uv": [0, 13], "mirror": true}
					]
				},
				{
					"name": "arm_left",
					"parent": "torso",
					"pivot": [3, 14, 0.5],
					"cubes": [
						{"origin": [3, 12, -1], "size": [5, 2, 3], "inflate": 0.01, "uv": [30, 46], "mirror": true}
					]
				},
				{
					"name": "arm_left2",
					"parent": "arm_left",
					"pivot": [8, 13, 2],
					"cubes": [
						{"origin": [8, 12, -1], "size": [4, 2, 3], "uv": [26, 8]}
					]
				},
				{
					"name": "hand_left",
					"parent": "arm_left2",
					"pivot": [12, 13, 0.5],
					"cubes": [
						{"origin": [12, 12, -1.5], "size": [2, 2, 4], "uv": [0, 39], "mirror": true}
					]
				},
				{
					"name": "finger_left_index",
					"parent": "hand_left",
					"pivot": [14, 14, -1],
					"cubes": [
						{"origin": [14, 13, -1.5], "size": [2, 1, 1], "inflate": 0.01, "uv": [37, 43]}
					]
				},
				{
					"name": "finger_left_index2",
					"parent": "finger_left_index",
					"pivot": [16, 14, -1],
					"cubes": [
						{"origin": [16, 13, -1.5], "size": [2, 1, 1], "uv": [29, 43]}
					]
				},
				{
					"name": "finger_left_middle",
					"parent": "hand_left",
					"pivot": [14, 14, 0],
					"cubes": [
						{"origin": [14, 13, -0.5], "size": [2, 1, 1], "inflate": 0.01, "uv": [14, 44]}
					]
				},
				{
					"name": "finger_left_middle2",
					"parent": "finger_left_middle",
					"pivot": [16, 14, 0],
					"cubes": [
						{"origin": [16, 13, -0.5], "size": [2, 1, 1], "uv": [23, 43]}
					]
				},
				{
					"name": "finger_left_ring",
					"parent": "hand_left",
					"pivot": [14, 14, 1],
					"cubes": [
						{"origin": [14, 13, 0.5], "size": [2, 1, 1], "inflate": 0.01, "uv": [22, 2]}
					]
				},
				{
					"name": "finger_left_ring2",
					"parent": "finger_left_ring",
					"pivot": [16, 14, 1],
					"cubes": [
						{"origin": [16, 13, 0.5], "size": [2, 1, 1], "uv": [43, 43]}
					]
				},
				{
					"name": "finger_left_pinky",
					"parent": "hand_left",
					"pivot": [14, 14, 2],
					"cubes": [
						{"origin": [14, 13, 1.5], "size": [2, 1, 1], "inflate": 0.01, "uv": [50, 43]}
					]
				},
				{
					"name": "finger_left_pinky2",
					"parent": "finger_left_pinky",
					"pivot": [16, 14, 2],
					"cubes": [
						{"origin": [16, 13, 1.5], "size": [2, 1, 1], "uv": [56, 43]}
					]
				},
				{
					"name": "thumb_left",
					"parent": "hand_left",
					"pivot": [13.5, 12.5, -1.25],
					"cubes": [
						{"origin": [13, 12, -1.75], "size": [2, 1, 1], "inflate": 0.01, "uv": [0, 2]}
					]
				},
				{
					"name": "thumb_left2",
					"parent": "thumb_left",
					"pivot": [15, 12.5, -1.75],
					"cubes": [
						{"origin": [15, 12, -1.75], "size": [1, 1, 1], "uv": [0, 15]}
					]
				},
				{
					"name": "tail",
					"parent": "torso",
					"pivot": [0, 8, 3],
					"cubes": [
						{"origin": [-1.5, 6, 2], "size": [3, 4, 4], "uv": [28, 27]}
					]
				},
				{
					"name": "tail2",
					"parent": "tail",
					"pivot": [0, 6.25, 6],
					"cubes": [
						{"origin": [-1, 6.25, 6], "size": [2, 3, 4], "uv": [0, 31]}
					]
				},
				{
					"name": "leg_right",
					"parent": "body",
					"pivot": [-2, 6.5, 0.25],
					"rotation": [-7.5, 7.5, 5],
					"cubes": [
						{"origin": [-3.5, 3.5, -1.25], "size": [3, 4, 3], "inflate": 0.01, "uv": [39, 11]}
					]
				},
				{
					"name": "leg_right2",
					"parent": "leg_right",
					"pivot": [-2, 3.5, -1.25],
					"rotation": [15, 0, 0],
					"cubes": [
						{"origin": [-3.5, 0.5, -1.25], "size": [3, 3, 3], "uv": [23, 35]}
					]
				},
				{
					"name": "foot_right",
					"parent": "leg_right2",
					"pivot": [-2, 1.5, 0.25],
					"rotation": [-7.5, 0, -5],
					"cubes": [
						{"origin": [-3.5, -0.5, -3], "size": [3, 2, 5], "uv": [22, 17]}
					]
				},
				{
					"name": "leg_left",
					"parent": "body",
					"pivot": [2, 6.5, 0.25],
					"rotation": [-7.5, -7.5, -5],
					"cubes": [
						{"origin": [0.5, 3.5, -1.25], "size": [3, 4, 3], "inflate": 0.01, "uv": [39, 4]}
					]
				},
				{
					"name": "leg_left2",
					"parent": "leg_left",
					"pivot": [2, 3.5, -1.25],
					"rotation": [15, 0, 0],
					"cubes": [
						{"origin": [0.5, 0.5, -1.25], "size": [3, 3, 3], "uv": [9, 36]}
					]
				},
				{
					"name": "foot_left",
					"parent": "leg_left2",
					"pivot": [2, 1.5, 0.25],
					"rotation": [-7.5, 0, 5],
					"cubes": [
						{"origin": [0.5, -0.5, -3], "size": [3, 2, 5], "uv": [26, 0]}
					]
				}
			]
		}
	]
}