{
	"format_version": "1.12.0",
	"minecraft:geometry": [
		{
			"description": {
				"identifier": "geometry.yanma",
				"texture_width": 64,
				"texture_height": 64,
				"visible_bounds_width": 4,
				"visible_bounds_height": 2.5,
				"visible_bounds_offset": [0, 0.75, 0]
			},
			"bones": [
				{
					"name": "yanma",
					"pivot": [0, 0, 0]
				},
				{
					"name": "body",
					"parent": "yanma",
					"pivot": [0, 4.25, -2.5]
				},
				{
					"name": "torso",
					"parent": "body",
					"pivot": [0, 3.25, -2.5],
					"cubes": [
						{"origin": [-3.5, 1.75, -6], "size": [7, 5, 7], "uv": [0, 20]}
					]
				},
				{
					"name": "head",
					"parent": "torso",
					"pivot": [0, 4.25, -6],
					"cubes": [
						{"origin": [-3.5, 1.25, -12], "size": [7, 6, 6], "inflate": 0.01, "uv": [1, 32]}
					]
				},
				{
					"name": "mouth",
					"parent": "head",
					"pivot": [0, 3, -11.5],
					"cubes": [
						{"origin": [-1.5, 2, -13], "size": [3, 2, 2], "uv": [47, 14]}
					]
				},
				{
					"name": "jaw",
					"parent": "mouth",
					"pivot": [0, 2, -12],
					"cubes": [
						{"origin": [-1.5, 1, -13], "size": [3, 1, 2], "uv": [47, 18]}
					]
				},
				{
					"name": "mandible_right",
					"parent": "jaw",
					"pivot": [-1.75, 1.25, -11.85],
					"cubes": [
						{"origin": [-2.25, 1.25, -12.85], "size": [1, 2, 1], "uv": [0, 22]}
					]
				},
				{
					"name": "mandible_left",
					"parent": "jaw",
					"pivot": [1.75, 1.25, -11.85],
					"cubes": [
						{"origin": [1.25, 1.25, -12.85], "size": [1, 2, 1], "uv": [0, 15]}
					]
				},
				{
					"name": "eyes",
					"parent": "head",
					"pivot": [0, 4, -10.25]
				},
				{
					"name": "eye_left",
					"parent": "eyes",
					"pivot": [3.525, 4, -10.25],
					"cubes": [
						{"origin": [3.525, 2.75, -11.25], "size": [0, 3, 2], "uv": [0, 10]},
						{"origin": [3.525, 4.75, -11], "size": [0, 1, 1], "inflate": 0.01, "uv": [0, -1]}
					]
				},
				{
					"name": "eyelid_left",
					"parent": "eye_left",
					"pivot": [3.425, 4.25, -10],
					"cubes": [
						{"origin": [3.425, 2.75, -11.5], "size": [0, 3, 3], "inflate": 0.02, "uv": [51, 25]}
					]
				},
				{
					"name": "happy_eye_left",
					"parent": "eye_left",
					"pivot": [3.325, 4.16667, -10],
					"cubes": [
						{"origin": [3.325, 4, -11], "size": [0, 1, 2], "uv": [40, 25], "mirror": true},
						{"origin": [3.325, 3.5, -9.5], "size": [0, 1, 1], "uv": [40, 27], "mirror": true},
						{"origin": [3.325, 3.5, -11.5], "size": [0, 1, 1], "uv": [42, 27], "mirror": true}
					]
				},
				{
					"name": "eye_right",
					"parent": "eyes",
					"pivot": [-3.525, 4, -10],
					"cubes": [
						{"origin": [-3.525, 2.75, -11], "size": [0, 3, 2], "uv": [0, 10]},
						{"origin": [-3.525, 4.75, -10.75], "size": [0, 1, 1], "inflate": 0.01, "uv": [0, 0]}
					]
				},
				{
					"name": "eyelid_right",
					"parent": "eye_right",
					"pivot": [-3.425, 4.25, -10],
					"cubes": [
						{"origin": [-3.425, 2.75, -11.5], "size": [0, 3, 3], "inflate": 0.02, "uv": [51, 22]}
					]
				},
				{
					"name": "happy_eye_right",
					"parent": "eye_right",
					"pivot": [-3.325, 4.16943, -10],
					"cubes": [
						{"origin": [-3.325, 4, -11], "size": [0, 1, 2], "uv": [36, 25]},
						{"origin": [-3.325, 3.5, -9.5], "size": [0, 1, 1], "uv": [36, 27]},
						{"origin": [-3.325, 3.5, -11.5], "size": [0, 1, 1], "uv": [38, 27]}
					]
				},
				{
					"name": "atenna_right",
					"parent": "head",
					"pivot": [-1, 7.25, -12],
					"cubes": [
						{"origin": [-1, 7.25, -12], "size": [0, 5, 2], "uv": [0, 5]}
					]
				},
				{
					"name": "atenna_left",
					"parent": "head",
					"pivot": [1, 7.25, -12],
					"cubes": [
						{"origin": [1, 7.25, -12], "size": [0, 5, 2], "uv": [0, 0]}
					]
				},
				{
					"name": "wing_right1",
					"parent": "torso",
					"pivot": [-2.5, 6.75, -3.5],
					"cubes": [
						{"origin": [-18.5, 6.75, -5.5], "size": [16, 0, 5], "uv": [0, 15]}
					]
				},
				{
					"name": "wing_right2",
					"parent": "torso",
					"pivot": [-2.5, 6.75, -1.5],
					"cubes": [
						{"origin": [-18.5, 6.75, -3.5], "size": [16, 0, 5], "uv": [0, 10]}
					]
				},
				{
					"name": "wing_left1",
					"parent": "torso",
					"pivot": [2.5, 6.75, -3.5],
					"cubes": [
						{"origin": [2.5, 6.75, -5.5], "size": [16, 0, 5], "uv": [0, 5]}
					]
				},
				{
					"name": "wing_left2",
					"parent": "torso",
					"pivot": [2.5, 6.75, -1.5],
					"cubes": [
						{"origin": [2.5, 6.75, -3.5], "size": [16, 0, 5], "uv": [0, 0]}
					]
				},
				{
					"name": "tail1",
					"parent": "torso",
					"pivot": [0, 4.25, 0.75],
					"cubes": [
						{"origin": [-2, 2.75, 0], "size": [4, 3, 5], "uv": [37, 0]}
					]
				},
				{
					"name": "tail2",
					"parent": "tail1",
					"pivot": [0, 4.5, 5],
					"cubes": [
						{"origin": [-1.5, 3.5, 4], "size": [3, 2, 5], "inflate": 0.02, "uv": [30, 20]}
					]
				},
				{
					"name": "tail3",
					"parent": "tail2",
					"pivot": [0, 4.5, 9],
					"cubes": [
						{"origin": [-1.5, 3.5, 9], "size": [3, 2, 3], "uv": [33, 29]}
					]
				},
				{
					"name": "tail_end",
					"parent": "tail3",
					"pivot": [0, 4.5, 12],
					"cubes": [
						{"origin": [-2.5, 3.5, 12], "size": [5, 2, 4], "inflate": 0.02, "uv": [37, 8]},
						{"origin": [-2.5, 4.5, 16], "size": [2, 0, 2], "uv": [-2, 20]},
						{"origin": [0.5, 4.5, 16], "size": [2, 0, 2], "uv": [-2, 18]}
					]
				},
				{
					"name": "tail_right1",
					"parent": "tail_end",
					"pivot": [-2.5, 4.5, 14],
					"cubes": [
						{"origin": [-6.5, 4.5, 12.5], "size": [4, 0, 3], "uv": [18, 23]}
					]
				},
				{
					"name": "tail_right2",
					"parent": "tail_right1",
					"pivot": [-6.5, 4.5, 14],
					"cubes": [
						{"origin": [-9.5, 4.5, 12.5], "size": [3, 0, 3], "uv": [42, 21]}
					]
				},
				{
					"name": "tail_left1",
					"parent": "tail_end",
					"pivot": [2.5, 4.5, 14],
					"cubes": [
						{"origin": [2.5, 4.5, 12.5], "size": [4, 0, 3], "uv": [18, 20]}
					]
				},
				{
					"name": "tail_left2",
					"parent": "tail_left1",
					"pivot": [6.5, 4.5, 14],
					"cubes": [
						{"origin": [6.5, 4.5, 12.5], "size": [3, 0, 3], "uv": [48, 21]}
					]
				},
				{
					"name": "leg_right1",
					"parent": "body",
					"pivot": [-3.5, 2, -5],
					"cubes": [
						{"origin": [-7.5, 2, -5.5], "size": [4, 0, 1], "uv": [27, 28]}
					]
				},
				{
					"name": "leg_joint_right1",
					"parent": "leg_right1",
					"pivot": [-7.5, 2, -5],
					"cubes": [
						{"origin": [-12.5, 2, -6.25], "size": [5, 0, 2], "uv": [48, 0]}
					]
				},
				{
					"name": "leg_right2",
					"parent": "body",
					"pivot": [-3.5, 2, -3],
					"cubes": [
						{"origin": [-7.5, 2, -3.5], "size": [4, 0, 1], "uv": [27, 27]}
					]
				},
				{
					"name": "leg_joint_right2",
					"parent": "leg_right2",
					"pivot": [-7.5, 2, -3],
					"cubes": [
						{"origin": [-12.5, 2, -4.25], "size": [5, 0, 2], "uv": [48, 3]}
					]
				},
				{
					"name": "leg_right3",
					"parent": "body",
					"pivot": [-3.5, 2, -1],
					"cubes": [
						{"origin": [-7.5, 2, -1.5], "size": [4, 0, 1], "uv": [27, 29]}
					]
				},
				{
					"name": "leg_joint_right3",
					"parent": "leg_right3",
					"pivot": [-7.5, 2, -1],
					"cubes": [
						{"origin": [-12.5, 2, -2.25], "size": [5, 0, 2], "uv": [35, 18]}
					]
				},
				{
					"name": "leg_left1",
					"parent": "body",
					"pivot": [3.5, 2, -5],
					"cubes": [
						{"origin": [3.5, 2, -5.5], "size": [4, 0, 1], "uv": [27, 30]}
					]
				},
				{
					"name": "leg_joint_left1",
					"parent": "leg_left1",
					"pivot": [7.5, 2, -5],
					"cubes": [
						{"origin": [7.5, 2, -6.25], "size": [5, 0, 2], "uv": [35, 16]}
					]
				},
				{
					"name": "leg_left2",
					"parent": "body",
					"pivot": [3.5, 2, -3],
					"cubes": [
						{"origin": [3.5, 2, -3.5], "size": [4, 0, 1], "uv": [27, 31]}
					]
				},
				{
					"name": "leg_joint_left2",
					"parent": "leg_left2",
					"pivot": [7.5, 2, -3],
					"cubes": [
						{"origin": [7.5, 2, -4.25], "size": [5, 0, 2], "uv": [35, 14]}
					]
				},
				{
					"name": "leg_left3",
					"parent": "body",
					"pivot": [3.5, 2, -1],
					"cubes": [
						{"origin": [3.5, 2, -1.5], "size": [4, 0, 1], "uv": [20, 26]}
					]
				},
				{
					"name": "leg_joint_left3",
					"parent": "leg_left3",
					"pivot": [7.5, 2, -1],
					"cubes": [
						{"origin": [7.5, 2, -2.25], "size": [5, 0, 2], "uv": [49, 8]}
					]
				}
			]
		}
	]
}