{
	"format_version": "1.12.0",
	"minecraft:geometry": [
		{
			"description": {
				"identifier": "geometry.magmortar",
				"texture_width": 128,
				"texture_height": 128,
				"visible_bounds_width": 5,
				"visible_bounds_height": 5,
				"visible_bounds_offset": [0, 1.5, 0]
			},
			"bones": [
				{
					"name": "magmortar",
					"pivot": [0, 0, 0]
				},
				{
					"name": "body",
					"parent": "magmortar",
					"pivot": [0, 15, 0]
				},
				{
					"name": "torso",
					"parent": "body",
					"pivot": [0, 10, -0.25],
					"cubes": [
						{"origin": [-7, 5, -5], "size": [14, 17, 10], "uv": [0, 0]},
						{"origin": [-3, 16.44683, 5.10777], "size": [0, 5, 8], "pivot": [-3, 15.5, 8.5], "rotation": [10, -5, 0], "uv": [0, 66]},
						{"origin": [-3, 9.55317, 3.89223], "size": [0, 5, 8], "pivot": [-3, 15.5, 8.5], "rotation": [10, -5, 0], "uv": [64, 54]},
						{"origin": [3, 9.55317, 3.89223], "size": [0, 5, 8], "pivot": [3, 15.5, 8.5], "rotation": [10, 5, 0], "uv": [24, 63]},
						{"origin": [3, 16.44683, 5.10777], "size": [0, 5, 8], "pivot": [3, 15.5, 8.5], "rotation": [10, 5, 0], "uv": [63, 10]}
					]
				},
				{
					"name": "head",
					"parent": "torso",
					"pivot": [0, 22, -0.5],
					"rotation": [5, 0, 0],
					"cubes": [
						{"origin": [-4, 22, -0.5], "size": [8, 8, 4], "uv": [0, 50]},
						{"origin": [-4, 24, -6.5], "size": [8, 6, 6], "uv": [50, 42]},
						{"origin": [-3.75, 26, -6.5], "size": [1, 1, 0], "inflate": 0.02, "uv": [104, 1]},
						{"origin": [2.75, 26, -6.5], "size": [1, 1, 0], "inflate": 0.02, "uv": [104, 1], "mirror": true},
						{"origin": [1, 27.5, 5], "size": [4, 5, 0], "pivot": [3, 30, 5], "rotation": [-45, 20, 0], "uv": [0, 4]},
						{"origin": [-5, 27.5, 5], "size": [4, 5, 0], "pivot": [-3, 30, 5], "rotation": [-45, -20, 0], "uv": [0, 35]}
					]
				},
				{
					"name": "jaw",
					"parent": "head",
					"pivot": [0, 23, -0.5],
					"rotation": [-2.5, 0, 0],
					"cubes": [
						{"origin": [-4, 22, -6.5], "size": [8, 2, 6], "inflate": -0.02, "uv": [48, 10]}
					]
				},
				{
					"name": "headfire",
					"parent": "head",
					"pivot": [0, 30, -3.5],
					"rotation": [-37.5, 0, 0],
					"cubes": [
						{"origin": [-3.5, 30, -3.5], "size": [7, 6, 0], "uv": [72, 42]}
					]
				},
				{
					"name": "headfire2",
					"parent": "headfire",
					"pivot": [0, 36, -3.5],
					"rotation": [12.5, 0, 0],
					"cubes": [
						{"origin": [-2.5, 36, -3.5], "size": [5, 4, 0], "inflate": 0.02, "uv": [0, 0]}
					]
				},
				{
					"name": "leftarm",
					"parent": "torso",
					"pivot": [7, 22, 0],
					"cubes": [
						{"origin": [5.25, 29.25, -3.75], "size": [8, 0, 13], "pivot": [9.25, 29.25, 2.75], "rotation": [65, 0, 15], "uv": [16, 27]},
						{"origin": [4.5, 18.5, -3], "size": [6, 6, 6], "uv": [46, 62]}
					]
				},
				{
					"name": "leftforearm",
					"parent": "leftarm",
					"pivot": [10.5, 21.5, 0],
					"cubes": [
						{"origin": [9.5, 19.5, -1.5], "size": [5, 4, 3], "uv": [37, 74]}
					]
				},
				{
					"name": "lefthand",
					"parent": "leftforearm",
					"pivot": [13.5, 21.5, 1.5],
					"cubes": [
						{"origin": [13.5, 19, -2.5], "size": [12, 5, 5], "uv": [0, 40]},
						{"origin": [14.5, 19.5, -2], "size": [10, 4, 4], "uv": [56, 34]}
					]
				},
				{
					"name": "leftfinger",
					"parent": "lefthand",
					"pivot": [24.5, 21.25, -1.5],
					"cubes": [
						{"origin": [24.5, 20.75, -1.5], "size": [2, 1, 0], "uv": [8, 35]}
					]
				},
				{
					"name": "leftfinger2",
					"parent": "lefthand",
					"pivot": [24.5, 21.25, 1.5],
					"cubes": [
						{"origin": [24.5, 20.75, 1.5], "size": [2, 1, 0], "uv": [9, 29]}
					]
				},
				{
					"name": "leftfinger3",
					"parent": "lefthand",
					"pivot": [24.5, 22.5, 0],
					"cubes": [
						{"origin": [24.5, 22, 0], "size": [2, 1, 0], "uv": [9, 28]}
					]
				},
				{
					"name": "rightarm",
					"parent": "torso",
					"pivot": [-7, 22, 0],
					"cubes": [
						{"origin": [-13.25, 29.25, -3.75], "size": [8, 0, 13], "pivot": [-9.25, 29.25, 2.75], "rotation": [65, 0, -15], "uv": [0, 27]},
						{"origin": [-10.5, 18.5, -3], "size": [6, 6, 6], "uv": [0, 62]}
					]
				},
				{
					"name": "rightforearm",
					"parent": "rightarm",
					"pivot": [-10.5, 21.5, 0],
					"cubes": [
						{"origin": [-14.5, 19.5, -1.5], "size": [5, 4, 3], "uv": [71, 23]}
					]
				},
				{
					"name": "righthand",
					"parent": "rightforearm",
					"pivot": [-13.5, 21.5, 1.5],
					"cubes": [
						{"origin": [-25.5, 19, -2.5], "size": [12, 5, 5], "uv": [38, 0]},
						{"origin": [-24.5, 19.5, -2], "size": [10, 4, 4], "uv": [52, 54]}
					]
				},
				{
					"name": "rightfinger4",
					"parent": "righthand",
					"pivot": [-24.5, 21.25, -1.5],
					"cubes": [
						{"origin": [-26.5, 20.75, -1.5], "size": [2, 1, 0], "uv": [9, 27]}
					]
				},
				{
					"name": "rightfinger5",
					"parent": "righthand",
					"pivot": [-24.5, 21.25, 1.5],
					"cubes": [
						{"origin": [-26.5, 20.75, 1.5], "size": [2, 1, 0], "uv": [4, 9]}
					]
				},
				{
					"name": "rightfinger6",
					"parent": "righthand",
					"pivot": [-24.5, 22.5, 0],
					"cubes": [
						{"origin": [-26.5, 22, 0], "size": [2, 1, 0], "uv": [0, 9]}
					]
				},
				{
					"name": "tail",
					"parent": "torso",
					"pivot": [0, 8.5, 5],
					"cubes": [
						{"origin": [0, 4.5, 4.5], "size": [0, 8, 11], "inflate": 0.01, "uv": [34, 29]}
					]
				},
				{
					"name": "tail2",
					"parent": "tail",
					"pivot": [0, 6.5, 15.5],
					"cubes": [
						{"origin": [0, 4.5, 15.5], "size": [0, 8, 9], "uv": [24, 54]}
					]
				},
				{
					"name": "rightleg",
					"parent": "body",
					"pivot": [-8, 11.5, 0],
					"cubes": [
						{"origin": [-10, 6, -4], "size": [5, 7, 8], "uv": [26, 48]}
					]
				},
				{
					"name": "rightknee",
					"parent": "rightleg",
					"pivot": [-7.5, 6, 0],
					"cubes": [
						{"origin": [-9, 2, -1.5], "size": [3, 5, 3], "uv": [53, 74]}
					]
				},
				{
					"name": "rightfoot",
					"parent": "rightknee",
					"pivot": [-7.5, 2, 0],
					"cubes": [
						{"origin": [-9.5, 0, -3.5], "size": [4, 2, 6], "uv": [70, 4]},
						{"origin": [-6.11827, 0, -6.4942], "size": [0, 2, 3], "pivot": [-6.11827, 1, -4.9942], "rotation": [0, -5, 0], "uv": [44, 45]},
						{"origin": [-8.88173, 0, -6.4942], "size": [0, 2, 3], "pivot": [-8.88173, 1, -4.9942], "rotation": [0, 5, 0], "uv": [45, 35]}
					]
				},
				{
					"name": "leftleg",
					"parent": "body",
					"pivot": [8, 11.5, 0],
					"cubes": [
						{"origin": [5, 6, -4], "size": [5, 7, 8], "uv": [45, 19]}
					]
				},
				{
					"name": "leftknee",
					"parent": "leftleg",
					"pivot": [7.5, 6, 0],
					"cubes": [
						{"origin": [6, 2, -1.5], "size": [3, 5, 3], "uv": [0, 27]}
					]
				},
				{
					"name": "leftfoot",
					"parent": "leftknee",
					"pivot": [7.5, 2, 0],
					"cubes": [
						{"origin": [5.5, 0, -3.5], "size": [4, 2, 6], "uv": [64, 68]},
						{"origin": [6.11827, 0, -6.4942], "size": [0, 2, 3], "pivot": [6.11827, 1, -4.9942], "rotation": [0, 5, 0], "uv": [45, 33]},
						{"origin": [8.88173, 0, -6.4942], "size": [0, 2, 3], "pivot": [8.88173, 1, -4.9942], "rotation": [0, -5, 0], "uv": [45, 31]}
					]
				}
			]
		}
	]
}