{
	"format_version": "1.12.0",
	"minecraft:geometry": [
		{
			"description": {
				"identifier": "geometry.seel",
				"texture_width": 64,
				"texture_height": 64,
				"visible_bounds_width": 3,
				"visible_bounds_height": 2.5,
				"visible_bounds_offset": [0, 0.75, 0]
			},
			"bones": [
				{
					"name": "seel",
					"pivot": [0, 0, 0]
				},
				{
					"name": "body",
					"parent": "seel",
					"pivot": [0, 3, 0],
					"cubes": [
						{"origin": [-4, 0, -5.5], "size": [8, 6, 11], "uv": [0, 0]}
					]
				},
				{
					"name": "tail",
					"parent": "body",
					"pivot": [0, 2.5, 5.5],
					"cubes": [
						{"origin": [-1.5, 0.5, 4.5], "size": [3, 4, 5], "uv": [19, 22]},
						{"origin": [3.41575, 0, 8.3562], "size": [0, 5, 5], "inflate": 0.02, "pivot": [3.41575, 2.5, 10.8562], "rotation": [0, 50, 0], "uv": [0, 22]},
						{"origin": [-3.41575, 0, 8.3562], "size": [0, 5, 5], "inflate": 0.02, "pivot": [-3.41575, 2.5, 10.8562], "rotation": [0, -50, 0], "uv": [0, 0]}
					]
				},
				{
					"name": "leftflipper",
					"parent": "body",
					"pivot": [4, 2.25, -1.75],
					"cubes": [
						{"origin": [4, 2.25, -4.25], "size": [8, 0, 5], "inflate": 0.02, "uv": [14, 17]}
					]
				},
				{
					"name": "rightflipper",
					"parent": "body",
					"pivot": [-4, 2.25, -1.75],
					"cubes": [
						{"origin": [-12, 2.25, -4.25], "size": [8, 0, 5], "inflate": 0.02, "uv": [22, 0]}
					],
					"locators": {
						"held_item_fixed": {
							"offset": [-8.5, 1.75, -1.75],
							"rotation": [90, 0, 0]
						}
					}
				},
				{
					"name": "head",
					"parent": "body",
					"pivot": [0, 4, -4],
					"cubes": [
						{"origin": [-3.5, 3, -8.5], "size": [7, 5, 5], "uv": [0, 17]},
						{"origin": [1, 5.25, -8.55], "size": [2, 2, 0], "inflate": 0.02, "uv": [0, 17]},
						{"origin": [-3, 5.25, -8.55], "size": [2, 2, 0], "inflate": 0.02, "uv": [0, 17], "mirror": true},
						{"origin": [0, 7.75, -8.5], "size": [0, 3, 2], "inflate": 0.02, "pivot": [0, 9.25, -7.5], "rotation": [10, 0, 0], "uv": [0, 0]},
						{"origin": [-2.5, 3, -9.5], "size": [5, 2, 1], "uv": [27, 5]},
						{"origin": [-2.5, 3.46593, -9.75882], "size": [1, 2, 0], "inflate": 0.02, "pivot": [-2, 4.46593, -9.75882], "rotation": [15, 0, -5], "uv": [4, 2]},
						{"origin": [1.5, 3.46593, -9.75882], "size": [1, 2, 0], "inflate": 0.02, "pivot": [2, 4.46593, -9.75882], "rotation": [15, 0, 5], "uv": [0, 0]}
					]
				},
				{
					"name": "liltoungue",
					"parent": "head",
					"pivot": [0, 3.5, -9.5],
					"cubes": [
						{"origin": [-1.5, 3.5, -11.5], "size": [3, 0, 2], "inflate": 0.02, "uv": [0, 0]}
					]
				}
			]
		}
	]
}