{
	"format_version": "1.12.0",
	"minecraft:geometry": [
		{
			"description": {
				"identifier": "geometry.makuhita",
				"texture_width": 128,
				"texture_height": 64,
				"visible_bounds_width": 3,
				"visible_bounds_height": 2.5,
				"visible_bounds_offset": [0, 0.75, 0]
			},
			"bones": [
				{
					"name": "makuhita",
					"pivot": [0, 0, 0]
				},
				{
					"name": "body",
					"parent": "makuhita",
					"pivot": [-1, 5, 0]
				},
				{
					"name": "leg_right",
					"parent": "body",
					"pivot": [-4, 5.5, 0],
					"cubes": [
						{"origin": [-7.5, 1, -3.5], "size": [7, 7, 7], "uv": [37, 11]}
					]
				},
				{
					"name": "foot_right",
					"parent": "leg_right",
					"pivot": [-4, 1, 0.5],
					"cubes": [
						{"origin": [-5.5, 0, -2.5], "size": [3, 1, 4], "uv": [114, 14]}
					]
				},
				{
					"name": "leg_left",
					"parent": "body",
					"pivot": [4, 5.5, 0],
					"cubes": [
						{"origin": [0.5, 1, -3.5], "size": [7, 7, 7], "uv": [98, 0]}
					]
				},
				{
					"name": "foot_left",
					"parent": "leg_left",
					"pivot": [4, 1, 0.5],
					"cubes": [
						{"origin": [2.5, 0, -2.5], "size": [3, 1, 4], "uv": [43, 37]}
					]
				},
				{
					"name": "torso",
					"parent": "body",
					"pivot": [0, 3.5, 0],
					"cubes": [
						{"origin": [-4.5, 7.5, -3.5], "size": [9, 4, 7], "uv": [31, 26]},
						{"origin": [-6, 1.5, -5], "size": [12, 8, 10], "uv": [0, 0]}
					]
				},
				{
					"name": "head",
					"parent": "torso",
					"pivot": [0, 11, 0],
					"cubes": [
						{"origin": [-5.5, 10, -4], "size": [11, 7, 8], "uv": [0, 18]},
						{"origin": [-1.5, 16.5, -1.5], "size": [3, 3, 3], "uv": [72, 13]}
					]
				},
				{
					"name": "eye_left",
					"parent": "head",
					"pivot": [2, 14.5, -4.01],
					"rotation": [0, 0, 10],
					"cubes": [
						{"origin": [1, 12.5, -4.01], "size": [2, 4, 0], "uv": [4, 18]}
					]
				},
				{
					"name": "eye_right",
					"parent": "head",
					"pivot": [-2, 14.5, -4.01],
					"rotation": [0, 0, -10],
					"cubes": [
						{"origin": [-3, 12.5, -4.01], "size": [2, 4, 0], "uv": [0, 18]}
					]
				},
				{
					"name": "mouth_closed",
					"parent": "head",
					"pivot": [0, 11.25, -4.01],
					"cubes": [
						{"origin": [-2.5, 10.5, -4.01], "size": [5, 1, 0], "uv": [0, 2]},
						{"origin": [-3, 11, -4.01], "size": [6, 1, 0], "uv": [30, 25]}
					]
				},
				{
					"name": "mouth_open",
					"parent": "head",
					"pivot": [0, 11.25, -3.91],
					"cubes": [
						{"origin": [-2.5, 10.25, -3.91], "size": [5, 2, 0], "uv": [0, 0]}
					]
				},
				{
					"name": "hair_right",
					"parent": "head",
					"pivot": [-1, 18.5, 0],
					"rotation": [0, 0, 22.5],
					"cubes": [
						{"origin": [-5, 17, 0], "size": [4, 3, 0], "uv": [0, 6]}
					]
				},
				{
					"name": "hair_left",
					"parent": "head",
					"pivot": [1, 18.5, 0],
					"rotation": [0, 0, -22.5],
					"cubes": [
						{"origin": [1, 17, 0], "size": [4, 3, 0], "uv": [0, 3]}
					]
				},
				{
					"name": "arm_left",
					"parent": "torso",
					"pivot": [-3.5, 9, 0],
					"cubes": [
						{"origin": [-7.5, 7.5, -1.5], "size": [5, 3, 3], "uv": [98, 14]}
					]
				},
				{
					"name": "arm_left2",
					"parent": "arm_left",
					"pivot": [-7.5, 9, 1.5],
					"cubes": [
						{"origin": [-10.5, 7.5, -1.5], "size": [3, 3, 3], "inflate": 0.01, "uv": [63, 10]}
					]
				},
				{
					"name": "hand_left",
					"parent": "arm_left2",
					"pivot": [-10, 9, 0],
					"cubes": [
						{"origin": [-14.5, 6, -2.5], "size": [5, 5, 5], "uv": [61, 0]}
					]
				},
				{
					"name": "arm_right",
					"parent": "torso",
					"pivot": [3.5, 9, 0],
					"cubes": [
						{"origin": [2.5, 7.5, -1.5], "size": [5, 3, 3], "uv": [78, 7]}
					]
				},
				{
					"name": "arm_right2",
					"parent": "arm_right",
					"pivot": [7.5, 9, 1.5],
					"cubes": [
						{"origin": [7.5, 7.5, -1.5], "size": [3, 3, 3], "inflate": 0.01, "uv": [21, 34]}
					]
				},
				{
					"name": "hand_right",
					"parent": "arm_right2",
					"pivot": [10, 9, 0],
					"cubes": [
						{"origin": [9.5, 6, -2.5], "size": [5, 5, 5], "uv": [34, 0]}
					]
				}
			]
		}
	]
}