{
	"format_version": "1.12.0",
	"minecraft:geometry": [
		{
			"description": {
				"identifier": "geometry.dratini",
				"texture_width": 64,
				"texture_height": 64,
				"visible_bounds_width": 4,
				"visible_bounds_height": 6,
				"visible_bounds_offset": [0, 0, 0]
			},
			"bones": [
				{
					"name": "dratini",
					"pivot": [0, 0, 0]
				},
				{
					"name": "body",
					"parent": "dratini",
					"pivot": [0, 9, 0]
				},
				{
					"name": "neck",
					"parent": "body",
					"pivot": [0, 9, 0.25],
					"cubes": [
						{"origin": [-2.5, 8, -2.25], "size": [5, 8, 5], "uv": [0, 16]}
					]
				},
				{
					"name": "head",
					"parent": "neck",
					"pivot": [0, 15.5, 0]
				},
				{
					"name": "head2",
					"parent": "head",
					"pivot": [0, 18, 2.5],
					"cubes": [
						{"origin": [-4, 14, -4.5], "size": [8, 8, 8], "uv": [0, 0]},
						{"origin": [-0.5, 20.25, -4.75], "size": [1, 1, 1], "pivot": [0, 20.75, -4.25], "rotation": [-5, 0, 0], "uv": [24, 0]}
					]
				},
				{
					"name": "eyes",
					"parent": "head2",
					"pivot": [0, 30.5, -4]
				},
				{
					"name": "eye_left",
					"parent": "eyes",
					"pivot": [3.01, 19, -3.51],
					"cubes": [
						{"origin": [2.01, 17, -4.51], "size": [2, 4, 2], "uv": [0, 0]}
					]
				},
				{
					"name": "pupil_left",
					"parent": "eye_left",
					"pivot": [2.52, 19.5, -4.52],
					"cubes": [
						{"origin": [2.02, 18.5, -4.52], "size": [1, 2, 0], "uv": [0, 0]}
					]
				},
				{
					"name": "eyelid_left",
					"parent": "eye_left",
					"pivot": [2.91, 19, -3.41],
					"cubes": [
						{"origin": [1.91, 17, -4.42], "size": [2, 4, 2], "inflate": 0.01, "uv": [0, 43]}
					]
				},
				{
					"name": "eye_right",
					"parent": "eyes",
					"pivot": [-3.01, 19, -3.51],
					"cubes": [
						{"origin": [-4.01, 17, -4.51], "size": [2, 4, 2], "uv": [32, 8], "mirror": true}
					]
				},
				{
					"name": "pupil_right",
					"parent": "eye_right",
					"pivot": [-2.52, 19.5, -4.52],
					"cubes": [
						{"origin": [-3.02, 18.5, -4.52], "size": [1, 2, 0], "uv": [32, 8], "mirror": true}
					]
				},
				{
					"name": "eyelid_right",
					"parent": "eye_right",
					"pivot": [-2.91, 19, -3.41],
					"cubes": [
						{"origin": [-3.91, 17, -4.42], "size": [2, 4, 2], "inflate": 0.01, "uv": [8, 43], "mirror": true}
					]
				},
				{
					"name": "muzzle",
					"parent": "head2",
					"pivot": [0, 17, -4.5],
					"cubes": [
						{"origin": [-3, 14, -6.5], "size": [6, 3, 2], "uv": [24, 2]}
					],
					"locators": {
						"held_item_fixed": {
							"offset": [-0.75, 11.5, -5.25],
							"rotation": [0, 0, 30]
						}
					}
				},
				{
					"name": "wings",
					"parent": "head2",
					"pivot": [4, 18.25, -1]
				},
				{
					"name": "wing_left",
					"parent": "wings",
					"pivot": [4, 18.25, -1],
					"cubes": [
						{"origin": [4, 14.25, -1], "size": [5, 10, 0], "uv": [40, 0]}
					]
				},
				{
					"name": "wing_right",
					"parent": "wings",
					"pivot": [-4, 18.25, -1],
					"cubes": [
						{"origin": [-9, 14.25, -1], "size": [5, 10, 0], "uv": [50, 0], "mirror": true}
					]
				},
				{
					"name": "segment1",
					"parent": "body",
					"pivot": [0, 9, 0],
					"cubes": [
						{"origin": [-3, 1, -3], "size": [6, 8, 6], "inflate": 0.01, "uv": [24, 17]}
					]
				},
				{
					"name": "segment2",
					"parent": "segment1",
					"pivot": [0, 1, 0],
					"cubes": [
						{"origin": [-3, -6, -3], "size": [6, 8, 6], "inflate": 0.02, "uv": [0, 29]}
					]
				},
				{
					"name": "segment3",
					"parent": "segment2",
					"pivot": [0, -6, 0],
					"cubes": [
						{"origin": [-3, -13, -2.5], "size": [6, 8, 5], "inflate": 0.01, "uv": [42, 10]}
					]
				},
				{
					"name": "segment4",
					"parent": "segment3",
					"pivot": [0, -13, 0],
					"cubes": [
						{"origin": [-2.5, -19, -2.5], "size": [5, 7, 5], "uv": [43, 26]}
					]
				},
				{
					"name": "segment5",
					"parent": "segment4",
					"pivot": [0, -19, 0],
					"cubes": [
						{"origin": [-2, -25, -2], "size": [4, 7, 4], "uv": [24, 31]}
					]
				},
				{
					"name": "segment6",
					"parent": "segment5",
					"pivot": [0, -25, 0],
					"cubes": [
						{"origin": [-1.5, -31, -1.5], "size": [3, 7, 3], "uv": [40, 38]}
					]
				},
				{
					"name": "segment7",
					"parent": "segment6",
					"pivot": [0, -31, 0],
					"cubes": [
						{"origin": [-1, -36, -1], "size": [2, 6, 2], "uv": [52, 38]}
					]
				},
				{
					"name": "segment8",
					"parent": "segment7",
					"pivot": [0, -36, 0],
					"cubes": [
						{"origin": [-0.5, -40.5, -0.5], "size": [1, 5, 1], "uv": [60, 38]}
					]
				}
			]
		}
	]
}