{
	"format_version": "1.12.0",
	"minecraft:geometry": [
		{
			"description": {
				"identifier": "geometry.servine",
				"texture_width": 64,
				"texture_height": 64,
				"visible_bounds_width": 5,
				"visible_bounds_height": 3.5,
				"visible_bounds_offset": [0, 1.25, 0]
			},
			"bones": [
				{
					"name": "servine",
					"pivot": [0, 0, 0]
				},
				{
					"name": "body",
					"parent": "servine",
					"pivot": [0, 10, 0]
				},
				{
					"name": "torso_bottom",
					"parent": "body",
					"pivot": [0, 5, 0.75],
					"cubes": [
						{"origin": [-2.5, 5, -2.25], "size": [5, 6, 5], "uv": [44, 22]}
					]
				},
				{
					"name": "torso_top",
					"parent": "torso_bottom",
					"pivot": [0, 5, -2.25],
					"rotation": [-50, 0, 0],
					"cubes": [
						{"origin": [-3, 5, -7.25], "size": [6, 6, 5], "inflate": 0.01, "uv": [42, 11]}
					]
				},
				{
					"name": "back_leaf2",
					"parent": "torso_top",
					"pivot": [0, 10.75, -6.25],
					"cubes": [
						{"origin": [0, 10.75, -8.25], "size": [0, 4, 4], "uv": [24, 12]}
					]
				},
				{
					"name": "torso_top2",
					"parent": "torso_top",
					"pivot": [0, 5.3, -7.25],
					"rotation": [-32, 0, 0],
					"cubes": [
						{"origin": [-2.5, 5.35, -13.1], "size": [5, 5, 6], "inflate": 0.01, "uv": [8, 14]}
					]
				},
				{
					"name": "arms",
					"parent": "torso_top2",
					"pivot": [0, 9.1, -11.3],
					"rotation": [-2.5, 0, 0]
				},
				{
					"name": "arm_left",
					"parent": "arms",
					"pivot": [2.525, 8.4, -11.6],
					"rotation": [0, 90, -90],
					"cubes": [
						{"origin": [2.525, 3.5, -13.6], "size": [0, 5, 4], "uv": [8, 25]}
					]
				},
				{
					"name": "arm_right",
					"parent": "arms",
					"pivot": [-2.525, 8.6, -11.6],
					"rotation": [0, -90, 90],
					"cubes": [
						{"origin": [-2.525, 3.7, -13.8], "size": [0, 5, 4], "uv": [16, 21], "mirror": true}
					]
				},
				{
					"name": "torso_top3",
					"parent": "torso_top2",
					"pivot": [0, 6.20505, -13.175],
					"rotation": [-10, 0, 0],
					"cubes": [
						{"origin": [-2, 6.2, -16.675], "size": [4, 4, 5], "uv": [28, 7]}
					]
				},
				{
					"name": "neck_leaves",
					"parent": "torso_top3",
					"pivot": [0, 8.2, -14.175]
				},
				{
					"name": "neck_leaf_left",
					"parent": "neck_leaves",
					"pivot": [2, 8.1, -13],
					"rotation": [-25, -2, 17.8],
					"cubes": [
						{"origin": [2, 7.1, -15], "size": [0, 2, 2], "uv": [39, -2]}
					]
				},
				{
					"name": "neck_leaf_left2",
					"parent": "neck_leaf_left",
					"pivot": [2, 8.1, -14.9],
					"rotation": [-5, 0, 5],
					"cubes": [
						{"origin": [2, 7.1, -17.9], "size": [0, 3, 3], "uv": [49, -3]}
					]
				},
				{
					"name": "neck_leaf_left3",
					"parent": "neck_leaf_left2",
					"pivot": [2, 9.1, -17.8],
					"rotation": [-6.5, 11.8, 0],
					"cubes": [
						{"origin": [2, 8.1, -20.8], "size": [0, 2, 3], "uv": [41, 4]}
					]
				},
				{
					"name": "neck_leaf_left4",
					"parent": "neck_leaf_left3",
					"pivot": [2, 9.1, -20.8],
					"cubes": [
						{"origin": [2, 9.1, -22.8], "size": [0, 1, 2], "uv": [39, 0]}
					]
				},
				{
					"name": "neck_leaf_right",
					"parent": "neck_leaves",
					"pivot": [-2, 8.1, -13],
					"rotation": [-25, -2, -17.8],
					"cubes": [
						{"origin": [-2, 7.1, -15], "size": [0, 2, 2], "uv": [41, 7], "mirror": true}
					]
				},
				{
					"name": "neck_leaf_right2",
					"parent": "neck_leaf_right",
					"pivot": [-2, 8.1, -14.9],
					"rotation": [-5, 0, -5],
					"cubes": [
						{"origin": [-2, 7.1, -17.9], "size": [0, 3, 3], "uv": [55, -3], "mirror": true}
					]
				},
				{
					"name": "neck_leaf_right3",
					"parent": "neck_leaf_right2",
					"pivot": [-2, 9.1, -17.8],
					"rotation": [-6.5, 11.8, 0],
					"cubes": [
						{"origin": [-2, 8.1, -20.8], "size": [0, 2, 3], "uv": [47, 4], "mirror": true}
					]
				},
				{
					"name": "neck_leaf_right4",
					"parent": "neck_leaf_right3",
					"pivot": [-2, 9.1, -20.8],
					"cubes": [
						{"origin": [-2, 9.1, -22.8], "size": [0, 1, 2], "uv": [39, 1], "mirror": true}
					]
				},
				{
					"name": "neck",
					"parent": "torso_top3",
					"pivot": [0, 7, -16.65],
					"rotation": [-10, 0, 0],
					"cubes": [
						{"origin": [-1.5, 7, -20.65], "size": [3, 3, 4], "uv": [39, 0]}
					]
				},
				{
					"name": "vines",
					"parent": "neck",
					"pivot": [3.15, 9.85, -18.2],
					"rotation": [-77.5, 0, 0]
				},
				{
					"name": "vine_left",
					"parent": "vines",
					"pivot": [0.95, 9.75, -18.075],
					"cubes": [
						{"origin": [0.95, 9.25, -18.075], "size": [4, 1, 0], "uv": [0, 37]}
					]
				},
				{
					"name": "vine_left2",
					"parent": "vine_left",
					"pivot": [4.95, 9.75231, -18.08343],
					"cubes": [
						{"origin": [4.95, 9.25, -18.075], "size": [4, 1, 0], "uv": [0, 38]}
					]
				},
				{
					"name": "vine_left3",
					"parent": "vine_left2",
					"pivot": [8.95, 9.75231, -18.08343],
					"cubes": [
						{"origin": [8.95, 9.25, -18.075], "size": [4, 1, 0], "uv": [0, 39]}
					]
				},
				{
					"name": "vine_left4",
					"parent": "vine_left3",
					"pivot": [12.95, 9.75231, -18.08343],
					"cubes": [
						{"origin": [12.95, 9.25, -18.075], "size": [4, 1, 0], "uv": [0, 40]}
					]
				},
				{
					"name": "vine_left5",
					"parent": "vine_left4",
					"pivot": [16.95, 9.75231, -18.08343],
					"cubes": [
						{"origin": [16.95, 9.25, -18.075], "size": [4, 1, 0], "uv": [0, 41]}
					]
				},
				{
					"name": "vine_left6",
					"parent": "vine_left5",
					"pivot": [20.95, 9.75231, -18.08343],
					"cubes": [
						{"origin": [20.95, 9.25, -18.075], "size": [4, 1, 0], "uv": [0, 42]}
					]
				},
				{
					"name": "vine_left7",
					"parent": "vine_left6",
					"pivot": [24.95, 9.75231, -18.08343],
					"cubes": [
						{"origin": [24.95, 9.25, -18.075], "size": [4, 1, 0], "uv": [0, 43]}
					]
				},
				{
					"name": "vine_left_end",
					"parent": "vine_left7",
					"pivot": [28.95, 9.75231, -18.08343],
					"cubes": [
						{"origin": [28.95, 8.75, -18.075], "size": [3, 2, 0], "uv": [16, 40]}
					]
				},
				{
					"name": "vine_right",
					"parent": "vines",
					"pivot": [-0.95, 9.75, -18.075],
					"cubes": [
						{"origin": [-4.95, 9.25, -18.075], "size": [4, 1, 0], "uv": [8, 38], "mirror": true}
					]
				},
				{
					"name": "vine_right2",
					"parent": "vine_right",
					"pivot": [-4.95, 9.75231, -18.08343],
					"cubes": [
						{"origin": [-8.95, 9.25, -18.075], "size": [4, 1, 0], "uv": [8, 39], "mirror": true}
					]
				},
				{
					"name": "vine_right3",
					"parent": "vine_right2",
					"pivot": [-8.95, 9.75231, -18.08343],
					"cubes": [
						{"origin": [-12.95, 9.25, -18.075], "size": [4, 1, 0], "uv": [8, 40], "mirror": true}
					]
				},
				{
					"name": "vine_right4",
					"parent": "vine_right3",
					"pivot": [-12.95, 9.75231, -18.08343],
					"cubes": [
						{"origin": [-16.95, 9.25, -18.075], "size": [4, 1, 0], "uv": [8, 41], "mirror": true}
					]
				},
				{
					"name": "vine_right5",
					"parent": "vine_right4",
					"pivot": [-16.95, 9.75231, -18.08343],
					"cubes": [
						{"origin": [-20.95, 9.25, -18.075], "size": [4, 1, 0], "uv": [8, 42], "mirror": true}
					]
				},
				{
					"name": "vine_right6",
					"parent": "vine_right5",
					"pivot": [-20.95, 9.75231, -18.08343],
					"cubes": [
						{"origin": [-24.95, 9.25, -18.075], "size": [4, 1, 0], "uv": [8, 43], "mirror": true}
					]
				},
				{
					"name": "vine_right7",
					"parent": "vine_right6",
					"pivot": [-24.95, 9.75231, -18.08343],
					"cubes": [
						{"origin": [-28.95, 9.25, -18.075], "size": [4, 1, 0], "uv": [8, 44], "mirror": true}
					]
				},
				{
					"name": "vine_right_end",
					"parent": "vine_right7",
					"pivot": [-28.95, 9.75231, -18.08343],
					"cubes": [
						{"origin": [-31.95, 8.75, -18.075], "size": [3, 2, 0], "uv": [16, 42], "mirror": true}
					]
				},
				{
					"name": "head",
					"parent": "neck",
					"pivot": [0, 7, -18.85],
					"rotation": [102, 0, 0]
				},
				{
					"name": "head_ai",
					"parent": "head",
					"pivot": [0, 7, -18.85]
				},
				{
					"name": "head_rotation",
					"parent": "head_ai",
					"pivot": [0, 7, -18.85],
					"rotation": [-90, 0, 0],
					"cubes": [
						{"origin": [-3, 4.9, -24.85], "size": [6, 6, 6], "uv": [0, 1]}
					]
				},
				{
					"name": "eyes",
					"parent": "head_rotation",
					"pivot": [0.5, 7.625, -22.45]
				},
				{
					"name": "eye_left",
					"parent": "eyes",
					"pivot": [3.01, 7.625, -22.45],
					"rotation": [5, 0, 0],
					"cubes": [
						{"origin": [3.01, 5.125, -23.45], "size": [0, 5, 2], "uv": [36, 28]}
					]
				},
				{
					"name": "eyelid_left",
					"parent": "eye_left",
					"pivot": [2.41, 7.625, -22.45],
					"cubes": [
						{"origin": [1.91, 5.125, -23.45], "size": [1, 5, 2], "inflate": 0.01, "uv": [16, 33]}
					]
				},
				{
					"name": "eye_right",
					"parent": "eyes",
					"pivot": [-3.01, 7.625, -22.45],
					"rotation": [5, 0, 0],
					"cubes": [
						{"origin": [-3.01, 5.125, -23.45], "size": [0, 5, 2], "uv": [39, 23], "mirror": true}
					]
				},
				{
					"name": "eyelid_right",
					"parent": "eye_right",
					"pivot": [-2.41, 7.625, -22.45],
					"cubes": [
						{"origin": [-2.91, 5.125, -23.45], "size": [1, 5, 2], "inflate": 0.01, "uv": [22, 35], "mirror": true}
					]
				},
				{
					"name": "head_leaf",
					"parent": "head_rotation",
					"pivot": [0, 10.9, -24.5],
					"rotation": [-17.5, 0, 0],
					"cubes": [
						{"origin": [0, 10.9, -26.3], "size": [2, 0, 2], "pivot": [0, 10.9, -26.3], "rotation": [0, 0, 22.5], "uv": [19, 0]},
						{"origin": [-2, 10.9, -26.31], "size": [2, 0, 2], "pivot": [0, 10.9, -26.3], "rotation": [0, 0, -22.5], "uv": [19, 2]}
					]
				},
				{
					"name": "head_leaf2",
					"parent": "head_leaf",
					"pivot": [0, 10.9, -26.3],
					"cubes": [
						{"origin": [0, 10.9, -28.3], "size": [2, 0, 2], "pivot": [0, 10.9, -28.3], "rotation": [0, 0, 22.5], "uv": [33, 0]},
						{"origin": [-2, 10.9, -28.31], "size": [2, 0, 2], "pivot": [0, 10.9, -28.3], "rotation": [0, 0, -22.5], "uv": [33, 2]}
					]
				},
				{
					"name": "muzzle",
					"parent": "head_rotation",
					"pivot": [0, 4.99, -19.45],
					"rotation": [7.5, 0, 0],
					"cubes": [
						{"origin": [-2, 2.49, -22.45], "size": [4, 3, 3], "uv": [22, 1]}
					]
				},
				{
					"name": "mouth",
					"parent": "muzzle",
					"pivot": [0, 3.98242, -19.35777],
					"cubes": [
						{"origin": [-1, 2.98242, -19.55777], "size": [2, 2, 0], "uv": [45, 9]}
					]
				},
				{
					"name": "muzzle2",
					"parent": "muzzle",
					"pivot": [0, 2.49, -20.45],
					"rotation": [-7.5, 0, 0],
					"cubes": [
						{"origin": [-1, 0.49, -22.45], "size": [2, 2, 2], "uv": [0, 14]}
					]
				},
				{
					"name": "tail",
					"parent": "torso_bottom",
					"pivot": [0, 5.75, 2.75],
					"rotation": [7.5, 0, 0],
					"cubes": [
						{"origin": [-1.5, 5.75, 2.75], "size": [3, 5, 5], "uv": [20, 25]}
					]
				},
				{
					"name": "tail2",
					"parent": "tail",
					"pivot": [0, 7.5, 7.75],
					"rotation": [5, 0, 0],
					"cubes": [
						{"origin": [-1, 7.5, 7.75], "size": [2, 3, 5], "uv": [33, 17]}
					]
				},
				{
					"name": "back_leaf",
					"parent": "tail2",
					"pivot": [0, 10.45, 8.85],
					"cubes": [
						{"origin": [0, 10.45, 6.85], "size": [0, 4, 4], "uv": [8, 21]}
					]
				},
				{
					"name": "tail_leaves",
					"parent": "tail2",
					"pivot": [0, 9.5, 12.5],
					"rotation": [15, 0, 0]
				},
				{
					"name": "tail_leaf_middle",
					"parent": "tail_leaves",
					"pivot": [0, 9.5, 12.5],
					"cubes": [
						{"origin": [-2, 9.51, 12.5], "size": [4, 0, 5], "uv": [26, 25]}
					]
				},
				{
					"name": "tail_leaf_middle2",
					"parent": "tail_leaf_middle",
					"pivot": [0, 9.5, 17.5],
					"cubes": [
						{"origin": [-2, 9.51, 17.5], "size": [4, 0, 4], "uv": [-4, 29]}
					]
				},
				{
					"name": "tail_leaf_left",
					"parent": "tail_leaves",
					"pivot": [0.5, 9.5, 13],
					"rotation": [0, 45, 0],
					"cubes": [
						{"origin": [-1.5, 9.5, 13], "size": [4, 0, 3], "uv": [50, 3]}
					]
				},
				{
					"name": "tail_leaf_left2",
					"parent": "tail_leaf_left",
					"pivot": [2.5, 9.5, 16],
					"rotation": [0, -10, 0],
					"cubes": [
						{"origin": [-1.5, 9.5, 16], "size": [4, 0, 4], "uv": [-4, 25]}
					]
				},
				{
					"name": "tail_leaf_right",
					"parent": "tail_leaves",
					"pivot": [-0.5, 9.5, 13],
					"rotation": [0, -45, 0],
					"cubes": [
						{"origin": [-2.5, 9.5, 13], "size": [4, 0, 3], "uv": [-3, 22], "mirror": true}
					]
				},
				{
					"name": "tail_leaf_right2",
					"parent": "tail_leaf_right",
					"pivot": [-2.5, 9.5, 16],
					"rotation": [0, 10, 0],
					"cubes": [
						{"origin": [-2.5, 9.5, 16], "size": [4, 0, 4], "uv": [49, 6], "mirror": true}
					]
				},
				{
					"name": "legs",
					"parent": "body",
					"pivot": [0, 5, -0.6]
				},
				{
					"name": "leg_left",
					"parent": "legs",
					"pivot": [2.05, 5.1, 0.15],
					"rotation": [0, 0, -5],
					"cubes": [
						{"origin": [-0.1981, 3.14358, -0.1], "size": [2, 2, 1], "pivot": [1.27513, 2.37002, 0.65214], "rotation": [0, -90, 0], "uv": [32, 16]}
					]
				},
				{
					"name": "leg_left2",
					"parent": "leg_left",
					"pivot": [1.5519, 3.14358, -0.85],
					"rotation": [0, 0, 5],
					"cubes": [
						{"origin": [-0.2981, 0.20884, -0.09572], "size": [3, 3, 1], "inflate": 0.01, "pivot": [1.27513, 2.37002, 0.65214], "rotation": [0, -90, 0], "uv": [0, 33]}
					]
				},
				{
					"name": "foot_left",
					"parent": "leg_left2",
					"pivot": [1.5519, 1.20884, -0.84572],
					"cubes": [
						{"origin": [1.01494, 0.18766, -1.84572], "size": [1, 1, 1], "uv": [0, 20]}
					]
				},
				{
					"name": "leg_right",
					"parent": "legs",
					"pivot": [-2.05, 5.1, 0.15],
					"rotation": [0, 0, 5],
					"cubes": [
						{"origin": [-1.8019, 3.14358, -0.1], "size": [2, 2, 1], "pivot": [-1.27513, 2.37002, 0.65214], "rotation": [0, 90, 0], "uv": [32, 16], "mirror": true}
					]
				},
				{
					"name": "leg_right2",
					"parent": "leg_right",
					"pivot": [-1.5519, 3.14358, -0.85],
					"rotation": [0, 0, -5],
					"cubes": [
						{"origin": [-2.7019, 0.20884, -0.09572], "size": [3, 3, 1], "inflate": 0.01, "pivot": [-1.27513, 2.37002, 0.65214], "rotation": [0, 90, 0], "uv": [0, 33], "mirror": true}
					]
				},
				{
					"name": "foot_right",
					"parent": "leg_right2",
					"pivot": [-1.5519, 1.20884, -0.84572],
					"cubes": [
						{"origin": [-2.01494, 0.18766, -1.84572], "size": [1, 1, 1], "uv": [0, 20], "mirror": true}
					]
				}
			]
		}
	]
}