{
	"format_version": "1.12.0",
	"minecraft:geometry": [
		{
			"description": {
				"identifier": "geometry.tepig",
				"texture_width": 64,
				"texture_height": 64,
				"visible_bounds_width": 3,
				"visible_bounds_height": 2.5,
				"visible_bounds_offset": [0, 0.75, 0]
			},
			"bones": [
				{
					"name": "tepig",
					"pivot": [0, 0, 0]
				},
				{
					"name": "body",
					"parent": "tepig",
					"pivot": [0, 4.4981, 0.5436]
				},
				{
					"name": "torso",
					"parent": "body",
					"pivot": [0, 4.4981, 0.54358],
					"cubes": [
						{"origin": [-4, 1.9981, -4.95642], "size": [8, 7, 10], "pivot": [0, 4.4981, 0.54358], "rotation": [-5, 0, 0], "uv": [0, 0]}
					]
				},
				{
					"name": "tail",
					"parent": "torso",
					"pivot": [0, 8.12088, 5.40914],
					"cubes": [
						{"origin": [0, 6.9981, 5.04358], "size": [0, 4, 5], "pivot": [0, 4.4981, 0.54358], "rotation": [-5, 0, 0], "uv": [0, 0]}
					]
				},
				{
					"name": "tail2",
					"parent": "tail",
					"pivot": [0, 8.72488, 10.47917],
					"cubes": [
						{"origin": [-2, 7.9981, 10.04358], "size": [4, 4, 4], "pivot": [0, 4.4981, 0.54358], "rotation": [-5, 0, 0], "uv": [26, 0]}
					]
				},
				{
					"name": "head",
					"parent": "torso",
					"pivot": [0, 4.95452, -3.45832],
					"rotation": [-5, 0, 0],
					"cubes": [
						{"origin": [-4.5, 4, -10], "size": [9, 8, 7], "uv": [0, 17]},
						{"origin": [-2, 5, -13], "size": [4, 3, 3], "inflate": 0.01, "uv": [25, 17]},
						{"origin": [-1.5, 5.5, -13.01], "size": [1, 2, 1], "inflate": 0.01, "uv": [0, 21]},
						{"origin": [0.5, 5.5, -13.01], "size": [1, 2, 1], "inflate": 0.01, "uv": [6, 0]}
					]
				},
				{
					"name": "ear_right",
					"parent": "head",
					"pivot": [-0.25, 12, -6.25],
					"rotation": [0, 0, -17.5],
					"cubes": [
						{"origin": [-0.25, 12, -7.25], "size": [0, 8, 4], "uv": [8, 28]}
					]
				},
				{
					"name": "ear_left",
					"parent": "head",
					"pivot": [0.25, 12, -6.25],
					"rotation": [0, 0, 17.5],
					"cubes": [
						{"origin": [0.25, 12, -7.25], "size": [0, 8, 4], "uv": [0, 28]}
					]
				},
				{
					"name": "mouths",
					"parent": "head",
					"pivot": [0, 4.95452, -3.45832]
				},
				{
					"name": "mouth_closed",
					"parent": "mouths",
					"pivot": [0, 5, -10.01],
					"cubes": [
						{"origin": [-1, 4.5, -10.01], "size": [2, 1, 0], "uv": [4, 4]}
					]
				},
				{
					"name": "mouth_open",
					"parent": "mouths",
					"pivot": [0, 5.1, -9.91],
					"cubes": [
						{"origin": [-1, 4.1, -9.91], "size": [2, 1, 0], "uv": [0, 4]}
					]
				},
				{
					"name": "eyes",
					"parent": "head",
					"pivot": [0, 7.95452, -7.40832]
				},
				{
					"name": "eye_left",
					"parent": "eyes",
					"pivot": [0, 7.95452, -7.40832],
					"cubes": [
						{"origin": [2.51, 6.51, -10.01], "size": [2, 4, 3], "uv": [10, 40]}
					]
				},
				{
					"name": "eyelid_left",
					"parent": "eye_left",
					"pivot": [3.41, 8.51, -8.41],
					"cubes": [
						{"origin": [2.41, 6.51, -9.91], "size": [2, 4, 3], "inflate": 0.01, "uv": [0, 40]}
					]
				},
				{
					"name": "eye_right",
					"parent": "eyes",
					"pivot": [0, 7.95452, -7.40832],
					"cubes": [
						{"origin": [-4.51, 6.51, -10.01], "size": [2, 4, 3], "uv": [35, 37]}
					]
				},
				{
					"name": "eyelid_right",
					"parent": "eye_right",
					"pivot": [-3.41, 8.51, -8.41],
					"cubes": [
						{"origin": [-4.41, 6.51, -9.91], "size": [2, 4, 3], "inflate": 0.01, "uv": [25, 37]}
					]
				},
				{
					"name": "leg_front_right",
					"parent": "body",
					"pivot": [-2.75, 4, -3],
					"cubes": [
						{"origin": [-4.25, 0, -4.5], "size": [3, 5, 3], "uv": [36, 20]},
						{"origin": [-3.75, 0, -5], "size": [2, 1, 1], "uv": [0, 2]}
					]
				},
				{
					"name": "leg_front_left",
					"parent": "body",
					"pivot": [2.75, 4, -3],
					"cubes": [
						{"origin": [1.25, 0, -4.5], "size": [3, 5, 3], "uv": [36, 8]},
						{"origin": [1.75, 0, -5], "size": [2, 1, 1], "uv": [0, 0]}
					]
				},
				{
					"name": "leg_back_right",
					"parent": "body",
					"pivot": [-2.75, 3, 3],
					"cubes": [
						{"origin": [-4.25, 0, 1.5], "size": [3, 5, 3], "uv": [16, 32]},
						{"origin": [-3.75, 0, 1], "size": [2, 1, 1], "uv": [0, 19]}
					]
				},
				{
					"name": "leg_back_left",
					"parent": "body",
					"pivot": [2.75, 3, 3],
					"cubes": [
						{"origin": [1.25, 0, 1.5], "size": [3, 5, 3], "uv": [29, 29]},
						{"origin": [1.75, 0, 1], "size": [2, 1, 1], "uv": [0, 17]}
					]
				}
			]
		}
	]
}