{
	"format_version": "1.12.0",
	"minecraft:geometry": [
		{
			"description": {
				"identifier": "geometry.fearow",
				"texture_width": 128,
				"texture_height": 64,
				"visible_bounds_width": 6,
				"visible_bounds_height": 3.5,
				"visible_bounds_offset": [0, 1.25, 0]
			},
			"bones": [
				{
					"name": "fearow",
					"pivot": [0, 0, 0]
				},
				{
					"name": "body",
					"parent": "fearow",
					"pivot": [0, 13, -7]
				},
				{
					"name": "torso",
					"parent": "body",
					"pivot": [0, 8.5, -0.75],
					"rotation": [-15, 0, 0],
					"cubes": [
						{"origin": [-5, 5.5, -11], "size": [10, 10, 12], "uv": [0, 26]},
						{"origin": [-4, 7.5, 1], "size": [8, 7, 5], "uv": [92, 33]}
					]
				},
				{
					"name": "neck_fluff",
					"parent": "torso",
					"pivot": [0, 14.5, -11],
					"rotation": [-15, 0, 0],
					"cubes": [
						{"origin": [-5, 4.5, -11], "size": [10, 10, 0], "uv": [81, 12]}
					]
				},
				{
					"name": "neck_fluff2",
					"parent": "torso",
					"pivot": [0, 15.5, -9],
					"rotation": [-37.5, 0, 0],
					"cubes": [
						{"origin": [-4, 15.5, -12], "size": [8, 0, 3], "uv": [58, 15]}
					]
				},
				{
					"name": "neck_fluff3",
					"parent": "torso",
					"pivot": [0, 15, 1],
					"rotation": [12.5, 0, 0],
					"cubes": [
						{"origin": [-4, 15, 1], "size": [8, 0, 4], "uv": [56, 46]}
					]
				},
				{
					"name": "tail_fluff",
					"parent": "torso",
					"pivot": [0, 13.5, 1],
					"cubes": [
						{"origin": [-3.5, 14.5, 1], "size": [7, 0, 7], "uv": [54, 8]}
					]
				},
				{
					"name": "wing_fluff_right2",
					"parent": "torso",
					"pivot": [-2, 15.525, -5],
					"rotation": [0, 0, 15],
					"cubes": [
						{"origin": [-8, 15.525, -9], "size": [6, 0, 8], "uv": [53, 0]}
					]
				},
				{
					"name": "wing_fluff_left2",
					"parent": "torso",
					"pivot": [2, 15.525, -5],
					"rotation": [0, 0, -15],
					"cubes": [
						{"origin": [2, 15.525, -9], "size": [6, 0, 8], "uv": [52, 38]}
					]
				},
				{
					"name": "wing_left",
					"parent": "torso",
					"pivot": [5, 14.5, -7.25],
					"cubes": [
						{"origin": [5, 14.5, -12.75], "size": [8, 0, 13], "uv": [31, 39]}
					]
				},
				{
					"name": "wing_fluff_left",
					"parent": "wing_left",
					"pivot": [5, 14.525, -6],
					"rotation": [0, 0, -7.5],
					"cubes": [
						{"origin": [5, 14.525, -12], "size": [9, 0, 12], "uv": [48, 26]}
					]
				},
				{
					"name": "wing_left2",
					"parent": "wing_left",
					"pivot": [13, 14.5, 0.25],
					"cubes": [
						{"origin": [13, 14.5, -12.75], "size": [9, 0, 13], "inflate": 0.01, "uv": [30, 13]}
					]
				},
				{
					"name": "wing_left3",
					"parent": "wing_left2",
					"pivot": [22, 14.5, -12.75],
					"cubes": [
						{"origin": [22, 14.5, -12.75], "size": [15, 0, 13], "uv": [0, 13]}
					]
				},
				{
					"name": "wing_right",
					"parent": "torso",
					"pivot": [-5, 14.5, -7.25],
					"cubes": [
						{"origin": [-13, 14.5, -12.75], "size": [8, 0, 13], "uv": [31, 26]}
					]
				},
				{
					"name": "wing_fluff_right",
					"parent": "wing_right",
					"pivot": [-5, 14.525, -6],
					"rotation": [0, 0, 7.5],
					"cubes": [
						{"origin": [-14, 14.525, -12], "size": [9, 0, 12], "uv": [81, 0]}
					]
				},
				{
					"name": "wing_right2",
					"parent": "wing_right",
					"pivot": [-13, 14.5, 0.25],
					"cubes": [
						{"origin": [-22, 14.5, -12.75], "size": [9, 0, 13], "inflate": 0.01, "uv": [30, 0]}
					]
				},
				{
					"name": "wing_right3",
					"parent": "wing_right2",
					"pivot": [-22, 14.5, -12.75],
					"cubes": [
						{"origin": [-37, 14.5, -12.75], "size": [15, 0, 13], "uv": [0, 0]}
					]
				},
				{
					"name": "tail",
					"parent": "torso",
					"pivot": [0, 13.6, 6]
				},
				{
					"name": "tail_left",
					"parent": "tail",
					"pivot": [-0.75, 13.6, 6],
					"rotation": [0, 9, 0],
					"cubes": [
						{"origin": [-1, 13.6, 6], "size": [3, 0, 11], "uv": [106, 0]}
					]
				},
				{
					"name": "tail_right",
					"parent": "tail",
					"pivot": [0.75, 13.6, 6],
					"rotation": [0, -9, 0],
					"cubes": [
						{"origin": [-2, 13.6, 6], "size": [3, 0, 11], "uv": [27, 26]}
					]
				},
				{
					"name": "tail_left2",
					"parent": "tail",
					"pivot": [-0.25, 13.5, 6],
					"rotation": [0, 28, 0],
					"cubes": [
						{"origin": [-0.25, 13.5, 6], "size": [3, 0, 11], "uv": [100, 0]}
					]
				},
				{
					"name": "tail_right2",
					"parent": "tail",
					"pivot": [0.25, 13.5, 6],
					"rotation": [0, -28, 0],
					"cubes": [
						{"origin": [-2.75, 13.5, 6], "size": [3, 0, 11], "uv": [21, 26]}
					]
				},
				{
					"name": "neck",
					"parent": "torso",
					"pivot": [0, 12.75, -8.75],
					"rotation": [47.5, 0, 0],
					"cubes": [
						{"origin": [-1.5, 11.75, -10.25], "size": [3, 10, 3], "uv": [0, 0]}
					]
				},
				{
					"name": "neck2",
					"parent": "neck",
					"pivot": [0, 21.75, -7.25],
					"rotation": [60, 0, 0],
					"cubes": [
						{"origin": [-1.5, 21.75, -10.25], "size": [3, 10, 3], "inflate": 0.01, "uv": [0, 13]}
					]
				},
				{
					"name": "head",
					"parent": "neck2",
					"pivot": [0, 31.25, -8.75],
					"rotation": [-90, 0, 0],
					"cubes": [
						{"origin": [-2.5, 28.25, -12.75], "size": [5, 6, 7], "uv": [104, 11]}
					]
				},
				{
					"name": "beak",
					"parent": "head",
					"pivot": [0, 30.75, -12.75],
					"rotation": [5, 0, 0],
					"cubes": [
						{"origin": [-1, 29.75, -16.75], "size": [2, 2, 5], "inflate": 0.01, "uv": [61, 18]}
					],
					"locators": {
						"held_item_fixed": {
							"offset": [0, 30, -18.25],
							"rotation": [90, 0, 0]
						}
					}
				},
				{
					"name": "beak2",
					"parent": "beak",
					"pivot": [0, 29.75, -16.75],
					"rotation": [-5, 0, 0],
					"cubes": [
						{"origin": [-0.5, 29.75, -21.75], "size": [1, 2, 5], "inflate": 0.01, "uv": [0, 26]},
						{"origin": [-0.5, 28.75, -19], "size": [0, 1, 2], "pivot": [-0.5, 29.75, -19], "rotation": [27.5, 0, 0], "uv": [9, 13]},
						{"origin": [-0.5, 28.75, -20.0765], "size": [0, 1, 2], "pivot": [-0.5, 29.75, -18.0765], "rotation": [-27.5, 0, 0], "uv": [9, 12]},
						{"origin": [0.5, 28.75, -20.0765], "size": [0, 1, 2], "pivot": [0.5, 29.75, -18.0765], "rotation": [-27.5, 0, 0], "uv": [9, 0]},
						{"origin": [0.5, 28.75, -19], "size": [0, 1, 2], "pivot": [0.5, 29.75, -19], "rotation": [27.5, 0, 0], "uv": [9, 11]}
					]
				},
				{
					"name": "beak3",
					"parent": "beak2",
					"pivot": [0, 31.75, -21.75],
					"rotation": [12.5, 0, 0],
					"cubes": [
						{"origin": [0, 28.75, -26.75], "size": [0, 3, 5], "uv": [0, 28]}
					]
				},
				{
					"name": "crest",
					"parent": "head",
					"pivot": [0, 34.25, -10.75],
					"rotation": [12.5, 0, 0],
					"cubes": [
						{"origin": [0, 34.25, -12.75], "size": [0, 5, 2], "inflate": 0.01, "uv": [7, 24]}
					]
				},
				{
					"name": "crest2",
					"parent": "head",
					"pivot": [0, 34.25, -11.25],
					"rotation": [-2.5, 0, 0],
					"cubes": [
						{"origin": [0, 34.25, -11.25], "size": [0, 7, 2], "uv": [99, 20]}
					]
				},
				{
					"name": "crest3",
					"parent": "head",
					"pivot": [0, 34.25, -9.75],
					"rotation": [-12.5, 0, 0],
					"cubes": [
						{"origin": [0, 34.25, -9.75], "size": [0, 8, 2], "inflate": 0.01, "uv": [91, 20]}
					]
				},
				{
					"name": "crest4",
					"parent": "head",
					"pivot": [0, 34.25, -8.25],
					"rotation": [-30, 0, 0],
					"cubes": [
						{"origin": [0, 34.25, -8.25], "size": [0, 7, 2], "uv": [95, 20]}
					]
				},
				{
					"name": "crest5",
					"parent": "head",
					"pivot": [0, 34.25, -6.75],
					"rotation": [-55, 0, 0],
					"cubes": [
						{"origin": [0, 33.25, -6.75], "size": [0, 5, 2], "inflate": 0.01, "uv": [0, 24]}
					]
				},
				{
					"name": "eye_right",
					"parent": "head",
					"pivot": [-1.51, 31.5, -11.7625],
					"cubes": [
						{"origin": [-2.01, 31.25, -12.765], "size": [1, 1, 1], "uv": [8, 36]},
						{"origin": [-2.51, 32.5, -12.767], "size": [3, 1, 1], "pivot": [-2.51, 32.5, -12.267], "rotation": [0, 0, 17.5], "uv": [81, 10]},
						{"origin": [-2.51, 30.5, -12.76], "size": [2, 2, 3], "uv": [118, 36]}
					]
				},
				{
					"name": "eyelid_right",
					"parent": "eye_right",
					"pivot": [-1.41, 31.5, -11.66],
					"cubes": [
						{"origin": [-2.41, 30.5, -12.66], "size": [2, 2, 3], "inflate": 0.01, "uv": [63, 50]}
					]
				},
				{
					"name": "eye_left",
					"parent": "head",
					"pivot": [1.51, 31.5, -11.7625],
					"cubes": [
						{"origin": [1.01, 31.25, -12.765], "size": [1, 1, 1], "uv": [9, 0]},
						{"origin": [-0.49, 32.5, -12.767], "size": [3, 1, 1], "pivot": [2.51, 32.5, -12.267], "rotation": [0, 0, -17.5], "uv": [0, 36]},
						{"origin": [0.51, 30.5, -12.76], "size": [2, 2, 3], "uv": [101, 12]}
					]
				},
				{
					"name": "eyelid_left",
					"parent": "eye_left",
					"pivot": [1.41, 31.5, -11.66],
					"cubes": [
						{"origin": [0.41, 30.5, -12.66], "size": [2, 2, 3], "inflate": 0.01, "uv": [81, 5]}
					]
				},
				{
					"name": "jaw",
					"parent": "head",
					"pivot": [0, 29.5, -12.75],
					"rotation": [-2.5, 0, 0],
					"cubes": [
						{"origin": [-1, 29, -16.25], "size": [2, 1, 4], "uv": [0, 48]}
					]
				},
				{
					"name": "leg_left",
					"parent": "body",
					"pivot": [2.25, 5.5, -0.25],
					"rotation": [5, 0, 0],
					"cubes": [
						{"origin": [0.75, 2.75, -2.25], "size": [3, 5, 4], "inflate": 0.01, "uv": [114, 41]}
					]
				},
				{
					"name": "leg_left2",
					"parent": "leg_left",
					"pivot": [2.25, 2.75, 0.25],
					"rotation": [-15, 0, 0],
					"cubes": [
						{"origin": [1.75, 0.75, -0.75], "size": [1, 2, 1], "uv": [8, 48]}
					]
				},
				{
					"name": "foot_left",
					"parent": "leg_left2",
					"pivot": [2.25, 0.75, 0.25],
					"rotation": [10, 0, 0],
					"cubes": [
						{"origin": [1.25, -0.07635, -1.98481], "size": [2, 1, 3], "uv": [81, 22]}
					]
				},
				{
					"name": "toe_back_left",
					"parent": "foot_left",
					"pivot": [2.25, 0.92365, 1.01519],
					"cubes": [
						{"origin": [1.75, -0.07635, 1.01519], "size": [1, 1, 2], "inflate": 0.01, "uv": [72, 38]}
					]
				},
				{
					"name": "claw_back_left",
					"parent": "toe_back_left",
					"pivot": [2.25, 0.92365, 3.01519],
					"cubes": [
						{"origin": [2.25, -0.07635, 3.01519], "size": [0, 1, 1], "uv": [10, 34]}
					]
				},
				{
					"name": "toe_inner_left",
					"parent": "foot_left",
					"pivot": [2, 0.92365, -1.73481],
					"rotation": [0, 20, 0],
					"cubes": [
						{"origin": [1, -0.07635, -3.73481], "size": [1, 1, 2], "inflate": 0.01, "uv": [115, 24]}
					]
				},
				{
					"name": "claw_inner_left",
					"parent": "toe_inner_left",
					"pivot": [1.5, 0.92365, -3.73481],
					"cubes": [
						{"origin": [1.5, -0.07635, -4.73481], "size": [0, 1, 1], "uv": [10, 33]}
					]
				},
				{
					"name": "toe_middle_left",
					"parent": "foot_left",
					"pivot": [2.25, 0.92365, -1.73481],
					"cubes": [
						{"origin": [1.75, -0.07635, -3.73481], "size": [1, 1, 2], "inflate": 0.01, "uv": [109, 24]}
					]
				},
				{
					"name": "claw_middle_left",
					"parent": "toe_middle_left",
					"pivot": [2.25, 0.92365, -3.73481],
					"cubes": [
						{"origin": [2.25, -0.07635, -4.73481], "size": [0, 1, 1], "uv": [10, 32]}
					]
				},
				{
					"name": "toe_outer_left",
					"parent": "foot_left",
					"pivot": [2.5, 0.92365, -1.73481],
					"rotation": [0, -20, 0],
					"cubes": [
						{"origin": [2.5, -0.07635, -3.73481], "size": [1, 1, 2], "inflate": 0.01, "uv": [103, 24]}
					]
				},
				{
					"name": "claw_outer_left",
					"parent": "toe_outer_left",
					"pivot": [3, 0.92365, -3.73481],
					"cubes": [
						{"origin": [3, -0.07635, -4.73481], "size": [0, 1, 1], "uv": [0, 14]}
					]
				},
				{
					"name": "leg_right",
					"parent": "body",
					"pivot": [-2.25, 5.5, -0.25],
					"rotation": [5, 0, 0],
					"cubes": [
						{"origin": [-3.75, 2.75, -2.25], "size": [3, 5, 4], "inflate": 0.01, "uv": [97, 45]}
					]
				},
				{
					"name": "leg_right2",
					"parent": "leg_right",
					"pivot": [-2.25, 2.75, 0.25],
					"rotation": [-15, 0, 0],
					"cubes": [
						{"origin": [-2.75, 0.75, -0.75], "size": [1, 2, 1], "uv": [0, 48]}
					]
				},
				{
					"name": "foot_right",
					"parent": "leg_right2",
					"pivot": [-2.25, 0.75, 0.25],
					"rotation": [10, 0, 0],
					"cubes": [
						{"origin": [-3.25, -0.07635, -1.98481], "size": [2, 1, 3], "uv": [111, 50]}
					]
				},
				{
					"name": "toe_back_right",
					"parent": "foot_right",
					"pivot": [-2.25, 0.92365, 1.01519],
					"cubes": [
						{"origin": [-2.75, -0.07635, 1.01519], "size": [1, 1, 2], "inflate": 0.01, "uv": [70, 50]}
					]
				},
				{
					"name": "claw_back_right",
					"parent": "toe_back_right",
					"pivot": [-2.25, 0.92365, 3.01519],
					"cubes": [
						{"origin": [-2.25, -0.07635, 3.01519], "size": [0, 1, 1], "uv": [0, 13]}
					]
				},
				{
					"name": "toe_inner_right",
					"parent": "foot_right",
					"pivot": [-2, 0.92365, -1.73481],
					"rotation": [0, -20, 0],
					"cubes": [
						{"origin": [-2, -0.07635, -3.73481], "size": [1, 1, 2], "inflate": 0.01, "uv": [70, 18]}
					]
				},
				{
					"name": "claw_inner_right",
					"parent": "toe_inner_right",
					"pivot": [-1.5, 0.92365, -3.73481],
					"cubes": [
						{"origin": [-1.5, -0.07635, -4.73481], "size": [0, 1, 1], "uv": [0, 12]}
					]
				},
				{
					"name": "toe_middle_right",
					"parent": "foot_right",
					"pivot": [-2.25, 0.92365, -1.73481],
					"cubes": [
						{"origin": [-2.75, -0.07635, -3.73481], "size": [1, 1, 2], "inflate": 0.01, "uv": [118, 50]}
					]
				},
				{
					"name": "claw_middle_right",
					"parent": "toe_middle_right",
					"pivot": [-2.25, 0.92365, -3.73481],
					"cubes": [
						{"origin": [-2.25, -0.07635, -4.73481], "size": [0, 1, 1], "uv": [0, 1]}
					]
				},
				{
					"name": "toe_outer_right",
					"parent": "foot_right",
					"pivot": [-2.5, 0.92365, -1.73481],
					"rotation": [0, 20, 0],
					"cubes": [
						{"origin": [-3.5, -0.07635, -3.73481], "size": [1, 1, 2], "inflate": 0.01, "uv": [107, 45]}
					]
				},
				{
					"name": "claw_outer_right",
					"parent": "toe_outer_right",
					"pivot": [-3, 0.92365, -3.73481],
					"cubes": [
						{"origin": [-3, -0.07635, -4.73481], "size": [0, 1, 1], "uv": [0, 0]}
					]
				}
			]
		}
	]
}