{
	"format_version": "1.12.0",
	"minecraft:geometry": [
		{
			"description": {
				"identifier": "geometry.mudkip",
				"texture_width": 64,
				"texture_height": 64,
				"visible_bounds_width": 3,
				"visible_bounds_height": 2.5,
				"visible_bounds_offset": [0, 0.75, 0]
			},
			"bones": [
				{
					"name": "mudkip",
					"pivot": [0, 0, 0]
				},
				{
					"name": "body",
					"parent": "mudkip",
					"pivot": [0, 4.5, 0.5],
					"cubes": [
						{"origin": [-3.5, 2, -4], "size": [7, 5, 9], "pivot": [0, 4.5, 0.5], "rotation": [-2.5, 0, 0], "uv": [0, 14]}
					]
				},
				{
					"name": "head",
					"parent": "body",
					"pivot": [0, 6.5, -2],
					"cubes": [
						{"origin": [-4.5, 6, -6.25], "size": [9, 7, 7], "uv": [0, 0]},
						{"origin": [0, 12.75, -5.75], "size": [0, 8, 5], "pivot": [0, 16.75, -3.25], "rotation": [5, 0, 0], "uv": [23, 9]}
					]
				},
				{
					"name": "eye_left",
					"parent": "head",
					"pivot": [2.25, 10.75, -6.3],
					"rotation": [0, 0, 2.5],
					"cubes": [
						{"origin": [1.25, 9.25, -6.3], "size": [2, 2, 0], "inflate": 0.02, "uv": [0, 0]}
					]
				},
				{
					"name": "eye_right",
					"parent": "head",
					"pivot": [-2.25, 10.75, -6.3],
					"rotation": [0, 0, -2.5],
					"cubes": [
						{"origin": [-3.25, 9.25, -6.3], "size": [2, 2, 0], "inflate": 0.02, "uv": [0, 0], "mirror": true}
					]
				},
				{
					"name": "eyelid_right",
					"parent": "head",
					"pivot": [-2.22819, 10.25048, -6.05],
					"rotation": [0, 0, -2.5],
					"cubes": [
						{"origin": [-3.22819, 9.25048, -6.05], "size": [2, 2, 1], "inflate": 0.04, "uv": [0, 4], "mirror": true}
					]
				},
				{
					"name": "eyelid_left",
					"parent": "head",
					"pivot": [2.22819, 10.25048, -6.05],
					"rotation": [0, 0, 2.5],
					"cubes": [
						{"origin": [1.22819, 9.25048, -6.05], "size": [2, 2, 1], "inflate": 0.04, "uv": [0, 4]}
					]
				},
				{
					"name": "atenna_left",
					"parent": "head",
					"pivot": [4.5, 8.25, -3.25],
					"cubes": [
						{"origin": [4.5, 5.75, -3.25], "size": [4, 5, 0], "uv": [0, 14]}
					]
				},
				{
					"name": "atenna_right",
					"parent": "head",
					"pivot": [-4.5, 8.25, -3.25],
					"cubes": [
						{"origin": [-8.5, 5.75, -3.25], "size": [4, 5, 0], "uv": [32, 8]}
					]
				},
				{
					"name": "leg_front_left",
					"parent": "body",
					"pivot": [2.75, 4, -2],
					"cubes": [
						{"origin": [1.75, 0, -3.5], "size": [2, 5, 3], "uv": [16, 28]}
					]
				},
				{
					"name": "leg_front_right",
					"parent": "body",
					"pivot": [-2.75, 4, -2],
					"cubes": [
						{"origin": [-3.75, 0, -3.5], "size": [2, 5, 3], "uv": [32, 19]}
					]
				},
				{
					"name": "leg_back_left",
					"parent": "body",
					"pivot": [2.75, 4, 3.25],
					"cubes": [
						{"origin": [1.75, 0, 1.75], "size": [2, 5, 3], "uv": [26, 28]}
					]
				},
				{
					"name": "leg_back_right",
					"parent": "body",
					"pivot": [-2.75, 4, 3.25],
					"cubes": [
						{"origin": [-3.75, 0, 1.75], "size": [2, 5, 3], "uv": [32, 0]}
					]
				},
				{
					"name": "tail",
					"parent": "body",
					"pivot": [0, 4.5, 4.75],
					"cubes": [
						{"origin": [0, 0.5, 4.75], "size": [0, 11, 8], "uv": [0, 20]}
					]
				}
			]
		}
	]
}