{
	"format_version": "1.12.0",
	"minecraft:geometry": [
		{
			"description": {
				"identifier": "geometry.kakuna",
				"texture_width": 32,
				"texture_height": 32,
				"visible_bounds_width": 2,
				"visible_bounds_height": 2.5,
				"visible_bounds_offset": [0, 0.75, 0]
			},
			"bones": [
				{
					"name": "kakuna",
					"pivot": [0, 0, 0]
				},
				{
					"name": "body",
					"parent": "kakuna",
					"pivot": [0, 7.49343, -0.12849],
					"cubes": [
						{"origin": [-3, 4, -2.75], "size": [6, 7, 5], "uv": [0, 11]}
					],
					"locators": {
						"held_item_fixed": [0, 5.25, -3.25]
					}
				},
				{
					"name": "head",
					"parent": "body",
					"pivot": [0, 10, -0.25],
					"rotation": [10, 0, 0],
					"cubes": [
						{"origin": [-3.5, 10, -3.5], "size": [7, 5, 6], "uv": [0, 0]}
					]
				},
				{
					"name": "eyes",
					"parent": "head",
					"pivot": [0, 12.25, -2.5],
					"cubes": [
						{"origin": [-3.5, 11.25, -3.5], "size": [2, 2, 2], "inflate": 0.01, "uv": [24, 13]},
						{"origin": [1.5, 11.25, -3.5], "size": [2, 2, 2], "inflate": 0.01, "uv": [24, 9], "mirror": true}
					]
				},
				{
					"name": "tail",
					"parent": "body",
					"pivot": [0, 4.5, -0.25],
					"rotation": [-15, 0, 0],
					"cubes": [
						{"origin": [-2, 0.5, -2.75], "size": [4, 4, 4], "uv": [0, 23]}
					]
				}
			]
		}
	]
}