{
	"format_version": "1.12.0",
	"minecraft:geometry": [
		{
			"description": {
				"identifier": "geometry.kangaskhan",
				"texture_width": 128,
				"texture_height": 128,
				"visible_bounds_width": 5,
				"visible_bounds_height": 4,
				"visible_bounds_offset": [0, 1, 0]
			},
			"bones": [
				{
					"name": "kangaskhan",
					"pivot": [0, 0, 0]
				},
				{
					"name": "body",
					"parent": "kangaskhan",
					"pivot": [0, 14, 0],
					"cubes": [
						{"origin": [-7, 5, -5], "size": [14, 18, 10], "uv": [0, 0]},
						{"origin": [-6, 6, -9], "size": [12, 8, 4], "uv": [44, 24]},
						{"origin": [0, 13, 5], "size": [0, 9, 3], "inflate": 0.02, "uv": [0, 25]}
					]
				},
				{
					"name": "baby",
					"parent": "body",
					"pivot": [0, 0, 0]
				},
				{
					"name": "bodybaby",
					"parent": "baby",
					"pivot": [0, 13.5, -7.25],
					"cubes": [
						{"origin": [-2, 11, -8.75], "size": [4, 5, 3], "uv": [65, 65]}
					]
				},
				{
					"name": "headbaby",
					"parent": "bodybaby",
					"pivot": [0, 16, -7.25],
					"cubes": [
						{"origin": [2.42262, 19.15631, -8.25], "size": [0, 2, 3], "inflate": 0.02, "pivot": [2.42262, 20.15631, -6.75], "rotation": [0, 0, 25], "uv": [0, 4]},
						{"origin": [-2.42262, 19.15631, -8.25], "size": [0, 2, 3], "inflate": 0.02, "pivot": [-2.42262, 20.15631, -6.75], "rotation": [0, 0, -25], "uv": [0, 0]},
						{"origin": [-2, 16, -10.25], "size": [4, 4, 5], "uv": [0, 58]},
						{"origin": [-1.5, 16, -11.25], "size": [3, 2, 1], "uv": [0, 75]},
						{"origin": [2.025, 17.75, -9.5], "size": [0, 2, 2], "inflate": 0.02, "pivot": [0, 18.75, -8.5], "rotation": [5, 0, 0], "uv": [0, 58]},
						{"origin": [-2.025, 17.75, -9.5], "size": [0, 2, 2], "inflate": 0.02, "pivot": [0, 18.75, -8.5], "rotation": [5, 0, 0], "uv": [0, 58], "mirror": true}
					]
				},
				{
					"name": "lefteyelidbaby",
					"parent": "headbaby",
					"pivot": [0, 18.75, -8.5],
					"cubes": [
						{"origin": [0.925, 17.75, -9.5], "size": [1, 2, 2], "inflate": 0.04, "pivot": [0, 18.75, -8.5], "rotation": [5, 0, 0], "uv": [13, 78]}
					]
				},
				{
					"name": "righteyelidbaby",
					"parent": "headbaby",
					"pivot": [0, 18.75, -8.5],
					"cubes": [
						{"origin": [-1.925, 17.75, -9.5], "size": [1, 2, 2], "inflate": 0.04, "pivot": [0, 18.75, -8.5], "rotation": [5, 0, 0], "uv": [13, 78], "mirror": true}
					]
				},
				{
					"name": "leftarmbaby",
					"parent": "bodybaby",
					"pivot": [2, 14.75, -7.25],
					"cubes": [
						{"origin": [1, 13.75, -8.25], "size": [4, 2, 2], "uv": [40, 52]}
					]
				},
				{
					"name": "rightarmbaby",
					"parent": "bodybaby",
					"pivot": [-2, 14.75, -7.25],
					"cubes": [
						{"origin": [-5, 13.75, -8.25], "size": [4, 2, 2], "uv": [62, 18]}
					],
					"locators": {
						"held_item_fixed": {
							"offset": [-4.25, 12, -10.75],
							"rotation": [0, -115, 0]
						}
					}
				},
				{
					"name": "leftlegbaby",
					"parent": "bodybaby",
					"pivot": [1.5, 12.5, -7.5],
					"cubes": [
						{"origin": [0.5, 9, -8.5], "size": [2, 4, 2], "uv": [16, 65]}
					]
				},
				{
					"name": "rightlegbaby",
					"parent": "bodybaby",
					"pivot": [-1.5, 12.5, -7.5],
					"cubes": [
						{"origin": [-2.5, 9, -8.5], "size": [2, 4, 2], "uv": [0, 67]}
					]
				},
				{
					"name": "tail",
					"parent": "body",
					"pivot": [0, 8, 5],
					"cubes": [
						{"origin": [-3, 5.5, 4], "size": [6, 5, 11], "uv": [27, 36]},
						{"origin": [0, 10.5, 6], "size": [0, 2, 9], "inflate": 0.02, "uv": [0, 47]}
					]
				},
				{
					"name": "tail2",
					"parent": "tail",
					"pivot": [0.125, 6, 15],
					"cubes": [
						{"origin": [0, 10, 15], "size": [0, 2, 5], "inflate": 0.02, "uv": [0, 0]},
						{"origin": [-1.5, 6, 15], "size": [3, 4, 5], "uv": [62, 45]}
					]
				},
				{
					"name": "head",
					"parent": "body",
					"pivot": [0, 23, 0.25],
					"cubes": [
						{"origin": [-4.5, 22.5, -6], "size": [9, 8, 10], "uv": [0, 28]},
						{"origin": [-3.5, 22.5, -9], "size": [7, 5, 3], "uv": [24, 69]},
						{"origin": [0, 22.5, 4], "size": [0, 8, 3], "inflate": 0.02, "uv": [18, 53]}
					]
				},
				{
					"name": "lefteyelid",
					"parent": "head",
					"pivot": [0, 0, 0],
					"cubes": [
						{"origin": [3.4, 26.5, -5], "size": [1, 2, 4], "inflate": 0.04, "uv": [72, 22]}
					]
				},
				{
					"name": "righteyelid",
					"parent": "head",
					"pivot": [0, 0, 0],
					"cubes": [
						{"origin": [-4.4, 26.5, -5], "size": [1, 2, 4], "inflate": 0.04, "uv": [72, 22], "mirror": true}
					]
				},
				{
					"name": "leftear",
					"parent": "head",
					"pivot": [4.5, 29.25, 0.75],
					"cubes": [
						{"origin": [4.5, 29.25, -1.75], "size": [7, 0, 5], "inflate": 0.02, "uv": [23, 28]}
					]
				},
				{
					"name": "rightear",
					"parent": "head",
					"pivot": [-4.5, 29.25, 0.75],
					"cubes": [
						{"origin": [-11.5, 29.25, -1.75], "size": [7, 0, 5], "inflate": 0.02, "uv": [23, 28], "mirror": true}
					]
				},
				{
					"name": "leftarm",
					"parent": "body",
					"pivot": [7, 21, -0.25],
					"cubes": [
						{"origin": [6, 18, -2.75], "size": [10, 4, 5], "inflate": 0.01, "uv": [38, 0]}
					]
				},
				{
					"name": "leftforearm",
					"parent": "leftarm",
					"pivot": [16, 20, 2.25],
					"cubes": [
						{"origin": [16, 18, -2.75], "size": [8, 4, 5], "uv": [48, 9]},
						{"origin": [24, 18.75, 1.75], "size": [2, 3, 0], "inflate": 0.02, "uv": [34, 33]},
						{"origin": [24, 18.75, -0.25], "size": [2, 3, 0], "inflate": 0.02, "uv": [6, 32]},
						{"origin": [24, 18.75, -2.25], "size": [2, 3, 0], "inflate": 0.02, "uv": [0, 0]}
					]
				},
				{
					"name": "rightarm",
					"parent": "body",
					"pivot": [-7, 21, -0.25],
					"cubes": [
						{"origin": [-16, 18, -2.75], "size": [10, 4, 5], "inflate": 0.01, "uv": [0, 47]}
					]
				},
				{
					"name": "rightforearm",
					"parent": "rightarm",
					"pivot": [-16, 20, 2.25],
					"cubes": [
						{"origin": [-24, 18, -2.75], "size": [8, 4, 5], "inflate": 0.02, "uv": [50, 36]},
						{"origin": [-26, 18.75, 1.75], "size": [2, 3, 0], "inflate": 0.02, "uv": [38, 0]},
						{"origin": [-26, 18.75, -0.25], "size": [2, 3, 0], "inflate": 0.02, "uv": [6, 35]},
						{"origin": [-26, 18.75, -2.25], "size": [2, 3, 0], "inflate": 0.02, "uv": [38, 33]}
					]
				},
				{
					"name": "leftleg",
					"parent": "body",
					"pivot": [5.5, 9, -0.5],
					"cubes": [
						{"origin": [3, 0, -3.5], "size": [5, 10, 6], "uv": [24, 52]},
						{"origin": [2.99215, 0, -5.46618], "size": [0, 2, 2], "inflate": 0.02, "pivot": [2.99215, 1, -4.46618], "rotation": [0, 15, 0], "uv": [6, 5]},
						{"origin": [5.5, 0, -6.5], "size": [0, 2, 3], "inflate": 0.02, "uv": [28, 30]},
						{"origin": [8.00785, 0, -5.46618], "size": [0, 2, 2], "inflate": 0.02, "pivot": [8.00785, 1, -4.46618], "rotation": [0, -15, 0], "uv": [6, 0]}
					]
				},
				{
					"name": "rightleg",
					"parent": "body",
					"pivot": [-5.5, 9, -0.5],
					"cubes": [
						{"origin": [-8, 0, -3.5], "size": [5, 10, 6], "uv": [46, 52]},
						{"origin": [-2.99215, 0, -5.46618], "size": [0, 2, 2], "inflate": 0.02, "pivot": [-2.99215, 1, -4.46618], "rotation": [0, -15, 0], "uv": [6, 26]},
						{"origin": [-5.5, 0, -6.5], "size": [0, 2, 3], "inflate": 0.02, "uv": [28, 32]},
						{"origin": [-8.00785, 0, -5.46618], "size": [0, 2, 2], "inflate": 0.02, "pivot": [-8.00785, 1, -4.46618], "rotation": [0, 15, 0], "uv": [6, 28]}
					]
				}
			]
		}
	]
}