{
	"format_version": "1.12.0",
	"minecraft:geometry": [
		{
			"description": {
				"identifier": "geometry.emboar",
				"texture_width": 128,
				"texture_height": 128,
				"visible_bounds_width": 5,
				"visible_bounds_height": 3.5,
				"visible_bounds_offset": [0, 1.25, 0]
			},
			"bones": [
				{
					"name": "emboar",
					"pivot": [0, 0, 0]
				},
				{
					"name": "body",
					"parent": "emboar",
					"pivot": [0, 18, 0]
				},
				{
					"name": "torso",
					"parent": "body",
					"pivot": [0, 8, 1],
					"cubes": [
						{"origin": [-8.5, 21, -5.5], "size": [17, 4, 14], "uv": [0, 30]},
						{"origin": [-9, 7, -7], "size": [18, 14, 16], "uv": [0, 0]},
						{"origin": [4, 21, -6], "size": [5, 6, 0], "pivot": [4, 21, -6], "rotation": [0, 0, 47.5], "uv": [80, 48]},
						{"origin": [-0.5, 21, 8.99], "size": [4, 7, 0], "pivot": [-0.5, 21, 9], "rotation": [0, 0, 52.5], "uv": [86, 70]},
						{"origin": [-3.5, 21, 8.99], "size": [4, 7, 0], "pivot": [0.5, 21, 9], "rotation": [0, 0, -52.5], "uv": [86, 12]},
						{"origin": [9, 10, -6], "size": [5, 0, 12], "pivot": [9, 10, 0.5], "rotation": [0, 0, 47.5], "uv": [40, 0]},
						{"origin": [7.5, 10, -8], "size": [4, 0, 3], "pivot": [8.5, 10, -6.5], "rotation": [32.73241, 32.79775, 49.87926], "uv": [0, 39]},
						{"origin": [-11.5, 10, -8], "size": [4, 0, 3], "pivot": [-8.5, 10, -6.5], "rotation": [32.73241, -32.79775, -49.87926], "uv": [0, 36]},
						{"origin": [-14, 10, -6], "size": [5, 0, 12], "pivot": [-9, 10, 0.5], "rotation": [0, 0, -47.5], "uv": [36, 30]},
						{"origin": [-9, 21, -6], "size": [5, 6, 0], "pivot": [-4, 21, -6], "rotation": [0, 0, -47.5], "uv": [17, 76]}
					]
				},
				{
					"name": "tail",
					"parent": "torso",
					"pivot": [0, 8.5, 9],
					"cubes": [
						{"origin": [-1, 7.5, 8], "size": [2, 2, 8], "uv": [78, 56]}
					]
				},
				{
					"name": "tail2",
					"parent": "tail",
					"pivot": [0, 7.5, 16],
					"cubes": [
						{"origin": [-1, 7.5, 16], "size": [2, 2, 8], "inflate": 0.01, "uv": [77, 77]}
					]
				},
				{
					"name": "tail3",
					"parent": "tail2",
					"pivot": [0, 8.5, 23],
					"cubes": [
						{"origin": [-2, 6.5, 23], "size": [4, 4, 4], "uv": [0, 0]},
						{"origin": [-1.5, 10.5, 24], "size": [3, 0, 3], "pivot": [0, 10.5, 24], "rotation": [25, 0, 0], "uv": [55, 12]},
						{"origin": [-1.5, 6.5, 24], "size": [3, 0, 3], "pivot": [0, 6.5, 24], "rotation": [-25, 0, 0], "uv": [49, 12]},
						{"origin": [2, 7, 24], "size": [0, 3, 3], "pivot": [2, 8.5, 24], "rotation": [0, 25, 0], "uv": [60, 61]},
						{"origin": [-2, 7, 24], "size": [0, 3, 3], "pivot": [-2, 8.5, 24], "rotation": [0, -25, 0], "uv": [0, 61]},
						{"origin": [-1.5, 8.5, 26.5], "size": [3, 0, 3], "pivot": [0, 8.5, 28], "rotation": [0, 0, 45], "uv": [55, 38]},
						{"origin": [-1.5, 8.5, 26.5], "size": [3, 0, 3], "pivot": [0, 8.5, 28], "rotation": [0, 0, -45], "uv": [59, 0]}
					]
				},
				{
					"name": "head",
					"parent": "torso",
					"pivot": [0, 25.25, 1],
					"cubes": [
						{"origin": [-5, 23.5, -4], "size": [10, 8, 10], "uv": [58, 20]},
						{"origin": [-5, 25.5, -4.01], "size": [10, 1, 3], "inflate": 0.01, "uv": [78, 66]},
						{"origin": [5, 25.5, -3.01], "size": [0, 3, 2], "pivot": [4.5, 25.5, -2.01], "rotation": [0, 0, 7.5], "uv": [11, 9]},
						{"origin": [-5, 25.5, -3.01], "size": [0, 3, 2], "pivot": [-4.5, 25.5, -2.01], "rotation": [0, 0, -7.5], "uv": [11, 6]},
						{"origin": [2.02, 29, -4.02], "size": [3, 2, 2], "inflate": 0.01, "uv": [86, 0]},
						{"origin": [-5.02, 29, -4.02], "size": [3, 2, 2], "inflate": 0.01, "uv": [83, 38]}
					]
				},
				{
					"name": "eyebrow_left",
					"parent": "head",
					"pivot": [5.025, 29.75, -3.51],
					"rotation": [15, 0, 0],
					"cubes": [
						{"origin": [5.031, 29.25, -4.01], "size": [0, 5, 9], "uv": [67, 68]}
					]
				},
				{
					"name": "eyebrow_right",
					"parent": "head",
					"pivot": [-5.025, 29.75, -3.51],
					"rotation": [15, 0, 0],
					"cubes": [
						{"origin": [-5.031, 29.25, -4.01], "size": [0, 5, 9], "uv": [68, 3]}
					]
				},
				{
					"name": "nose",
					"parent": "head",
					"pivot": [0, 29.25, -4.01],
					"cubes": [
						{"origin": [-1.25, 26.75, -5.51], "size": [1, 2, 1], "uv": [10, 41]},
						{"origin": [-1.5, 26.25, -5.5], "size": [3, 3, 2], "uv": [45, 77]},
						{"origin": [0.25, 26.75, -5.51], "size": [1, 2, 1], "uv": [0, 41]}
					]
				},
				{
					"name": "eye_left",
					"parent": "head",
					"pivot": [3.51, 28, -3.51],
					"cubes": [
						{"origin": [2.51, 28.25, -4.015], "size": [1, 1, 1], "uv": [12, 0]},
						{"origin": [2.01, 27, -4.01], "size": [3, 2, 1], "uv": [88, 19]}
					]
				},
				{
					"name": "eyelid_left",
					"parent": "eye_left",
					"pivot": [3.41, 28, -3.41],
					"cubes": [
						{"origin": [1.91, 27, -3.91], "size": [3, 2, 1], "inflate": 0.01, "uv": [82, 87]}
					]
				},
				{
					"name": "eye_right",
					"parent": "head",
					"pivot": [-3.51, 28, -3.51],
					"cubes": [
						{"origin": [-3.51, 28.25, -4.015], "size": [1, 1, 1], "uv": [0, 0]},
						{"origin": [-5.01, 27, -4.01], "size": [3, 2, 1], "uv": [74, 87]}
					]
				},
				{
					"name": "eyelid_right",
					"parent": "eye_right",
					"pivot": [-3.41, 28, -3.41],
					"cubes": [
						{"origin": [-4.91, 27, -3.91], "size": [3, 2, 1], "inflate": 0.01, "uv": [40, 87]}
					]
				},
				{
					"name": "arm_left",
					"parent": "torso",
					"pivot": [8.5, 22, 1.5],
					"cubes": [
						{"origin": [7, 19.5, -1], "size": [8, 5, 5], "uv": [24, 77]}
					]
				},
				{
					"name": "arm_left2",
					"parent": "arm_left",
					"pivot": [15, 22, 4],
					"cubes": [
						{"origin": [15, 19, -1.5], "size": [9, 6, 6], "uv": [0, 64]},
						{"origin": [11, 24.99, 1.5], "size": [4, 0, 3], "pivot": [15, 24.99, 1.5], "rotation": [7.09597, 18.74724, 21.17283], "uv": [0, 33]},
						{"origin": [11, 19.01, 1.5], "size": [4, 0, 3], "pivot": [15, 19.01, 1.5], "rotation": [-7.09597, 18.74724, -21.17283], "uv": [0, 30]}
					]
				},
				{
					"name": "claw_left3",
					"parent": "arm_left2",
					"pivot": [24, 23, 3.5],
					"cubes": [
						{"origin": [24, 20, 3.5], "size": [4, 3, 0], "uv": [0, 88]}
					]
				},
				{
					"name": "claw_left2",
					"parent": "arm_left2",
					"pivot": [24, 24, 1.5],
					"cubes": [
						{"origin": [24, 21, 1.5], "size": [4, 3, 0], "uv": [8, 88]}
					]
				},
				{
					"name": "claw_left",
					"parent": "arm_left2",
					"pivot": [24, 23, -0.5],
					"cubes": [
						{"origin": [24, 20, -0.5], "size": [4, 3, 0], "uv": [16, 88]}
					]
				},
				{
					"name": "arm_right",
					"parent": "torso",
					"pivot": [-8.5, 22, 1.5],
					"cubes": [
						{"origin": [-15, 19.5, -1], "size": [8, 5, 5], "uv": [62, 38]}
					]
				},
				{
					"name": "arm_right2",
					"parent": "arm_right",
					"pivot": [-15, 22, 4],
					"cubes": [
						{"origin": [-24, 19, -1.5], "size": [9, 6, 6], "uv": [62, 0]},
						{"origin": [-15, 24.99, 1.5], "size": [4, 0, 3], "pivot": [-15, 24.99, 1.5], "rotation": [7.09597, -18.74724, -21.17283], "uv": [0, 11]},
						{"origin": [-15, 19.01, 1.5], "size": [4, 0, 3], "pivot": [-15, 19.01, 1.5], "rotation": [-7.09597, -18.74724, 21.17283], "uv": [0, 8]}
					]
				},
				{
					"name": "claw_right3",
					"parent": "arm_right2",
					"pivot": [-24, 23, 3.5],
					"cubes": [
						{"origin": [-28, 20, 3.5], "size": [4, 3, 0], "uv": [32, 87]}
					]
				},
				{
					"name": "claw_right2",
					"parent": "arm_right2",
					"pivot": [-24, 24, 1.5],
					"cubes": [
						{"origin": [-28, 21, 1.5], "size": [4, 3, 0], "uv": [24, 87]}
					]
				},
				{
					"name": "claw_right",
					"parent": "arm_right2",
					"pivot": [-24, 23, -0.5],
					"cubes": [
						{"origin": [-28, 20, -0.5], "size": [4, 3, 0], "uv": [78, 17]}
					]
				},
				{
					"name": "fire_right",
					"parent": "torso",
					"pivot": [0, 24.5, -5.5],
					"rotation": [-25, 0, 20],
					"cubes": [
						{"origin": [-4, 18.5, -5.5], "size": [5, 6, 0], "uv": [50, 64]}
					]
				},
				{
					"name": "fire_left",
					"parent": "torso",
					"pivot": [0, 24.5, -5.5],
					"rotation": [-25, 0, -20],
					"cubes": [
						{"origin": [-1, 18.5, -5.5], "size": [5, 6, 0], "uv": [24, 64]}
					]
				},
				{
					"name": "fire_right2",
					"parent": "torso",
					"pivot": [-3, 24.5, -5.75],
					"rotation": [0, 2.5, 10],
					"cubes": [
						{"origin": [-8, 23, -5.75], "size": [5, 3, 0], "uv": [74, 82]}
					]
				},
				{
					"name": "fire_right3",
					"parent": "fire_right2",
					"pivot": [-7, 24, -5.75],
					"rotation": [0, -10, -22.5],
					"cubes": [
						{"origin": [-6, 21.5, -5.75], "size": [0, 16, 20], "uv": [40, 28]}
					]
				},
				{
					"name": "fire_left2",
					"parent": "torso",
					"pivot": [3, 24.5, -5.75],
					"rotation": [0, -2.5, -10],
					"cubes": [
						{"origin": [3, 23, -5.75], "size": [5, 3, 0], "uv": [68, 17]}
					]
				},
				{
					"name": "fire_left3",
					"parent": "fire_left2",
					"pivot": [7, 24, -5.75],
					"rotation": [0, 10, 22.5],
					"cubes": [
						{"origin": [6, 21.5, -5.75], "size": [0, 16, 20], "uv": [0, 28]}
					]
				},
				{
					"name": "leg_left",
					"parent": "body",
					"pivot": [6.5, 7.5, 1],
					"cubes": [
						{"origin": [3.5, 3.5, -3], "size": [6, 5, 8], "uv": [58, 64]}
					]
				},
				{
					"name": "leg_left2",
					"parent": "leg_left",
					"pivot": [6.5, 3.5, -1],
					"cubes": [
						{"origin": [4, 0, -2.5], "size": [5, 5, 7], "uv": [50, 77]}
					]
				},
				{
					"name": "toe_left",
					"parent": "leg_left2",
					"pivot": [7.5, 2, -2.5],
					"cubes": [
						{"origin": [7.5, 0, -4.5], "size": [0, 2, 2], "uv": [4, 12]}
					]
				},
				{
					"name": "toe_left2",
					"parent": "leg_left2",
					"pivot": [5.5, 2, -2.5],
					"cubes": [
						{"origin": [5.5, 0, -4.5], "size": [0, 2, 2], "uv": [12, 0]}
					]
				},
				{
					"name": "leg_right",
					"parent": "body",
					"pivot": [-6.5, 7.5, 1],
					"cubes": [
						{"origin": [-9.5, 3.5, -3], "size": [6, 5, 8], "uv": [30, 64]}
					]
				},
				{
					"name": "leg_right2",
					"parent": "leg_right",
					"pivot": [-6.5, 3.5, -1],
					"cubes": [
						{"origin": [-9, 0, -2.5], "size": [5, 5, 7], "uv": [0, 76]}
					]
				},
				{
					"name": "toe_right",
					"parent": "leg_right2",
					"pivot": [-7.5, 2, -2.5],
					"cubes": [
						{"origin": [-7.5, 0, -4.5], "size": [0, 2, 2], "uv": [0, 12]}
					]
				},
				{
					"name": "toe_right2",
					"parent": "leg_right2",
					"pivot": [-5.5, 2, -2.5],
					"cubes": [
						{"origin": [-5.5, 0, -4.5], "size": [0, 2, 2], "uv": [0, 0]}
					]
				}
			]
		}
	]
}