{
	"format_version": "1.12.0",
	"minecraft:geometry": [
		{
			"description": {
				"identifier": "geometry.sandshrew",
				"texture_width": 64,
				"texture_height": 32,
				"visible_bounds_width": 3,
				"visible_bounds_height": 3.5,
				"visible_bounds_offset": [0, 1.25, 0]
			},
			"bones": [
				{
					"name": "sandshrew",
					"pivot": [0, 0, 0]
				},
				{
					"name": "body",
					"parent": "sandshrew",
					"pivot": [0, 0, 0]
				},
				{
					"name": "torso",
					"parent": "body",
					"pivot": [0, 6.5, 0.25],
					"cubes": [
						{"origin": [-4, 2, -3.25], "size": [8, 9, 7], "uv": [0, 0]}
					]
				},
				{
					"name": "head",
					"parent": "torso",
					"pivot": [0, 10.5, -0.75],
					"cubes": [
						{"origin": [-3.5, 10, -4.75], "size": [7, 6, 7], "uv": [0, 16]},
						{"origin": [-2.5, 10, -6], "size": [5, 5, 2], "pivot": [0, 11, -4.875], "rotation": [-5, 0, 0], "uv": [32, 22]},
						{"origin": [-1.5, 9.25, -6], "size": [3, 1, 2], "pivot": [0, 11, -4.875], "rotation": [2.5, 0, 0], "uv": [0, 29]}
					]
				},
				{
					"name": "eyes",
					"parent": "head",
					"pivot": [0, 13, -2.5]
				},
				{
					"name": "eye_right",
					"parent": "eyes",
					"pivot": [-3.51, 13, -2.5],
					"rotation": [15, 0, 0],
					"cubes": [
						{"origin": [-3.51, 12, -4], "size": [0, 2, 3], "uv": [0, 16]}
					]
				},
				{
					"name": "eyelid_right",
					"parent": "eye_right",
					"pivot": [-2.91, 13, -2.5],
					"cubes": [
						{"origin": [-3.41, 12, -4], "size": [1, 2, 3], "inflate": 0.01, "uv": [56, 12]}
					]
				},
				{
					"name": "eye_left",
					"parent": "eyes",
					"pivot": [3.51, 13, -2.5],
					"rotation": [15, 0, 0],
					"cubes": [
						{"origin": [3.51, 12, -4], "size": [0, 2, 3], "uv": [0, 16], "mirror": true}
					]
				},
				{
					"name": "eyelid_left",
					"parent": "eye_left",
					"pivot": [2.91, 13, -2.5],
					"cubes": [
						{"origin": [2.41, 12, -4], "size": [1, 2, 3], "inflate": 0.01, "uv": [56, 5]}
					]
				},
				{
					"name": "ear_left",
					"parent": "head",
					"pivot": [2.25, 14.5, 0],
					"rotation": [0, -20, 35],
					"cubes": [
						{"origin": [1, 14.75, 0], "size": [3, 4, 0], "pivot": [0, 14.75, 0], "rotation": [0, 0, 10], "uv": [47, 5]}
					]
				},
				{
					"name": "ear_right",
					"parent": "head",
					"pivot": [-2.25, 14.5, 0],
					"rotation": [0, 20, -35],
					"cubes": [
						{"origin": [-4, 14.75, 0], "size": [3, 4, 0], "pivot": [0, 14.75, 0], "rotation": [0, 0, -10], "uv": [47, 0]}
					]
				},
				{
					"name": "arm_left",
					"parent": "torso",
					"pivot": [4, 9, -1.75],
					"cubes": [
						{"origin": [4, 7.5, -3.25], "size": [3, 3, 3], "inflate": 0.01, "uv": [23, 0]}
					]
				},
				{
					"name": "forearm_left",
					"parent": "arm_left",
					"pivot": [7, 10.5, -1.75],
					"cubes": [
						{"origin": [7, 7.5, -3.25], "size": [3, 3, 3], "uv": [35, 0]},
						{"origin": [10, 9.25, -3.25], "size": [1, 0, 1], "pivot": [10, 9.25, -3.25], "rotation": [25, -10, 15], "uv": [-1, 1]},
						{"origin": [9.25, 9.75, -2.25], "size": [2, 0, 1], "pivot": [10, 9.75, -1.75], "rotation": [0, 0, 15], "uv": [-1, 3]},
						{"origin": [10, 9.25, -1.25], "size": [1, 0, 1], "pivot": [10, 9.25, -0.25], "rotation": [-25, 10, 15], "uv": [-1, 1]}
					]
				},
				{
					"name": "arm_right",
					"parent": "torso",
					"pivot": [-4, 9, -1.75],
					"cubes": [
						{"origin": [-7, 7.5, -3.25], "size": [3, 3, 3], "inflate": 0.01, "uv": [23, 0], "mirror": true}
					]
				},
				{
					"name": "forearm_right",
					"parent": "arm_right",
					"pivot": [-7, 10.5, -1.75],
					"cubes": [
						{"origin": [-10, 7.5, -3.25], "size": [3, 3, 3], "uv": [35, 0], "mirror": true},
						{"origin": [-11, 9.25, -3.25], "size": [1, 0, 1], "pivot": [-10, 9.25, -3.25], "rotation": [25, 10, -15], "uv": [-1, 1]},
						{"origin": [-11.25, 9.75, -2.25], "size": [2, 0, 1], "pivot": [-10, 9.75, -1.75], "rotation": [0, 0, -15], "uv": [-1, 5]},
						{"origin": [-11, 9.25, -1.25], "size": [1, 0, 1], "pivot": [-10, 9.25, -0.25], "rotation": [-25, -10, -15], "uv": [-1, 1]}
					],
					"locators": {
						"held_item": [-11.25, 8.75, -1]
					}
				},
				{
					"name": "tail",
					"parent": "torso",
					"pivot": [0, 4.5, 3.75],
					"cubes": [
						{"origin": [-1.5, 2.5, 2.75], "size": [3, 4, 6], "uv": [43, 12]}
					]
				},
				{
					"name": "tail2",
					"parent": "tail",
					"pivot": [0, 4.5, 8.75],
					"cubes": [
						{"origin": [-1, 3, 7.75], "size": [2, 3, 5], "uv": [23, 24]}
					]
				},
				{
					"name": "tail3",
					"parent": "tail2",
					"pivot": [0, 4.5, 12.75],
					"cubes": [
						{"origin": [-0.5, 3.5, 11.75], "size": [1, 2, 4], "uv": [50, 6]}
					]
				},
				{
					"name": "leg_right",
					"parent": "body",
					"pivot": [-3.25, 6, -0.25],
					"cubes": [
						{"origin": [-5.5, 1.5, -2.75], "size": [4, 5, 5], "uv": [25, 11]},
						{"origin": [-4.5, 0.5, -1.5], "size": [2, 1, 3], "uv": [40, 6]}
					]
				},
				{
					"name": "foot_right",
					"parent": "leg_right",
					"pivot": [-3.25, 1, 0.25],
					"cubes": [
						{"origin": [-5, 0, -2.25], "size": [3, 1, 4], "uv": [50, 0]},
						{"origin": [-4.5, 0.25, -4.5], "size": [1, 0, 3], "pivot": [-4.5, 0.25, -1.75], "rotation": [5, 0, -25], "uv": [0, 0]},
						{"origin": [-3.5, 0.25, -4.5], "size": [1, 0, 3], "pivot": [-2.5, 0.25, -1.75], "rotation": [5, 0, 25], "uv": [0, 0]}
					]
				},
				{
					"name": "leg_left",
					"parent": "body",
					"pivot": [3.25, 6, -0.25],
					"cubes": [
						{"origin": [1.5, 1.5, -2.75], "size": [4, 5, 5], "uv": [46, 22]},
						{"origin": [2.5, 0.5, -1.5], "size": [2, 1, 3], "uv": [38, 11]}
					]
				},
				{
					"name": "foot_left",
					"parent": "leg_left",
					"pivot": [3.25, 1, 0.25],
					"cubes": [
						{"origin": [2, 0, -2.25], "size": [3, 1, 4], "uv": [30, 6]},
						{"origin": [2.5, 0.25, -4.5], "size": [1, 0, 3], "pivot": [2.5, 0.25, -1.75], "rotation": [5, 0, -25], "uv": [0, 0]},
						{"origin": [3.5, 0.25, -4.5], "size": [1, 0, 3], "pivot": [4.5, 0.25, -1.75], "rotation": [5, 0, 25], "uv": [0, 0]}
					]
				}
			]
		}
	]
}