{
	"format_version": "1.12.0",
	"minecraft:geometry": [
		{
			"description": {
				"identifier": "geometry.drowzee",
				"texture_width": 64,
				"texture_height": 64,
				"visible_bounds_width": 3,
				"visible_bounds_height": 2.5,
				"visible_bounds_offset": [0, 0.75, 0]
			},
			"bones": [
				{
					"name": "drowzee",
					"pivot": [0, 0, 0]
				},
				{
					"name": "body",
					"parent": "drowzee",
					"pivot": [0, 0, 0]
				},
				{
					"name": "lower_torso",
					"parent": "body",
					"pivot": [0, 4.75, 0.75],
					"rotation": [-7.5, 0, 0],
					"cubes": [
						{"origin": [-4.5, 2.19757, -4.04993], "size": [9, 7, 9], "inflate": 0.01, "uv": [0, 0]}
					]
				},
				{
					"name": "upper_torso",
					"parent": "lower_torso",
					"pivot": [0, 9.19757, 4.95007],
					"rotation": [10, 0, 0],
					"cubes": [
						{"origin": [-4, 9.19757, -3.04993], "size": [8, 6, 8], "uv": [0, 17]}
					]
				},
				{
					"name": "head",
					"parent": "upper_torso",
					"pivot": [0, 15.19757, 0.95007],
					"rotation": [-2.5, 0, 0],
					"cubes": [
						{"origin": [-3.5, 16.2, -3.55], "size": [7, 4, 8], "uv": [25, 24]},
						{"origin": [-3.5, 14.2, -0.55], "size": [7, 2, 5], "uv": [28, 0]}
					]
				},
				{
					"name": "trunk_base",
					"parent": "head",
					"pivot": [0, 20.19757, -3.54993],
					"rotation": [45, 0, 0],
					"cubes": [
						{"origin": [-2, 17.19757, -7.54993], "size": [4, 3, 4], "uv": [38, 40]}
					]
				},
				{
					"name": "trunk_tip",
					"parent": "trunk_base",
					"pivot": [0, 19.69757, -7.54993],
					"cubes": [
						{"origin": [-1.5, 17.69757, -10.04993], "size": [3, 2, 3], "pivot": [0.5, 19.69757, -7.54993], "rotation": [30, 0, 0], "uv": [50, 15]}
					]
				},
				{
					"name": "jaw",
					"parent": "head",
					"pivot": [0, 15.19757, -0.55],
					"cubes": [
						{"origin": [-3.5, 14.2, -3.55], "size": [7, 2, 4], "inflate": -0.01, "uv": [19, 37]}
					]
				},
				{
					"name": "left_ear",
					"parent": "head",
					"pivot": [3.5, 20.19757, 1.95007],
					"rotation": [-15.60194, 46.52966, 46.14623],
					"cubes": [
						{"origin": [3.5, 18.44757, 0.95007], "size": [0, 4, 3], "inflate": 0.02, "uv": [0, 17]}
					]
				},
				{
					"name": "right_ear",
					"parent": "head",
					"pivot": [-3.5, 20.19757, 1.95007],
					"rotation": [-15.60194, -46.52966, -46.14623],
					"cubes": [
						{"origin": [-3.5, 18.44757, 0.95007], "size": [0, 4, 3], "uv": [0, 0]}
					]
				},
				{
					"name": "eyes",
					"parent": "head",
					"pivot": [0, 15.19757, 0.95007]
				},
				{
					"name": "left_eye",
					"parent": "eyes",
					"pivot": [2.5, 17.94757, -1.04993],
					"rotation": [5, 0, 0],
					"cubes": [
						{"origin": [3.5, 17.94757, -2.04993], "size": [0, 1, 2], "inflate": 0.015, "uv": [48, 28]},
						{"origin": [3.5, 17.79757, -1.79993], "size": [0, 1, 1], "inflate": 0.02, "uv": [0, 55]},
						{"origin": [3.5, 17.44757, -2.54993], "size": [0, 1, 3], "inflate": 0.01, "uv": [48, 0]}
					]
				},
				{
					"name": "right_eye",
					"parent": "eyes",
					"pivot": [-2.5, 17.94757, -1.04993],
					"rotation": [5, 0, 0],
					"cubes": [
						{"origin": [-3.5, 17.94757, -2.04993], "size": [0, 1, 2], "inflate": 0.015, "uv": [26, 44]},
						{"origin": [-3.5, 17.79757, -1.79993], "size": [0, 1, 1], "inflate": 0.02, "uv": [7, 45]},
						{"origin": [-3.5, 17.44757, -2.54993], "size": [0, 1, 3], "inflate": 0.01, "uv": [13, 32]}
					]
				},
				{
					"name": "closed",
					"parent": "eyes",
					"pivot": [0, 18.19757, -1.04993],
					"rotation": [5, 0, 0]
				},
				{
					"name": "left_eyelid",
					"parent": "closed",
					"pivot": [-0.1, 18.19757, -1.04993],
					"cubes": [
						{"origin": [3.4, 17.44757, -2.54993], "size": [0, 1, 3], "inflate": 0.025, "uv": [48, -2]},
						{"origin": [3.4, 17.94757, -2.04993], "size": [0, 1, 2], "inflate": 0.03, "uv": [48, 26]}
					]
				},
				{
					"name": "right_eyelid",
					"parent": "closed",
					"pivot": [0.1, 18.19757, -1.04993],
					"cubes": [
						{"origin": [-3.4, 17.44757, -2.54993], "size": [0, 1, 3], "inflate": 0.025, "uv": [13, 30]},
						{"origin": [-3.4, 17.94757, -2.04993], "size": [0, 1, 2], "inflate": 0.03, "uv": [26, 42]}
					]
				},
				{
					"name": "left_upper_arm",
					"parent": "upper_torso",
					"pivot": [4, 14.69757, 1.45007],
					"cubes": [
						{"origin": [3.5, 11.69757, -0.04993], "size": [5, 3, 3], "inflate": 0.01, "uv": [48, 21]}
					]
				},
				{
					"name": "left_lower_arm",
					"parent": "left_upper_arm",
					"pivot": [8.5, 13.19757, 2.95007],
					"cubes": [
						{"origin": [8.5, 11.69757, -0.04993], "size": [4, 3, 3], "uv": [43, 48]}
					]
				},
				{
					"name": "left_index_finger",
					"parent": "left_lower_arm",
					"pivot": [12.5, 13.94757, 0.45007],
					"rotation": [0, 5, 0],
					"cubes": [
						{"origin": [12, 12.44757, 0.45007], "size": [3, 2, 0], "uv": [53, 5]}
					]
				},
				{
					"name": "left_middle_finger",
					"parent": "left_lower_arm",
					"pivot": [12.5, 13.94757, 1.45007],
					"cubes": [
						{"origin": [12, 12.44757, 1.45007], "size": [3, 2, 0], "uv": [51, 41]}
					]
				},
				{
					"name": "left_pinky_finger",
					"parent": "left_lower_arm",
					"pivot": [12.5, 13.94757, 2.45007],
					"rotation": [0, -5, 0],
					"cubes": [
						{"origin": [12, 12.44757, 2.45007], "size": [3, 2, 0], "uv": [45, 37]}
					]
				},
				{
					"name": "right_upper_arm",
					"parent": "upper_torso",
					"pivot": [-4, 14.69757, 1.45007],
					"cubes": [
						{"origin": [-8.5, 11.69757, -0.04993], "size": [5, 3, 3], "inflate": 0.01, "uv": [0, 48]}
					]
				},
				{
					"name": "right_lower_arm",
					"parent": "right_upper_arm",
					"pivot": [-8.5, 13.19757, 2.95007],
					"cubes": [
						{"origin": [-12.5, 11.69757, -0.04993], "size": [4, 3, 3], "uv": [28, 48]}
					],
					"locators": {
						"held_item": {
							"offset": [-13.25, 11, 1.75],
							"rotation": [0, 0, -65]
						}
					}
				},
				{
					"name": "right_index_finger",
					"parent": "right_lower_arm",
					"pivot": [-12.5, 13.94757, 0.45007],
					"rotation": [0, -5, 0],
					"cubes": [
						{"origin": [-15, 12.44757, 0.45007], "size": [3, 2, 0], "uv": [0, 45]}
					]
				},
				{
					"name": "right_middle_finger",
					"parent": "right_lower_arm",
					"pivot": [-12.5, 13.94757, 1.45007],
					"cubes": [
						{"origin": [-15, 12.44757, 1.45007], "size": [3, 2, 0], "uv": [38, 37]}
					]
				},
				{
					"name": "right_pinky_finger",
					"parent": "right_lower_arm",
					"pivot": [-12.5, 13.94757, 2.45007],
					"rotation": [0, 5, 0],
					"cubes": [
						{"origin": [-15, 12.44757, 2.45007], "size": [3, 2, 0], "uv": [37, 8]}
					]
				},
				{
					"name": "right_leg",
					"parent": "body",
					"pivot": [-3.5, 4.75, 0.5],
					"rotation": [-10, 0, 0],
					"cubes": [
						{"origin": [-5.5, 1.53326, -2.26232], "size": [3, 6, 6], "inflate": 0.015, "uv": [0, 32]}
					]
				},
				{
					"name": "right_lower_leg",
					"parent": "right_leg",
					"pivot": [-4, 3.03326, -1.26232],
					"rotation": [7.5, 0, 0],
					"cubes": [
						{"origin": [-5, 0.28326, -1.26232], "size": [2, 3, 4], "uv": [52, 33]}
					]
				},
				{
					"name": "right_foot",
					"parent": "right_lower_leg",
					"pivot": [-4, 0.28326, 0.73768],
					"rotation": [2.5, 0, 0],
					"cubes": [
						{"origin": [-5.5, -0.19493, -2.26184], "size": [3, 1, 5], "inflate": 0.01, "uv": [14, 44]}
					]
				},
				{
					"name": "left_leg",
					"parent": "body",
					"pivot": [3.5, 4.75, 0.5],
					"rotation": [-10, 0, 0],
					"cubes": [
						{"origin": [2.5, 1.53326, -2.26232], "size": [3, 6, 6], "inflate": 0.015, "uv": [31, 11]}
					]
				},
				{
					"name": "left_lower_leg",
					"parent": "left_leg",
					"pivot": [4, 3.03326, -1.26232],
					"rotation": [7.5, 0, 0],
					"cubes": [
						{"origin": [3, 0.28326, -1.26232], "size": [2, 3, 4], "uv": [13, 51]}
					]
				},
				{
					"name": "left_foot",
					"parent": "left_lower_leg",
					"pivot": [4, 0.28326, 0.73768],
					"rotation": [2.5, 0, 0],
					"cubes": [
						{"origin": [2.5, -0.19493, -2.26184], "size": [3, 1, 5], "inflate": 0.01, "uv": [44, 8]}
					]
				}
			]
		}
	]
}