{
	"format_version": "1.12.0",
	"minecraft:geometry": [
		{
			"description": {
				"identifier": "geometry.charizard",
				"texture_width": 128,
				"texture_height": 64,
				"visible_bounds_width": 7,
				"visible_bounds_height": 4,
				"visible_bounds_offset": [0, 1, 0]
			},
			"bones": [
				{
					"name": "charizard",
					"pivot": [0, 0, 0],
					"locators": {
						"target": [0, 14, -9],
						"ground_center": [0, 0, 0],
						"center": [0, 14, -1]
					}
				},
				{
					"name": "body",
					"parent": "charizard",
					"pivot": [0, 12.5, -0.5]
				},
				{
					"name": "torso",
					"parent": "body",
					"pivot": [0, 7.5, -0.5],
					"cubes": [
						{"origin": [-6.5, 4, -5.5], "size": [13, 9, 10], "uv": [0, 24]}
					]
				},
				{
					"name": "torso2",
					"parent": "torso",
					"pivot": [0, 12.75, 0.75],
					"cubes": [
						{"origin": [-5.5, 13, -5], "size": [11, 7, 9], "uv": [88, 30]}
					]
				},
				{
					"name": "neck",
					"parent": "torso2",
					"pivot": [0, 20, -0.5],
					"cubes": [
						{"origin": [-2, 19, -2.5], "size": [4, 5, 4], "inflate": 0.02, "uv": [94, 55]}
					]
				},
				{
					"name": "neck2",
					"parent": "neck",
					"pivot": [0, 24, 1.5],
					"cubes": [
						{"origin": [-2, 24, -2.5], "size": [4, 6, 4], "uv": [0, 43]}
					]
				},
				{
					"name": "head",
					"parent": "neck2",
					"pivot": [0, 28.5, -1],
					"rotation": [-22.5, 0, 0]
				},
				{
					"name": "head_ai",
					"parent": "head",
					"pivot": [0, 28.5, -1],
					"rotation": [22.5, 0, 0],
					"cubes": [
						{"origin": [-3, 28.5, -4.5], "size": [6, 6, 7], "uv": [71, 24]},
						{"origin": [-2.5, 30.5, -10], "size": [5, 3, 6], "inflate": 0.02, "uv": [93, 46]},
						{"origin": [-2.5, 29.5, -9.5], "size": [0, 1, 1], "inflate": 0.01, "pivot": [-2.5, 30.5, -9.5], "rotation": [45, 0, 0], "uv": [7, 25]},
						{"origin": [2.5, 29.5, -9.5], "size": [0, 1, 1], "inflate": 0.01, "pivot": [2.5, 30.5, -9.5], "rotation": [45, 0, 0], "uv": [7, 24], "mirror": true},
						{"origin": [-2.5, 32.5, 2.25], "size": [1, 2, 6], "pivot": [-2, 33.25, 2.5], "rotation": [5, -5, 0], "uv": [81, 49]},
						{"origin": [1.5, 32.5, 2.25], "size": [1, 2, 6], "pivot": [2, 33.25, 2.5], "rotation": [5, 5, 0], "uv": [81, 49], "mirror": true}
					],
					"locators": {
						"special_attack": {
							"offset": [0, 29, -8],
							"rotation": [5, 0, 0]
						},
						"head_top": [0, 35, -2]
					}
				},
				{
					"name": "eyes",
					"parent": "head_ai",
					"pivot": [0, 35.67388, -2.88268]
				},
				{
					"name": "eye_right",
					"parent": "eyes",
					"pivot": [-3.01, 32.75, -2.25],
					"rotation": [10, 0, 0],
					"cubes": [
						{"origin": [-3.01, 31.75, -4.25], "size": [0, 2, 3], "uv": [36, 25]}
					]
				},
				{
					"name": "eyelid_right",
					"parent": "eye_right",
					"pivot": [-2.405, 32.75, -2.75],
					"cubes": [
						{"origin": [-2.91, 31.75, -4.25], "size": [1, 2, 3], "inflate": 0.01, "uv": [120, 27]}
					]
				},
				{
					"name": "eye_left",
					"parent": "eyes",
					"pivot": [3.01, 32.75, -2.75],
					"rotation": [10, 0, 0],
					"cubes": [
						{"origin": [3.01, 31.75, -4.25], "size": [0, 2, 3], "uv": [36, 23], "mirror": true}
					]
				},
				{
					"name": "eyelid_left",
					"parent": "eye_left",
					"pivot": [2.41, 32.75, -2.75],
					"cubes": [
						{"origin": [1.91, 31.75, -4.25], "size": [1, 2, 3], "inflate": 0.01, "uv": [120, 22], "mirror": true}
					]
				},
				{
					"name": "jaw",
					"parent": "head_ai",
					"pivot": [0, 30.5, -4],
					"cubes": [
						{"origin": [-2.5, 28.525, -9.75], "size": [5, 2, 6], "uv": [36, 26]},
						{"origin": [-2.25, 30.25, -9.55], "size": [0, 1, 1], "pivot": [-2.5, 30.5, -9.5], "rotation": [-45, 0, 0], "uv": [7, 27]},
						{"origin": [2.25, 30.25, -9.55], "size": [0, 1, 1], "pivot": [2.5, 30.5, -9.5], "rotation": [-45, 0, 0], "uv": [7, 27], "mirror": true}
					]
				},
				{
					"name": "arm_right",
					"parent": "torso2",
					"pivot": [-5.5, 20, -1],
					"cubes": [
						{"origin": [-11.5, 19, -2], "size": [6, 2, 3], "uv": [31, 59]}
					]
				},
				{
					"name": "forearm_right",
					"parent": "arm_right",
					"pivot": [-11.5, 19, 1],
					"cubes": [
						{"origin": [-16.5, 19, -2], "size": [5, 2, 3], "inflate": 0.01, "uv": [0, 53]}
					],
					"locators": {
						"held_item": {
							"offset": [-18.25, 19, 0],
							"rotation": [1.95155, 7.24305, 27.62353]
						}
					}
				},
				{
					"name": "hand_right",
					"parent": "forearm_right",
					"pivot": [-16.5, 21, -0.5]
				},
				{
					"name": "finger_right1",
					"parent": "hand_right",
					"pivot": [-16.5, 21, -1.5],
					"cubes": [
						{"origin": [-19.5, 20, -2], "size": [3, 1, 1], "uv": [112, 50]},
						{"origin": [-20.5, 20.5, -2], "size": [1, 0, 1], "pivot": [-19.5, 20.5, -1.5], "rotation": [-120, 0, 0], "uv": [6, 30]}
					]
				},
				{
					"name": "finger_right2",
					"parent": "hand_right",
					"pivot": [-16.5, 21, -0.5],
					"cubes": [
						{"origin": [-19.5, 20, -1], "size": [3, 1, 1], "uv": [112, 46]},
						{"origin": [-20.5, 20.5, -1], "size": [1, 0, 1], "pivot": [-19.5, 20.5, -0.5], "rotation": [-120, 0, 0], "uv": [6, 31]}
					]
				},
				{
					"name": "finger_right3",
					"parent": "hand_right",
					"pivot": [-16.5, 21, 0.5],
					"cubes": [
						{"origin": [-19.5, 20, 0], "size": [3, 1, 1], "uv": [112, 48]},
						{"origin": [-20.5, 20.5, 0], "size": [1, 0, 1], "pivot": [-19.5, 20.5, 0.5], "rotation": [-120, 0, 0], "uv": [6, 32]}
					]
				},
				{
					"name": "arm_left",
					"parent": "torso2",
					"pivot": [5.5, 20, -1],
					"cubes": [
						{"origin": [5.5, 19, -2], "size": [6, 2, 3], "uv": [110, 59], "mirror": true}
					]
				},
				{
					"name": "forearm_left",
					"parent": "arm_left",
					"pivot": [11.5, 19, 1],
					"cubes": [
						{"origin": [11.5, 19, -2], "size": [5, 2, 3], "inflate": 0.01, "uv": [16, 43], "mirror": true}
					]
				},
				{
					"name": "hand_left",
					"parent": "forearm_left",
					"pivot": [16.5, 21, -0.5]
				},
				{
					"name": "finger_left1",
					"parent": "hand_left",
					"pivot": [16.5, 21, -1.5],
					"cubes": [
						{"origin": [16.5, 20, -2], "size": [3, 1, 1], "uv": [120, 50], "mirror": true},
						{"origin": [19.5, 20.5, -2], "size": [1, 0, 1], "pivot": [19.5, 20.5, -1.5], "rotation": [-120, 0, 0], "uv": [6, 27]}
					]
				},
				{
					"name": "finger_left2",
					"parent": "hand_left",
					"pivot": [16.5, 21, -0.5],
					"cubes": [
						{"origin": [16.5, 20, -1], "size": [3, 1, 1], "uv": [120, 46], "mirror": true},
						{"origin": [19.5, 20.5, -1], "size": [1, 0, 1], "pivot": [19.5, 20.5, -0.5], "rotation": [-120, 0, 0], "uv": [6, 28]}
					]
				},
				{
					"name": "finger_left3",
					"parent": "hand_left",
					"pivot": [16.5, 21, 0.5],
					"cubes": [
						{"origin": [16.5, 20, 0], "size": [3, 1, 1], "uv": [120, 48], "mirror": true},
						{"origin": [19.5, 20.5, 0], "size": [1, 0, 1], "pivot": [19.5, 20.5, 0.5], "rotation": [-120, 0, 0], "uv": [6, 29]}
					]
				},
				{
					"name": "wing_right",
					"parent": "torso2",
					"pivot": [-2, 17, 4],
					"cubes": [
						{"origin": [-8, 13, 4], "size": [6, 10, 0], "uv": [50, 10]}
					]
				},
				{
					"name": "wing_right2",
					"parent": "wing_right",
					"pivot": [-8, 19, 4],
					"cubes": [
						{"origin": [-17, 11, 4], "size": [9, 24, 0], "uv": [32, 0]}
					]
				},
				{
					"name": "wing_right3",
					"parent": "wing_right2",
					"pivot": [-17, 23, 4],
					"cubes": [
						{"origin": [-33, 11, 4], "size": [16, 22, 0], "uv": [0, 0]}
					]
				},
				{
					"name": "wing_left",
					"parent": "torso2",
					"pivot": [2, 17, 4],
					"cubes": [
						{"origin": [2, 13, 4], "size": [6, 10, 0], "uv": [50, 0], "mirror": true}
					]
				},
				{
					"name": "wing_left2",
					"parent": "wing_left",
					"pivot": [8, 19, 4],
					"cubes": [
						{"origin": [8, 11, 4], "size": [9, 24, 0], "uv": [76, 0], "mirror": true}
					]
				},
				{
					"name": "wing_left3",
					"parent": "wing_left2",
					"pivot": [17, 23, 4],
					"cubes": [
						{"origin": [17, 11, 4], "size": [16, 22, 0], "uv": [94, 0], "mirror": true}
					]
				},
				{
					"name": "tail",
					"parent": "torso",
					"pivot": [0, 7.875, 4.5],
					"cubes": [
						{"origin": [-3, 4.05, 2.5], "size": [6, 6, 13], "uv": [46, 24]}
					]
				},
				{
					"name": "tail2",
					"parent": "tail",
					"pivot": [0, 6.5, 15.5],
					"cubes": [
						{"origin": [-2, 4.1, 14.5], "size": [4, 5, 13], "uv": [60, 46]}
					]
				},
				{
					"name": "tail3",
					"parent": "tail2",
					"pivot": [0, 6, 27.5],
					"cubes": [
						{"origin": [-1, 4.15, 26.5], "size": [2, 4, 11], "uv": [5, 49]}
					]
				},
				{
					"name": "fire",
					"parent": "tail3",
					"pivot": [0, 7.75, 36.5],
					"cubes": [
						{"origin": [0, 7.75, 33], "size": [0, 12, 7], "uv": [62, -7]},
						{"origin": [0, 7.75, 33], "size": [0, 12, 7], "pivot": [0, 7.75, 36.5], "rotation": [0, 90, 0], "uv": [62, 5]}
					]
				},
				{
					"name": "leg_right",
					"parent": "body",
					"pivot": [-5.75, 9, -0.5],
					"rotation": [0, 5, 0],
					"cubes": [
						{"origin": [-8.25, 2, -4], "size": [5, 9, 7], "uv": [25, 43]}
					]
				},
				{
					"name": "foot_right",
					"parent": "leg_right",
					"pivot": [-5.75, 2, -0.5],
					"cubes": [
						{"origin": [-7.75, 0, -3], "size": [4, 2, 5], "inflate": 0.01, "uv": [102, 22]},
						{"origin": [-7.5, 0, -5.75], "size": [0, 2, 3], "pivot": [-7.5, 1, -3], "rotation": [0, 10, 0], "uv": [0, 28]},
						{"origin": [-5.75, 0, -6], "size": [0, 2, 3], "uv": [0, 26]},
						{"origin": [-4, 0, -5.75], "size": [0, 2, 3], "pivot": [-4, 1, -3], "rotation": [0, -10, 0], "uv": [0, 24]}
					]
				},
				{
					"name": "leg_left",
					"parent": "body",
					"pivot": [5.75, 9, -0.5],
					"rotation": [0, -5, 0],
					"cubes": [
						{"origin": [3.25, 2, -4], "size": [5, 9, 7], "uv": [49, 43]}
					]
				},
				{
					"name": "foot_left",
					"parent": "leg_left",
					"pivot": [5.75, 2, -0.5],
					"cubes": [
						{"origin": [3.75, 0, -3], "size": [4, 2, 5], "inflate": 0.01, "uv": [110, 52]},
						{"origin": [4, 0, -5.75], "size": [0, 2, 3], "pivot": [4, 1, -3], "rotation": [0, 10, 0], "uv": [0, 22]},
						{"origin": [5.75, 0, -6], "size": [0, 2, 3], "uv": [122, 34]},
						{"origin": [7.5, 0, -5.75], "size": [0, 2, 3], "pivot": [7.5, 1, -3], "rotation": [0, -10, 0], "uv": [122, 32]}
					]
				}
			]
		}
	]
}