{
	"format_version": "1.12.0",
	"minecraft:geometry": [
		{
			"description": {
				"identifier": "geometry.vaporeon",
				"texture_width": 64,
				"texture_height": 64,
				"visible_bounds_width": 6,
				"visible_bounds_height": 3.5,
				"visible_bounds_offset": [0, 1.25, 0]
			},
			"bones": [
				{
					"name": "vaporeon",
					"pivot": [0, 0, 0]
				},
				{
					"name": "body",
					"parent": "vaporeon",
					"pivot": [0, 9.75, 0]
				},
				{
					"name": "torso",
					"parent": "body",
					"pivot": [0, 9.75, 0],
					"cubes": [
						{"origin": [-3.5, 6.74997, -7], "size": [7, 6, 7], "uv": [0, 7]},
						{"origin": [0, 12.74997, -6.98093], "size": [0, 2, 7], "uv": [0, 13]}
					]
				},
				{
					"name": "head",
					"parent": "torso",
					"pivot": [0, 11.49997, -6.48093],
					"cubes": [
						{"origin": [-3.5, 9.99997, -12.5], "size": [7, 7, 7], "inflate": 0.01, "uv": [21, 20]},
						{"origin": [-2.5, 9.99997, -13.5], "size": [5, 3, 1], "uv": [42, 22]},
						{"origin": [-0.5, 11.74997, -13.51], "size": [1, 1, 0], "uv": [9, 2]},
						{"origin": [0, 16.99997, -12.48093], "size": [0, 8, 6], "uv": [12, 41]},
						{"origin": [-7, 6.47932, -6.52502], "size": [14, 13, 0], "pivot": [0, 12.97932, -6.52502], "rotation": [-15, 0, 0], "uv": [0, 34]}
					],
					"locators": {
						"held_item_fixed": {
							"offset": [0, 11, -12],
							"rotation": [90, 0, 0]
						}
					}
				},
				{
					"name": "mouth",
					"parent": "head",
					"pivot": [0, 0, 0],
					"cubes": [
						{"origin": [-1, 10.5, -13.41], "size": [2, 1, 0], "uv": [8, 0]}
					]
				},
				{
					"name": "eyes",
					"parent": "head",
					"pivot": [0, 14.12178, -12.48093]
				},
				{
					"name": "eye_right",
					"parent": "eyes",
					"pivot": [-2.515, 14.25, -12.015],
					"cubes": [
						{"origin": [-3.515, 13.25, -12.515], "size": [2, 2, 1], "uv": [0, 0], "mirror": true}
					]
				},
				{
					"name": "eyelid_right",
					"parent": "eye_right",
					"pivot": [-2.415, 14.25, -11.915],
					"cubes": [
						{"origin": [-3.415, 13.25, -12.415], "size": [2, 2, 1], "inflate": 0.01, "uv": [15, 31]}
					]
				},
				{
					"name": "eye_left",
					"parent": "eyes",
					"pivot": [2.515, 14.25, -12.015],
					"cubes": [
						{"origin": [1.515, 13.25, -12.515], "size": [2, 2, 1], "uv": [0, 0]}
					]
				},
				{
					"name": "eyelid_left",
					"parent": "eye_left",
					"pivot": [2.415, 14.25, -11.915],
					"cubes": [
						{"origin": [1.415, 13.25, -12.415], "size": [2, 2, 1], "inflate": 0.01, "uv": [15, 31], "mirror": true}
					]
				},
				{
					"name": "ear_right",
					"parent": "head",
					"pivot": [-3.5, 13.99997, -9.48093],
					"rotation": [0, 12.5, 0],
					"cubes": [
						{"origin": [-12.5, 10.99997, -9.48093], "size": [9, 8, 0], "uv": [0, 22]}
					]
				},
				{
					"name": "ear_left",
					"parent": "head",
					"pivot": [3.5, 13.99997, -9.48093],
					"rotation": [0, -12.5, 0],
					"cubes": [
						{"origin": [3.5, 10.99997, -9.48093], "size": [9, 8, 0], "uv": [0, 22], "mirror": true}
					]
				},
				{
					"name": "hips",
					"parent": "torso",
					"pivot": [0, 9.74997, 0.01907],
					"cubes": [
						{"origin": [-3.5, 6.74997, 0], "size": [7, 6, 7], "uv": [36, 51]},
						{"origin": [0, 12.74997, 0.01907], "size": [0, 2, 7], "uv": [14, 13]}
					]
				},
				{
					"name": "leg_back_right",
					"parent": "hips",
					"pivot": [-2.5, 8.99997, 4.75],
					"rotation": [5, 0, 0],
					"cubes": [
						{"origin": [-4, 4.49997, 2.75], "size": [3, 6, 4], "inflate": 0.01, "uv": [0, 54], "mirror": true}
					]
				},
				{
					"name": "leg_back_right2",
					"parent": "leg_back_right",
					"pivot": [-2.5, 4.49997, 6.25],
					"rotation": [-12.5, 0, 0],
					"cubes": [
						{"origin": [-4, 0.74997, 4.25], "size": [3, 4, 3], "uv": [14, 57], "mirror": true}
					]
				},
				{
					"name": "leg_back_right3",
					"parent": "leg_back_right2",
					"pivot": [-2.5, 1.24997, 5.75],
					"rotation": [7.5, 0, 0],
					"cubes": [
						{"origin": [-4, -0.25003, 4], "size": [3, 2, 3], "inflate": 0.01, "uv": [52, 36], "mirror": true}
					]
				},
				{
					"name": "leg_back_left",
					"parent": "hips",
					"pivot": [2.5, 8.99997, 4.75],
					"rotation": [5, 0, 0],
					"cubes": [
						{"origin": [1, 4.49997, 2.75], "size": [3, 6, 4], "inflate": 0.01, "uv": [0, 54]}
					]
				},
				{
					"name": "leg_back_left2",
					"parent": "leg_back_left",
					"pivot": [2.5, 4.49997, 6.25],
					"rotation": [-12.5, 0, 0],
					"cubes": [
						{"origin": [1, 0.74997, 4.25], "size": [3, 4, 3], "uv": [14, 57]}
					]
				},
				{
					"name": "leg_back_left3",
					"parent": "leg_back_left2",
					"pivot": [2.5, 1.24997, 5.75],
					"rotation": [7.5, 0, 0],
					"cubes": [
						{"origin": [1, -0.25003, 4], "size": [3, 2, 3], "inflate": 0.01, "uv": [52, 36]}
					]
				},
				{
					"name": "tail",
					"parent": "hips",
					"pivot": [0.07143, 9.67854, 6.98336],
					"cubes": [
						{"origin": [-2.5, 6.74997, 7], "size": [5, 6, 8], "uv": [28, 34]},
						{"origin": [0, 12.74997, 7.01907], "size": [0, 2, 8], "uv": [0, 22]}
					]
				},
				{
					"name": "tail2",
					"parent": "tail",
					"pivot": [0, 8.99997, 15.01907],
					"cubes": [
						{"origin": [-1.5, 7.74997, 14], "size": [3, 4, 8], "uv": [42, 2]},
						{"origin": [0, 11.74997, 15.01907], "size": [0, 2, 7], "uv": [0, 25]}
					]
				},
				{
					"name": "tail3",
					"parent": "tail2",
					"pivot": [0, 8.74997, 22.01907],
					"cubes": [
						{"origin": [-1, 8.74997, 21], "size": [2, 2, 7], "uv": [46, 27]},
						{"origin": [0, 10.74997, 22.01907], "size": [0, 2, 6], "uv": [51, 9]}
					]
				},
				{
					"name": "tailfin",
					"parent": "tail3",
					"pivot": [0, 8.74997, 27.51907],
					"cubes": [
						{"origin": [-5.5, 9.74997, 27.01907], "size": [11, 0, 10], "uv": [18, 0]}
					]
				},
				{
					"name": "leg_front_right",
					"parent": "body",
					"pivot": [-2.5, 9, -4.5],
					"rotation": [7.5, 0, 0],
					"cubes": [
						{"origin": [-4, 4.5, -6], "size": [3, 6, 3], "inflate": 0.01, "uv": [30, 11], "mirror": true}
					]
				},
				{
					"name": "leg_front_right2",
					"parent": "leg_front_right",
					"pivot": [-2.5, 4.5, -3],
					"rotation": [-22.5, 0, 0],
					"cubes": [
						{"origin": [-4, 0.5, -6], "size": [3, 4, 3], "uv": [42, 14], "mirror": true}
					]
				},
				{
					"name": "leg_front_right3",
					"parent": "leg_front_right2",
					"pivot": [-2.5, 1, -4.5],
					"rotation": [15, 0, 0],
					"cubes": [
						{"origin": [-4, -0.75, -6.25], "size": [3, 2, 3], "inflate": 0.01, "uv": [52, 36], "mirror": true}
					]
				},
				{
					"name": "leg_front_left",
					"parent": "body",
					"pivot": [2.5, 9, -4.5],
					"rotation": [7.5, 0, 0],
					"cubes": [
						{"origin": [1, 4.5, -6], "size": [3, 6, 3], "inflate": 0.01, "uv": [30, 11]}
					]
				},
				{
					"name": "leg_front_left2",
					"parent": "leg_front_left",
					"pivot": [2.5, 4.5, -3],
					"rotation": [-22.5, 0, 0],
					"cubes": [
						{"origin": [1, 0.5, -6], "size": [3, 4, 3], "uv": [42, 14]}
					]
				},
				{
					"name": "leg_front_left3",
					"parent": "leg_front_left2",
					"pivot": [2.5, 1, -4.5],
					"rotation": [15, 0, 0],
					"cubes": [
						{"origin": [1, -0.75, -6.25], "size": [3, 2, 3], "inflate": 0.01, "uv": [52, 36]}
					]
				}
			]
		}
	]
}