{
	"format_version": "1.12.0",
	"minecraft:geometry": [
		{
			"description": {
				"identifier": "geometry.pelipper",
				"texture_width": 128,
				"texture_height": 64,
				"visible_bounds_width": 4,
				"visible_bounds_height": 2.5,
				"visible_bounds_offset": [0, 0.75, 0]
			},
			"bones": [
				{
					"name": "pelipper",
					"pivot": [0, 0, 0]
				},
				{
					"name": "body",
					"parent": "pelipper",
					"pivot": [0, 0, 0]
				},
				{
					"name": "torso",
					"parent": "body",
					"pivot": [0, 2, 4],
					"cubes": [
						{"origin": [-5, 1.5, -6], "size": [10, 12, 13], "uv": [0, 0]}
					]
				},
				{
					"name": "head",
					"parent": "torso",
					"pivot": [0, 13, 0],
					"cubes": [
						{"origin": [-3, 12.5, -3], "size": [6, 5, 6], "uv": [104, 17]},
						{"origin": [-4, 17.5, -3.5], "size": [8, 2, 8], "uv": [37, 25]},
						{"origin": [-1.5, 14.5, -3.5], "size": [3, 3, 0], "pivot": [0, 17.5, -3.5], "rotation": [7.5, 0, 0], "uv": [7, 0]},
						{"origin": [-3.5, 19.5, 4.5], "size": [7, 0, 3], "uv": [34, 35]},
						{"origin": [-1, 14.5, -6], "size": [2, 1, 3], "pivot": [0, 15.5, -3], "rotation": [32.5, 0, 0], "uv": [0, 0]},
						{"origin": [-6, 13, -13], "size": [12, 1, 13], "uv": [0, 25]},
						{"origin": [-1, 13.5, -4.5], "size": [2, 1, 1], "pivot": [0, 15.5, -3], "rotation": [32.5, 0, 0], "uv": [0, 9]}
					]
				},
				{
					"name": "eye_right",
					"parent": "head",
					"pivot": [-2.01, 15.5, -2.01],
					"cubes": [
						{"origin": [-3.01, 14, -3.01], "size": [1, 3, 2], "uv": [6, 25]}
					]
				},
				{
					"name": "eyelid_right",
					"parent": "eye_right",
					"pivot": [-2.41, 15.5, -1.91],
					"cubes": [
						{"origin": [-2.91, 14, -2.91], "size": [1, 3, 2], "inflate": 0.01, "uv": [0, 25]}
					]
				},
				{
					"name": "eye_left",
					"parent": "head",
					"pivot": [2.01, 15.5, -2.01],
					"cubes": [
						{"origin": [2.01, 14, -3.01], "size": [1, 3, 2], "uv": [6, 4]}
					]
				},
				{
					"name": "eyelid_left",
					"parent": "eye_left",
					"pivot": [2.41, 15.5, -1.91],
					"cubes": [
						{"origin": [1.91, 14, -2.91], "size": [1, 3, 2], "inflate": 0.01, "uv": [0, 4]}
					]
				},
				{
					"name": "tail",
					"parent": "torso",
					"pivot": [0, 1.5, 7],
					"rotation": [30, 0, 0],
					"cubes": [
						{"origin": [-4, 1.5, 7], "size": [8, 8, 5], "uv": [46, 12]}
					]
				},
				{
					"name": "tail2",
					"parent": "tail",
					"pivot": [0, 1.5, 12],
					"rotation": [37.5, 0, 0],
					"cubes": [
						{"origin": [-2.5, 1.5, 12], "size": [5, 5, 6], "uv": [96, 35]}
					]
				},
				{
					"name": "jaw",
					"parent": "torso",
					"pivot": [0, 13, 0],
					"cubes": [
						{"origin": [6, 1, -12], "size": [0, 12, 12], "uv": [104, -12]},
						{"origin": [-6, 1, -12], "size": [0, 12, 12], "uv": [80, -12]},
						{"origin": [-6, 1, -12], "size": [12, 12, 0], "uv": [48, 39]},
						{"origin": [-6, 1, -12], "size": [12, 0, 12], "uv": [21, 0]},
						{"origin": [-6, 1, 0], "size": [12, 12, 0], "uv": [80, 12]}
					]
				},
				{
					"name": "wing_left",
					"parent": "torso",
					"pivot": [5, 10.5, 2.5],
					"cubes": [
						{"origin": [5, 10.5, 0], "size": [7, 0, 5], "uv": [-5, 42]}
					]
				},
				{
					"name": "wing_left2",
					"parent": "wing_left",
					"pivot": [12, 10.5, 2.5],
					"cubes": [
						{"origin": [12, 10.5, -0.5], "size": [5, 0, 6], "inflate": 0.01, "uv": [51, 6]}
					]
				},
				{
					"name": "wing_left3",
					"parent": "wing_left2",
					"pivot": [17, 10.5, 2.5]
				},
				{
					"name": "finger_left",
					"parent": "wing_left3",
					"pivot": [17, 10.5, 1.5],
					"cubes": [
						{"origin": [17, 10.5, -0.5], "size": [7, 0, 2], "uv": [18, 48]}
					]
				},
				{
					"name": "finger_left2",
					"parent": "wing_left3",
					"pivot": [17, 10.5, 2.5],
					"cubes": [
						{"origin": [17, 10.5, 1.5], "size": [7, 0, 2], "uv": [18, 46]}
					]
				},
				{
					"name": "finger_left3",
					"parent": "wing_left3",
					"pivot": [17, 10.5, 3.5],
					"cubes": [
						{"origin": [17, 10.5, 3.5], "size": [7, 0, 2], "uv": [18, 44]}
					]
				},
				{
					"name": "wing_right",
					"parent": "torso",
					"pivot": [-5, 10.5, 2.5],
					"cubes": [
						{"origin": [-12, 10.5, 0], "size": [7, 0, 5], "uv": [102, 12]}
					]
				},
				{
					"name": "wing_right2",
					"parent": "wing_right",
					"pivot": [-12, 10.5, 2.5],
					"cubes": [
						{"origin": [-17, 10.5, -0.5], "size": [5, 0, 6], "inflate": 0.01, "uv": [53, 0]}
					]
				},
				{
					"name": "wing_right3",
					"parent": "wing_right2",
					"pivot": [-17, 10.5, 2.5]
				},
				{
					"name": "finger_right",
					"parent": "wing_right3",
					"pivot": [-17, 10.5, 1.5],
					"cubes": [
						{"origin": [-24, 10.5, -0.5], "size": [7, 0, 2], "uv": [76, 37]}
					]
				},
				{
					"name": "finger_right2",
					"parent": "wing_right3",
					"pivot": [-17, 10.5, 2.5],
					"cubes": [
						{"origin": [-24, 10.5, 1.5], "size": [7, 0, 2], "uv": [49, 37]}
					]
				},
				{
					"name": "finger_right3",
					"parent": "wing_right3",
					"pivot": [-17, 10.5, 3.5],
					"cubes": [
						{"origin": [-24, 10.5, 3.5], "size": [7, 0, 2], "uv": [49, 35]}
					]
				},
				{
					"name": "foot_left",
					"parent": "body",
					"pivot": [2.5, 1.5, 4.5],
					"cubes": [
						{"origin": [1, 0, 0.5], "size": [3, 2, 6], "uv": [80, 24]}
					]
				},
				{
					"name": "foot_right",
					"parent": "body",
					"pivot": [-2.5, 1.5, 4.5],
					"cubes": [
						{"origin": [-4, 0, 0.5], "size": [3, 2, 6], "uv": [61, 25]}
					]
				}
			]
		}
	]
}