{
	"format_version": "1.12.0",
	"minecraft:geometry": [
		{
			"description": {
				"identifier": "geometry.wingull",
				"texture_width": 64,
				"texture_height": 32,
				"visible_bounds_width": 4,
				"visible_bounds_height": 2.5,
				"visible_bounds_offset": [0, 0.75, 0]
			},
			"bones": [
				{
					"name": "wingull",
					"pivot": [0, 0, 0]
				},
				{
					"name": "body",
					"parent": "wingull",
					"pivot": [0, 3, 0]
				},
				{
					"name": "torso",
					"parent": "body",
					"pivot": [0, 2.125, 2.25],
					"cubes": [
						{"origin": [-3, 0.5, -3.5], "size": [6, 6, 6], "uv": [0, 10]},
						{"origin": [-2.5, 1, 2.5], "size": [5, 5, 3], "uv": [39, 0]},
						{"origin": [-0.5, 1.75, -8.5], "size": [1, 1, 0], "uv": [3, 0]},
						{"origin": [-1, 2.25, -8.5], "size": [2, 2, 5], "uv": [50, 3]}
					]
				},
				{
					"name": "wing_left",
					"parent": "torso",
					"pivot": [3, 2.5, 0],
					"cubes": [
						{"origin": [3, 2.5, -2], "size": [9, 0, 4], "uv": [20, 14]}
					]
				},
				{
					"name": "wing_left2",
					"parent": "wing_left",
					"pivot": [12, 2.5, 0],
					"cubes": [
						{"origin": [12, 2.5, -2.5], "size": [11, 0, 5], "uv": [0, 5]}
					]
				},
				{
					"name": "wing_right",
					"parent": "torso",
					"pivot": [-3, 2.5, 0],
					"cubes": [
						{"origin": [-12, 2.5, -2], "size": [9, 0, 4], "uv": [14, 10]}
					]
				},
				{
					"name": "wing_right2",
					"parent": "wing_right",
					"pivot": [-12, 2.5, 0],
					"cubes": [
						{"origin": [-23, 2.5, -2.5], "size": [11, 0, 5], "uv": [0, 0]}
					]
				},
				{
					"name": "jaw",
					"parent": "torso",
					"pivot": [0, 2.25, -3.5],
					"cubes": [
						{"origin": [-0.5, 1.25, -8], "size": [1, 1, 5], "uv": [52, 13]}
					]
				},
				{
					"name": "eye_left",
					"parent": "torso",
					"pivot": [1.75, 4, -3.01],
					"cubes": [
						{"origin": [1.25, 2.5, -3.51], "size": [1, 3, 1], "uv": [0, 4]}
					]
				},
				{
					"name": "eyelid_left",
					"parent": "eye_left",
					"pivot": [1.75, 4, -2.91],
					"cubes": [
						{"origin": [0.75, 2.5, -3.41], "size": [2, 3, 1], "inflate": 0.01, "uv": [39, 8]}
					]
				},
				{
					"name": "eye_right",
					"parent": "torso",
					"pivot": [-1.75, 4, -3.01],
					"cubes": [
						{"origin": [-2.25, 2.5, -3.51], "size": [1, 3, 1], "uv": [0, 0]}
					]
				},
				{
					"name": "eyelid_right",
					"parent": "eye_right",
					"pivot": [-1.75, 4, -2.91],
					"cubes": [
						{"origin": [-2.75, 2.5, -3.41], "size": [2, 3, 1], "inflate": 0.01, "uv": [0, 9]}
					]
				},
				{
					"name": "tail",
					"parent": "torso",
					"pivot": [0, 3.025, 5.5]
				},
				{
					"name": "tail_left",
					"parent": "tail",
					"pivot": [0.5, 3, 5.5],
					"rotation": [0, 12.5, 0],
					"cubes": [
						{"origin": [-0.5, 3, 5], "size": [2, 0, 7], "uv": [21, 18]}
					]
				},
				{
					"name": "tail_right",
					"parent": "tail",
					"pivot": [-0.5, 3, 5.5],
					"rotation": [0, -12.5, 0],
					"cubes": [
						{"origin": [-1.5, 3, 5], "size": [2, 0, 7], "uv": [17, 18]}
					]
				},
				{
					"name": "tail_middle",
					"parent": "tail",
					"pivot": [0, 3, 5.5],
					"cubes": [
						{"origin": [-1, 3, 5.5], "size": [2, 0, 7], "inflate": 0.01, "uv": [20, 0]}
					]
				},
				{
					"name": "ear_left",
					"parent": "torso",
					"pivot": [0, 6.5, -2.5],
					"rotation": [-40, 0, 20],
					"cubes": [
						{"origin": [0, 6.5, -2.5], "size": [3, 4, 0], "uv": [52, 19]}
					]
				},
				{
					"name": "ear_right",
					"parent": "torso",
					"pivot": [0, 6.5, -2.5],
					"rotation": [-40, 0, -20],
					"cubes": [
						{"origin": [-3, 6.5, -2.5], "size": [3, 4, 0], "uv": [31, 0]}
					]
				},
				{
					"name": "foot_left",
					"parent": "body",
					"pivot": [1.25, 1, 3.25],
					"cubes": [
						{"origin": [0.25, 0, 1], "size": [2, 1, 3], "uv": [28, 4]}
					]
				},
				{
					"name": "foot_right",
					"parent": "body",
					"pivot": [-1.25, 1, 3.25],
					"cubes": [
						{"origin": [-2.25, 0, 1], "size": [2, 1, 3], "uv": [47, 13]}
					]
				}
			]
		}
	]
}