{
	"format_version": "1.12.0",
	"minecraft:geometry": [
		{
			"description": {
				"identifier": "geometry.seedot",
				"texture_width": 64,
				"texture_height": 32,
				"visible_bounds_width": 2,
				"visible_bounds_height": 2.5,
				"visible_bounds_offset": [0, 0.75, 0]
			},
			"bones": [
				{
					"name": "seedot",
					"pivot": [0, 0, 0]
				},
				{
					"name": "body",
					"parent": "seedot",
					"pivot": [0, 5, 0]
				},
				{
					"name": "torso",
					"parent": "body",
					"pivot": [0, 3, 0],
					"cubes": [
						{"origin": [-1, 1, -1], "size": [2, 1, 2], "uv": [0, 6]},
						{"origin": [-3.5, 2, -3.5], "size": [7, 8, 7], "uv": [0, 10]},
						{"origin": [-4.5, 6.5, -4.5], "size": [9, 1, 9], "uv": [0, 0]}
					]
				},
				{
					"name": "stem",
					"parent": "torso",
					"pivot": [0, 9.5, 0],
					"cubes": [
						{"origin": [-1, 9, -1], "size": [2, 4, 2], "uv": [0, 0]}
					]
				},
				{
					"name": "eye_right",
					"parent": "torso",
					"pivot": [-2, 5.75, -3.01],
					"cubes": [
						{"origin": [-3, 4.75, -3.51], "size": [2, 2, 1], "uv": [6, 26]}
					]
				},
				{
					"name": "eyelid_right",
					"parent": "eye_right",
					"pivot": [-2, 5.75, -2.91],
					"cubes": [
						{"origin": [-3, 4.75, -3.41], "size": [2, 2, 1], "inflate": 0.01, "uv": [0, 26]}
					]
				},
				{
					"name": "eye_left",
					"parent": "torso",
					"pivot": [2, 5.75, -3.01],
					"cubes": [
						{"origin": [1, 4.75, -3.51], "size": [2, 2, 1], "uv": [0, 13]}
					]
				},
				{
					"name": "eyelid_left",
					"parent": "eye_left",
					"pivot": [2, 6.75, -2.91],
					"cubes": [
						{"origin": [1, 4.75, -3.41], "size": [2, 2, 1], "inflate": 0.01, "uv": [0, 10]}
					]
				},
				{
					"name": "foot_left",
					"parent": "body",
					"pivot": [2.75, 1, 0],
					"cubes": [
						{"origin": [1.25, 0, -2], "size": [3, 2, 4], "uv": [24, 22]}
					]
				},
				{
					"name": "foot_right",
					"parent": "body",
					"pivot": [-2.75, 1, 0],
					"cubes": [
						{"origin": [-4.25, 0, -2], "size": [3, 2, 4], "uv": [21, 10]}
					]
				}
			]
		}
	]
}