{
	"format_version": "1.12.0",
	"minecraft:geometry": [
		{
			"description": {
				"identifier": "geometry.samurott",
				"texture_width": 128,
				"texture_height": 128,
				"visible_bounds_width": 4,
				"visible_bounds_height": 4.5,
				"visible_bounds_offset": [0, 1.75, 0]
			},
			"bones": [
				{
					"name": "samurott",
					"pivot": [0, 0, 0]
				},
				{
					"name": "body",
					"parent": "samurott",
					"pivot": [0, 15, 0]
				},
				{
					"name": "torso",
					"parent": "body",
					"pivot": [0, 14.75, 8.25],
					"cubes": [
						{"origin": [-5.5, 10.5, 0], "size": [11, 9, 12], "uv": [82, 42]}
					]
				},
				{
					"name": "chest",
					"parent": "torso",
					"pivot": [0, 10.5, 0],
					"cubes": [
						{"origin": [-6, 10, -12], "size": [12, 11, 12], "uv": [0, 0]},
						{"origin": [-3.5, 10, -12], "size": [7, 5, 2], "inflate": 0.01, "uv": [75, 88]}
					]
				},
				{
					"name": "neck1",
					"parent": "chest",
					"pivot": [0, 18, -8.75],
					"cubes": [
						{"origin": [-3.5, 16.5, -12.25], "size": [7, 9, 7], "uv": [25, 51]}
					]
				},
				{
					"name": "neck2",
					"parent": "neck1",
					"pivot": [0, 25.5, -6.25],
					"cubes": [
						{"origin": [-3, 25.5, -12.25], "size": [6, 7, 6], "uv": [38, 67]}
					]
				},
				{
					"name": "head",
					"parent": "neck2",
					"pivot": [0, 34, -9.25],
					"cubes": [
						{"origin": [-3.5, 30.5, -13.75], "size": [7, 7, 8], "uv": [48, 0]}
					]
				},
				{
					"name": "eyes",
					"parent": "head",
					"pivot": [0, 35.25, -12.25]
				},
				{
					"name": "eye_right",
					"parent": "eyes",
					"pivot": [-2.5, 35.3, -12.25],
					"cubes": [
						{"origin": [-3.5, 34.3, -13.75], "size": [2, 2, 3], "inflate": 0.01, "uv": [10, 92]},
						{"origin": [-2.75, 34.55, -13.75], "size": [1, 2, 0], "inflate": 0.02, "uv": [0, 72]}
					]
				},
				{
					"name": "eyelid_right",
					"parent": "eye_right",
					"pivot": [-2.4, 35.3, -12.15],
					"cubes": [
						{"origin": [-3.4, 34.3, -13.65], "size": [2, 2, 3], "inflate": 0.03, "uv": [36, 93]}
					]
				},
				{
					"name": "eye_left",
					"parent": "eyes",
					"pivot": [2.5, 35.3, -12.25],
					"cubes": [
						{"origin": [1.5, 34.3, -13.75], "size": [2, 2, 3], "inflate": 0.01, "uv": [0, 96], "mirror": true},
						{"origin": [1.75, 34.55, -13.75], "size": [1, 2, 0], "inflate": 0.02, "uv": [2, 72], "mirror": true}
					]
				},
				{
					"name": "eyelid_left",
					"parent": "eye_left",
					"pivot": [2.4, 35.3, -12.15],
					"cubes": [
						{"origin": [1.4, 34.3, -13.65], "size": [2, 2, 3], "inflate": 0.03, "uv": [22, 93], "mirror": true}
					]
				},
				{
					"name": "helmet_front",
					"parent": "head",
					"pivot": [0, 40.5, -9.75],
					"rotation": [7.5, 0, 0],
					"cubes": [
						{"origin": [-3.5, 36.5, -14.75], "size": [7, 4, 5], "inflate": 0.04, "uv": [62, 67]},
						{"origin": [-2.5, 36.5, -15.75], "size": [5, 3, 1], "inflate": 0.01, "uv": [46, 51]},
						{"origin": [0, 39, -16.25], "size": [0, 16, 2], "pivot": [0, 39.25, -15.25], "rotation": [55, 0, 0], "uv": [48, 78]},
						{"origin": [0, 42.25, -14.25], "size": [0, 2, 2], "pivot": [0, 39.25, -15.25], "rotation": [55, 0, 0], "uv": [0, 32]},
						{"origin": [0, 44.5, -18.25], "size": [0, 2, 2], "pivot": [0, 39.25, -15.25], "rotation": [55, 0, 0], "uv": [45, 4]}
					]
				},
				{
					"name": "helmet_back1",
					"parent": "head",
					"pivot": [0, 40.5, -9.75],
					"rotation": [-12.5, 0, 0],
					"cubes": [
						{"origin": [-4, 35.5, -9.75], "size": [8, 5, 5], "uv": [66, 31]},
						{"origin": [-3.53, 31.25, -9.75], "size": [0, 5, 3], "inflate": 0.01, "pivot": [-3.5, 35.5, -6.75], "rotation": [-7.5, 0, 0], "uv": [26, 40]},
						{"origin": [3.53, 31.25, -9.75], "size": [0, 5, 3], "inflate": 0.01, "pivot": [3.5, 35.5, -6.75], "rotation": [-7.5, 0, 0], "uv": [0, 41]}
					]
				},
				{
					"name": "helmet_back2",
					"parent": "helmet_back1",
					"pivot": [0, 40.5, -4.75],
					"rotation": [-20, 0, 0],
					"cubes": [
						{"origin": [-5, 33.75, -4.75], "size": [10, 7, 6], "uv": [0, 43]},
						{"origin": [0, 40.75, -2.25], "size": [0, 5, 2], "uv": [0, 54]}
					]
				},
				{
					"name": "helmet_back3",
					"parent": "helmet_back2",
					"pivot": [-0.5, 41, 1.25],
					"rotation": [-5, 0, 0],
					"cubes": [
						{"origin": [-5.5, 33, 1.25], "size": [11, 8, 7], "uv": [37, 36]},
						{"origin": [0, 41, 3.75], "size": [0, 5, 2], "uv": [32, 41]},
						{"origin": [0, 34.5, 8.25], "size": [0, 3, 4], "uv": [0, 32]}
					]
				},
				{
					"name": "muzzle1",
					"parent": "head",
					"pivot": [0, 34.6, -13.75],
					"rotation": [2.5, 0, 0],
					"cubes": [
						{"origin": [-2, 31.6, -16.75], "size": [4, 3, 3], "inflate": 0.01, "uv": [81, 63]}
					]
				},
				{
					"name": "muzzle_ruff_back_right1",
					"parent": "muzzle1",
					"pivot": [2, 31.6, -15.25],
					"cubes": [
						{"origin": [2, 27.1, -15.251], "size": [7, 5, 0], "uv": [62, 76]}
					]
				},
				{
					"name": "muzzle_ruff_back_right2",
					"parent": "muzzle_ruff_back_right1",
					"pivot": [9, 29.1, -15.25],
					"cubes": [
						{"origin": [9, 28.1, -15.25], "size": [10, 6, 0], "uv": [70, 0]}
					]
				},
				{
					"name": "muzzle_ruff_back_left1",
					"parent": "muzzle1",
					"pivot": [-2, 31.6, -15.25],
					"cubes": [
						{"origin": [-9, 27.1, -15.251], "size": [7, 5, 0], "uv": [90, 0]}
					]
				},
				{
					"name": "muzzle_ruff_back_left2",
					"parent": "muzzle_ruff_back_left1",
					"pivot": [-9, 29.1, -15.25],
					"cubes": [
						{"origin": [-19, 28.1, -15.25], "size": [10, 6, 0], "uv": [36, 0]}
					]
				},
				{
					"name": "muzzle_ruff_front_right",
					"parent": "muzzle1",
					"pivot": [-2, 33.6, -16.5],
					"rotation": [2.5, 0, 0],
					"cubes": [
						{"origin": [-10, 31.60048, -16.52181], "size": [8, 5, 0], "uv": [48, 15]}
					]
				},
				{
					"name": "muzzle_ruff_front_left",
					"parent": "muzzle1",
					"pivot": [2, 33.1, -16.5],
					"rotation": [2.5, 0, 0],
					"cubes": [
						{"origin": [2, 31.6, -16.5], "size": [8, 5, 0], "uv": [78, 6]}
					]
				},
				{
					"name": "jaw",
					"parent": "muzzle1",
					"pivot": [0, 31.35, -13.5],
					"rotation": [-2.5, 0, 0],
					"cubes": [
						{"origin": [-2, 30.6, -16.5], "size": [4, 1, 3], "uv": [55, 32]},
						{"origin": [-1.5, 30.6, -18.5], "size": [3, 1, 2], "uv": [48, 20]}
					]
				},
				{
					"name": "beard",
					"parent": "jaw",
					"pivot": [0, 30.6, -12.5],
					"rotation": [-5, 0, 0],
					"cubes": [
						{"origin": [0, 24.6, -16.5], "size": [0, 6, 4], "uv": [50, 92]}
					]
				},
				{
					"name": "muzzle2",
					"parent": "muzzle1",
					"pivot": [0, 31.6, -16.75],
					"rotation": [-2.5, 0, 0],
					"cubes": [
						{"origin": [-1.5, 31.6, -19.75], "size": [3, 3, 3], "inflate": 0.01, "uv": [36, 6]},
						{"origin": [-1, 33.6, -19.75], "size": [2, 1, 1], "inflate": 0.02, "uv": [32, 71]}
					]
				},
				{
					"name": "leg_front_right",
					"parent": "chest",
					"pivot": [-6, 14.25, -7.75],
					"rotation": [0, 0, 10],
					"cubes": [
						{"origin": [-8.5, 8.25, -10.75], "size": [5, 9, 6], "uv": [59, 15], "mirror": true}
					]
				},
				{
					"name": "leg_front_armor_plate_right3",
					"parent": "leg_front_right",
					"pivot": [-8.5, 8.95, -7.65],
					"rotation": [0, 0, -10],
					"cubes": [
						{"origin": [-8.85, 8.95, -10.75], "size": [1, 5, 6], "inflate": 0.02, "uv": [89, 63], "mirror": true}
					]
				},
				{
					"name": "seamitar_right_hidden1",
					"parent": "leg_front_armor_plate_right3",
					"pivot": [-8.4, 13.95, -7.65],
					"cubes": [
						{"origin": [-8.4, 13.95, -9.225], "size": [0, 6, 3], "uv": [6, 25], "mirror": true}
					]
				},
				{
					"name": "leg_front_right2",
					"parent": "leg_front_right",
					"pivot": [-6, 8.25, -6.25],
					"cubes": [
						{"origin": [-8, -0.75, -10.25], "size": [4, 10, 5], "uv": [110, 27]}
					]
				},
				{
					"name": "leg_front_armor_plate_right1",
					"parent": "leg_front_right2",
					"pivot": [-8, 1.1, -7.65],
					"rotation": [0, 0, -10],
					"cubes": [
						{"origin": [-8.15, 1.1, -9.65], "size": [1, 4, 4], "uv": [52, 88], "mirror": true}
					]
				},
				{
					"name": "leg_front_armor_plate_right2",
					"parent": "leg_front_armor_plate_right1",
					"pivot": [-7.60903, 4.87828, -6.65],
					"rotation": [0, 0, -5],
					"cubes": [
						{"origin": [-7.75, 4.85, -10.15], "size": [1, 4, 5], "inflate": 0.01, "uv": [62, 90], "mirror": true}
					]
				},
				{
					"name": "leg_front_right3",
					"parent": "leg_front_right2",
					"pivot": [-6, -0.75, -7.75],
					"cubes": [
						{"origin": [-7.5, -3.75, -9.75], "size": [3, 4, 4], "uv": [0, 80]}
					]
				},
				{
					"name": "seamitar_hand_right",
					"parent": "leg_front_right3",
					"pivot": [-6, -4.75, -13.75],
					"cubes": [
						{"origin": [-5, -7.5, -35.75], "size": [0, 5, 25], "uv": [0, 81], "mirror": true},
						{"origin": [-5, -6, -10.75], "size": [0, 2, 5], "uv": [16, 78], "mirror": true}
					]
				},
				{
					"name": "thumb_front_right",
					"parent": "leg_front_right3",
					"pivot": [-4.75, -3, -9.25],
					"rotation": [0, 45, 0],
					"cubes": [
						{"origin": [-5.75, -3, -9.75], "size": [3, 0, 1], "uv": [-1, 26]}
					]
				},
				{
					"name": "toe_front_right1",
					"parent": "leg_front_right3",
					"pivot": [-6, -3.75, -7.75],
					"cubes": [
						{"origin": [-6, -6.75, -9.75], "size": [0, 3, 2], "uv": [46, 53]}
					]
				},
				{
					"name": "toe_front_right2",
					"parent": "leg_front_right3",
					"pivot": [-6, -3.75, -7.75],
					"cubes": [
						{"origin": [-6, -6.75, -7.75], "size": [0, 3, 2], "uv": [32, 46]}
					]
				},
				{
					"name": "leg_front_left",
					"parent": "chest",
					"pivot": [6, 14.25, -7.75],
					"rotation": [0, 0, -10],
					"cubes": [
						{"origin": [3.5, 8.25, -10.75], "size": [5, 9, 6], "inflate": 0.01, "uv": [16, 67]}
					]
				},
				{
					"name": "leg_front_armor_plate_left3",
					"parent": "leg_front_left",
					"pivot": [8.25, 8.95, -7.65],
					"rotation": [0, 0, 10],
					"cubes": [
						{"origin": [7.85, 8.95, -10.75], "size": [1, 5, 6], "inflate": 0.02, "uv": [93, 74]}
					]
				},
				{
					"name": "seamitar_left_hidden1",
					"parent": "leg_front_armor_plate_left3",
					"pivot": [8.3, 13.95, -7.65],
					"cubes": [
						{"origin": [8.35, 13.95, -9.225], "size": [0, 6, 3], "uv": [0, 25]}
					]
				},
				{
					"name": "leg_front_left2",
					"parent": "leg_front_left",
					"pivot": [6, 8.25, -6.25],
					"cubes": [
						{"origin": [4, -0.75, -10.25], "size": [4, 10, 5], "uv": [92, 27]}
					]
				},
				{
					"name": "leg_front_armor_plate_left1",
					"parent": "leg_front_left2",
					"pivot": [8, 1.1, -7.65],
					"rotation": [0, 0, 10],
					"cubes": [
						{"origin": [7.15, 1.1, -9.65], "size": [1, 4, 4], "uv": [52, 80]}
					]
				},
				{
					"name": "leg_front_armor_plate_left2",
					"parent": "leg_front_armor_plate_left1",
					"pivot": [7.60903, 4.87828, -6.65],
					"rotation": [0, 0, 5],
					"cubes": [
						{"origin": [6.75, 4.85, -10.15], "size": [1, 4, 5], "inflate": 0.01, "uv": [62, 81]}
					]
				},
				{
					"name": "leg_front_left3",
					"parent": "leg_front_left2",
					"pivot": [6, -0.75, -7.75],
					"cubes": [
						{"origin": [4.5, -3.75, -9.75], "size": [3, 4, 4], "uv": [34, 80]}
					]
				},
				{
					"name": "seamitar_hand_left",
					"parent": "leg_front_left3",
					"pivot": [6, -4.75, -13.75],
					"cubes": [
						{"origin": [5, -6, -10.75], "size": [0, 2, 5], "uv": [16, 80]},
						{"origin": [5, -7.5, -35.75], "size": [0, 5, 25], "uv": [0, 76]}
					]
				},
				{
					"name": "thumb_front_left",
					"parent": "leg_front_left3",
					"pivot": [4.75, -3, -9.25],
					"rotation": [0, -45, 0],
					"cubes": [
						{"origin": [2.75, -3, -9.75], "size": [3, 0, 1], "uv": [-1, 27]}
					]
				},
				{
					"name": "toe_front_left1",
					"parent": "leg_front_left3",
					"pivot": [6, -3.75, -7.75],
					"cubes": [
						{"origin": [6, -6.75, -9.75], "size": [0, 3, 2], "uv": [36, 65]}
					]
				},
				{
					"name": "toe_front_left2",
					"parent": "leg_front_left3",
					"pivot": [6, -3.75, -7.75],
					"cubes": [
						{"origin": [6, -6.75, -7.75], "size": [0, 3, 2], "uv": [32, 65]}
					]
				},
				{
					"name": "tail",
					"parent": "torso",
					"pivot": [0, 18.75, 12],
					"cubes": [
						{"origin": [-3.5, 18.75, 12], "size": [7, 0, 3], "uv": [101, 0]}
					]
				},
				{
					"name": "tail2",
					"parent": "tail",
					"pivot": [0, 18.75, 15],
					"cubes": [
						{"origin": [-7.5, 18.75, 15], "size": [15, 0, 9], "uv": [85, 5]},
						{"origin": [0, 17.5, 19], "size": [0, 3, 5], "uv": [0, 4]}
					]
				},
				{
					"name": "leg_back_right",
					"parent": "body",
					"pivot": [-5.5, 14.25, 8.25],
					"cubes": [
						{"origin": [-8, 7.25, 5.25], "size": [5, 10, 6], "inflate": 0.01, "uv": [53, 51]},
						{"origin": [-8.3, 6.05, 5.75], "size": [1, 4, 5], "inflate": 0.01, "pivot": [-8, 6.825, 8.25], "rotation": [0, 0, -11.5], "uv": [116, 63]}
					]
				},
				{
					"name": "leg_back_armor_plate_right1",
					"parent": "leg_back_right",
					"pivot": [-8, 9.65, 8.25],
					"rotation": [0, 0, -10],
					"cubes": [
						{"origin": [-8.35, 9.65, 5.25], "size": [1, 5, 6], "inflate": 0.02, "uv": [80, 41]}
					]
				},
				{
					"name": "leg_back_right2",
					"parent": "leg_back_right",
					"pivot": [-5.5, 7.25, 8.25],
					"cubes": [
						{"origin": [-7.5, 0.25, 5.75], "size": [4, 8, 5], "uv": [110, 14]}
					]
				},
				{
					"name": "leg_back_armor_plate_right3",
					"parent": "leg_back_right2",
					"pivot": [-7.5, 2.5, 8.25],
					"rotation": [0, 0, -15],
					"cubes": [
						{"origin": [-7.65, 2.5, 6.25], "size": [1, 4, 4], "uv": [0, 88], "mirror": true}
					]
				},
				{
					"name": "leg_back_right3",
					"parent": "leg_back_right2",
					"pivot": [-5.5, 0.25, 8.25],
					"cubes": [
						{"origin": [-7, -2.75, 6.25], "size": [3, 4, 4], "uv": [0, 72]}
					]
				},
				{
					"name": "toe_back_right1",
					"parent": "leg_back_right3",
					"pivot": [-5.5, -2.75, 8.25],
					"cubes": [
						{"origin": [-5.5, -5.75, 8.25], "size": [0, 3, 2], "uv": [7, 0]}
					]
				},
				{
					"name": "toe_back_right2",
					"parent": "leg_back_right3",
					"pivot": [-5.5, -2.75, 8.25],
					"cubes": [
						{"origin": [-5.5, -5.75, 6.25], "size": [0, 3, 2], "uv": [0, 0]}
					]
				},
				{
					"name": "leg_back_left",
					"parent": "body",
					"pivot": [5.5, 14.25, 8.25],
					"cubes": [
						{"origin": [3, 7.25, 5.25], "size": [5, 10, 6], "inflate": 0.01, "uv": [0, 56]},
						{"origin": [7.3, 6.05, 5.75], "size": [1, 4, 5], "inflate": 0.01, "pivot": [8, 6.55, 9.25], "rotation": [0, 0, 11.5], "uv": [104, 63]}
					]
				},
				{
					"name": "leg_back_armor_plate_left1",
					"parent": "leg_back_left",
					"pivot": [8, 9.65, 8.25],
					"rotation": [0, 0, 10],
					"cubes": [
						{"origin": [7.35, 9.65, 5.25], "size": [1, 5, 6], "inflate": 0.02, "uv": [12, 23]}
					]
				},
				{
					"name": "leg_back_left2",
					"parent": "leg_back_left",
					"pivot": [5.5, 7.25, 8.25],
					"cubes": [
						{"origin": [3.5, 0.25, 5.75], "size": [4, 8, 5], "uv": [92, 14]}
					]
				},
				{
					"name": "leg_back_armor_plate_left3",
					"parent": "leg_back_left2",
					"pivot": [7.5, 2.5, 8.25],
					"rotation": [0, 0, 15],
					"cubes": [
						{"origin": [6.65, 2.5, 6.25], "size": [1, 4, 4], "uv": [0, 88]}
					]
				},
				{
					"name": "leg_back_left3",
					"parent": "leg_back_left2",
					"pivot": [5.5, 0.25, 8.25],
					"cubes": [
						{"origin": [4, -2.75, 6.25], "size": [3, 4, 4], "uv": [75, 11]}
					]
				},
				{
					"name": "toe_back_left1",
					"parent": "leg_back_left3",
					"pivot": [5.5, -2.75, 8.25],
					"cubes": [
						{"origin": [5.5, -5.75, 8.25], "size": [0, 3, 2], "uv": [6, 21]}
					]
				},
				{
					"name": "toe_back_left2",
					"parent": "leg_back_left3",
					"pivot": [5.5, -2.75, 8.25],
					"cubes": [
						{"origin": [5.5, -5.75, 6.25], "size": [0, 3, 2], "uv": [0, 21]}
					]
				}
			]
		}
	]
}