{
	"format_version": "1.12.0",
	"minecraft:geometry": [
		{
			"description": {
				"identifier": "geometry.hitmonchan",
				"texture_width": 64,
				"texture_height": 64,
				"visible_bounds_width": 4,
				"visible_bounds_height": 3.5,
				"visible_bounds_offset": [0, 1.25, 0]
			},
			"bones": [
				{
					"name": "hitmonchan",
					"pivot": [0, 0, 0]
				},
				{
					"name": "body",
					"parent": "hitmonchan",
					"pivot": [0, 20, 0]
				},
				{
					"name": "torso",
					"parent": "body",
					"pivot": [0, 14, 0],
					"cubes": [
						{"origin": [-3, 14, -3], "size": [6, 2, 6], "uv": [18, 16]}
					]
				},
				{
					"name": "skirt_right",
					"parent": "torso",
					"pivot": [-3, 16, 0],
					"rotation": [0, 0, 7.5],
					"cubes": [
						{"origin": [-3, 11, -3.5], "size": [0, 5, 7], "uv": [0, 24]}
					]
				},
				{
					"name": "skirt_left",
					"parent": "torso",
					"pivot": [3, 16, 0],
					"rotation": [0, 0, -7.5],
					"cubes": [
						{"origin": [3, 11, -3.5], "size": [0, 5, 7], "uv": [20, 21]}
					]
				},
				{
					"name": "skirt_back",
					"parent": "torso",
					"pivot": [0, 16, 3],
					"rotation": [7.5, 0, 0],
					"cubes": [
						{"origin": [-3.5, 11, 3], "size": [7, 5, 0], "uv": [0, 38]}
					]
				},
				{
					"name": "skirt_front",
					"parent": "torso",
					"pivot": [0, 16, -3],
					"rotation": [-7.5, 0, 0],
					"cubes": [
						{"origin": [-3.5, 11, -3], "size": [7, 5, 0], "uv": [39, 39]}
					]
				},
				{
					"name": "torso2",
					"parent": "torso",
					"pivot": [0, 16, 0],
					"cubes": [
						{"origin": [-3.52016, 17.0001, -2.97971], "size": [7, 6, 6], "uv": [0, 0]},
						{"origin": [-2.52016, 16.0001, -1.97971], "size": [5, 1, 4], "uv": [21, 35]}
					]
				},
				{
					"name": "shoulder_right",
					"parent": "torso2",
					"pivot": [-3.52016, 23.0001, 0.02029],
					"rotation": [0, 0, 10],
					"cubes": [
						{"origin": [-8.52016, 19.0001, 2.02029], "size": [6, 4, 0], "uv": [8, 47]},
						{"origin": [-2.52016, 19.0001, -1.97971], "size": [0, 4, 4], "uv": [38, 40]},
						{"origin": [-9.52016, 23.0001, -1.97971], "size": [7, 0, 4], "uv": [30, 24]},
						{"origin": [-8.52016, 19.0001, -1.97971], "size": [6, 4, 0], "uv": [46, 44]}
					]
				},
				{
					"name": "shoulder_left",
					"parent": "torso2",
					"pivot": [3.47984, 23.0001, 0.02029],
					"rotation": [0, 0, -10],
					"cubes": [
						{"origin": [2.47984, 19.0001, 2.02029], "size": [6, 4, 0], "uv": [42, 20]},
						{"origin": [2.47984, 23.0001, -1.97971], "size": [7, 0, 4], "uv": [16, 24]},
						{"origin": [2.47984, 19.0001, -1.97971], "size": [6, 4, 0], "uv": [41, 10]},
						{"origin": [2.47984, 19.0001, -1.97971], "size": [0, 4, 4], "uv": [40, 24]}
					]
				},
				{
					"name": "arm_left",
					"parent": "torso2",
					"pivot": [3.47984, 21.0001, 0.02029],
					"cubes": [
						{"origin": [2.97984, 20.0001, -0.97971], "size": [6, 2, 2], "inflate": 0.001, "uv": [37, 0]}
					]
				},
				{
					"name": "arm_left2",
					"parent": "arm_left",
					"pivot": [8.97984, 21.0001, 1.02029],
					"cubes": [
						{"origin": [8.97984, 20.0001, -0.97971], "size": [6, 2, 2], "uv": [36, 16]}
					]
				},
				{
					"name": "hand_left",
					"parent": "arm_left2",
					"pivot": [14.47984, 21.0001, 0.02029],
					"cubes": [
						{"origin": [15.47984, 18.5001, -2.97971], "size": [2, 2, 3], "uv": [48, 24]},
						{"origin": [13.97984, 19.5001, -1.47971], "size": [1, 3, 3], "uv": [35, 48]},
						{"origin": [14.97984, 19.0001, -2.47971], "size": [5, 4, 5], "uv": [0, 22]}
					]
				},
				{
					"name": "arm_right",
					"parent": "torso2",
					"pivot": [-3.52016, 21.0001, 0.02029],
					"cubes": [
						{"origin": [-9.02016, 20.0001, -0.97971], "size": [6, 2, 2], "inflate": 0.001, "uv": [36, 6]}
					]
				},
				{
					"name": "arm_right2",
					"parent": "arm_right",
					"pivot": [-9.02016, 21.0001, 1.02029],
					"cubes": [
						{"origin": [-15.02016, 20.0001, -0.97971], "size": [6, 2, 2], "uv": [35, 35]}
					]
				},
				{
					"name": "hand_right",
					"parent": "arm_right2",
					"pivot": [-14.52016, 21.0001, 0.02029],
					"cubes": [
						{"origin": [-17.52016, 18.5001, -2.97971], "size": [2, 2, 3], "uv": [45, 29]},
						{"origin": [-15.02016, 19.5001, -1.47971], "size": [1, 3, 3], "uv": [17, 48]},
						{"origin": [-20.02016, 19.0001, -2.47971], "size": [5, 4, 5], "uv": [21, 7]}
					],
					"locators": {
						"held_item": [-19.25, 20.75, -1.25]
					}
				},
				{
					"name": "head",
					"parent": "torso2",
					"pivot": [0, 23.5, -1],
					"cubes": [
						{"origin": [-3, 23.5, -4.5], "size": [6, 5, 6], "inflate": 0.002, "uv": [40, 53]},
						{"origin": [-3, 22.5, -3.5], "size": [6, 1, 5], "inflate": 0.002, "uv": [20, 0]}
					]
				},
				{
					"name": "crown",
					"parent": "head",
					"pivot": [0, 28.5, -4.5],
					"rotation": [-22.5, 0, 0],
					"cubes": [
						{"origin": [3.1971, 24.47157, -2.65283], "size": [1, 6, 2], "pivot": [2.5, 29.5, -1.5], "rotation": [6.62459, 0.46115, 20.07264], "uv": [58, 8]},
						{"origin": [-4.1971, 24.47157, -2.65283], "size": [1, 6, 2], "pivot": [-2.5, 29.5, -1.5], "rotation": [6.62459, -0.46115, -20.07264], "uv": [58, 16], "mirror": true},
						{"origin": [-1, 28.5, -4.5], "size": [2, 4, 1], "pivot": [0, 28.5, -4.5], "rotation": [7.5, 0, 0], "uv": [0, 0]},
						{"origin": [1.00972, 28.50557, -4.23171], "size": [2, 3, 1], "pivot": [1.5, 28.5, -4.5], "rotation": [-0.30843, -3.81024, 9.25249], "uv": [58, 4]},
						{"origin": [-3.00972, 28.50557, -4.23171], "size": [2, 3, 1], "pivot": [-1.5, 28.5, -4.5], "rotation": [-0.30843, 3.81024, -9.25249], "uv": [58, 0]}
					]
				},
				{
					"name": "jaw",
					"parent": "head",
					"pivot": [0, 23.5, -3.25],
					"cubes": [
						{"origin": [-2.5, 22.5, -4.5], "size": [5, 1, 1], "inflate": 0.002, "uv": [41, 14]}
					]
				},
				{
					"name": "eye_left",
					"parent": "head",
					"pivot": [1.76, 25.75, -4.0125],
					"cubes": [
						{"origin": [1.01, 24, -4.51], "size": [2, 3, 1], "uv": [8, 43]},
						{"origin": [1.01, 25.5, -4.515], "size": [1, 1, 1], "uv": [18, 15]}
					]
				},
				{
					"name": "eyelid_left",
					"parent": "eye_left",
					"pivot": [1.91, 25.5, -3.41],
					"cubes": [
						{"origin": [0.91, 24, -4.41], "size": [2, 3, 2], "inflate": 0.01, "uv": [25, 49]}
					]
				},
				{
					"name": "eye_right",
					"parent": "head",
					"pivot": [-1.76, 25.75, -4.0125],
					"cubes": [
						{"origin": [-3.01, 24, -4.51], "size": [2, 3, 1], "uv": [0, 12]},
						{"origin": [-2.01, 25.5, -4.515], "size": [1, 1, 1], "uv": [0, 16]}
					]
				},
				{
					"name": "eyelid_right",
					"parent": "eye_right",
					"pivot": [-1.91, 25.5, -3.41],
					"cubes": [
						{"origin": [-2.91, 24, -4.41], "size": [2, 3, 2], "inflate": 0.01, "uv": [43, 48]}
					]
				},
				{
					"name": "leg_left",
					"parent": "body",
					"pivot": [1.75, 15, 0],
					"cubes": [
						{"origin": [0.75, 8, -1], "size": [2, 7, 2], "inflate": 0.001, "uv": [22, 40]}
					]
				},
				{
					"name": "leg_left2",
					"parent": "leg_left",
					"pivot": [1.75, 8, -1],
					"cubes": [
						{"origin": [0.75, 1, -1], "size": [2, 7, 2], "uv": [14, 38]}
					]
				},
				{
					"name": "foot_left",
					"parent": "leg_left2",
					"pivot": [1.75, 2, 0],
					"cubes": [
						{"origin": [0.25, 0, -3.5], "size": [3, 2, 5], "uv": [29, 28]}
					]
				},
				{
					"name": "leg_right",
					"parent": "body",
					"pivot": [-1.75, 15, 0],
					"cubes": [
						{"origin": [-2.75, 8, -1], "size": [2, 7, 2], "inflate": 0.001, "uv": [0, 43]}
					]
				},
				{
					"name": "leg_right2",
					"parent": "leg_right",
					"pivot": [-1.75, 8, -1],
					"cubes": [
						{"origin": [-2.75, 1, -1], "size": [2, 7, 2], "uv": [30, 40]}
					]
				},
				{
					"name": "foot_right",
					"parent": "leg_right2",
					"pivot": [-1.75, 2, 0],
					"cubes": [
						{"origin": [-3.25, 0, -3.5], "size": [3, 2, 5], "uv": [9, 31]}
					]
				}
			]
		}
	]
}