{
	"format_version": "1.12.0",
	"minecraft:geometry": [
		{
			"description": {
				"identifier": "geometry.lillipup",
				"texture_width": 64,
				"texture_height": 64,
				"visible_bounds_width": 3,
				"visible_bounds_height": 2.5,
				"visible_bounds_offset": [0, 0.75, 0]
			},
			"bones": [
				{
					"name": "lillipup",
					"pivot": [0, 0, 0]
				},
				{
					"name": "body",
					"parent": "lillipup",
					"pivot": [0, 6.5, 0.5]
				},
				{
					"name": "torso",
					"parent": "body",
					"pivot": [0, -1.25, 0],
					"cubes": [
						{"origin": [-2.5, 3, -4.5], "size": [5, 5, 10], "uv": [0, 16]}
					]
				},
				{
					"name": "head",
					"parent": "torso",
					"pivot": [0, 8, -4.25],
					"cubes": [
						{"origin": [-4.5, 7.5, -7.25], "size": [9, 9, 7], "inflate": 0.01, "uv": [0, 0]}
					]
				},
				{
					"name": "snout",
					"parent": "head",
					"pivot": [0, 7.5, -7.25],
					"rotation": [17.5, 0, 0],
					"cubes": [
						{"origin": [-2.5, 7.5, -7.25], "size": [5, 3, 2], "inflate": 0.01, "uv": [38, 26]},
						{"origin": [-1, 9.51, -7.251], "size": [2, 1, 2], "inflate": 0.01, "uv": [0, 16]}
					]
				},
				{
					"name": "mouth_open",
					"parent": "snout",
					"pivot": [0, 8.5, -7.151],
					"cubes": [
						{"origin": [-0.5, 8, -7.151], "size": [1, 1, 0], "inflate": 0.01, "uv": [0, 5]}
					]
				},
				{
					"name": "mouth_closed",
					"parent": "snout",
					"pivot": [-0.5, 8.5, -7.251],
					"cubes": [
						{"origin": [-1, 8, -7.251], "size": [2, 1, 0], "inflate": 0.01, "uv": [0, 4]}
					]
				},
				{
					"name": "ear_left",
					"parent": "head",
					"pivot": [4, 16, -3.25],
					"rotation": [-17.5, 0, 47.5],
					"cubes": [
						{"origin": [1.5, 15, -3.25], "size": [6, 9, 0], "inflate": 0.01, "uv": [6, 50]}
					]
				},
				{
					"name": "ear_right",
					"parent": "head",
					"pivot": [-4, 16, -3.25],
					"rotation": [-17.5, 0, -47.5],
					"cubes": [
						{"origin": [-7.5, 15, -3.25], "size": [6, 9, 0], "inflate": 0.01, "uv": [18, 50]}
					]
				},
				{
					"name": "scruff_top",
					"parent": "head",
					"pivot": [0, 16.5, -7.25],
					"rotation": [-17.5, 0, 0],
					"cubes": [
						{"origin": [-5.5, 16.5, -7.25], "size": [11, 5, 0], "uv": [20, 16]}
					]
				},
				{
					"name": "scruff_left",
					"parent": "head",
					"pivot": [4.5, 12, -7.25],
					"rotation": [0, -17.5, 0],
					"cubes": [
						{"origin": [4.5, 7, -7.25], "size": [3, 11, 0], "uv": [37, 43]}
					]
				},
				{
					"name": "scruff_right",
					"parent": "head",
					"pivot": [-4.5, 12, -7.25],
					"rotation": [0, 17.5, 0],
					"cubes": [
						{"origin": [-7.5, 7, -7.25], "size": [3, 11, 0], "uv": [0, 43]}
					]
				},
				{
					"name": "scruff_bottom",
					"parent": "head",
					"pivot": [0, 7.5, -7.25],
					"rotation": [17.5, 0, 0],
					"cubes": [
						{"origin": [-5.5, 5.5, -7.25], "size": [11, 2, 0], "uv": [25, 0]}
					]
				},
				{
					"name": "eye_right",
					"parent": "head",
					"pivot": [-3.01, 12, -7.26],
					"cubes": [
						{"origin": [-4.51, 10, -7.26], "size": [3, 4, 0], "inflate": 0.01, "uv": [0, 19]}
					]
				},
				{
					"name": "eyelid_right",
					"parent": "eye_right",
					"pivot": [-2.31, 12, -6.06],
					"cubes": [
						{"origin": [-4.41, 10, -7.16], "size": [3, 4, 0], "inflate": 0.02, "uv": [52, 0]}
					]
				},
				{
					"name": "eye_left",
					"parent": "head",
					"pivot": [3.01, 12, -7.26],
					"cubes": [
						{"origin": [1.51, 10, -7.26], "size": [3, 4, 0], "inflate": 0.01, "uv": [0, 0]}
					]
				},
				{
					"name": "eyelid_left",
					"parent": "eye_left",
					"pivot": [2.31, 12, -6.06],
					"cubes": [
						{"origin": [1.41, 10, -7.16], "size": [3, 4, 0], "inflate": 0.02, "uv": [58, 0]}
					]
				},
				{
					"name": "tail1",
					"parent": "torso",
					"pivot": [0, 7.25, 4.75],
					"rotation": [45, 0, 0],
					"cubes": [
						{"origin": [0, 4.5, 4.75], "size": [0, 4, 7], "uv": [20, 14]}
					]
				},
				{
					"name": "leg_back_left1",
					"parent": "body",
					"pivot": [2.25, 5.5, 3.5],
					"cubes": [
						{"origin": [0.75, 2.75, 2], "size": [3, 4, 3], "inflate": 0.01, "uv": [25, 39]}
					]
				},
				{
					"name": "leg_back_left2",
					"parent": "leg_back_left1",
					"pivot": [2.25, 2.75, 5],
					"rotation": [-7.5, 0, 0],
					"cubes": [
						{"origin": [0.25, 0.75, 1.5], "size": [4, 1, 4], "uv": [26, 27]},
						{"origin": [0.75, 0.75, 2], "size": [3, 2, 3], "uv": [6, 45]}
					]
				},
				{
					"name": "leg_back_left3",
					"parent": "leg_back_left2",
					"pivot": [2.25, 1.25, 3.5],
					"rotation": [7.5, 0, 0],
					"cubes": [
						{"origin": [0.75, -0.25, 1.75], "size": [3, 2, 3], "inflate": 0.02, "uv": [44, 7]}
					]
				},
				{
					"name": "leg_back_right1",
					"parent": "body",
					"pivot": [-2.25, 5.5, 3.5],
					"cubes": [
						{"origin": [-3.75, 2.75, 2], "size": [3, 4, 3], "inflate": 0.01, "uv": [28, 32]}
					]
				},
				{
					"name": "leg_back_right2",
					"parent": "leg_back_right1",
					"pivot": [-2.25, 2.75, 5],
					"rotation": [-7.5, 0, 0],
					"cubes": [
						{"origin": [-4.25, 0.75, 1.5], "size": [4, 1, 4], "uv": [25, 2]},
						{"origin": [-3.75, 0.75, 2], "size": [3, 2, 3], "uv": [40, 31]}
					]
				},
				{
					"name": "leg_back_right3",
					"parent": "leg_back_right2",
					"pivot": [-2.25, 1.25, 3.5],
					"rotation": [7.5, 0, 0],
					"cubes": [
						{"origin": [-3.75, -0.25, 1.75], "size": [3, 2, 3], "inflate": 0.02, "uv": [9, 40]}
					]
				},
				{
					"name": "leg_front_left",
					"parent": "body",
					"pivot": [2.25, 5.5, -2.5],
					"cubes": [
						{"origin": [0.75, 2.75, -4], "size": [3, 4, 3], "inflate": 0.01, "uv": [37, 36]}
					]
				},
				{
					"name": "leg_front_left2",
					"parent": "leg_front_left",
					"pivot": [2.25, 2.75, -1],
					"rotation": [-7.5, 0, 0],
					"cubes": [
						{"origin": [0.75, 0.75, -4], "size": [3, 2, 3], "uv": [43, 43]},
						{"origin": [0.25, 0.75, -4.5], "size": [4, 1, 4], "uv": [0, 31]}
					]
				},
				{
					"name": "leg_front_left3",
					"parent": "leg_front_left2",
					"pivot": [2.25, 1.25, -2.5],
					"rotation": [7.5, 0, 0],
					"cubes": [
						{"origin": [0.75, -0.25, -4.25], "size": [3, 2, 3], "inflate": 0.02, "uv": [42, 17]}
					]
				},
				{
					"name": "leg_front_right",
					"parent": "body",
					"pivot": [-2.25, 5.5, -2.5],
					"cubes": [
						{"origin": [-3.75, 2.75, -4], "size": [3, 4, 3], "inflate": 0.01, "uv": [0, 36]}
					]
				},
				{
					"name": "leg_front_right2",
					"parent": "leg_front_right",
					"pivot": [-2.25, 2.75, -1],
					"rotation": [-7.5, 0, 0],
					"cubes": [
						{"origin": [-3.75, 0.75, -4], "size": [3, 2, 3], "uv": [42, 12]},
						{"origin": [-4.25, 0.75, -4.5], "size": [4, 1, 4], "uv": [30, 21]}
					]
				},
				{
					"name": "leg_front_right3",
					"parent": "leg_front_right2",
					"pivot": [-2.25, 1.25, -2.5],
					"rotation": [7.5, 0, 0],
					"cubes": [
						{"origin": [-3.75, -0.25, -4.25], "size": [3, 2, 3], "inflate": 0.02, "uv": [41, 2]}
					]
				}
			]
		}
	]
}