{
	"format_version": "1.12.0",
	"minecraft:geometry": [
		{
			"description": {
				"identifier": "geometry.gible_male",
				"texture_width": 128,
				"texture_height": 64,
				"visible_bounds_width": 3,
				"visible_bounds_height": 3.5,
				"visible_bounds_offset": [0, 1.25, 0]
			},
			"bones": [
				{
					"name": "gible",
					"pivot": [0, 0, 0]
				},
				{
					"name": "body",
					"parent": "gible",
					"pivot": [0, 20.5, 0.5]
				},
				{
					"name": "torso",
					"parent": "body",
					"pivot": [0, 4, 2],
					"cubes": [
						{"origin": [0, 15, -7], "size": [0, 9, 15], "uv": [0, 28]},
						{"origin": [7, 11, -6], "size": [4, 4, 10], "uv": [34, 8]},
						{"origin": [-5, 2, -1], "size": [10, 7, 9], "uv": [0, 18]},
						{"origin": [-5, 9, -4], "size": [10, 6, 12], "uv": [0, 0]},
						{"origin": [-3.49, 9, -7.5], "size": [7, 6, 7], "inflate": 0.02, "pivot": [0, 12.5, -4], "rotation": [0, -45, 0], "uv": [70, 0]},
						{"origin": [-2.44987, 8.5, -6.97487], "size": [0, 1, 1], "pivot": [-2.47487, 9, -6.47487], "rotation": [-45, -45, 0], "uv": [10, 2]},
						{"origin": [-3.86409, 8.5, -5.56066], "size": [0, 1, 1], "pivot": [-3.88909, 9, -5.06066], "rotation": [-45, -45, 0], "uv": [10, 0]},
						{"origin": [3.86409, 8.5, -5.56066], "size": [0, 1, 1], "pivot": [3.88909, 9, -5.06066], "rotation": [-45, 45, 0], "uv": [0, 3]},
						{"origin": [2.44987, 8.5, -6.97487], "size": [0, 1, 1], "pivot": [2.47487, 9, -6.47487], "rotation": [-45, 45, 0], "uv": [0, 4]},
						{"origin": [-3.86409, 8.5, -5.56066], "size": [0, 1, 1], "pivot": [-3.88909, 9, -5.06066], "rotation": [-45, -45, 0], "uv": [4, 0]},
						{"origin": [-2.44987, 8.5, -6.97487], "size": [0, 1, 1], "pivot": [-2.47487, 9, -6.47487], "rotation": [-45, -45, 0], "uv": [4, 3]},
						{"origin": [5, 13, -4], "size": [2, 0, 6], "uv": [0, 6]},
						{"origin": [-7, 13, -4], "size": [2, 0, 6], "uv": [0, 0]},
						{"origin": [-11, 11, -6], "size": [4, 4, 10], "uv": [30, 24]}
					]
				},
				{
					"name": "jaw",
					"parent": "torso",
					"pivot": [0, 9, 1],
					"cubes": [
						{"origin": [-0.05025, 3, -3], "size": [5, 6, 3], "inflate": 0.001, "uv": [104, 35]},
						{"origin": [-4.94975, 3, -3], "size": [5, 6, 3], "inflate": 0.001, "uv": [52, 8]},
						{"origin": [-3.5, 3, -6.5], "size": [7, 6, 7], "pivot": [0, 7.5, -3], "rotation": [0, -45, 0], "uv": [81, 19]},
						{"origin": [-3.15698, 8.5, -5.26777], "size": [0, 1, 1], "pivot": [-3.18198, 9, -4.76777], "rotation": [-45, -45, 0], "uv": [10, 1]},
						{"origin": [3.15698, 8.5, -5.26777], "size": [0, 1, 1], "pivot": [3.18198, 9, -4.76777], "rotation": [-45, 45, 0], "uv": [0, 0]},
						{"origin": [-3.15698, 8.5, -5.26777], "size": [0, 1, 1], "pivot": [-3.18198, 9, -4.76777], "rotation": [-45, -45, 0], "uv": [4, 4]}
					]
				},
				{
					"name": "eye_right",
					"parent": "torso",
					"pivot": [-2.85696, 11.375, -5.41775],
					"cubes": [
						{"origin": [-3.525, 9.5, -4.25], "size": [1, 3, 3], "inflate": 0.01, "pivot": [-0.025, 13, -4], "rotation": [0, -45, 0], "uv": [78, 38]}
					]
				},
				{
					"name": "eyelid_right",
					"parent": "eye_right",
					"pivot": [-2.85696, 11.375, -5.31775],
					"cubes": [
						{"origin": [-3.525, 9.5, -4.15], "size": [1, 3, 3], "inflate": 0.02, "pivot": [-0.025, 13, -3.9], "rotation": [0, -45, 0], "uv": [82, 13]}
					]
				},
				{
					"name": "eye_left",
					"parent": "torso",
					"pivot": [2.85696, 11.375, -5.41775],
					"cubes": [
						{"origin": [2.525, 9.5, -4.25], "size": [1, 3, 3], "inflate": 0.01, "pivot": [0.025, 13, -4], "rotation": [0, 45, 0], "uv": [29, 19]}
					]
				},
				{
					"name": "eyelid_left",
					"parent": "eye_left",
					"pivot": [2.85696, 11.375, -5.31775],
					"cubes": [
						{"origin": [2.525, 9.5, -4.15], "size": [1, 3, 3], "inflate": 0.02, "pivot": [0.025, 13, -3.9], "rotation": [0, 45, 0], "uv": [0, 18]}
					]
				},
				{
					"name": "arm_left",
					"parent": "torso",
					"pivot": [4.5, 7.75, 2.25],
					"cubes": [
						{"origin": [3, 6.25, -0.25], "size": [7, 3, 5], "uv": [104, 27]}
					]
				},
				{
					"name": "finger_left",
					"parent": "arm_left",
					"pivot": [9.5, 7.5, 0.75],
					"cubes": [
						{"origin": [9, 7, 0.25], "size": [2, 1, 1], "uv": [37, 9]}
					]
				},
				{
					"name": "finger_left2",
					"parent": "arm_left",
					"pivot": [9.5, 7.5, 2.25],
					"cubes": [
						{"origin": [9, 7, 1.75], "size": [2, 1, 1], "uv": [32, 10]}
					]
				},
				{
					"name": "finger_left3",
					"parent": "arm_left",
					"pivot": [9.5, 7.5, 3.75],
					"cubes": [
						{"origin": [9, 7, 3.25], "size": [2, 1, 1], "uv": [32, 8]}
					]
				},
				{
					"name": "arm_right",
					"parent": "torso",
					"pivot": [-4.5, 7.75, 2.25],
					"cubes": [
						{"origin": [-10, 6.25, -0.25], "size": [7, 3, 5], "uv": [32, 0]}
					]
				},
				{
					"name": "finger_right",
					"parent": "arm_right",
					"pivot": [-9.5, 7.5, 0.75],
					"cubes": [
						{"origin": [-11, 7, 0.25], "size": [2, 1, 1], "uv": [29, 25]}
					]
				},
				{
					"name": "finger_right2",
					"parent": "arm_right",
					"pivot": [-9.5, 7.5, 2.25],
					"cubes": [
						{"origin": [-11, 7, 1.75], "size": [2, 1, 1], "uv": [0, 10]}
					]
				},
				{
					"name": "finger_right3",
					"parent": "arm_right",
					"pivot": [-9.5, 7.5, 3.75],
					"cubes": [
						{"origin": [-11, 7, 3.25], "size": [2, 1, 1], "uv": [0, 8]}
					]
				},
				{
					"name": "tail",
					"parent": "torso",
					"pivot": [0, 2, 8],
					"cubes": [
						{"origin": [-1.5, 2, 8], "size": [3, 4, 3], "uv": [70, 13]}
					]
				},
				{
					"name": "tail2",
					"parent": "tail",
					"pivot": [0, 4, 10.5],
					"cubes": [
						{"origin": [-1, 2.5, 10], "size": [2, 3, 4], "uv": [56, 0]}
					]
				},
				{
					"name": "leg_left",
					"parent": "body",
					"pivot": [4.5, 3.5, 3],
					"cubes": [
						{"origin": [3, 1, 0.5], "size": [4, 5, 5], "inflate": 0.001, "uv": [86, 32]}
					]
				},
				{
					"name": "foot_left",
					"parent": "leg_left",
					"pivot": [5, 1, 3],
					"cubes": [
						{"origin": [3.5, 0, 1], "size": [3, 2, 4], "uv": [54, 34]},
						{"origin": [3.5, 0, 0], "size": [3, 0, 1], "uv": [0, 25]}
					]
				},
				{
					"name": "leg_right",
					"parent": "body",
					"pivot": [-4.5, 3.5, 3],
					"cubes": [
						{"origin": [-7, 1, 0.5], "size": [4, 5, 5], "inflate": 0.001, "uv": [48, 22]}
					]
				},
				{
					"name": "foot_right",
					"parent": "leg_right",
					"pivot": [-5, 1, 3],
					"cubes": [
						{"origin": [-6.5, 0, 1], "size": [3, 2, 4], "uv": [44, 38]},
						{"origin": [-6.5, 0, 0], "size": [3, 0, 1], "uv": [0, 24]}
					]
				}
			]
		}
	]
}