{
	"format_version": "1.12.0",
	"minecraft:geometry": [
		{
			"description": {
				"identifier": "geometry.kingler",
				"texture_width": 64,
				"texture_height": 64,
				"visible_bounds_width": 5,
				"visible_bounds_height": 2.5,
				"visible_bounds_offset": [0, 0.75, 0]
			},
			"bones": [
				{
					"name": "kingler",
					"pivot": [0, 0, 0]
				},
				{
					"name": "body",
					"parent": "kingler",
					"pivot": [0, 6.5, 0],
					"cubes": [
						{"origin": [-6.5, 3, -4.5], "size": [13, 7, 9], "uv": [0, 0]},
						{"origin": [-6.5, 6.99049, -4.71789], "size": [13, 5, 0], "inflate": 0.02, "pivot": [0, 9.49049, -4.71789], "rotation": [5, 0, 0], "uv": [26, 26]},
						{"origin": [-6.5, 9.95, -1.5], "size": [13, 7, 0], "inflate": 0.02, "pivot": [0, 13.5, -1.5], "rotation": [-5, 0, 0], "uv": [0, 26]}
					]
				},
				{
					"name": "eyes",
					"parent": "body",
					"pivot": [0, 10.75, -4],
					"cubes": [
						{"origin": [-5.75, 9.75, -4], "size": [4, 2, 0], "inflate": 0.02, "pivot": [-3.75, 10.75, -4], "rotation": [-5, 0, 5], "uv": [0, 7]},
						{"origin": [1.75, 9.75, -4], "size": [4, 2, 0], "inflate": 0.02, "pivot": [3.75, 10.75, -4], "rotation": [-5, 0, -5], "uv": [0, 0]}
					]
				},
				{
					"name": "leftleg",
					"parent": "body",
					"pivot": [6.5, 4.25, 0.5],
					"rotation": [0, 0, -20],
					"cubes": [
						{"origin": [6.5, 3.25, 0.5], "size": [7, 2, 0], "inflate": 0.02, "uv": [34, 37]}
					]
				},
				{
					"name": "leftknee",
					"parent": "leftleg",
					"pivot": [13.5, 4.25, 0.5],
					"rotation": [0, 0, 70],
					"cubes": [
						{"origin": [13.5, 3.25, 0.5], "size": [9, 3, 0], "inflate": 0.02, "uv": [0, 23]}
					]
				},
				{
					"name": "leftleg2",
					"parent": "body",
					"pivot": [6.5, 4.25, 3],
					"rotation": [0, 0, -20],
					"cubes": [
						{"origin": [6.5, 3.25, 3], "size": [7, 2, 0], "inflate": 0.02, "uv": [20, 37]}
					]
				},
				{
					"name": "leftknee2",
					"parent": "leftleg2",
					"pivot": [13.5, 4.25, 3],
					"rotation": [0, 0, 70],
					"cubes": [
						{"origin": [13.5, 3.25, 3], "size": [9, 3, 0], "inflate": 0.02, "uv": [22, 16]}
					]
				},
				{
					"name": "rightleg",
					"parent": "body",
					"pivot": [-6.5, 4.25, 0.5],
					"rotation": [0, 0, 20],
					"cubes": [
						{"origin": [-13.5, 3.25, 0.5], "size": [7, 2, 0], "inflate": 0.02, "uv": [14, 39]}
					]
				},
				{
					"name": "rightknee",
					"parent": "rightleg",
					"pivot": [-13.5, 4.25, 0.5],
					"rotation": [0, 0, -70],
					"cubes": [
						{"origin": [-22.5, 3.25, 0.5], "size": [9, 3, 0], "inflate": 0.02, "uv": [35, 3]}
					]
				},
				{
					"name": "rightleg2",
					"parent": "body",
					"pivot": [-6.5, 4.25, 3],
					"rotation": [0, 0, 20],
					"cubes": [
						{"origin": [-13.5, 3.25, 3], "size": [7, 2, 0], "inflate": 0.02, "uv": [0, 39]}
					]
				},
				{
					"name": "rightknee2",
					"parent": "rightleg2",
					"pivot": [-13.5, 4.25, 3],
					"rotation": [0, 0, -70],
					"cubes": [
						{"origin": [-22.5, 3.25, 3], "size": [9, 3, 0], "inflate": 0.02, "uv": [35, 0]}
					]
				},
				{
					"name": "rightarm",
					"parent": "body",
					"pivot": [-6.5, 5.25, -2.5],
					"cubes": [
						{"origin": [-12.5, 4.25, -2.5], "size": [7, 2, 0], "inflate": 0.02, "uv": [28, 39]}
					]
				},
				{
					"name": "rightforarm",
					"parent": "rightarm",
					"pivot": [-12.5, 5.25, -2.5],
					"cubes": [
						{"origin": [-17.5, 4.25, -2.5], "size": [5, 2, 0], "inflate": 0.02, "uv": [40, 31]}
					]
				},
				{
					"name": "clawright",
					"parent": "rightforarm",
					"pivot": [-16.5, 5.25, -2.5],
					"cubes": [
						{"origin": [-25.5, 5.75, -4.5], "size": [9, 3, 4], "inflate": 0.02, "uv": [22, 19]},
						{"origin": [-25.58616, 3.75372, -4], "size": [0, 2, 3], "inflate": 0.02, "pivot": [-25.58616, 4.75372, -2.5], "rotation": [0, 0, 5], "uv": [0, 2]}
					]
				},
				{
					"name": "bottomclawright",
					"parent": "clawright",
					"pivot": [-16.5, 5.5, -2.5],
					"cubes": [
						{"origin": [-23.5, 3.75, -4], "size": [7, 3, 3], "uv": [0, 33]}
					],
					"locators": {
						"held_item": {
							"offset": [-24, 6, -2],
							"rotation": [-90, -90, 0]
						}
					}
				},
				{
					"name": "leftarm",
					"parent": "body",
					"pivot": [6.5, 5.25, -2.5],
					"cubes": [
						{"origin": [5.5, 4.25, -2.5], "size": [7, 2, 0], "inflate": 0.02, "uv": [35, 6]}
					]
				},
				{
					"name": "leftforarm",
					"parent": "leftarm",
					"pivot": [12.5, 5.25, -2.5],
					"cubes": [
						{"origin": [12.5, 4.25, -2.5], "size": [5, 2, 0], "inflate": 0.02, "uv": [40, 16]}
					]
				},
				{
					"name": "clawleft",
					"parent": "leftforarm",
					"pivot": [16.5, 5.25, -2.5],
					"cubes": [
						{"origin": [16.5, 5.75, -4.5], "size": [9, 3, 4], "inflate": 0.02, "uv": [0, 16]},
						{"origin": [25.58616, 3.75372, -4], "size": [0, 2, 3], "inflate": 0.02, "pivot": [25.58616, 4.75372, -2.5], "rotation": [0, 0, -5], "uv": [0, 0]}
					]
				},
				{
					"name": "bottomclawleft",
					"parent": "clawleft",
					"pivot": [16.5, 5.5, -2.5],
					"cubes": [
						{"origin": [16.5, 3.75, -4], "size": [7, 3, 3], "uv": [23, 31]}
					]
				}
			]
		}
	]
}