{
	"format_version": "1.12.0",
	"minecraft:geometry": [
		{
			"description": {
				"identifier": "geometry.venusaur_male",
				"texture_width": 128,
				"texture_height": 64,
				"visible_bounds_width": 4,
				"visible_bounds_height": 2.5,
				"visible_bounds_offset": [0, 0.75, 0]
			},
			"bones": [
				{
					"name": "venusaur",
					"pivot": [0, 0, 0]
				},
				{
					"name": "body",
					"parent": "venusaur",
					"pivot": [0, 6.74976, 3.5109]
				},
				{
					"name": "torso",
					"parent": "body",
					"pivot": [0, 6.7498, 3.5109],
					"cubes": [
						{"origin": [-7.5, 1.99976, -4.9891], "size": [15, 8, 16], "pivot": [0, 6.74976, 3.5109], "rotation": [-5, 0, 0], "uv": [0, 0]}
					]
				},
				{
					"name": "head",
					"parent": "torso",
					"pivot": [0, 6.75, -2.5],
					"cubes": [
						{"origin": [-6.5, 5, -11.5], "size": [13, 6, 8], "uv": [0, 24]},
						{"origin": [-6.5, 4, -8], "size": [13, 1, 3], "inflate": 0.01, "uv": [30, 45]},
						{"origin": [-7.5, 4.5, -9.75], "size": [1, 4, 4], "uv": [0, 39]},
						{"origin": [6.5, 4.5, -9.75], "size": [1, 4, 4], "uv": [0, 39]},
						{"origin": [-3.5, 5, -12.5], "size": [7, 2, 1], "uv": [35, 24]},
						{"origin": [-6.05, 4, -11.4], "size": [1, 1, 0], "inflate": 0.01, "pivot": [-5.05, 5, -11.4], "rotation": [10, 12.5, 47.5], "uv": [0, 1]},
						{"origin": [5.05, 4, -11.4], "size": [1, 1, 0], "inflate": 0.01, "pivot": [5.05, 5, -11.4], "rotation": [10, -12.5, -47.5], "uv": [0, 0], "mirror": true}
					]
				},
				{
					"name": "jaw",
					"parent": "head",
					"pivot": [0, 5.25, -8.25],
					"cubes": [
						{"origin": [-6.5, 4, -11], "size": [13, 1, 3], "uv": [30, 41]},
						{"origin": [-5, 4, -12], "size": [10, 1, 1], "uv": [34, 27]},
						{"origin": [-4.5, 4.5, -11.85], "size": [1, 1, 0], "pivot": [-4.5, 5, -11.85], "rotation": [-12.5, -15, 35], "uv": [2, 3], "mirror": true},
						{"origin": [-4, 4.5, -11.85], "size": [1, 1, 0], "pivot": [-4, 5, -11.85], "rotation": [-12.5, -15, 35], "uv": [2, 2], "mirror": true},
						{"origin": [3, 4.5, -11.85], "size": [1, 1, 0], "pivot": [4, 5, -11.85], "rotation": [-12.5, 15, -35], "uv": [2, 0]},
						{"origin": [3.5, 4.5, -11.85], "size": [1, 1, 0], "pivot": [4.5, 5, -11.85], "rotation": [-12.5, 15, -35], "uv": [2, 1]}
					],
					"locators": {
						"held_item_fixed": {
							"offset": [0, 5, -10.25],
							"rotation": [90, 0, 0]
						}
					}
				},
				{
					"name": "eyes",
					"parent": "head",
					"pivot": [0, 9, -11]
				},
				{
					"name": "eye_right",
					"parent": "eyes",
					"pivot": [-4.25, 8.68301, -11.501],
					"cubes": [
						{"origin": [-5.75, 7.18301, -11.51], "size": [3, 3, 0], "pivot": [-4.25, 8.68301, -11.505], "rotation": [0, 0, 30], "uv": [0, 27], "mirror": true}
					]
				},
				{
					"name": "eyelid_right",
					"parent": "eye_right",
					"pivot": [-4.25, 8.68301, -10.905],
					"cubes": [
						{"origin": [-6, 7.25, -11.41], "size": [3, 3, 1], "inflate": 0.01, "pivot": [-4.5, 8.25, -11.5], "rotation": [0, 0, 30], "uv": [84, 40], "mirror": true}
					]
				},
				{
					"name": "eye_left",
					"parent": "eyes",
					"pivot": [4.25, 8.68301, -11.505],
					"cubes": [
						{"origin": [2.75, 7.18301, -11.51], "size": [3, 3, 0], "pivot": [4.25, 8.68301, -11.505], "rotation": [0, 0, -30], "uv": [0, 24]}
					]
				},
				{
					"name": "eyelid_left",
					"parent": "eye_left",
					"pivot": [4.25, 8.68301, -10.905],
					"cubes": [
						{"origin": [3, 7.25, -11.41], "size": [3, 3, 1], "inflate": 0.01, "pivot": [4.5, 8.25, -10.5], "rotation": [0, 0, -30], "uv": [84, 40]}
					]
				},
				{
					"name": "ears",
					"parent": "head",
					"pivot": [0, 10.25, -7]
				},
				{
					"name": "ear_right",
					"parent": "ears",
					"pivot": [-3.75, 10.75, -8.25],
					"rotation": [0, -45, -20],
					"cubes": [
						{"origin": [-3.75, 10.5, -10.25], "size": [0, 4, 6], "uv": [0, -1], "mirror": true}
					]
				},
				{
					"name": "ear_left",
					"parent": "ears",
					"pivot": [3.75, 10.5, -8.25],
					"rotation": [0, 45, 20],
					"cubes": [
						{"origin": [3.75, 10.5, -10.25], "size": [0, 4, 6], "uv": [0, 3]}
					]
				},
				{
					"name": "leaves",
					"parent": "torso",
					"pivot": [0, 11, 3.5]
				},
				{
					"name": "leaf_front1",
					"parent": "leaves",
					"pivot": [0.5, 10.5, -1.5],
					"rotation": [-20, 0, 0],
					"cubes": [
						{"origin": [-4, 10.5, -4.5], "size": [8, 0, 3], "uv": [107, 37]}
					]
				},
				{
					"name": "leaf_front2",
					"parent": "leaf_front1",
					"pivot": [0.5, 10.5, -4.5],
					"cubes": [
						{"origin": [-4.5, 10.5, -9.5], "size": [9, 0, 5], "uv": [105, 40]}
					]
				},
				{
					"name": "leaf_front3",
					"parent": "leaf_front2",
					"pivot": [0, 10.5, -9.5],
					"cubes": [
						{"origin": [-4, 10.5, -12.5], "size": [8, 0, 3], "uv": [107, 45]}
					]
				},
				{
					"name": "leaf_front4",
					"parent": "leaf_front3",
					"pivot": [0, 10.5, -12.5],
					"cubes": [
						{"origin": [-3, 10.5, -15.5], "size": [6, 0, 3], "uv": [108, 48]}
					]
				},
				{
					"name": "leaf_right",
					"parent": "leaves",
					"pivot": [-2.5, 10.25, 1],
					"rotation": [-5, 0, 0],
					"cubes": [
						{"origin": [-5.5, 10.25, -3], "size": [3, 0, 8], "uv": [92, 6]}
					]
				},
				{
					"name": "leaf_right2",
					"parent": "leaf_right",
					"pivot": [-5.5, 10.25, 1],
					"cubes": [
						{"origin": [-9.5, 10.25, -3.5], "size": [4, 0, 9], "uv": [97, 5]}
					]
				},
				{
					"name": "leaf_right3",
					"parent": "leaf_right2",
					"pivot": [-9.5, 10.25, 1],
					"cubes": [
						{"origin": [-13.5, 10.25, -3], "size": [4, 0, 8], "uv": [106, 6]}
					]
				},
				{
					"name": "leaf_right4",
					"parent": "leaf_right3",
					"pivot": [-13.5, 10.25, 1],
					"cubes": [
						{"origin": [-16.5, 10.25, -2], "size": [3, 0, 6], "uv": [116, 7]}
					]
				},
				{
					"name": "leaf_left",
					"parent": "leaves",
					"pivot": [2.5, 10.25, 1],
					"rotation": [-5, 0, 0],
					"cubes": [
						{"origin": [2.5, 10.25, -3], "size": [3, 0, 8], "uv": [92, 15], "mirror": true}
					]
				},
				{
					"name": "leaf_left2",
					"parent": "leaf_left",
					"pivot": [5.5, 10.25, 1],
					"cubes": [
						{"origin": [5.5, 10.25, -3.5], "size": [4, 0, 9], "uv": [97, 14], "mirror": true}
					]
				},
				{
					"name": "leaf_left3",
					"parent": "leaf_left2",
					"pivot": [9.5, 10.25, 1],
					"cubes": [
						{"origin": [9.5, 10.25, -3], "size": [4, 0, 8], "uv": [106, 15], "mirror": true}
					]
				},
				{
					"name": "leaf_left4",
					"parent": "leaf_left3",
					"pivot": [13.5, 10.25, 1],
					"cubes": [
						{"origin": [13.5, 10.25, -2], "size": [3, 0, 6], "uv": [116, 16], "mirror": true}
					]
				},
				{
					"name": "leaf_back",
					"parent": "leaves",
					"pivot": [0, 10.05, 3.5],
					"rotation": [-5, 0, 0],
					"cubes": [
						{"origin": [-4, 10.05, 3.5], "size": [8, 0, 3], "uv": [107, 34]}
					]
				},
				{
					"name": "leaf_back2",
					"parent": "leaf_back",
					"pivot": [0, 10.05, 6.5],
					"cubes": [
						{"origin": [-4.5, 10.05, 6.5], "size": [9, 0, 5], "uv": [105, 29]}
					]
				},
				{
					"name": "leaf_back3",
					"parent": "leaf_back2",
					"pivot": [0, 10.05, 11.5],
					"cubes": [
						{"origin": [-4, 10.05, 11.5], "size": [8, 0, 3], "uv": [107, 26]}
					]
				},
				{
					"name": "leaf_back4",
					"parent": "leaf_back3",
					"pivot": [0, 10.05, 14.5],
					"cubes": [
						{"origin": [-3, 10.05, 14.5], "size": [6, 0, 3], "uv": [108, 23]}
					]
				},
				{
					"name": "flower",
					"parent": "torso",
					"pivot": [0, 10, 1],
					"rotation": [-2.5, 0, 0],
					"cubes": [
						{"origin": [-2.5, 10, -1.5], "size": [5, 7, 5], "uv": [42, 29]},
						{"origin": [2.5, 17, -1.5], "size": [0, 2, 5], "uv": [63, 28]},
						{"origin": [-2.5, 17, 3.5], "size": [5, 2, 0], "uv": [73, 33]},
						{"origin": [-2.5, 17, -1.5], "size": [0, 2, 5], "uv": [63, 26]},
						{"origin": [-2.5, 17, -1.5], "size": [5, 2, 0], "uv": [73, 31]},
						{"origin": [-2.5, 17.35, -1.5], "size": [5, 0, 5], "inflate": 0.02, "uv": [106, 0]}
					]
				},
				{
					"name": "petal_left_back0",
					"parent": "flower",
					"pivot": [0, 17.25, 1],
					"rotation": [0, -60, 0]
				},
				{
					"name": "petal_left_back",
					"parent": "petal_left_back0",
					"pivot": [2, 17.25, 1],
					"cubes": [
						{"origin": [2, 17.15, -1.5], "size": [5, 0, 5], "uv": [69, 15]}
					]
				},
				{
					"name": "petal_left_back2",
					"parent": "petal_left_back",
					"pivot": [7, 17.25, 1],
					"cubes": [
						{"origin": [7, 17.15, -2], "size": [5, 0, 6], "uv": [78, 24]}
					]
				},
				{
					"name": "petal_right_back0",
					"parent": "flower",
					"pivot": [0, 17.3, 1],
					"rotation": [0, 60, 0]
				},
				{
					"name": "petal_right_back",
					"parent": "petal_right_back0",
					"pivot": [-2, 17.3, 1],
					"cubes": [
						{"origin": [-7, 17.3, -1.5], "size": [5, 0, 5], "uv": [69, 20], "mirror": true}
					]
				},
				{
					"name": "petal_right_back2",
					"parent": "petal_right_back",
					"pivot": [-7, 17.3, 1],
					"cubes": [
						{"origin": [-12, 17.3, -2], "size": [5, 0, 6], "uv": [78, 18], "mirror": true}
					]
				},
				{
					"name": "petal_right_front0",
					"parent": "flower",
					"pivot": [0, 17.15, 1],
					"rotation": [0, -60, 0]
				},
				{
					"name": "petal_right_front",
					"parent": "petal_right_front0",
					"pivot": [-2, 17.15, 1],
					"cubes": [
						{"origin": [-7, 17.15, -1.5], "size": [5, 0, 5], "uv": [69, 0], "mirror": true}
					]
				},
				{
					"name": "petal_right_front2",
					"parent": "petal_right_front",
					"pivot": [-7, 17.15, 1],
					"cubes": [
						{"origin": [-12, 17.15, -2], "size": [5, 0, 6], "uv": [78, 0], "mirror": true}
					]
				},
				{
					"name": "petal_left_front0",
					"parent": "flower",
					"pivot": [0, 17.3, 1],
					"rotation": [0, 60, 0]
				},
				{
					"name": "petal_left_front",
					"parent": "petal_left_front0",
					"pivot": [2, 17.3, 1],
					"cubes": [
						{"origin": [2, 17.3, -1.5], "size": [5, 0, 5], "uv": [69, 5]}
					]
				},
				{
					"name": "petal_left_front2",
					"parent": "petal_left_front",
					"pivot": [7, 17.3, 1],
					"cubes": [
						{"origin": [7, 17.3, -2], "size": [5, 0, 6], "uv": [78, 6]}
					]
				},
				{
					"name": "petal_right_middle",
					"parent": "flower",
					"pivot": [-2.5, 17.4, 1],
					"cubes": [
						{"origin": [-7.5, 17.4, -1.5], "size": [5, 0, 5], "uv": [69, 10], "mirror": true}
					]
				},
				{
					"name": "petal_right_middle2",
					"parent": "petal_right_middle",
					"pivot": [-7.5, 17.4, 1],
					"cubes": [
						{"origin": [-12.5, 17.4, -2], "size": [5, 0, 6], "uv": [78, 12], "mirror": true}
					]
				},
				{
					"name": "petal_left_middle",
					"parent": "flower",
					"pivot": [2.5, 17.4, 1],
					"cubes": [
						{"origin": [2.5, 17.4, -1.5], "size": [5, 0, 5], "uv": [69, 25]}
					]
				},
				{
					"name": "petal_left_middle2",
					"parent": "petal_left_middle",
					"pivot": [7.5, 17.4, 1],
					"cubes": [
						{"origin": [7.5, 17.4, -2], "size": [5, 0, 6], "uv": [78, 30]}
					]
				},
				{
					"name": "leg_front_right",
					"parent": "body",
					"pivot": [-6.75, 7.5, -1.75],
					"rotation": [0, 2.5, 0],
					"cubes": [
						{"origin": [-9.25, 0, -4.25], "size": [5, 9, 5], "uv": [10, 38], "mirror": true},
						{"origin": [-8.75, 0, -5.15], "size": [0, 1, 1], "pivot": [-8.75, 0.5, -4.25], "rotation": [0, 15, 0], "uv": [13, 1]},
						{"origin": [-6.75, 0, -5.25], "size": [0, 1, 1], "uv": [13, 0]},
						{"origin": [-4.75, 0, -5.15], "size": [0, 1, 1], "pivot": [-4.75, 0.5, -4.25], "rotation": [0, -15, 0], "uv": [13, -1]}
					]
				},
				{
					"name": "leg_front_left",
					"parent": "body",
					"pivot": [6.75, 7.5, -1.75],
					"rotation": [0, -2.5, 0],
					"cubes": [
						{"origin": [4.25, 0, -4.25], "size": [5, 9, 5], "uv": [10, 38]},
						{"origin": [4.75, 0, -5.15], "size": [0, 1, 1], "pivot": [4.75, 0.5, -4.25], "rotation": [0, 15, 0], "uv": [13, 4]},
						{"origin": [6.75, 0, -5.25], "size": [0, 1, 1], "uv": [13, 3]},
						{"origin": [8.75, 0, -5.15], "size": [0, 1, 1], "pivot": [8.75, 0.5, -4.25], "rotation": [0, -15, 0], "uv": [13, 2]}
					]
				},
				{
					"name": "leg_back_right",
					"parent": "body",
					"pivot": [-7, 6.5, 7.25],
					"rotation": [0, 2.5, 0],
					"cubes": [
						{"origin": [-9.5, 3, 4.25], "size": [5, 5, 6], "inflate": 0.01, "uv": [47, 0], "mirror": true}
					]
				},
				{
					"name": "leg_back_right2",
					"parent": "leg_back_right",
					"pivot": [-7, 3, 7.25],
					"cubes": [
						{"origin": [-9.5, 0, 5.25], "size": [5, 4, 5], "uv": [63, 35], "mirror": true},
						{"origin": [-9, 0, 4.35], "size": [0, 1, 1], "pivot": [-9, 0.5, 5.25], "rotation": [0, 15, 0], "uv": [13, 7]},
						{"origin": [-7, 0, 4.25], "size": [0, 1, 1], "uv": [13, 6]},
						{"origin": [-5, 0, 4.35], "size": [0, 1, 1], "pivot": [-5, 0.5, 5.25], "rotation": [0, -15, 0], "uv": [13, 5]}
					]
				},
				{
					"name": "leg_back_left",
					"parent": "body",
					"pivot": [7, 6.5, 7.25],
					"rotation": [0, -2.5, 0],
					"cubes": [
						{"origin": [4.5, 3, 4.25], "size": [5, 5, 6], "inflate": 0.01, "uv": [47, 0]}
					]
				},
				{
					"name": "leg_back_left2",
					"parent": "leg_back_left",
					"pivot": [7, 3, 7.25],
					"cubes": [
						{"origin": [4.5, 0, 5.25], "size": [5, 4, 5], "uv": [63, 35]},
						{"origin": [5, 0, 4.35], "size": [0, 1, 1], "pivot": [5, 0.5, 5.25], "rotation": [0, 15, 0], "uv": [13, 10]},
						{"origin": [7, 0, 4.25], "size": [0, 1, 1], "uv": [13, 9]},
						{"origin": [9, 0, 4.35], "size": [0, 1, 1], "pivot": [9, 0.5, 5.25], "rotation": [0, -15, 0], "uv": [13, 8]}
					]
				}
			]
		}
	]
}