{
	"format_version": "1.12.0",
	"minecraft:geometry": [
		{
			"description": {
				"identifier": "geometry.igglybuff",
				"texture_width": 32,
				"texture_height": 32,
				"visible_bounds_width": 2,
				"visible_bounds_height": 2.5,
				"visible_bounds_offset": [0, 0.75, 0]
			},
			"bones": [
				{
					"name": "igglybuff",
					"pivot": [0, 0, 0]
				},
				{
					"name": "body",
					"parent": "igglybuff",
					"pivot": [0, 4.5, 0]
				},
				{
					"name": "torso",
					"parent": "body",
					"pivot": [0, 1.25, 0],
					"cubes": [
						{"origin": [-3.5, 1.25, -3.5], "size": [7, 7, 7], "uv": [0, 0]},
						{"origin": [-1, 6.25, -3.51], "size": [2, 2, 0], "uv": [25, 26]}
					]
				},
				{
					"name": "mouth",
					"parent": "torso",
					"pivot": [0, 3.5, -3.51]
				},
				{
					"name": "mouth_closed",
					"parent": "mouth",
					"pivot": [0, 3.5, -3.51],
					"cubes": [
						{"origin": [-0.5, 3, -3.51], "size": [1, 1, 0], "uv": [30, 28]}
					]
				},
				{
					"name": "mouth_open",
					"parent": "mouth",
					"pivot": [0, 3.5, -3.41],
					"cubes": [
						{"origin": [-0.5, 2.5, -3.41], "size": [1, 2, 0], "uv": [30, 24]}
					]
				},
				{
					"name": "eyes",
					"parent": "torso",
					"pivot": [0, 5.25, -3.525]
				},
				{
					"name": "eye_right",
					"parent": "eyes",
					"pivot": [-2, 5.25, -3.51],
					"cubes": [
						{"origin": [-3, 4.25, -3.51], "size": [2, 2, 0], "uv": [24, 30], "mirror": true}
					]
				},
				{
					"name": "eyelid_right",
					"parent": "eye_right",
					"pivot": [-2, 5.25, -2.91],
					"cubes": [
						{"origin": [-3, 4.25, -3.41], "size": [2, 2, 1], "inflate": 0.01, "uv": [11, 29], "mirror": true}
					]
				},
				{
					"name": "eye_left",
					"parent": "eyes",
					"pivot": [2, 5.25, -3.51],
					"cubes": [
						{"origin": [1, 4.25, -3.51], "size": [2, 2, 0], "uv": [28, 30]}
					]
				},
				{
					"name": "eyelid_left",
					"parent": "eye_left",
					"pivot": [2, 5.25, -2.91],
					"cubes": [
						{"origin": [1, 4.25, -3.41], "size": [2, 2, 1], "inflate": 0.01, "uv": [17, 29], "mirror": true}
					]
				},
				{
					"name": "tuft",
					"parent": "torso",
					"pivot": [0, 8.25, 0],
					"cubes": [
						{"origin": [-1, 7.5, -1], "size": [2, 3, 2], "inflate": 0.01, "uv": [0, 22]},
						{"origin": [0.25, 7.75, -1], "size": [2, 2, 2], "pivot": [1, 8.25, 0], "rotation": [0, 0, 10], "uv": [8, 22]},
						{"origin": [-2.25, 7.75, -1], "size": [2, 2, 2], "pivot": [-1, 8.25, 0], "rotation": [0, 0, -10], "uv": [0, 27]}
					]
				},
				{
					"name": "arm_right",
					"parent": "torso",
					"pivot": [-3.5, 4, -2.5],
					"cubes": [
						{"origin": [-5.25, 3.5, -3.5], "size": [2, 1, 1], "inflate": 0.01, "uv": [0, 0]}
					]
				},
				{
					"name": "arm_left",
					"parent": "torso",
					"pivot": [3.5, 4, -2.5],
					"cubes": [
						{"origin": [3.25, 3.5, -3.5], "size": [2, 1, 1], "inflate": 0.01, "uv": [0, 3]}
					]
				},
				{
					"name": "leg_right",
					"parent": "body",
					"pivot": [-1.75, 2.5, 0],
					"rotation": [0, 5, 0],
					"cubes": [
						{"origin": [-2.75, 0.5, -1], "size": [2, 2, 2], "uv": [0, 18], "mirror": true}
					]
				},
				{
					"name": "foot_right",
					"parent": "leg_right",
					"pivot": [-1.75, 1, 0],
					"cubes": [
						{"origin": [-2.75, 0, -1.75], "size": [2, 1, 3], "inflate": 0.01, "uv": [0, 14]}
					]
				},
				{
					"name": "leg_left",
					"parent": "body",
					"pivot": [1.75, 2.5, 0],
					"rotation": [0, -5, 0],
					"cubes": [
						{"origin": [0.75, 0.5, -1], "size": [2, 2, 2], "uv": [8, 18], "mirror": true}
					]
				},
				{
					"name": "foot_left",
					"parent": "leg_left",
					"pivot": [1.75, 1, 0],
					"cubes": [
						{"origin": [0.75, 0, -1.75], "size": [2, 1, 3], "inflate": 0.01, "uv": [10, 14]}
					]
				}
			]
		}
	]
}