{
	"format_version": "1.12.0",
	"minecraft:geometry": [
		{
			"description": {
				"identifier": "geometry.phanpy",
				"texture_width": 64,
				"texture_height": 64,
				"visible_bounds_width": 3,
				"visible_bounds_height": 2.5,
				"visible_bounds_offset": [0, 0.75, 0]
			},
			"bones": [
				{
					"name": "phanpy",
					"pivot": [0, 0, 0]
				},
				{
					"name": "body",
					"parent": "phanpy",
					"pivot": [0, 7, 0]
				},
				{
					"name": "leg_back_left",
					"parent": "body",
					"pivot": [1.75, 5, 3],
					"cubes": [
						{"origin": [0.75, 0, 1], "size": [3, 6, 4], "inflate": 0.01, "uv": [46, 40]},
						{"origin": [1.25, 0, 0.5], "size": [2, 1, 1], "uv": [38, 12]}
					]
				},
				{
					"name": "leg_back_right",
					"parent": "body",
					"pivot": [-1.75, 5, 4],
					"cubes": [
						{"origin": [-3.75, 0, 1], "size": [3, 6, 4], "inflate": 0.01, "uv": [32, 44]},
						{"origin": [-3.25, 0, 0.5], "size": [2, 1, 1], "uv": [38, 10]}
					]
				},
				{
					"name": "leg_front_left",
					"parent": "body",
					"pivot": [1.75, 5, -3],
					"cubes": [
						{"origin": [0.75, 0, -5.25], "size": [3, 6, 4], "inflate": 0.01, "uv": [0, 46]},
						{"origin": [1.25, 0, -5.75], "size": [2, 1, 1], "uv": [14, 38]}
					]
				},
				{
					"name": "leg_front_right",
					"parent": "body",
					"pivot": [-1.75, 5, -3],
					"cubes": [
						{"origin": [-3.75, 0, -5.25], "size": [3, 6, 4], "inflate": 0.01, "uv": [44, 25]},
						{"origin": [-3.25, 0, -5.75], "size": [2, 1, 1], "uv": [0, 27]}
					]
				},
				{
					"name": "torso",
					"parent": "body",
					"pivot": [0, 4, 0],
					"cubes": [
						{"origin": [-4, 2.5, -5.5], "size": [8, 8, 11], "uv": [0, 0]}
					]
				},
				{
					"name": "tail",
					"parent": "torso",
					"pivot": [0, 7.5, 5.5],
					"cubes": [
						{"origin": [0, 6.5, 4.5], "size": [0, 2, 3], "uv": [0, 6]}
					]
				},
				{
					"name": "head_pos",
					"parent": "torso",
					"pivot": [0, 7.25, -2],
					"rotation": [-45, 0, 0]
				},
				{
					"name": "head",
					"parent": "head_pos",
					"pivot": [0, 7.25, -2],
					"cubes": [
						{"origin": [-3.5, 3.25, -10], "size": [7, 9, 10], "inflate": 0.01, "uv": [0, 19]}
					]
				},
				{
					"name": "ear_left_pos",
					"parent": "head",
					"pivot": [4.5, 11.5, -9],
					"rotation": [45, 0, 0]
				},
				{
					"name": "ear_left",
					"parent": "ear_left_pos",
					"pivot": [3.5, 12, -9],
					"cubes": [
						{"origin": [3.5, 10.5, -12], "size": [4, 2, 6], "inflate": 0.01, "uv": [38, 10]}
					]
				},
				{
					"name": "ear_left2",
					"parent": "ear_left",
					"pivot": [7, 12, -9],
					"cubes": [
						{"origin": [6.5, 10, -12.5], "size": [5, 3, 7], "inflate": 0.01, "uv": [27, 0]},
						{"origin": [9, 9.5, -12], "size": [3, 4, 2], "inflate": 0.01, "uv": [44, 0]},
						{"origin": [9, 9.5, -8], "size": [3, 4, 2], "inflate": 0.01, "uv": [41, 18]}
					]
				},
				{
					"name": "ear_right_pos",
					"parent": "head",
					"pivot": [-4.5, 11.75, -8.75],
					"rotation": [45, 0, 0]
				},
				{
					"name": "ear_right",
					"parent": "ear_right_pos",
					"pivot": [-3.5, 12.25, -8.75],
					"cubes": [
						{"origin": [-7.5, 10.75, -11.75], "size": [4, 2, 6], "inflate": 0.01, "uv": [0, 38]}
					]
				},
				{
					"name": "ear_right2",
					"parent": "ear_right",
					"pivot": [-7, 12.25, -8.75],
					"cubes": [
						{"origin": [-11.5, 10.25, -12.25], "size": [5, 3, 7], "inflate": 0.01, "uv": [24, 19]},
						{"origin": [-12, 9.75, -11.75], "size": [3, 4, 2], "inflate": 0.01, "uv": [0, 19]},
						{"origin": [-12, 9.75, -7.75], "size": [3, 4, 2], "inflate": 0.01, "uv": [0, 0]}
					]
				},
				{
					"name": "eye_left",
					"parent": "head",
					"pivot": [3.01, 6.5, -8.75],
					"rotation": [-45, 0, 0],
					"cubes": [
						{"origin": [2.51, 6, -9.75], "size": [1, 1, 2], "inflate": 0.01, "uv": [0, 38]}
					]
				},
				{
					"name": "eyelid_left",
					"parent": "eye_left",
					"pivot": [2.91, 6.5, -8.75],
					"cubes": [
						{"origin": [2.41, 6, -9.75], "size": [1, 1, 2], "inflate": 0.02, "uv": [34, 29]}
					]
				},
				{
					"name": "eye_right",
					"parent": "head",
					"pivot": [-3.01, 6.5, -8.75],
					"rotation": [-45, 0, 0],
					"cubes": [
						{"origin": [-3.51, 6, -9.75], "size": [1, 1, 2], "inflate": 0.01, "uv": [27, 3]}
					]
				},
				{
					"name": "eyelid_right",
					"parent": "eye_right",
					"pivot": [-2.91, 6.5, -8.75],
					"cubes": [
						{"origin": [-3.41, 6, -9.75], "size": [1, 1, 2], "inflate": 0.02, "uv": [27, 0]}
					]
				},
				{
					"name": "mouth_closed",
					"parent": "head",
					"pivot": [0, 3.74, -5.25],
					"cubes": [
						{"origin": [-1.5, 3.24, -6], "size": [3, 1, 1], "inflate": 0.001, "uv": [0, 25]},
						{"origin": [-0.5, 3.24, -5.5], "size": [1, 1, 1], "inflate": 0.001, "uv": [6, 9]}
					]
				},
				{
					"name": "mouth_open",
					"parent": "head",
					"pivot": [0, 3.84, -5],
					"cubes": [
						{"origin": [-1.5, 3.34, -6], "size": [3, 1, 2], "inflate": 0.001, "uv": [0, 6]}
					]
				},
				{
					"name": "trunk",
					"parent": "head",
					"pivot": [0, 5.75, -7.5],
					"rotation": [-20, 0, 0],
					"cubes": [
						{"origin": [-2.5, 1.25, -10], "size": [5, 6, 5], "uv": [29, 33]}
					]
				},
				{
					"name": "trunk2",
					"parent": "trunk",
					"pivot": [0, 1.75, -7.5],
					"cubes": [
						{"origin": [-2, -1.75, -9.5], "size": [4, 5, 4], "uv": [16, 42]},
						{"origin": [0.5, -1.76, -8.75], "size": [1, 1, 2], "uv": [24, 22]},
						{"origin": [-1.5, -1.76, -8.75], "size": [1, 1, 2], "uv": [24, 19]}
					]
				}
			]
		}
	]
}