{
	"format_version": "1.12.0",
	"minecraft:geometry": [
		{
			"description": {
				"identifier": "geometry.furret",
				"texture_width": 64,
				"texture_height": 64,
				"visible_bounds_width": 5,
				"visible_bounds_height": 2.5,
				"visible_bounds_offset": [0, 0.75, 0]
			},
			"bones": [
				{
					"name": "furret",
					"pivot": [0, 0, 0]
				},
				{
					"name": "body",
					"parent": "furret",
					"pivot": [0, 1.5, 0]
				},
				{
					"name": "torso",
					"parent": "body",
					"pivot": [0, 3, 1.5],
					"cubes": [
						{"origin": [-4, 1.5, -5.5], "size": [8, 7, 9], "uv": [0, 0]}
					]
				},
				{
					"name": "torso2",
					"parent": "torso",
					"pivot": [0, 5, -3.5],
					"cubes": [
						{"origin": [-4, 1.5, -11], "size": [8, 7, 8], "inflate": 0.01, "uv": [0, 16]}
					]
				},
				{
					"name": "neck",
					"parent": "torso2",
					"pivot": [0, 5, -11],
					"cubes": [
						{"origin": [-3.5, 1.5, -16], "size": [7, 7, 6], "uv": [0, 46]}
					]
				},
				{
					"name": "head",
					"parent": "neck",
					"pivot": [0, 5.5, -15.5],
					"cubes": [
						{"origin": [-4, 2, -21], "size": [8, 7, 8], "uv": [24, 23]},
						{"origin": [-1.5, 6, -21], "size": [3, 2, 1], "inflate": 0.01, "uv": [25, 6]},
						{"origin": [3.01, 3.5, -21.01], "size": [1, 1, 2], "uv": [30, 38]},
						{"origin": [-4.01, 3.5, -21.01], "size": [1, 1, 2], "uv": [0, 34]}
					]
				},
				{
					"name": "ear_left",
					"parent": "head",
					"pivot": [3, 8, -17],
					"rotation": [-35, -22.5, 52.5],
					"cubes": [
						{"origin": [1, 7, -17], "size": [4, 7, 0], "uv": [0, 16]}
					]
				},
				{
					"name": "ear_right",
					"parent": "head",
					"pivot": [-3, 8, -17],
					"rotation": [-35, 22.5, -52.5],
					"cubes": [
						{"origin": [-5, 7, -17], "size": [4, 7, 0], "uv": [0, 0]}
					]
				},
				{
					"name": "mouth_closed",
					"parent": "head",
					"pivot": [0, 2, -15],
					"cubes": [
						{"origin": [-0.5, 3.75, -21.01], "size": [1, 1, 1], "uv": [4, 34]},
						{"origin": [-1.5, 3.25, -21.01], "size": [3, 1, 1], "uv": [0, 7]}
					]
				},
				{
					"name": "mouth_open",
					"parent": "head",
					"pivot": [0, 3.75, -20.41],
					"cubes": [
						{"origin": [-1, 2.75, -20.91], "size": [2, 2, 1], "uv": [0, 31]},
						{"origin": [-0.5, 4.25, -20.91], "size": [1, 1, 1], "uv": [25, 0]}
					]
				},
				{
					"name": "eye_left",
					"parent": "head",
					"pivot": [0.5, 2, -15],
					"cubes": [
						{"origin": [1.5, 4.5, -21.01], "size": [2, 2, 1], "uv": [48, 26]},
						{"origin": [2, 5.5, -21.015], "size": [1, 1, 1], "uv": [35, 0]}
					]
				},
				{
					"name": "eyelid_left",
					"parent": "eye_left",
					"pivot": [0.5, 2, -14.9],
					"cubes": [
						{"origin": [1.5, 4.5, -20.91], "size": [2, 2, 1], "inflate": 0.01, "uv": [48, 23]}
					]
				},
				{
					"name": "eye_right",
					"parent": "head",
					"pivot": [-0.5, 2, -15],
					"cubes": [
						{"origin": [-3.5, 4.5, -21.01], "size": [2, 2, 1], "uv": [0, 46]},
						{"origin": [-3, 5.5, -21.015], "size": [1, 1, 1], "uv": [25, 2]}
					]
				},
				{
					"name": "eyelid_right",
					"parent": "eye_right",
					"pivot": [-0.5, 2, -14.9],
					"cubes": [
						{"origin": [-3.5, 4.5, -20.91], "size": [2, 2, 1], "inflate": 0.01, "uv": [30, 41]}
					]
				},
				{
					"name": "arm_left",
					"parent": "torso2",
					"pivot": [2, 2, -9],
					"cubes": [
						{"origin": [0.5, 0, -10], "size": [3, 3, 2], "uv": [20, 46]}
					]
				},
				{
					"name": "arm_left2",
					"parent": "arm_left",
					"pivot": [2, 0.5, -9],
					"cubes": [
						{"origin": [0.5, -1.5, -10], "size": [3, 2, 2], "inflate": 0.01, "uv": [48, 10]}
					]
				},
				{
					"name": "arm_right",
					"parent": "torso2",
					"pivot": [-2, 2, -9],
					"cubes": [
						{"origin": [-3.5, 0, -10], "size": [3, 3, 2], "uv": [45, 0]}
					]
				},
				{
					"name": "arm_right2",
					"parent": "arm_right",
					"pivot": [-2, 0.5, -9],
					"cubes": [
						{"origin": [-3.5, -1.5, -10], "size": [3, 2, 2], "inflate": 0.01, "uv": [48, 6]}
					],
					"locators": {
						"held_item_fixed": {
							"offset": [-2, -1, -9.25],
							"rotation": [170, 0, 0]
						}
					}
				},
				{
					"name": "tail",
					"parent": "torso",
					"pivot": [0, 5, 1.5],
					"cubes": [
						{"origin": [-3.5, 1.5, 1], "size": [7, 7, 8], "inflate": 0.01, "uv": [0, 31]}
					]
				},
				{
					"name": "tail2",
					"parent": "tail",
					"pivot": [0, 5, 7],
					"cubes": [
						{"origin": [-3.5, 1.5, 6.5], "size": [7, 7, 8], "uv": [26, 8]}
					]
				},
				{
					"name": "tail3",
					"parent": "tail2",
					"pivot": [0, 5, 13],
					"cubes": [
						{"origin": [-3, 2, 12.5], "size": [6, 6, 7], "uv": [30, 38]}
					]
				},
				{
					"name": "tail4",
					"parent": "tail3",
					"pivot": [0, 5, 19],
					"cubes": [
						{"origin": [0, 2.5, 18.5], "size": [0, 5, 7], "uv": [26, 44]}
					]
				},
				{
					"name": "leg_left",
					"parent": "body",
					"pivot": [2.5, 1.5, 0.5],
					"cubes": [
						{"origin": [1, 0, -2], "size": [3, 2, 4], "inflate": 0.01, "uv": [35, 2]}
					]
				},
				{
					"name": "leg_right",
					"parent": "body",
					"pivot": [-2.5, 1.5, 0.5],
					"cubes": [
						{"origin": [-4, 0, -2], "size": [3, 2, 4], "inflate": 0.01, "uv": [25, 0]}
					]
				}
			]
		}
	]
}