{
	"format_version": "1.12.0",
	"minecraft:geometry": [
		{
			"description": {
				"identifier": "geometry.floatzel_male",
				"texture_width": 128,
				"texture_height": 64,
				"visible_bounds_width": 5,
				"visible_bounds_height": 3.5,
				"visible_bounds_offset": [0, 1.25, 0]
			},
			"bones": [
				{
					"name": "floatzel",
					"pivot": [0, 0, 0]
				},
				{
					"name": "body",
					"parent": "floatzel",
					"pivot": [0, 6, 0]
				},
				{
					"name": "torso",
					"parent": "body",
					"pivot": [0, 2, 0],
					"cubes": [
						{"origin": [-5, 2, -4], "size": [10, 9, 8], "uv": [0, 27]}
					]
				},
				{
					"name": "torso2",
					"parent": "torso",
					"pivot": [0, 11, 3.5],
					"cubes": [
						{"origin": [-4, 11, -3.5], "size": [8, 4, 7], "inflate": 0.01, "uv": [28, 24]},
						{"origin": [1, 10.3, 2.7], "size": [2, 5, 1], "inflate": 0.01, "pivot": [0, 15.5, 3.5], "rotation": [6, 0, 0], "uv": [70, 28]},
						{"origin": [-3, 10.3, 2.7], "size": [2, 5, 1], "inflate": 0.01, "pivot": [0, 15.5, 3.5], "rotation": [6, 0, 0], "uv": [76, 28], "mirror": true}
					]
				},
				{
					"name": "chest",
					"parent": "torso2",
					"pivot": [0, 15, 0],
					"cubes": [
						{"origin": [-3, 14.5, -3], "size": [6, 4, 6], "uv": [0, 17]}
					]
				},
				{
					"name": "arms",
					"parent": "chest",
					"pivot": [0, 17.5, 1]
				},
				{
					"name": "arm_left",
					"parent": "arms",
					"pivot": [3, 17.5, -0.5],
					"cubes": [
						{"origin": [2.5, 15.5, -2], "size": [4, 2, 3], "uv": [33, 9]}
					]
				},
				{
					"name": "arm_left2",
					"parent": "arm_left",
					"pivot": [6.5, 17.5, 1],
					"cubes": [
						{"origin": [6.5, 15.5, -2], "size": [4, 2, 3], "inflate": 0.01, "uv": [26, 14]}
					]
				},
				{
					"name": "fin_left",
					"parent": "arm_left2",
					"pivot": [6.5, 16.5, 1],
					"cubes": [
						{"origin": [6, 16.5, 1], "size": [4, 0, 5], "uv": [37, 19]}
					]
				},
				{
					"name": "hand_left",
					"parent": "arm_left2",
					"pivot": [10.5, 17, 1],
					"cubes": [
						{"origin": [10.5, 16, -2], "size": [2, 1, 3], "uv": [40, 15]}
					]
				},
				{
					"name": "finger_back_left",
					"parent": "hand_left",
					"pivot": [12.3, 16.5, 0],
					"rotation": [0, -20, 0],
					"cubes": [
						{"origin": [12.3, 16.5, 0], "size": [1, 0, 1], "uv": [26, 21]}
					]
				},
				{
					"name": "finger_middle_left",
					"parent": "hand_left",
					"pivot": [12.3, 16.5, -0.5],
					"cubes": [
						{"origin": [12.3, 16.5, -1], "size": [1, 0, 1], "uv": [26, 20]}
					]
				},
				{
					"name": "finger_front_left",
					"parent": "hand_left",
					"pivot": [12.3, 16.5, -1],
					"rotation": [0, 20, 0],
					"cubes": [
						{"origin": [12.3, 16.5, -2], "size": [1, 0, 1], "uv": [26, 19]}
					]
				},
				{
					"name": "arm_right",
					"parent": "arms",
					"pivot": [-3, 17.5, -0.5],
					"cubes": [
						{"origin": [-6.5, 15.5, -2], "size": [4, 2, 3], "uv": [47, 9], "mirror": true}
					]
				},
				{
					"name": "arm_right2",
					"parent": "arm_right",
					"pivot": [-6.5, 17.5, 1],
					"cubes": [
						{"origin": [-10.5, 15.5, -2], "size": [4, 2, 3], "inflate": 0.01, "uv": [28, 19], "mirror": true}
					]
				},
				{
					"name": "fin_right",
					"parent": "arm_right2",
					"pivot": [-6.5, 16.5, 1],
					"cubes": [
						{"origin": [-10, 16.5, 1], "size": [4, 0, 5], "uv": [45, 19], "mirror": true}
					]
				},
				{
					"name": "hand_right",
					"parent": "arm_right2",
					"pivot": [-10.5, 17, 1],
					"cubes": [
						{"origin": [-12.5, 16, -2], "size": [2, 1, 3], "uv": [47, 14], "mirror": true}
					]
				},
				{
					"name": "finger_back_right",
					"parent": "hand_right",
					"pivot": [-12.3, 16.5, 0],
					"rotation": [0, 20, 0],
					"cubes": [
						{"origin": [-13.3, 16.5, 0], "size": [1, 0, 1], "uv": [28, 21], "mirror": true}
					]
				},
				{
					"name": "finger_middle_right",
					"parent": "hand_right",
					"pivot": [-12.3, 16.5, -0.5],
					"cubes": [
						{"origin": [-13.3, 16.5, -1], "size": [1, 0, 1], "uv": [28, 20], "mirror": true}
					]
				},
				{
					"name": "finger_front_right",
					"parent": "hand_right",
					"pivot": [-12.3, 16.5, -1],
					"rotation": [0, -20, 0],
					"cubes": [
						{"origin": [-13.3, 16.5, -2], "size": [1, 0, 1], "uv": [28, 19], "mirror": true}
					]
				},
				{
					"name": "neck",
					"parent": "chest",
					"pivot": [0, 18.5, 0],
					"cubes": [
						{"origin": [-2.5, 17.5, -2.5], "size": [5, 4, 5], "uv": [40, 0]}
					]
				},
				{
					"name": "floatie",
					"parent": "neck",
					"pivot": [0, 18.5, 2.5],
					"cubes": [
						{"origin": [-5, 18.5, 2.5], "size": [10, 3, 3], "inflate": 0.01, "uv": [60, 0]}
					]
				},
				{
					"name": "floatie_left",
					"parent": "floatie",
					"pivot": [2, 21.5, 2.5],
					"rotation": [15, 0, 0],
					"cubes": [
						{"origin": [2, 18.5, -4.5], "size": [3, 3, 7], "uv": [54, 7]}
					]
				},
				{
					"name": "floatie_left2",
					"parent": "floatie_left",
					"pivot": [3.5, 21.5, -4.5],
					"rotation": [-25, 0, 0],
					"cubes": [
						{"origin": [2, 15.5, -4.5], "size": [3, 6, 3], "inflate": 0.01, "uv": [74, 6]}
					]
				},
				{
					"name": "floatie_left3",
					"parent": "floatie_left2",
					"pivot": [2, 15.5, -4.5],
					"rotation": [0, 0, -25],
					"cubes": [
						{"origin": [2, 8.5, -4.5], "size": [3, 7, 3], "inflate": 0.02, "uv": [71, 15]}
					]
				},
				{
					"name": "floatie_left4",
					"parent": "floatie_left3",
					"pivot": [2, 8.5, -4.5],
					"rotation": [0, 0, 25],
					"cubes": [
						{"origin": [2, 8.5, -4.5], "size": [3, 3, 10], "inflate": 0.01, "uv": [88, 0]}
					]
				},
				{
					"name": "floatie_left5",
					"parent": "floatie_left4",
					"pivot": [5, 8.5, 5.5],
					"rotation": [10, 0, 0],
					"cubes": [
						{"origin": [-3, 8.5, 5.5], "size": [8, 3, 3], "inflate": 0.03, "uv": [89, 13]}
					]
				},
				{
					"name": "floatie_right",
					"parent": "floatie",
					"pivot": [-2, 21.5, 2.5],
					"rotation": [15, 0, 0],
					"cubes": [
						{"origin": [-5, 18.5, -4.5], "size": [3, 3, 7], "uv": [51, 17], "mirror": true}
					]
				},
				{
					"name": "floatie_right2",
					"parent": "floatie_right",
					"pivot": [-3.5, 21.5, -4.5],
					"rotation": [-25, 0, 0],
					"cubes": [
						{"origin": [-5, 15.5, -4.5], "size": [3, 6, 3], "inflate": 0.01, "uv": [86, 0], "mirror": true}
					]
				},
				{
					"name": "floatie_right3",
					"parent": "floatie_right2",
					"pivot": [-2, 15.5, -4.5],
					"rotation": [0, 0, 25],
					"cubes": [
						{"origin": [-5, 8.5, -4.5], "size": [3, 7, 3], "inflate": 0.02, "uv": [58, 27], "mirror": true}
					]
				},
				{
					"name": "floatie_right4",
					"parent": "floatie_right3",
					"pivot": [-2, 8.5, -4.5],
					"rotation": [0, 0, -25],
					"cubes": [
						{"origin": [-5, 8.5, -4.5], "size": [3, 3, 10], "inflate": 0.01, "uv": [73, 15], "mirror": true}
					]
				},
				{
					"name": "floatie_right5",
					"parent": "floatie_right4",
					"pivot": [-5, 8.5, 5.5],
					"rotation": [10, 0, 0],
					"cubes": [
						{"origin": [-5, 8.5, 5.5], "size": [8, 3, 3], "inflate": 0.02, "uv": [89, 19], "mirror": true}
					]
				},
				{
					"name": "head",
					"parent": "neck",
					"pivot": [0, 23.5, 0],
					"cubes": [
						{"origin": [-3, 20.5, -2.5], "size": [6, 6, 5], "inflate": 0.01, "uv": [0, 0]},
						{"origin": [-3, 21.5, -3.5], "size": [6, 5, 1], "inflate": 0.01, "uv": [0, 11]},
						{"origin": [3.02, 21.85, -0.65], "size": [0, 1, 2], "pivot": [3.02, 22, -0.5], "rotation": [45, 0, 0], "uv": [0, 30]},
						{"origin": [3.02, 20.7, -0.5], "size": [0, 1, 2], "uv": [0, 31]},
						{"origin": [-3.02, 20.7, -0.5], "size": [0, 1, 2], "uv": [4, 31], "mirror": true},
						{"origin": [-3.02, 21.85, -0.65], "size": [0, 1, 2], "pivot": [-3.02, 22, -0.5], "rotation": [45, 0, 0], "uv": [4, 30], "mirror": true}
					]
				},
				{
					"name": "eyes",
					"parent": "head",
					"pivot": [0, 22, -0.5]
				},
				{
					"name": "eye_left",
					"parent": "eyes",
					"pivot": [3.01, 24.2, -2.48],
					"cubes": [
						{"origin": [3.02, 22.7, -3.48], "size": [0, 3, 2], "uv": [0, -2]}
					]
				},
				{
					"name": "pupil_left",
					"parent": "eye_left",
					"pivot": [3.03, 24.2, -2.98],
					"cubes": [
						{"origin": [3.03, 22.7, -3.48], "size": [0, 3, 1], "uv": [29, 10]}
					]
				},
				{
					"name": "eyebrow_left",
					"parent": "eye_left",
					"pivot": [3.04, 25.7, -2.48],
					"cubes": [
						{"origin": [3.04, 25.2, -3.48], "size": [0, 1, 2], "inflate": 0.01, "uv": [0, 1]}
					]
				},
				{
					"name": "eyelid_left",
					"parent": "eye_left",
					"pivot": [2.43, 24.2, -2.48],
					"cubes": [
						{"origin": [1.93, 22.7, -3.48], "size": [1, 3, 2], "inflate": 0.01, "uv": [0, 17]}
					]
				},
				{
					"name": "eye_right",
					"parent": "eyes",
					"pivot": [-3.01, 24.2, -2.48],
					"cubes": [
						{"origin": [-3.02, 22.7, -3.48], "size": [0, 3, 2], "uv": [18, 15], "mirror": true}
					]
				},
				{
					"name": "pupil_right",
					"parent": "eye_right",
					"pivot": [-3.03, 24.2, -2.98],
					"cubes": [
						{"origin": [-3.03, 22.7, -3.48], "size": [0, 3, 1], "uv": [31, 10], "mirror": true}
					]
				},
				{
					"name": "eyebrow_right",
					"parent": "eye_right",
					"pivot": [-3.04, 25.7, -2.48],
					"cubes": [
						{"origin": [-3.04, 25.2, -3.48], "size": [0, 1, 2], "inflate": 0.01, "uv": [18, 18], "mirror": true}
					]
				},
				{
					"name": "eyelid_right",
					"parent": "eye_right",
					"pivot": [-2.43, 24.2, -2.48],
					"cubes": [
						{"origin": [-2.93, 22.7, -3.48], "size": [1, 3, 2], "inflate": 0.01, "uv": [0, 27], "mirror": true}
					]
				},
				{
					"name": "tooth_left",
					"parent": "head",
					"pivot": [2.75, 21.5, -2.8],
					"cubes": [
						{"origin": [2.75, 21, -3.3], "size": [0, 1, 1], "pivot": [2.75, 21.5, -2.8], "rotation": [45, 0, 0], "uv": [13, 10]}
					]
				},
				{
					"name": "tooth_right",
					"parent": "head",
					"pivot": [-2.75, 21.5, -2.8],
					"cubes": [
						{"origin": [-2.75, 21, -3.3], "size": [0, 1, 1], "pivot": [-2.75, 21.5, -2.8], "rotation": [45, 0, 0], "uv": [15, 10], "mirror": true}
					]
				},
				{
					"name": "jaw",
					"parent": "tooth_right",
					"pivot": [0, 21.5, -2.5],
					"cubes": [
						{"origin": [-2, 20.5, -5.5], "size": [4, 1, 3], "inflate": 0.02, "pivot": [0, 20.5, -2.5], "rotation": [-5, 0, 0], "uv": [14, 11]}
					]
				},
				{
					"name": "muzzle",
					"parent": "head",
					"pivot": [0, 24.5, -3.5],
					"rotation": [2.5, 0, 0],
					"cubes": [
						{"origin": [-2, 21.5, -6.5], "size": [4, 3, 3], "inflate": 0.03, "uv": [22, 5]}
					]
				},
				{
					"name": "head_fin",
					"parent": "head",
					"pivot": [0, 26.5, -0.5],
					"rotation": [35, 0, 0],
					"cubes": [
						{"origin": [0, 21.5, -1.5], "size": [0, 5, 5], "uv": [23, -5]}
					]
				},
				{
					"name": "head_fin2",
					"parent": "head_fin",
					"pivot": [0, 23.5, 3.5],
					"cubes": [
						{"origin": [0, 21.5, 3.5], "size": [0, 5, 3], "uv": [17, -3]}
					]
				},
				{
					"name": "tail",
					"parent": "torso",
					"pivot": [0, 4, 3.5],
					"cubes": [
						{"origin": [-1, 3, 2.5], "size": [2, 2, 3], "inflate": 0.03, "uv": [23, 46]}
					]
				},
				{
					"name": "tail_pivot",
					"parent": "tail",
					"pivot": [0, 4, 5.5]
				},
				{
					"name": "tail_left",
					"parent": "tail_pivot",
					"pivot": [-1, 4, 5.5],
					"rotation": [0, 20, 0],
					"cubes": [
						{"origin": [-1, 3, 5.5], "size": [2, 2, 3], "uv": [36, 35]}
					]
				},
				{
					"name": "tail_left2",
					"parent": "tail_left",
					"pivot": [0, 4, 8],
					"cubes": [
						{"origin": [-1.5, 2.5, 8], "size": [3, 3, 4], "uv": [32, 40]}
					]
				},
				{
					"name": "tail_left3",
					"parent": "tail_left2",
					"pivot": [0, 4, 11.5],
					"cubes": [
						{"origin": [-2, 2, 11.5], "size": [4, 4, 5], "inflate": 0.03, "uv": [32, 47]}
					]
				},
				{
					"name": "tail_left4",
					"parent": "tail_left3",
					"pivot": [0, 4, 16],
					"cubes": [
						{"origin": [-2, 2.5, 16], "size": [4, 3, 5], "inflate": 0.02, "uv": [38, 56]}
					]
				},
				{
					"name": "tail_left5",
					"parent": "tail_left4",
					"pivot": [0, 4, 20.5],
					"cubes": [
						{"origin": [-1.5, 2.5, 20.5], "size": [3, 3, 4], "inflate": 0.01, "uv": [69, 54]}
					]
				},
				{
					"name": "tail_left6",
					"parent": "tail_left5",
					"pivot": [0, 4, 24],
					"cubes": [
						{"origin": [-1, 3, 24], "size": [2, 2, 3], "uv": [68, 49]}
					]
				},
				{
					"name": "tail_right",
					"parent": "tail_pivot",
					"pivot": [1, 4, 5.5],
					"rotation": [0, -20, 0],
					"cubes": [
						{"origin": [-1, 3, 5.5], "size": [2, 2, 3], "inflate": 0.01, "uv": [46, 35], "mirror": true}
					]
				},
				{
					"name": "tail_right2",
					"parent": "tail_right",
					"pivot": [0, 4, 8],
					"cubes": [
						{"origin": [-1.5, 2.5, 8], "size": [3, 3, 4], "inflate": 0.01, "uv": [46, 40], "mirror": true}
					]
				},
				{
					"name": "tail_right3",
					"parent": "tail_right2",
					"pivot": [0, 4, 11.5],
					"cubes": [
						{"origin": [-2, 2, 11.5], "size": [4, 4, 5], "inflate": 0.03, "uv": [50, 47], "mirror": true}
					]
				},
				{
					"name": "tail_right4",
					"parent": "tail_right3",
					"pivot": [0, 4, 16],
					"cubes": [
						{"origin": [-2, 2.5, 16], "size": [4, 3, 5], "inflate": 0.02, "uv": [56, 56], "mirror": true}
					]
				},
				{
					"name": "tail_right5",
					"parent": "tail_right4",
					"pivot": [0, 4, 20.5],
					"cubes": [
						{"origin": [-1.5, 2.5, 20.5], "size": [3, 3, 4], "inflate": 0.01, "uv": [79, 57], "mirror": true}
					]
				},
				{
					"name": "tail_right6",
					"parent": "tail_right5",
					"pivot": [0, 4, 24],
					"cubes": [
						{"origin": [-1, 3, 24], "size": [2, 2, 3], "uv": [79, 52], "mirror": true}
					]
				},
				{
					"name": "legs",
					"parent": "body",
					"pivot": [0, 4, 0]
				},
				{
					"name": "leg_left",
					"parent": "legs",
					"pivot": [4, 6, -0.5],
					"cubes": [
						{"origin": [1.5, 1, -3.5], "size": [5, 7, 6], "uv": [0, 44]}
					]
				},
				{
					"name": "foot_left",
					"parent": "leg_left",
					"pivot": [4.5, 1, -1],
					"cubes": [
						{"origin": [3.5, 0, -3], "size": [2, 1, 3], "uv": [0, 57]}
					]
				},
				{
					"name": "foot_left2",
					"parent": "foot_left",
					"pivot": [4.5, 0, -3],
					"cubes": [
						{"origin": [3.5, 0, -5], "size": [2, 1, 2], "inflate": 0.01, "uv": [0, 61]}
					]
				},
				{
					"name": "leg_right",
					"parent": "legs",
					"pivot": [-4, 6, -0.5],
					"cubes": [
						{"origin": [-6.5, 1, -3.5], "size": [5, 7, 6], "uv": [16, 51], "mirror": true}
					]
				},
				{
					"name": "foot_right",
					"parent": "leg_right",
					"pivot": [-4.5, 1, -1],
					"cubes": [
						{"origin": [-5.5, 0, -3], "size": [2, 1, 3], "uv": [16, 44], "mirror": true}
					]
				},
				{
					"name": "foot_right2",
					"parent": "foot_right",
					"pivot": [-4.5, 0, -3],
					"cubes": [
						{"origin": [-5.5, 0, -5], "size": [2, 1, 2], "inflate": 0.01, "uv": [8, 61], "mirror": true}
					]
				}
			]
		}
	]
}