{
	"format_version": "1.12.0",
	"minecraft:geometry": [
		{
			"description": {
				"identifier": "geometry.murkrow_male",
				"texture_width": 64,
				"texture_height": 64,
				"visible_bounds_width": 4,
				"visible_bounds_height": 2.5,
				"visible_bounds_offset": [0, 0.75, 0]
			},
			"bones": [
				{
					"name": "honchkrow",
					"pivot": [0, 0, 0]
				},
				{
					"name": "body",
					"parent": "honchkrow",
					"pivot": [0, 5.25, -0.75]
				},
				{
					"name": "torso",
					"parent": "body",
					"pivot": [0, 5.25, -0.75],
					"rotation": [-15, 0, 0],
					"cubes": [
						{"origin": [-4, 4.5, -6.4], "size": [8, 7, 9], "uv": [0, 0]},
						{"origin": [-3, 5, 2], "size": [6, 5, 3], "uv": [0, 40]},
						{"origin": [-3.5, 8, -7], "size": [7, 4, 8], "uv": [28, 26]},
						{"origin": [-2.5, 6.8, -8], "size": [5, 4, 2], "pivot": [0, 8.2, -6.7], "rotation": [7.5, 0, 0], "uv": [40, 46]}
					]
				},
				{
					"name": "head",
					"parent": "torso",
					"pivot": [0, 12, -6],
					"rotation": [15, 0, 0]
				},
				{
					"name": "headai",
					"parent": "head",
					"pivot": [0, 12, -6],
					"cubes": [
						{"origin": [-2.89514, 11.14118, -7.39514], "size": [4, 3, 4], "pivot": [0, 13.3, -4.5], "rotation": [0, -45, 0], "uv": [42, 39]},
						{"origin": [-0.5, 13.02762, -10.33036], "size": [1, 2, 3], "inflate": 0.01, "pivot": [0, 10.81094, -1.91983], "rotation": [8, 0, 0], "uv": [51, 0]},
						{"origin": [-0.5, 11.40676, -11.80904], "size": [1, 2, 2], "pivot": [0, 12.6, -10.9], "rotation": [-50, 0, 0], "uv": [0, 16]}
					]
				},
				{
					"name": "hat",
					"parent": "headai",
					"pivot": [0, 13.9, -8],
					"rotation": [-5, 0, 0]
				},
				{
					"name": "fedora_tip_point",
					"parent": "hat",
					"pivot": [0, 14, -3],
					"cubes": [
						{"origin": [-5.39514, 13.94118, -10.79514], "size": [9, 1, 9], "inflate": 0.01, "pivot": [0, 15.1, -5.4], "rotation": [0, -45, 0], "uv": [0, 24]},
						{"origin": [-6.5, 13.94118, -6.66593], "size": [13, 1, 7], "uv": [0, 16]},
						{"origin": [-6.5, 15.03791, 0.07425], "size": [13, 0, 5], "pivot": [0, 15.1, 1.6], "rotation": [25, 0, 0], "uv": [20, 0]},
						{"origin": [-2.5, 14.94118, -8.36593], "size": [5, 2, 5], "uv": [21, 38]},
						{"origin": [-2, 16.94118, -7.86593], "size": [4, 1, 4], "uv": [14, 45]},
						{"origin": [-1.6, 17.44118, -7.36593], "size": [1, 1, 3], "pivot": [-1.1, 17.94118, -5.86593], "rotation": [0, 0, -45], "uv": [0, 27]},
						{"origin": [0.6, 17.44118, -7.36593], "size": [1, 1, 3], "pivot": [1.1, 17.94118, -5.86593], "rotation": [0, 0, 45], "uv": [0, 54]}
					]
				},
				{
					"name": "jaw",
					"parent": "headai",
					"pivot": [0, 13.1, -6.9],
					"cubes": [
						{"origin": [-0.5, 11.24118, -9.96593], "size": [1, 1, 2], "pivot": [0, 12.5, -8.05005], "rotation": [-5, 0, 0], "uv": [0, 20]}
					]
				},
				{
					"name": "eyes",
					"parent": "headai",
					"pivot": [0, 0.56094, 1.58017]
				},
				{
					"name": "eye_right",
					"parent": "eyes",
					"pivot": [-1.4, 13.8, -6.63],
					"rotation": [0, 45, 0],
					"cubes": [
						{"origin": [-1.80405, 12.80663, -7.03514], "size": [2, 1, 0], "pivot": [-1.4, 13.8, -6.63], "rotation": [0, 0, 10], "uv": [5, 25]},
						{"origin": [-1.10405, 12.80663, -7.04514], "size": [1, 1, 0], "pivot": [-1.4, 13.8, -6.63], "rotation": [0, 0, 10], "uv": [5, 26]}
					]
				},
				{
					"name": "eyelid_right",
					"parent": "eye_right",
					"pivot": [-0.89878, 13.21064, -6.44514],
					"cubes": [
						{"origin": [-1.80405, 12.80663, -6.94514], "size": [2, 1, 1], "inflate": 0.01, "pivot": [-1.4, 13.8, -7.53], "rotation": [0, 0, 10], "uv": [0, 31]}
					]
				},
				{
					"name": "eye_left",
					"parent": "eyes",
					"pivot": [1.4, 13.8, -6.63],
					"rotation": [0, -45, 0],
					"cubes": [
						{"origin": [-0.19595, 12.80663, -7.03514], "size": [2, 1, 0], "pivot": [1.4, 13.8, -6.63], "rotation": [0, 0, -10], "uv": [5, 24]},
						{"origin": [0.10405, 12.80663, -7.04514], "size": [1, 1, 0], "pivot": [1.4, 13.8, -6.63], "rotation": [0, 0, -10], "uv": [7, 26]}
					]
				},
				{
					"name": "eyelid_left",
					"parent": "eye_left",
					"pivot": [0.89878, 13.21064, -6.44514],
					"cubes": [
						{"origin": [-0.19595, 12.80663, -6.94514], "size": [2, 1, 1], "inflate": 0.01, "pivot": [1.4, 13.8, -7.53], "rotation": [0, 0, -10], "uv": [25, 7]}
					]
				},
				{
					"name": "plumage_point",
					"parent": "torso",
					"pivot": [0, 6.8, -7],
					"rotation": [-15, 0, 0],
					"cubes": [
						{"origin": [-2, 4.8, -7], "size": [4, 2, 0], "uv": [25, 5]}
					]
				},
				{
					"name": "wing_right",
					"parent": "torso",
					"pivot": [-4, 10.3, -6.4],
					"cubes": [
						{"origin": [-9, 10.3, -6.4], "size": [5, 0, 5], "uv": [40, 19]}
					]
				},
				{
					"name": "wing_right2",
					"parent": "wing_right",
					"pivot": [-9, 10.3, -1.4],
					"cubes": [
						{"origin": [-14, 10.3, -6.4], "size": [5, 0, 6], "uv": [0, 34]}
					]
				},
				{
					"name": "wing_right3",
					"parent": "wing_right2",
					"pivot": [-14, 10.3, -6.4],
					"cubes": [
						{"origin": [-20, 10.3, -6.4], "size": [6, 0, 7], "uv": [26, 16]}
					]
				},
				{
					"name": "wing_right4",
					"parent": "wing_right3",
					"pivot": [-20, 10.3, -3.4],
					"cubes": [
						{"origin": [-23, 10.3, -6.4], "size": [3, 0, 7], "uv": [20, 24]}
					]
				},
				{
					"name": "wing_left",
					"parent": "torso",
					"pivot": [4, 10.3, -6.4],
					"cubes": [
						{"origin": [4, 10.3, -6.4], "size": [5, 0, 5], "uv": [41, 5]}
					]
				},
				{
					"name": "wing_left2",
					"parent": "wing_left",
					"pivot": [9, 10.3, -1.4],
					"cubes": [
						{"origin": [9, 10.3, -6.4], "size": [5, 0, 6], "uv": [10, 34]}
					]
				},
				{
					"name": "wing_left3",
					"parent": "wing_left2",
					"pivot": [14, 10.3, -6.4],
					"cubes": [
						{"origin": [14, 10.3, -6.4], "size": [6, 0, 7], "uv": [27, 5]}
					]
				},
				{
					"name": "wing_left4",
					"parent": "wing_left3",
					"pivot": [20, 10.3, -3.4],
					"cubes": [
						{"origin": [20, 10.3, -6.4], "size": [3, 0, 7], "uv": [38, 12]}
					]
				},
				{
					"name": "tail",
					"parent": "torso",
					"pivot": [0, 8, 5],
					"cubes": [
						{"origin": [-1, 7, 3.5], "size": [2, 2, 4], "uv": [8, 50]},
						{"origin": [-1.5, 6.5, 7.5], "size": [3, 3, 3], "uv": [0, 48]},
						{"origin": [-2.5, 8, 6.5], "size": [5, 0, 5], "uv": [31, 38]},
						{"origin": [0, 5.5, 6.5], "size": [0, 5, 5], "uv": [30, 40]},
						{"origin": [-2.5, 5.5, 9], "size": [5, 5, 0], "uv": [30, 50]}
					]
				},
				{
					"name": "leg_right",
					"parent": "body",
					"pivot": [-2, 5, 0.5],
					"cubes": [
						{"origin": [-3, 3, -1], "size": [2, 3, 3], "uv": [50, 24]}
					]
				},
				{
					"name": "leg_right2",
					"parent": "leg_right",
					"pivot": [-2, 3, 0.75],
					"cubes": [
						{"origin": [-2.5, 1, -0.25], "size": [1, 2, 1], "uv": [5, 0]}
					]
				},
				{
					"name": "foot_right",
					"parent": "leg_right2",
					"pivot": [-1.5, 0.75, -0.25],
					"cubes": [
						{"origin": [-3, 0, -2], "size": [2, 1, 3], "uv": [34, 12]}
					]
				},
				{
					"name": "toe_back_right",
					"parent": "foot_right",
					"pivot": [-2, 1, 1],
					"cubes": [
						{"origin": [-2, 0, 1], "size": [0, 1, 1], "inflate": 0.01, "uv": [4, 7]}
					]
				},
				{
					"name": "claw_back_right",
					"parent": "toe_back_right",
					"pivot": [-2, 1, 2],
					"cubes": [
						{"origin": [-2, 0, 2], "size": [0, 1, 1], "uv": [0, 6]}
					]
				},
				{
					"name": "toe_inner_right",
					"parent": "foot_right",
					"pivot": [-1.05, 1, -2],
					"cubes": [
						{"origin": [-1.05, 0, -3], "size": [0, 1, 1], "inflate": 0.01, "uv": [2, 4]}
					]
				},
				{
					"name": "claw_inner_right",
					"parent": "toe_inner_right",
					"pivot": [-1.05, 1, -3],
					"cubes": [
						{"origin": [-1.05, 0, -4], "size": [0, 1, 1], "uv": [0, 4]}
					]
				},
				{
					"name": "toe_middle_right",
					"parent": "foot_right",
					"pivot": [-2, 1, -2],
					"cubes": [
						{"origin": [-2, 0, -3], "size": [0, 1, 1], "inflate": 0.01, "uv": [2, 1]}
					]
				},
				{
					"name": "claw_middle_right",
					"parent": "toe_middle_right",
					"pivot": [-2, 1, -3],
					"cubes": [
						{"origin": [-2, 0, -4], "size": [0, 1, 1], "uv": [0, 3]}
					]
				},
				{
					"name": "toe_outer_right",
					"parent": "foot_right",
					"pivot": [-2.95, 1, -2],
					"cubes": [
						{"origin": [-2.95, 0, -3], "size": [0, 1, 1], "inflate": 0.01, "uv": [2, 2]}
					]
				},
				{
					"name": "claw_outer_right",
					"parent": "toe_outer_right",
					"pivot": [-2.95, 1, -3],
					"cubes": [
						{"origin": [-2.95, 0, -4], "size": [0, 1, 1], "uv": [0, 2]}
					]
				},
				{
					"name": "leg_left",
					"parent": "body",
					"pivot": [2, 5, 0.5],
					"cubes": [
						{"origin": [1, 3, -1], "size": [2, 3, 3], "uv": [20, 50]}
					]
				},
				{
					"name": "leg_left2",
					"parent": "leg_left",
					"pivot": [2, 3, 0.75],
					"cubes": [
						{"origin": [1.5, 1, -0.25], "size": [1, 2, 1], "uv": [5, 3]}
					]
				},
				{
					"name": "foot_left",
					"parent": "leg_left2",
					"pivot": [1.5, 0.75, -0.25],
					"cubes": [
						{"origin": [1, 0, -2], "size": [2, 1, 3], "uv": [50, 30]}
					]
				},
				{
					"name": "toe_back_left",
					"parent": "foot_left",
					"pivot": [2, 1, 1],
					"cubes": [
						{"origin": [2, 0, 1], "size": [0, 1, 1], "inflate": 0.01, "uv": [4, 6]}
					]
				},
				{
					"name": "claw_back_left",
					"parent": "toe_back_left",
					"pivot": [2, 1, 2],
					"cubes": [
						{"origin": [2, 0, 2], "size": [0, 1, 1], "uv": [0, 5]}
					]
				},
				{
					"name": "toe_inner_left",
					"parent": "foot_left",
					"pivot": [1.05, 1, -2],
					"cubes": [
						{"origin": [1.05, 0, -3], "size": [0, 1, 1], "inflate": 0.01, "uv": [2, 5]}
					]
				},
				{
					"name": "claw_inner_left",
					"parent": "toe_inner_left",
					"pivot": [1.05, 1, -3],
					"cubes": [
						{"origin": [1.05, 0, -4], "size": [0, 1, 1], "uv": [0, 1]}
					]
				},
				{
					"name": "toe_middle_left",
					"parent": "foot_left",
					"pivot": [2, 1, -2],
					"cubes": [
						{"origin": [2, 0, -3], "size": [0, 1, 1], "inflate": 0.01, "uv": [2, 0]}
					]
				},
				{
					"name": "claw_middle_left",
					"parent": "toe_middle_left",
					"pivot": [2, 1, -3],
					"cubes": [
						{"origin": [2, 0, -4], "size": [0, 1, 1], "uv": [0, 0]}
					]
				},
				{
					"name": "toe_outer_left",
					"parent": "foot_left",
					"pivot": [2.95, 1, -2],
					"cubes": [
						{"origin": [2.95, 0, -3], "size": [0, 1, 1], "inflate": 0.01, "uv": [2, -1]}
					]
				},
				{
					"name": "claw_outer_left",
					"parent": "toe_outer_left",
					"pivot": [2.95, 1, -3],
					"cubes": [
						{"origin": [2.95, 0, -4], "size": [0, 1, 1], "uv": [0, -1]}
					]
				}
			]
		}
	]
}