{
	"format_version": "1.12.0",
	"minecraft:geometry": [
		{
			"description": {
				"identifier": "geometry.rhyperior",
				"texture_width": 128,
				"texture_height": 128,
				"visible_bounds_width": 6,
				"visible_bounds_height": 3.5,
				"visible_bounds_offset": [0, 1.25, 0]
			},
			"bones": [
				{
					"name": "rhyperior",
					"pivot": [0, 0, 0]
				},
				{
					"name": "body",
					"parent": "rhyperior",
					"pivot": [0, 11.5, -1],
					"cubes": [
						{"origin": [-8.5, 3, -6.5], "size": [17, 17, 11], "uv": [0, 0]},
						{"origin": [-9.5, 8.25, -7.5], "size": [19, 6, 13], "uv": [0, 28]},
						{"origin": [5.30948, 13.71486, -6.58699], "size": [4, 2, 5], "pivot": [7.55948, 14.71486, -7.58699], "rotation": [75, 0, 5], "uv": [74, 54]},
						{"origin": [5.5, 18.75, -7], "size": [5, 2, 12], "pivot": [8, 19.75, -1], "rotation": [0, 0, 5], "uv": [51, 16]},
						{"origin": [5.30948, 13.71486, -0.41301], "size": [4, 2, 5], "pivot": [7.55948, 14.71486, 5.58699], "rotation": [-75, 0, 5], "uv": [54, 63]},
						{"origin": [-9.30948, 13.71486, -0.41301], "size": [4, 2, 5], "pivot": [-7.55948, 14.71486, 5.58699], "rotation": [-75, 0, -5], "uv": [91, 37]},
						{"origin": [-9.30948, 13.71486, -6.58699], "size": [4, 2, 5], "pivot": [-7.55948, 14.71486, -7.58699], "rotation": [75, 0, -5], "uv": [89, 74]},
						{"origin": [-10.5, 18.75, -7], "size": [5, 2, 12], "pivot": [-8, 19.75, -1], "rotation": [0, 0, -5], "uv": [56, 0]}
					]
				},
				{
					"name": "head",
					"parent": "body",
					"pivot": [0, 19, -1.5],
					"rotation": [2.5, 0, 0],
					"cubes": [
						{"origin": [-4.5, 19, -2.5], "size": [9, 8, 6], "uv": [0, 67]},
						{"origin": [-4.5, 22, -9.5], "size": [9, 5, 7], "uv": [66, 42]},
						{"origin": [4.5, 21.00095, -6.54362], "size": [0, 1, 3], "inflate": 0.02, "uv": [66, 42]},
						{"origin": [-4.5, 21.00095, -6.54362], "size": [0, 1, 3], "inflate": 0.02, "uv": [66, 42], "mirror": true},
						{"origin": [0, 22.75, -17.25], "size": [0, 4, 8], "pivot": [0, 24.5, -13.25], "rotation": [-2.5, 0, 0], "uv": [29, 39]},
						{"origin": [0, 26, -8.75], "size": [0, 4, 3], "pivot": [0, 28, -7.25], "rotation": [30, 0, 0], "uv": [0, 34]},
						{"origin": [-5.5, 21.7391, -2.75024], "size": [11, 6, 5], "uv": [64, 30]}
					]
				},
				{
					"name": "eyes",
					"parent": "head",
					"pivot": [0, 24.39434, -6.60808],
					"cubes": [
						{"origin": [4.5, 23.53299, -8.56759], "size": [0, 2, 4], "inflate": 0.02, "pivot": [4.5, 24, -5], "rotation": [5, 0, 0], "uv": [118, -4], "mirror": true},
						{"origin": [-4.5, 23.53299, -8.56759], "size": [0, 2, 4], "inflate": 0.02, "pivot": [-4.5, 24, -5], "rotation": [5, 0, 0], "uv": [118, -4]}
					]
				},
				{
					"name": "jaw",
					"parent": "head",
					"pivot": [0, 20.5, -2.5],
					"rotation": [-2.5, 0, 0],
					"cubes": [
						{"origin": [-4.5, 19, -9.5], "size": [9, 3, 7], "inflate": -0.02, "uv": [73, 14]}
					]
				},
				{
					"name": "tail",
					"parent": "body",
					"pivot": [0, 6, 0],
					"cubes": [
						{"origin": [-4, 2.5, -1.5], "size": [8, 7, 13], "uv": [0, 47]}
					]
				},
				{
					"name": "tail2",
					"parent": "tail",
					"pivot": [0, 6, 11.5],
					"cubes": [
						{"origin": [-3, 3.5, 11], "size": [6, 5, 8], "uv": [69, 79]}
					]
				},
				{
					"name": "tail3",
					"parent": "tail2",
					"pivot": [0, 6, 19],
					"cubes": [
						{"origin": [-2, 4.5, 18.5], "size": [4, 3, 7], "uv": [45, 0]}
					]
				},
				{
					"name": "tail4",
					"parent": "tail3",
					"pivot": [0, 6, 25],
					"cubes": [
						{"origin": [-4, 2, 25], "size": [8, 8, 8], "uv": [42, 47]}
					]
				},
				{
					"name": "leftarm",
					"parent": "body",
					"pivot": [8.5, 17.5, -1.5],
					"cubes": [
						{"origin": [7.5, 16, -3], "size": [7, 3, 3], "uv": [84, 64]}
					]
				},
				{
					"name": "lefthand",
					"parent": "leftarm",
					"pivot": [13.5, 17.5, -1.5],
					"cubes": [
						{"origin": [13.5, 6, -4], "size": [6, 15, 5], "uv": [25, 79]},
						{"origin": [15.25, 6, -2.5], "size": [2, 0, 2], "inflate": 0.02, "uv": [122, 0]},
						{"origin": [15, 15.5, -5], "size": [3, 7, 2], "pivot": [16.5, 19, -4], "rotation": [-2.5, 0, 0], "uv": [0, 0]},
						{"origin": [14.75, 15, -3], "size": [5, 12, 3], "pivot": [16.75, 20, -1.5], "rotation": [0, 0, -2.5], "uv": [69, 92]},
						{"origin": [16.25, 4, -3.75], "size": [2, 2, 1], "pivot": [17.25, 5, -3.25], "rotation": [0, -5, 0], "uv": [51, 34]},
						{"origin": [18.25, 4, -2.5], "size": [1, 2, 2], "uv": [43, 49]},
						{"origin": [16.25, 4, -0.25], "size": [2, 2, 1], "pivot": [17.25, 5, 0.25], "rotation": [0, 5, 0], "uv": [45, 0]},
						{"origin": [14.81428, 26.71867, -2.5], "size": [3, 6, 2], "pivot": [16.31428, 29.71867, -1.5], "rotation": [0, 0, -10], "uv": [0, 47]}
					]
				},
				{
					"name": "rightarm",
					"parent": "body",
					"pivot": [-8.5, 17.5, -1.5],
					"cubes": [
						{"origin": [-14.5, 16, -3], "size": [7, 3, 3], "uv": [85, 24]}
					]
				},
				{
					"name": "righthand",
					"parent": "rightarm",
					"pivot": [-13.5, 17.5, -1.5],
					"cubes": [
						{"origin": [-19.5, 6, -4], "size": [6, 15, 5], "uv": [47, 79]},
						{"origin": [-18, 15.5, -5], "size": [3, 7, 2], "pivot": [-16.5, 19, -4], "rotation": [-2.5, 0, 0], "uv": [0, 28]},
						{"origin": [-17.81428, 26.71867, -2.5], "size": [3, 6, 2], "pivot": [-16.31428, 29.71867, -1.5], "rotation": [0, 0, 10], "uv": [29, 51]},
						{"origin": [-19.75, 15, -3], "size": [5, 12, 3], "pivot": [-17.75, 20, -1.5], "rotation": [0, 0, 2.5], "uv": [0, 81]},
						{"origin": [-18.25, 4, -3.75], "size": [2, 2, 1], "pivot": [-17.25, 5, -3.25], "rotation": [0, 5, 0], "uv": [0, 55]},
						{"origin": [-19.25, 4, -2.5], "size": [1, 2, 2], "uv": [51, 30]},
						{"origin": [-18.25, 4, -0.25], "size": [2, 2, 1], "pivot": [-17.25, 5, 0.25], "rotation": [0, -5, 0], "uv": [51, 37]},
						{"origin": [-17.25, 6, -2.5], "size": [2, 0, 2], "inflate": 0.02, "uv": [122, 0], "mirror": true}
					]
				},
				{
					"name": "leftleg",
					"parent": "body",
					"pivot": [8, 7.5, -2.25],
					"cubes": [
						{"origin": [5, 2, -6.75], "size": [6, 7, 9], "uv": [33, 63]}
					]
				},
				{
					"name": "leftfoot",
					"parent": "leftleg",
					"pivot": [8, 2, -2.75],
					"cubes": [
						{"origin": [5.5, 0, -7.25], "size": [5, 2, 8], "uv": [78, 0]},
						{"origin": [9.5, 0, -10.25], "size": [0, 2, 3], "uv": [6, 34]},
						{"origin": [6.5, 0, -10.25], "size": [0, 2, 3], "uv": [0, 6]}
					]
				},
				{
					"name": "rightleg",
					"parent": "body",
					"pivot": [-8, 7.5, -2.25],
					"cubes": [
						{"origin": [-11, 2, -6.75], "size": [6, 7, 9], "uv": [63, 63]}
					]
				},
				{
					"name": "rightfoot",
					"parent": "rightleg",
					"pivot": [-8, 2, -2.75],
					"cubes": [
						{"origin": [-10.5, 0, -7.25], "size": [5, 2, 8], "uv": [84, 54]},
						{"origin": [-9.5, 0, -10.25], "size": [0, 2, 3], "uv": [6, 36]},
						{"origin": [-6.5, 0, -10.25], "size": [0, 2, 3], "uv": [45, 0]}
					]
				}
			]
		}
	]
}